-1.107011,0.507382,-1.406829,1.569459,1.569470,1.416049,4.119005,4.667901,4.128233,4.105169,3.954493,1.000000,37.356014
-0.481327,1.925281,-0.573000,0.622694,0.622722,-0.018360,2.871853,3.881098,3.373802,3.314208,3.267605,1.000000,37.588638
1.045541,1.998144,-0.813202,-1.352281,-1.352324,0.961911,3.468885,4.947355,4.573674,4.450763,4.520621,-1.000000,37.080318
-0.643676,0.160920,-1.954018,1.068771,1.068777,-0.588497,1.625298,3.449822,3.468982,3.157716,3.352506,1.000000,37.476624
-0.636361,0.613636,-1.136364,1.149425,1.149437,-1.122727,-0.118182,1.939396,2.265913,1.986367,2.159852,1.000000,37.907394
0.933525,0.933525,-1.593800,-0.181823,-0.181822,-0.687610,-0.282329,1.631760,2.328104,2.102922,2.200219,0.000000,37.838470
-0.642347,1.055286,-1.238819,-0.751362,-0.751365,0.045878,0.059648,1.992816,2.993811,2.784131,2.848518,-1.000000,37.554165
2.665420,2.875848,-0.116902,-1.881165,-1.881163,1.837733,1.718493,3.360612,4.666824,4.554598,4.564728,-1.000000,36.847710
-1.691782,0.115873,-7.068375,0.888478,0.888470,0.778680,0.498263,1.892625,3.411360,3.602324,3.458484,1.000000,37.175091
-0.532282,0.671143,-1.643136,0.139043,0.139082,0.273059,0.479028,1.229625,2.920593,3.363083,3.254621,0.000000,37.226795
0.906775,1.139275,-0.767259,-0.462858,-0.462895,0.316218,0.864926,1.323733,2.915613,3.657768,3.605377,0.000000,37.054474
-1.309141,0.045935,-2.090032,1.232279,1.232280,-0.927878,-0.383556,-0.192925,1.350485,2.304092,2.263824,1.000000,37.511089
1.208178,1.835504,-0.069710,-1.148369,-1.148383,0.348528,0.773712,0.836445,2.121299,3.277898,3.307020,-1.000000,37.080318
3.872384,4.188987,-0.365321,-4.600372,-4.600352,4.169504,5.038961,5.132319,6.351674,7.773984,8.091408,-1.000000,35.374493
-2.252461,0.211168,-3.331765,3.799313,3.799308,0.079773,0.870486,1.273271,1.993199,3.492262,4.008296,1.000000,36.718479
0.429699,1.217482,-1.360704,-1.712811,-1.712811,1.289090,2.143713,2.804173,3.346864,4.791601,5.572537,-1.000000,36.089561
-1.125965,0.328405,-2.392681,1.766536,1.766558,-0.896104,0.145417,0.863218,1.229159,2.631928,3.590565,1.000000,36.727104
-0.645466,0.530198,-0.806828,1.759324,1.759303,-2.452740,-1.445366,-0.828340,-0.578609,0.566159,1.648225,1.000000,37.373245
0.996986,1.970784,-0.904241,-0.576302,-0.576289,-0.927437,-0.878749,-0.310701,-0.166951,0.812414,2.013280,-1.000000,37.157867
2.878566,3.942915,-0.048379,-4.150246,-4.150260,2.743115,2.960816,3.576847,3.992505,4.669573,6.037740,-1.000000,35.615719
-0.504684,0.769043,-1.297767,0.653123,0.653139,1.941836,1.956248,2.534634,3.107412,3.622191,4.904255,1.000000,35.848339
-1.492530,0.852881,-1.492530,1.441956,1.441947,0.293774,0.191900,0.859198,1.473584,1.847903,3.093264,1.000000,36.365253
-0.828792,0.189441,-1.468148,0.047385,0.047375,-0.298356,-0.047349,0.726191,1.329630,1.643388,2.704246,0.000000,36.382481
-0.632022,0.257493,-0.959738,1.160315,1.160319,-1.633894,-0.805240,-0.496253,0.076078,0.306180,1.210986,1.000000,36.804634
-1.785710,0.022891,-1.968864,2.247189,2.247184,-2.724352,-2.742665,-2.611410,-2.160021,-1.807686,-1.235495,1.000000,37.631702
1.569714,2.100646,-0.161588,-0.824176,-0.824172,-1.126501,-1.604334,-1.754383,-1.416202,-0.995380,-0.577868,-1.000000,37.321552
-1.252560,0.478249,-1.252560,1.361958,1.361972,-1.680723,-2.634944,-3.018305,-2.704405,-2.300171,-2.026125,1.000000,37.829861
0.365464,0.753773,-1.027860,-0.296062,0.620528,-1.403233,-3.053768,-3.444003,-3.144582,-2.799254,-2.607511,1.000000,38.064606
-2.486124,0.133190,-2.774695,2.900868,2.900863,-2.975588,-5.273361,-5.520193,-5.620516,-5.366616,-5.286065,1.000000,39.168808
0.739583,0.784406,-0.179287,-0.954495,-0.954481,-1.440893,-3.541003,-4.252883,-4.508892,-4.363141,-4.200093,-1.000000,38.794949
1.666286,2.191278,-0.251084,-1.815325,-1.815327,0.785204,-1.168894,-2.132384,-2.607346,-2.568434,-2.364566,-1.000000,38.090694
0.022753,0.432218,-0.500448,0.342383,0.342396,0.646029,-1.020574,-2.205744,-2.846793,-2.831099,-2.642566,0.000000,38.221115
-0.812277,0.541519,-1.150720,0.818929,0.818909,0.072207,-1.266171,-2.799247,-3.447289,-3.445304,-3.307600,1.000000,38.534111
-0.067381,0.876011,-0.898475,0.451264,0.451260,-0.615444,-1.217992,-2.968926,-3.450439,-3.720652,-3.635934,0.000000,38.708000
-1.489887,0.289075,-2.601739,1.010784,1.010786,-1.454299,-1.831134,-3.345923,-4.112130,-4.492532,-4.498612,1.000000,39.099255
1.376658,1.760323,-0.180548,-1.467645,-1.467614,0.239200,-0.056446,-1.443027,-2.367768,-2.917248,-3.016706,-1.000000,38.525429
1.466544,1.672777,-0.572869,-1.512079,-1.512108,1.631538,1.507798,0.347335,-0.708586,-1.381194,-1.493550,-1.000000,37.942883
-1.876135,0.429471,-2.011763,1.374892,1.374896,0.216997,0.235079,-0.652759,-1.913365,-2.574760,-2.689426,1.000000,38.464558
0.491174,0.736767,-1.384244,1.243216,1.243220,-0.893056,-1.053808,-1.506669,-2.888654,-3.404583,-3.733050,1.000000,38.942757
-0.754549,0.865513,-1.309365,0.602813,0.602834,-1.446973,-1.549065,-1.833817,-3.015995,-3.732337,-4.143929,1.000000,39.177517
0.850114,1.185680,-1.118568,-0.798935,-0.798938,-0.478759,-0.557061,-0.778540,-1.846875,-2.671421,-3.216688,-1.000000,38.864513
-1.407212,0.945471,-1.473173,1.744964,1.744959,-1.376430,-1.928327,-2.191449,-3.128461,-4.055824,-4.705296,1.000000,39.542683
-0.243096,1.436469,-0.464086,-0.505717,-0.505717,-0.428728,-1.224315,-1.477725,-2.259865,-3.367916,-4.029242,-1.000000,39.342709
-0.463369,0.220649,-1.125329,0.154696,0.154672,-0.348609,-1.200334,-1.590158,-2.081025,-3.289178,-3.836615,0.000000,39.403561
0.760456,1.476180,-0.514424,-1.345986,-1.345954,0.854387,0.089457,-0.234114,-0.585412,-1.634545,-2.339875,-1.000000,38.873207
-1.024962,0.245100,-1.024962,0.380233,0.380221,0.552582,-0.162659,-0.453065,-0.744214,-1.681907,-2.459376,0.000000,39.021011
0.291678,0.650664,-0.785279,-0.690733,-0.690754,0.843632,0.740428,0.330583,0.065081,-0.751737,-1.606792,-1.000000,38.751472
-0.443853,0.266309,-0.998668,1.099396,1.099429,-0.337345,-0.173115,-0.651000,-0.881065,-1.545664,-2.523279,1.000000,39.177517
0.424968,0.648627,-0.536788,-0.776747,-0.776747,0.169978,0.590465,0.155064,-0.143157,-0.562084,-1.613117,-1.000000,38.873207
-0.732686,0.355240,-1.443166,0.738094,0.738069,-0.417397,-0.150965,-0.568372,-0.828144,-1.134507,-2.032258,1.000000,39.160118
0.422878,0.556421,-0.556421,-0.244230,-0.244205,-0.151357,0.144659,-0.232966,-0.460729,-0.714014,-1.517999,0.000000,39.064487
0.605644,1.458048,-0.291613,-0.778985,-0.779002,0.637063,0.729027,0.690895,0.390309,0.161505,-0.538839,-1.000000,38.760174
3.216846,3.263134,-0.185138,-3.073134,-3.073142,2.971550,3.450605,3.724464,3.444819,3.284438,2.719931,-1.000000,37.569019
-0.139537,0.325579,-1.348842,-0.485996,-0.486002,2.679082,3.416297,3.953508,3.773274,3.598156,3.273462,0.000000,37.386433
-0.830069,1.014531,-0.968407,0.860463,0.860475,1.032974,2.225046,2.806863,2.703490,2.599038,2.399157,1.000000,37.708134
0.744706,1.186872,-0.279272,-0.922292,-0.922292,1.061200,2.732138,3.495463,3.503609,3.475915,3.355829,-1.000000,37.360355
1.205386,1.347199,-0.141813,-1.535955,-1.535962,1.564641,3.800528,4.610423,4.961012,4.934066,4.873559,-1.000000,36.786514
-1.211547,0.419385,-1.467840,1.441732,1.441738,-0.013978,1.826661,2.761736,3.315482,3.312219,3.316256,1.000000,37.316879
-0.967078,0.161179,-1.335487,1.188262,1.188267,-0.990103,0.336169,1.264871,1.945661,1.998620,1.978663,1.000000,37.760303
-0.046032,0.667436,-0.598394,0.046053,0.046048,-0.998850,-0.075950,1.024935,1.713467,1.811742,1.841967,0.000000,37.777691
0.914846,1.079050,-0.070380,-1.887227,-1.887230,0.745955,1.306593,2.616315,3.427170,3.612486,3.708662,-1.000000,37.064739
-0.070493,0.587406,-0.493428,-0.164204,-0.164188,1.029124,0.998576,2.470229,3.254220,3.681383,3.769571,0.000000,37.003883
-0.703893,1.102771,-0.844676,0.140973,0.140966,0.746130,0.717971,1.944315,2.800330,3.383392,3.490539,0.000000,37.056046
0.352023,0.985679,-0.727533,-0.023458,-0.023473,0.384895,0.650090,1.639686,2.506465,3.203017,3.365420,0.000000,37.047348
0.962667,1.620096,-0.657429,-0.046940,-0.046943,0.028187,0.514217,1.303919,2.305721,3.019505,3.227692,0.000000,37.029957
-1.228850,0.023181,-1.252031,1.267906,1.267906,-0.992342,-0.707156,-0.242669,0.821945,1.584061,1.844051,1.000000,37.499462
-1.103192,0.344753,-1.172140,0.881050,0.881077,-1.420376,-1.298562,-1.277878,-0.180425,0.515737,0.944605,1.000000,37.829861
-0.820232,1.048072,-2.278423,0.873365,0.873350,-1.695148,-1.932100,-2.029314,-1.177941,-0.478464,0.044057,1.000000,38.160248
-1.237900,0.022505,-2.093180,1.230351,1.230362,-2.070683,-2.898951,-3.005486,-2.410542,-1.768181,-1.198895,1.000000,38.629757
-0.446621,0.066999,-1.518537,0.787754,0.787761,-1.857982,-3.360888,-3.553682,-3.202335,-2.529712,-1.991971,1.000000,38.934067
-0.311457,0.044494,-1.245833,0.379638,0.379626,-1.419354,-3.210238,-3.624773,-3.566190,-2.892106,-2.344089,0.000000,39.081871
0.313197,0.559284,-0.447430,-0.556174,-0.556161,-0.335581,-2.190173,-2.729323,-3.013441,-2.337376,-1.856093,-1.000000,38.864513
-0.400980,0.000000,-1.024725,0.425051,0.425036,-0.311863,-2.098460,-2.848441,-3.236799,-2.765869,-2.298207,0.000000,39.029701
-1.091227,0.283721,-1.374948,2.071733,2.071750,-1.728510,-3.384997,-4.472588,-4.893074,-4.642529,-4.244885,1.000000,39.838299
-3.529412,0.210090,-3.655456,3.884762,3.884742,-4.218475,-5.945368,-7.463577,-8.005244,-7.993270,-7.623241,1.000000,41.385914
-1.523370,1.043406,-2.170278,0.672269,0.672287,-3.618534,-5.573877,-7.345583,-8.103097,-8.358106,-8.028667,1.000000,41.664146
1.708854,1.751051,-0.189876,-1.085134,-1.085156,-1.421934,-3.717291,-5.648377,-6.558012,-7.114764,-6.820670,-1.000000,41.212025
-0.836122,0.334448,-1.066049,0.928266,0.928273,-1.095314,-3.777168,-5.788738,-6.903216,-7.581938,-7.483972,1.000000,41.594585
0.976652,0.976652,-0.360930,-1.546827,-1.546822,1.002123,-1.698509,-3.673034,-5.050954,-5.781740,-5.861287,-1.000000,40.951191
2.109615,2.109615,-0.086997,-2.377915,-2.377926,2.757727,0.956947,-0.835136,-2.463020,-3.259671,-3.500065,-1.000000,39.977402
1.676589,1.831012,-0.683878,-1.413654,-1.413639,3.088449,2.488409,0.910352,-0.766611,-1.664252,-2.086930,-1.000000,39.412266
0.733338,1.377776,-0.422220,-0.727999,-0.728022,2.777791,3.306682,1.871129,0.232238,-0.703985,-1.337764,-1.000000,39.125336
1.218130,1.285811,-0.699305,-1.488884,-1.488846,2.747549,4.741683,3.476928,1.939968,0.923952,0.237584,-1.000000,38.542820
-0.469484,0.491842,-1.564947,0.902319,0.902287,0.769068,3.561376,2.596330,1.265379,0.137724,-0.529838,1.000000,38.890587
-2.161568,0.218347,-2.161568,2.392128,2.392150,-1.663761,0.748900,0.347882,-0.750008,-1.996516,-2.676866,1.000000,39.820908
-1.327532,0.043526,-1.806316,0.327515,0.327499,-1.714903,-0.008703,0.165401,-0.767134,-2.027418,-2.778380,0.000000,39.951321
-0.891111,0.717240,-1.977831,0.130570,0.130601,-1.404055,-0.441228,0.224569,-0.624883,-1.855270,-2.637129,0.000000,40.003498
-1.324784,0.170944,-1.709400,1.717020,1.716980,-2.012805,-2.344001,-1.195140,-1.991436,-3.154686,-4.004259,1.000000,40.690350
0.065088,1.931005,0.000000,-1.517092,-1.517055,0.086770,-1.058818,0.365928,-0.301605,-1.360838,-2.333139,-1.000000,40.073055
3.975743,4.043127,-0.292006,-3.406379,-3.406416,3.041348,2.102444,3.444161,3.185102,2.291122,1.191240,-1.000000,38.708000
-0.200848,1.115822,-1.093508,0.651395,0.651400,1.865664,1.325606,2.311991,2.501682,1.779076,0.698512,1.000000,38.960144
-1.269707,0.000000,-2.561300,1.941529,2.859710,-0.931078,-1.254654,-0.721761,-0.197131,-0.826563,-1.845719,1.000000,40.074291
0.109527,0.109527,-1.511507,-0.065670,-0.065643,-1.186801,-0.813951,-0.914007,-0.004442,-0.572872,-1.532215,0.000000,40.047985
-2.417446,0.259009,-2.719624,1.489595,1.489598,-2.355906,-1.838205,-2.418625,-1.372929,-1.833915,-2.682449,1.000000,40.644539
-0.065111,0.651039,-0.716150,-0.539607,-0.539620,-0.976565,-1.156143,-1.815349,-0.956655,-1.153772,-1.874493,-1.000000,40.425213
-1.593710,0.446237,-1.827454,2.126734,2.126754,-1.912466,-2.891500,-3.557610,-3.065122,-2.998758,-3.612283,1.000000,41.284958
-2.532691,0.311401,-2.532691,2.358685,2.358665,-3.138870,-4.595512,-5.285626,-5.174961,-4.912692,-5.484014,1.000000,42.258732
0.103453,1.282845,-1.158705,0.332165,0.332156,-2.350496,-4.508340,-4.992839,-5.394012,-4.909611,-5.463665,0.000000,42.399097
-0.558420,0.413653,-1.220269,0.041374,0.041369,-1.555309,-3.995313,-4.477933,-5.260389,-4.705788,-5.205163,0.000000,42.416637
-1.244900,0.632655,-1.816324,1.344368,1.344378,-1.669386,-4.273466,-5.254078,-6.167106,-5.820936,-6.148392,1.000000,42.986877
0.889708,1.096625,-0.103462,-1.367343,-1.367348,0.219323,-2.135315,-3.555733,-4.514070,-4.445992,-4.586530,-1.000000,42.399097
1.460465,2.190695,-0.396407,-0.827647,-0.827645,0.955559,-0.849148,-2.426674,-3.369631,-3.569001,-3.537872,-1.000000,42.048183
-0.405682,1.075057,-1.501010,2.858333,2.858335,-1.456391,-2.864092,-4.743584,-5.510707,-6.095619,-5.893195,1.000000,43.250061
-0.586801,1.112916,-0.910556,0.243406,0.243408,-1.262646,-2.474704,-4.470173,-5.225241,-6.101826,-5.851298,0.000000,43.355335
-0.622617,0.823459,-0.622617,0.748691,0.748690,-1.679056,-2.454310,-4.421237,-5.487799,-6.460548,-6.375879,1.000000,43.679932
1.577871,1.577871,-0.163930,-1.988355,-1.988362,0.508202,-0.118847,-1.882504,-3.236396,-4.245321,-4.387199,-1.000000,42.811417
0.474714,1.135189,-0.020644,-0.717209,-0.717204,1.448913,0.660470,-0.792569,-2.243200,-3.235610,-3.595157,-1.000000,42.504372
-0.653595,0.755725,-0.939540,1.052627,1.052631,0.253266,-0.259399,-1.375271,-2.998247,-3.832974,-4.494046,1.000000,42.951786
0.881872,0.881872,-1.558651,-0.408499,-0.408516,0.393780,0.233814,-0.638484,-2.284376,-3.075151,-3.960066,0.000000,42.776321
0.871916,1.224829,-0.290635,-1.210008,-1.209990,0.950794,1.289181,0.867759,-0.667428,-1.657254,-2.603810,-1.000000,42.258732
0.936527,1.436010,-0.104056,-0.249116,-0.249118,0.890735,1.483868,1.257021,-0.040582,-1.202689,-2.143810,0.000000,42.153458
1.968662,2.370870,-0.127015,-1.685738,-1.685734,2.108370,3.077888,2.861968,1.838475,0.630252,-0.279527,-1.000000,41.442863
-1.873825,0.145740,-2.498432,1.672305,1.672286,0.041651,1.118064,1.128473,0.411217,-0.887667,-1.635464,1.000000,42.135906
-0.700021,0.205884,-0.782378,1.124299,1.124314,-1.148860,-0.181186,0.034311,-0.474575,-1.751488,-2.438154,1.000000,42.609646
2.042968,2.106150,-0.421232,-2.244184,-2.244182,0.829820,1.623836,2.117377,1.957662,0.786854,-0.051779,-1.000000,41.653408
-1.024027,0.167193,-1.170318,0.779271,0.779262,-0.033429,0.639506,1.260893,1.251836,0.295099,-0.663683,1.000000,41.977997
-0.104078,0.895087,-0.728564,0.397080,0.397063,-0.095740,0.156137,0.875677,0.837862,0.094942,-0.887199,0.000000,42.144676
-0.846408,0.639969,-0.908338,0.832635,0.832670,-0.751457,-0.778295,-0.075707,0.016504,-0.501248,-1.564063,1.000000,42.495602
0.040925,2.230407,-0.286472,0.887696,0.887685,-1.501946,-1.628811,-1.029944,-0.810313,-1.168814,-2.212495,1.000000,42.872829
0.557163,1.114323,-0.185720,-0.838961,-0.838956,-0.264142,-0.736694,-0.375573,-0.026831,-0.136199,-1.086810,-1.000000,42.513145
0.980181,1.230448,-0.250259,-1.052410,-1.052432,0.838383,0.298239,0.565879,0.996884,1.000221,0.211346,-1.000000,42.065723
-0.597078,0.205884,-1.194149,1.293011,1.293031,-0.230598,-0.708263,-0.701399,-0.226482,-0.256130,-0.869538,1.000000,42.609646
-0.592556,0.408664,-0.756026,0.761785,0.761781,-0.780547,-1.272986,-1.454842,-1.017571,-0.960358,-1.394902,1.000000,42.934238
1.218756,1.797147,-0.185912,-1.082957,-1.082963,0.115683,-0.225156,-0.424149,-0.038210,0.128905,-0.172134,-1.000000,42.469276
-0.452669,1.193420,-0.596702,0.392477,0.392481,-0.218106,-0.384771,-0.754453,-0.551436,-0.295468,-0.389569,0.000000,42.635960
1.202077,1.450779,-0.020721,-0.720161,-0.720164,0.630054,0.420728,-0.006905,0.112958,0.421145,0.415203,-1.000000,42.328911
-0.041282,0.990710,-0.784316,0.414510,0.414518,0.165111,0.090810,-0.253189,-0.300316,0.049530,0.019946,0.000000,42.504372
0.206660,0.599299,-0.764619,-0.123843,-0.123837,0.061988,0.204580,-0.079914,-0.235594,0.098360,0.148095,0.000000,42.451736
-1.681009,0.580342,-2.001201,3.265142,3.265141,-2.477495,-2.743656,-3.052509,-3.268971,-3.022624,-2.910423,1.000000,43.837845
0.161067,1.248244,-0.744914,-0.600366,-0.600367,-1.457620,-1.912627,-2.173013,-2.533726,-2.446551,-2.279045,-1.000000,43.574657
-0.683280,0.622994,-1.426847,0.181196,0.181199,-1.028939,-1.726291,-2.094058,-2.538190,-2.545826,-2.360001,0.000000,43.653614
-2.297955,0.292117,-2.531644,3.195338,3.195332,-2.963969,-4.227848,-4.695878,-5.155795,-5.337489,-5.161313,1.000000,45.048492
0.468662,1.171650,-0.859205,-0.272637,-0.272642,-1.597339,-3.522747,-4.074723,-4.586017,-4.902947,-4.777711,0.000000,44.925671
-1.706941,3.816651,-2.723433,1.816052,1.816064,-2.520145,-4.528201,-5.367609,-5.945541,-6.339864,-6.302273,1.000000,45.741550
0.000000,1.101200,-1.234095,1.016492,1.016474,-2.361865,-4.716146,-5.786967,-6.399270,-6.940565,-7.062836,1.000000,46.206501
0.324493,0.439015,-1.126169,-0.531610,-0.531596,-0.836043,-3.416685,-4.718463,-5.465744,-6.111859,-6.337730,-1.000000,45.960869
-0.133664,0.439181,-1.012028,-0.038175,-0.038180,-0.408631,-2.631276,-4.198333,-5.016231,-5.684172,-6.052449,0.000000,45.943321
0.093684,2.641934,-0.730746,1.909490,1.909485,-1.465238,-3.522573,-5.440006,-6.334079,-7.051149,-7.537315,1.000000,46.820602
-0.372927,0.540737,-1.174717,0.487169,0.487170,-1.387286,-3.307850,-5.249550,-6.344398,-7.124372,-7.682890,0.000000,47.048698
-2.835053,0.202504,-3.865978,1.286591,1.286599,-2.032405,-3.680049,-5.751109,-6.994667,-7.800448,-8.478160,1.000000,47.654026
1.102029,1.102029,-1.159037,-3.111191,-3.111194,1.204632,-0.041806,-2.169868,-3.563562,-4.476540,-5.249230,-1.000000,46.171417
0.342270,0.798627,-0.570449,-0.076004,-0.076002,1.365275,0.270009,-1.570644,-3.108011,-4.057811,-4.838062,0.000000,46.136326
0.285276,0.684665,-0.646634,-0.019011,-0.019026,1.084070,0.549645,-1.020660,-2.743433,-3.724605,-4.531503,0.000000,46.127548
0.802135,0.821238,-0.152792,-0.418412,-0.418407,1.023687,1.014135,-0.300481,-1.957598,-3.053474,-3.889099,0.000000,45.934547
-0.754863,0.132099,-1.226650,1.203210,1.203210,-0.679372,-0.126437,-1.068124,-2.709000,-3.864125,-4.685161,1.000000,46.487236
0.704089,0.951475,-0.323498,-0.830351,-0.830355,0.121797,0.740258,0.114187,-1.485241,-2.709029,-3.588954,-1.000000,46.101227
-0.528198,0.037731,-0.773439,0.875355,0.875354,-0.588561,-0.013194,-0.545797,-1.910004,-3.218249,-4.113048,1.000000,46.504776
0.340846,0.473395,-0.852111,-0.377282,-0.377280,-0.124977,0.259424,0.032826,-1.120048,-2.558602,-3.474085,0.000000,46.329323
0.269332,0.673340,-0.884956,-1.571674,-1.571674,1.323586,1.542906,1.609599,0.652180,-0.727966,-1.733353,-1.000000,45.601177
-0.095600,0.707455,-0.630971,0.615619,0.615616,0.439774,0.535381,0.940737,0.287774,-1.052378,-2.089855,1.000000,45.881905
4.584247,4.584247,-0.714427,-3.652008,-3.651997,3.389555,3.901565,4.502216,4.151618,2.868031,1.782762,-1.000000,44.206299
0.693203,1.426019,-0.376318,0.198458,0.198465,2.186557,3.279842,4.046993,3.860158,2.825895,1.707917,0.000000,44.294033
0.536140,1.489277,-0.238282,-0.257479,-0.257497,1.477369,3.105644,3.917138,4.043893,3.247825,2.064478,0.000000,44.179977
-1.229990,0.839518,-2.635693,1.707704,1.707713,-0.523234,1.151891,1.858649,2.207146,1.611871,0.533647,1.000000,44.934444
0.726912,1.159136,-0.275057,-0.624754,-0.624757,-0.447935,1.377208,2.051080,2.675836,2.347349,1.316309,-1.000000,44.653713
1.665659,1.826209,-0.381302,-2.102161,-1.326721,0.824776,2.277305,3.103945,3.840812,3.760479,2.809624,-1.000000,44.061283
-1.304346,0.553366,-1.916990,1.545246,1.545236,-0.509193,0.326973,1.327252,2.126409,2.154144,1.411863,1.000000,44.742134
1.077631,1.117535,-0.079826,-0.968374,-0.968362,0.521838,0.852008,2.044425,2.841598,3.097357,2.543211,-1.000000,44.308868
-0.792083,0.237622,-0.950495,0.778286,0.778275,-0.380194,-0.139017,1.065147,1.779215,2.203726,1.812209,1.000000,44.653713
1.158606,1.198560,-0.099886,-0.871285,-0.871285,0.319618,0.373344,1.618710,2.290943,2.926562,2.759040,-1.000000,44.264652
0.519996,1.839996,-0.180000,-0.119858,-0.119865,0.508007,0.494999,1.455724,2.192060,2.891820,2.924429,0.000000,44.211594
1.833737,1.874486,-0.937251,-1.839996,-1.839981,1.772608,2.172306,2.880247,3.792144,4.585905,4.726955,-1.000000,43.398109
-0.266006,0.388791,-0.982198,-0.427879,-0.427887,1.702479,2.387458,2.841484,3.900863,4.701342,5.044836,0.000000,43.212414
1.318261,2.741153,-0.041852,-2.209941,-2.209921,2.866691,4.067778,4.638043,5.813797,6.613919,7.143873,-1.000000,42.257454
2.049966,2.135383,-0.875516,-2.008786,-2.008803,3.595984,5.417465,6.062913,7.369725,8.196187,8.954079,-1.000000,41.408585
-1.279088,1.635567,-1.279088,1.836423,1.836424,0.759076,3.067732,3.828192,4.967276,5.865425,6.689568,1.000000,42.169022
-0.966181,0.483090,-1.323253,-0.167746,-0.167753,0.310866,2.612903,3.654942,4.620300,5.659639,6.564395,0.000000,42.098282
-0.703788,1.179880,-0.848683,1.470279,1.470286,-1.374454,0.753467,1.924720,2.681583,3.809313,4.700101,1.000000,42.717247
1.442208,2.681290,-0.325005,1.904366,1.904364,-2.632540,-1.387363,-0.195000,0.524880,1.648466,2.474106,1.000000,43.530739
4.329470,4.519544,-0.612454,-3.818814,-3.818821,1.453019,1.955663,3.324196,4.036863,5.243088,6.082162,-1.000000,41.868378
-1.605841,0.041710,-2.085506,1.267166,1.267171,0.291969,0.252349,1.769901,2.521895,3.576883,4.458153,1.000000,42.398922
0.062849,0.712340,-1.194217,-0.458813,-0.458811,0.804524,0.431596,1.838119,2.746883,3.646718,4.629081,0.000000,42.204391
-0.083457,0.521594,-1.001458,0.419024,0.419032,0.225319,-0.183607,1.109945,2.105928,2.841592,3.897829,0.000000,42.381241
-1.820411,0.286357,-2.515850,2.002919,2.002919,-1.881781,-1.918598,-1.094980,-0.096139,0.602814,1.649171,1.000000,43.230103
-1.614529,1.291625,-1.675072,1.349969,1.349964,-2.300705,-2.676086,-2.480995,-1.522704,-0.926017,0.091819,1.000000,43.813694
-0.503423,0.624247,-1.248488,0.222000,0.221992,-1.828427,-2.494962,-2.742644,-1.757949,-1.172370,-0.296151,0.000000,43.910957
-1.839399,0.731802,-1.918515,1.812326,1.812329,-2.456486,-3.647152,-4.278744,-3.510680,-2.894641,-2.205007,1.000000,44.706768
-0.099303,0.337641,-0.933460,-0.415354,-0.415338,-1.088389,-2.840129,-3.683557,-3.084418,-2.458998,-1.932518,0.000000,44.521084
-0.335105,0.354820,-1.103887,0.754721,0.754721,-1.103894,-3.272238,-4.018674,-3.787712,-3.196543,-2.722403,1.000000,44.857094
-1.593471,0.194330,-1.748927,1.438989,1.438990,-1.764484,-3.845714,-4.780423,-5.016528,-4.495153,-4.130147,1.000000,45.502583
-0.039072,1.308853,-1.074429,-0.524679,-0.524706,-0.648546,-2.705590,-3.822347,-4.399282,-3.885119,-3.546580,-1.000000,45.263828
-1.291944,0.482067,-2.178945,1.308853,1.308864,-1.430771,-3.166214,-4.518575,-5.366370,-5.029695,-4.679153,1.000000,45.856270
1.528211,1.822100,-0.058783,-1.581180,-1.581182,0.423201,-1.001172,-2.628002,-3.633422,-3.431032,-3.077487,-1.000000,45.131199
0.314651,1.396269,-0.039324,-0.372263,-0.372255,0.845623,-0.245820,-2.051787,-2.972469,-3.042675,-2.713209,0.000000,44.963196
0.414036,0.808360,-0.433756,-0.255648,-0.255658,0.812302,0.240541,-1.357777,-2.340297,-2.742110,-2.449391,0.000000,44.848244
-1.556959,0.453289,-1.596378,0.039434,0.039440,0.595187,0.413873,-1.030091,-2.078246,-2.722116,-2.428068,0.000000,44.865932
-0.608922,0.019639,-0.864268,0.335037,0.335040,-0.113929,0.147318,-0.944151,-2.081126,-2.903165,-2.733584,0.000000,45.016251
-0.137498,2.062461,-0.785704,0.000000,0.000000,-0.164999,0.257316,-0.553920,-1.825773,-2.742881,-2.681205,0.000000,45.016251
0.499102,1.537235,-0.598920,-1.610686,-1.610705,1.165916,1.770828,1.233796,-0.132745,-0.967043,-1.115309,-1.000000,44.291172
-1.666990,0.271370,-2.054664,2.994610,2.994635,-1.438271,-1.163026,-1.446024,-2.625516,-3.477426,-3.891588,1.000000,45.617531
-0.038687,0.812375,-0.773698,0.213222,0.213232,-1.276612,-1.274679,-1.392667,-2.470037,-3.372552,-3.986478,0.000000,45.714802
0.000000,1.402765,-0.134512,0.657640,0.657616,-1.487312,-1.885083,-1.847291,-2.693115,-3.663331,-4.424156,1.000000,46.015430
1.535175,2.020989,-0.874468,-1.114531,-1.114511,-0.163242,-0.697639,-0.597238,-1.253411,-2.332697,-3.179179,-1.000000,45.502583
0.464580,0.464580,-1.548585,0.388653,0.388648,0.058072,-0.925287,-0.862054,-1.367603,-2.522656,-3.304305,0.000000,45.679428
-0.135266,0.753621,-0.483092,0.174216,0.174203,-0.054096,-0.898544,-0.997097,-1.326565,-2.352072,-3.155551,0.000000,45.759003
-0.348567,0.193654,-1.103794,-0.212562,-0.212557,0.135557,-0.513165,-0.728116,-0.924668,-1.858247,-2.694293,0.000000,45.661739
1.110676,1.519871,-0.350742,-0.619673,-0.619676,0.479350,0.187066,-0.179264,-0.232848,-0.966481,-1.846581,-1.000000,45.378784
0.078112,0.410074,-0.800625,-0.214343,-0.214336,0.597537,0.460846,0.057279,0.065415,-0.497561,-1.446986,0.000000,45.281521
-0.981145,0.404000,-1.385152,1.503615,1.503611,-0.769529,-0.663715,-1.279979,-1.296653,-1.733744,-2.730538,1.000000,45.962379
-1.920896,0.225994,-2.128055,2.154671,2.154680,-2.354054,-2.474579,-3.063406,-3.224111,-3.538988,-4.421223,1.000000,46.952721
-0.037660,0.790808,-1.261536,0.018838,0.018832,-1.818869,-2.227455,-2.784162,-3.061574,-3.297311,-4.115362,0.000000,46.961563
-1.527569,0.223545,-2.160954,1.073242,1.073246,-1.982119,-2.960137,-3.472433,-3.921391,-4.091659,-4.764039,1.000000,47.465576
1.421627,2.375610,-0.692104,-0.409838,-0.409834,-0.737003,-2.186687,-2.757207,-3.299670,-3.464279,-4.027317,0.000000,47.271046
4.225074,4.400308,-0.019476,-3.928167,-3.928180,3.080225,1.754287,1.383702,0.703859,0.531934,0.057116,-1.000000,45.414154
-0.019344,0.793188,-0.367574,0.642519,0.642535,1.876567,1.093048,0.749333,0.154761,-0.092097,-0.443679,1.000000,45.705956
0.970874,1.631068,-0.077672,-0.367574,-0.367576,1.627181,1.438829,1.095139,0.598051,0.300574,0.042710,0.000000,45.537952
-0.251647,0.348432,-0.445219,0.310680,0.310677,0.530390,1.190474,0.732994,0.359074,-0.025557,-0.196160,0.000000,45.679428
1.667324,2.255789,-0.176542,-1.316299,-1.316304,0.898394,2.495099,2.013862,1.704590,1.303256,1.176278,-1.000000,45.078148
-0.116735,0.583656,-0.875488,0.823856,0.823858,0.089494,1.544745,1.146558,1.000969,0.518282,0.392990,1.000000,45.449528
-0.921303,0.537434,-1.074850,1.361860,1.361840,-1.097868,-0.011494,-0.167605,-0.307080,-0.726275,-0.914888,1.000000,46.068478
-2.324713,0.131234,-2.530930,2.380042,2.380053,-2.707158,-2.292831,-2.275958,-2.470934,-2.839139,-3.083984,1.000000,47.164932
-0.280378,0.616826,-0.542058,0.299963,0.299960,-2.310277,-2.618683,-2.296564,-2.626159,-2.936066,-3.271643,0.000000,47.306408
3.026816,4.291184,-0.287360,-2.429905,-2.429899,0.590033,-0.434866,0.263092,-0.130267,-0.419922,-0.788633,-1.000000,46.156910
2.094036,3.338605,-1.916233,-3.026824,-3.026821,3.421567,2.526671,3.213489,2.884237,2.730149,2.292903,-1.000000,44.759823
2.545825,3.604890,-0.346228,-3.002768,-3.002791,5.401242,5.173141,5.865609,5.799417,5.707565,5.349655,-1.000000,43.415779
-2.251627,0.256759,-2.705911,3.116096,3.116116,1.145560,1.823027,2.339852,2.502470,2.428601,2.158801,1.000000,44.768665
5.765584,6.166847,-0.126710,-6.478378,-6.478386,5.554390,7.966220,8.537854,9.183755,9.127789,8.984882,-1.000000,41.868378
0.258293,1.614292,-2.066291,-1.879618,-1.001491,4.350575,8.182879,8.699441,9.825974,9.840570,9.800524,-1.000000,41.449070
0.576545,1.430702,-1.323944,0.796390,0.796421,2.099216,6.449584,7.260546,8.457576,8.599273,8.732541,1.000000,41.779179
-0.919354,0.480566,-2.298376,2.199443,2.199428,-0.434228,3.369333,4.482564,5.625243,5.975364,6.164600,1.000000,42.698082
0.955950,1.496261,-1.039069,0.543247,0.543247,-1.828763,1.824352,3.513045,4.584991,5.148241,5.374756,0.000000,42.930038
-1.297633,0.473738,-1.709574,0.893599,0.893614,-2.030906,0.000674,2.232102,3.179398,4.026231,4.233530,1.000000,43.313667
-1.881449,0.040463,-2.083751,1.812566,1.812555,-2.573333,-2.246340,0.264017,0.982829,2.066982,2.271762,1.000000,44.098751
-1.039784,0.819836,-1.319736,1.173372,1.173369,-2.431507,-3.412241,-1.023325,-0.277755,0.762559,1.006218,1.000000,44.616192
0.000000,0.239328,-1.495812,0.259950,0.259937,-1.775016,-3.368375,-1.479092,-0.645145,0.302755,0.667829,0.000000,44.732166
1.642338,1.642338,-0.648824,-1.635419,-1.635414,0.344693,-1.936329,-0.320516,0.832038,1.701219,2.215695,-1.000000,44.000610
2.177452,3.744406,-0.386646,-0.364966,-0.364956,0.952377,-1.127392,-0.482522,0.991593,1.742945,2.473107,0.000000,43.840027
-2.594850,0.098288,-2.693137,3.520554,3.520552,-1.914688,-3.622958,-3.980557,-2.409319,-1.883523,-1.004338,1.000000,45.383438
-0.837064,0.311466,-1.187465,0.982898,0.982896,-2.339889,-3.677242,-4.759539,-3.317742,-2.802267,-1.977556,1.000000,45.829510
-1.344088,0.172803,-2.073736,1.382136,1.382129,-2.926267,-4.180106,-5.620723,-4.593350,-4.062183,-3.349021,1.000000,46.462933
0.542527,0.949423,-0.387524,-0.902460,-0.902457,-1.154814,-2.631272,-4.576632,-3.846271,-3.144571,-2.535299,-1.000000,46.043625
0.449394,1.055102,-0.351700,-0.833174,-0.833177,0.472845,-1.299332,-3.221304,-3.218699,-2.332515,-1.848235,-1.000000,45.660000
-0.720403,0.019467,-2.044392,0.351702,0.351702,0.311528,-1.269469,-2.924450,-3.594587,-2.609997,-2.297744,0.000000,45.820587
0.569635,0.766056,-0.157136,-0.876170,-0.876145,1.017464,-0.220016,-1.532133,-2.669889,-1.751854,-1.433799,-1.000000,45.419132
-0.776662,0.151540,-2.879335,3.692793,3.692768,-2.311039,-3.271449,-4.416236,-5.745317,-5.163424,-4.845588,1.000000,47.096355
1.035469,1.802489,-0.364339,-1.212349,-1.212349,-0.905079,-1.541705,-2.728026,-4.399807,-4.054549,-3.607082,-1.000000,46.525383
-0.363563,0.172216,-2.257933,0.210922,0.210924,-0.700336,-1.151925,-2.459491,-4.091075,-4.315083,-3.742473,0.000000,46.623516
-0.019091,0.362807,-0.286420,0.210488,0.210505,-0.523208,-1.073144,-2.290127,-3.728289,-4.467731,-3.827419,0.000000,46.721661
0.478927,0.574711,-0.536404,-0.324610,-0.324631,0.295024,-0.591948,-1.692204,-2.900376,-4.001115,-3.433997,0.000000,46.569988
-1.210514,0.245888,-1.494225,1.283521,1.283524,-0.945711,-1.702282,-2.593777,-3.657077,-4.899490,-4.580054,1.000000,47.167725
0.512431,0.721201,-0.512433,-0.340458,-0.340462,-0.402347,-1.161501,-1.834620,-2.894277,-4.384124,-4.265265,0.000000,47.007137
-0.528997,0.075573,-0.982430,0.455496,0.455512,-0.600801,-1.279054,-1.802387,-2.920846,-4.364260,-4.705382,0.000000,47.221260
-2.347073,0.184805,-2.587326,2.229361,2.229364,-2.125312,-2.923684,-3.544642,-4.605445,-5.884319,-6.637331,1.000000,48.273994
0.597684,0.728425,-0.429585,-1.053410,-1.053399,-0.582759,-1.398974,-2.247560,-3.260200,-4.381043,-5.433629,-1.000000,47.765476
0.431763,1.070021,-0.319133,-0.504298,-0.504327,0.071348,-0.809076,-1.603144,-2.476056,-3.490135,-4.666100,-1.000000,47.524582
-0.633974,1.323884,-1.286597,0.675804,0.675823,-0.249863,-1.198964,-2.012564,-2.728892,-3.727028,-5.091687,1.000000,47.845764
-0.018539,0.797034,-0.203894,0.596681,0.596684,-0.463396,-1.471743,-2.251478,-2.860067,-3.897695,-5.220895,1.000000,48.131252
0.388959,0.388959,-0.388966,0.074145,0.074137,-0.581588,-1.244679,-1.999140,-2.643088,-3.631049,-4.826207,0.000000,48.166935
-0.203442,0.998707,-0.462364,0.148172,0.148178,-0.532647,-1.044947,-1.754523,-2.537459,-3.473284,-4.520691,0.000000,48.238308
0.129556,0.777350,-0.518229,-0.073980,-0.073981,-0.177677,-0.756988,-1.528785,-2.284847,-3.113831,-4.069350,0.000000,48.202621
-0.644215,0.184057,-0.809871,0.555253,0.555254,-0.471199,-1.003135,-1.805029,-2.574095,-3.279967,-4.218062,1.000000,48.470268
0.517078,1.477376,-0.443217,-0.331309,-0.331327,-0.066471,-0.448742,-1.245913,-1.975986,-2.588360,-3.554935,0.000000,48.309673
-0.570164,0.183929,-0.919625,0.406273,0.406283,-0.331060,-0.803746,-1.400278,-2.095822,-2.725030,-3.642326,0.000000,48.505947
-1.209241,0.109925,-1.667285,0.386248,0.386243,-0.527663,-0.994866,-1.488943,-2.136312,-2.864052,-3.733968,0.000000,48.693298
-1.356239,0.036168,-1.699816,1.319159,1.319167,-1.363473,-1.916815,-2.478600,-3.183545,-3.895842,-4.676313,1.000000,49.335644
0.399278,0.544472,-0.381123,-0.361665,-0.361680,-0.725943,-1.293995,-1.833014,-2.564414,-3.293634,-3.980628,0.000000,49.157207
1.077262,1.931651,-0.222881,-2.286748,-2.286735,1.482164,0.995541,0.577019,-0.137446,-0.832840,-1.442549,-1.000000,48.033112
-1.537895,0.203819,-3.112840,0.241458,0.241454,1.089491,0.748564,0.317462,-0.229757,-0.878266,-1.488482,0.000000,48.149090
-0.700723,0.866681,-0.885119,0.481747,0.481754,0.475745,0.295035,-0.078681,-0.520933,-1.108616,-1.784995,0.000000,48.381050
1.043610,1.099515,-0.372719,-1.051079,-1.051085,0.931793,1.291466,1.031188,0.609396,0.006711,-0.643557,-1.000000,47.872524
-0.904730,0.276959,-1.329396,0.931793,0.931800,-0.347123,0.324957,0.163709,-0.183718,-0.768099,-1.403870,1.000000,48.318600
0.333333,0.574076,-1.018517,-0.295421,-0.295418,0.007403,0.594437,0.466660,0.211106,-0.345192,-0.937661,0.000000,48.175858
0.349913,0.441993,-0.828731,0.555554,0.555538,-0.423562,0.025792,-0.050327,-0.325034,-0.753581,-1.304471,1.000000,48.443493
-0.549753,0.073302,-1.044530,0.497239,0.497245,-0.791642,-0.470953,-0.483780,-0.723838,-1.070915,-1.569236,0.000000,48.684376
-0.092268,1.144126,-0.498249,-0.696355,-0.696355,0.099653,0.022147,0.233749,0.057211,-0.279751,-0.792885,-1.000000,48.345360
4.352721,4.352721,-0.262662,-1.642369,-1.642371,1.448408,1.354601,1.778615,1.697004,1.431151,0.935590,-1.000000,47.551350
0.018601,1.209306,-0.390696,0.844280,0.844287,0.506039,0.489298,0.876894,0.826973,0.642974,0.182942,1.000000,47.952820
0.279907,0.671769,-0.298563,-0.297674,-0.297680,0.541145,0.718419,1.081048,1.090690,0.904649,0.557941,0.000000,47.810074
-2.690909,1.436365,-2.909087,2.631088,2.631092,-1.880003,-1.723639,-1.459397,-1.416366,-1.576002,-1.850305,1.000000,49.068001
-2.548218,0.053093,-2.725176,2.745451,2.745449,-3.680762,-3.845335,-3.949742,-3.831178,-3.976638,-4.258240,1.000000,50.415138
-0.369782,0.193698,-0.898049,0.495493,0.495490,-2.926571,-3.856314,-4.224922,-4.088749,-4.227504,-4.489639,0.000000,50.664940
0.124024,0.797307,-0.602411,-0.616309,-0.616316,-1.371360,-2.827775,-3.323875,-3.291097,-3.457113,-3.690044,-1.000000,50.352684
-0.826158,0.544915,-1.265602,0.797307,0.797308,-0.991382,-3.141144,-3.746404,-3.834586,-4.016867,-4.288970,1.000000,50.754150
-1.118572,0.000000,-2.047845,2.144493,2.144489,-1.999653,-4.565473,-5.322083,-5.549812,-5.753907,-6.036245,1.000000,51.842567
-0.549638,0.085879,-0.979043,0.189296,0.189298,-1.597389,-4.053586,-4.978811,-5.477494,-5.644103,-5.930372,0.000000,51.940704
0.888498,1.306620,-0.017427,-1.408449,-1.408437,0.020894,-1.968650,-3.245073,-3.926837,-4.082238,-4.367602,-1.000000,51.209152
1.777700,2.298441,-0.377086,-2.979099,-2.979089,2.822755,1.389822,-0.071841,-0.810751,-1.026409,-1.327001,-1.000000,49.683586
0.999824,1.145248,-0.345388,-1.221047,-1.221045,3.410279,2.901278,1.249457,0.509895,0.243579,-0.045458,-1.000000,49.076927
-2.312244,0.161319,-2.706582,1.417930,1.417909,1.132827,1.604232,-0.020312,-0.755509,-1.071157,-1.340142,1.000000,49.772793
0.691414,2.983987,-0.873361,-1.487725,-0.740471,0.860452,2.157577,0.868418,0.139868,-0.327600,-0.523071,-1.000000,49.404240
-1.750226,0.364633,-2.060159,-0.200147,-0.200163,0.290493,2.086720,1.307885,0.440778,-0.115674,-0.267099,0.000000,49.305351
2.020960,2.339072,-0.093563,-2.570645,-2.570634,2.251451,4.298368,3.992658,3.076507,2.520131,2.345454,-1.000000,48.037891
-0.745577,0.037271,-3.411001,0.392970,0.392963,1.498601,3.366033,3.643193,2.650559,2.125276,1.925545,0.000000,48.226662
-0.579225,2.765321,-1.195813,-0.242315,-0.242314,1.053813,2.841227,3.762166,2.840185,2.350789,2.132697,0.000000,48.109802
-3.478419,0.382442,-3.478419,2.597160,2.597161,-1.522493,-0.285096,0.992907,0.339582,-0.119650,-0.451110,1.000000,49.359291
0.259257,0.833335,-0.166667,-1.657257,-1.657252,-0.177781,0.845671,2.403156,2.132452,1.581863,1.184173,-1.000000,48.541283
-0.425530,0.610550,-0.555040,0.092591,0.092597,-0.044410,0.526520,2.066040,2.103152,1.521673,1.128513,0.000000,48.586231
0.000000,0.605729,-0.752570,0.795562,0.795550,-0.528632,-0.288178,1.017961,1.415988,0.763621,0.386398,1.000000,48.972759
0.258874,0.887572,-0.203404,-0.734211,-0.734200,0.414192,0.210787,1.322255,2.119314,1.503043,1.144804,-1.000000,48.613201
2.294099,2.463336,-0.282063,-1.664205,-1.664215,1.462961,1.572021,2.460140,3.574471,3.175576,2.851792,-1.000000,47.804173
-0.595467,0.483807,-1.060670,1.053031,1.053036,0.308892,0.307029,0.992010,2.251164,2.163039,1.779251,1.000000,48.307568
0.224591,0.430470,-0.355602,-0.576855,-0.576862,0.658812,0.887147,1.348295,2.602520,2.762134,2.359584,-1.000000,48.028900
-0.874420,0.260463,-1.339537,0.598914,0.598921,-0.212092,0.305116,0.639998,1.739418,2.192265,1.741424,1.000000,48.316555
1.509364,2.025224,-0.076425,-2.623256,-2.623250,1.811228,2.781805,2.965220,3.970782,4.773598,4.366398,-1.000000,47.049091
-0.857471,0.304876,-1.391006,0.267482,0.267457,1.272882,2.044607,2.375525,3.188330,4.219381,4.005306,0.000000,47.174927
-1.332331,0.206420,-1.726406,1.543447,1.543460,-0.435354,0.360296,0.624260,1.274786,2.404625,2.448899,1.000000,47.903053
-0.037888,0.757715,-0.644061,-0.938262,-0.938260,0.265200,1.072173,1.495232,1.999041,3.130174,3.384173,-1.000000,47.453598
-1.095099,1.171952,-1.306436,-1.401784,-1.401774,1.037456,2.042261,2.733262,3.204603,4.257342,4.781202,-1.000000,46.788406
-1.602136,0.534043,-1.926382,0.730069,0.730068,0.339492,0.987977,1.850079,2.176227,3.101746,3.884704,1.000000,47.129993
-0.189320,0.132524,-1.003406,0.743849,0.743847,-0.272626,0.174172,0.834276,1.219230,1.964745,2.911648,1.000000,47.480568
-0.581506,0.637781,-1.012945,0.927681,0.927681,-1.181769,-0.827243,-0.178833,0.144432,0.753071,1.774869,1.000000,47.921036
0.719154,0.870551,-0.510977,-0.881638,-0.881644,-0.283869,-0.056772,0.556400,0.978428,1.465246,2.479845,-1.000000,47.498543
-1.175368,0.074629,-1.585817,1.438301,1.438314,-1.119405,-1.501871,-0.978861,-0.458029,-0.047768,0.848796,1.000000,48.181721
-1.051855,0.073816,-1.217937,1.100748,1.100743,-1.546411,-2.232887,-2.043430,-1.479980,-1.223108,-0.463421,1.000000,48.712078
0.816323,1.280145,-0.593692,-0.535149,-0.535155,-0.615955,-1.443414,-1.427336,-1.043601,-0.770318,-0.167936,-1.000000,48.451393
0.147299,0.386667,-0.865404,0.760666,0.760651,-0.997962,-1.999616,-2.101503,-1.762092,-1.559184,-1.084708,1.000000,48.819939
-1.465004,0.036173,-2.007598,1.804456,1.804474,-1.866525,-3.284501,-3.612471,-3.391213,-3.170197,-2.836811,1.000000,49.700882
-0.435890,0.217942,-0.671998,-0.415988,-0.415987,-0.926267,-2.333821,-3.051221,-2.934984,-2.663281,-2.402839,0.000000,49.494133
-0.309312,0.291121,-0.509460,-0.181624,-0.181624,-0.465795,-1.695779,-2.557013,-2.678313,-2.381370,-2.250123,0.000000,49.404240
-0.597830,0.126810,-1.521739,0.436685,0.436683,-0.427540,-1.692031,-2.652176,-2.918481,-2.784785,-2.660632,0.000000,49.619980
-0.877032,0.089492,-1.235008,1.213764,1.213761,-1.063177,-2.412740,-3.511719,-3.892068,-3.816714,-3.767075,1.000000,50.222248
-0.125561,0.340805,-0.197311,-0.214783,-0.214789,-0.685194,-1.680709,-2.950066,-3.477122,-3.487705,-3.421816,0.000000,50.114376
0.269294,0.269294,-0.538598,-0.089684,-0.089669,-0.366256,-1.215448,-2.426099,-3.215448,-3.313473,-3.212456,0.000000,50.069439
-0.143881,0.143888,-0.629493,-0.179539,-0.179553,0.043174,-0.784163,-1.870493,-2.748192,-3.030206,-2.913659,0.000000,49.979538
0.850219,0.940666,-0.072353,-0.575538,-0.575530,0.651228,0.039796,-1.005788,-1.931982,-2.316932,-2.329353,-1.000000,49.691891
0.653713,0.835299,-0.199748,-0.379882,-0.379883,0.744504,0.559287,-0.415230,-1.396405,-1.847831,-1.892138,0.000000,49.503120
-0.630513,0.036031,-1.224997,0.798979,0.798980,-0.140514,-0.198161,-0.883923,-1.932982,-2.475948,-2.582115,1.000000,49.898640
-0.324091,0.108025,-0.810229,0.054050,0.054050,-0.252075,-0.165650,-0.704601,-1.671770,-2.399715,-2.571123,0.000000,49.925610
-0.804428,0.000000,-1.912764,0.720198,0.720202,-0.843763,-0.704329,-1.206057,-2.061139,-2.840189,-3.156957,1.000000,50.285175
0.377900,0.683824,-0.359908,-0.661421,-0.661426,-0.079179,0.023393,-0.347910,-1.161598,-1.970847,-2.368784,-1.000000,49.952576
-2.493419,0.403861,-2.669010,2.483356,2.483357,-1.840212,-2.210715,-2.453617,-3.237053,-4.089203,-4.546681,1.000000,51.193077
-0.507076,0.227314,-1.189021,0.421419,0.421416,-1.664623,-2.369292,-2.641485,-3.262805,-4.183945,-4.728097,0.000000,51.408813
-1.469314,0.051863,-1.728609,1.154046,1.154061,-1.987907,-3.111505,-3.430721,-3.999145,-4.876067,-5.578805,1.000000,52.002102
-0.051837,1.537662,-0.241878,0.051863,0.051848,-1.368346,-2.767794,-3.144436,-3.730131,-4.548721,-5.308684,0.000000,52.029064
-0.310720,0.379772,-0.794060,0.086384,0.086400,-0.638711,-2.394280,-2.913874,-3.465402,-4.278279,-5.076829,0.000000,52.074017
-1.655285,0.170654,-1.945391,1.156565,1.156554,-1.211600,-2.907847,-3.713309,-4.203070,-5.011603,-5.860067,1.000000,52.676281
-1.224421,0.670917,-1.459240,1.740616,1.740618,-2.086546,-3.879571,-4.927878,-5.478868,-6.181820,-7.088786,1.000000,53.593174
0.252308,0.336419,-0.588735,-0.285136,-0.285143,-1.268289,-2.947011,-4.235491,-4.839360,-5.519932,-6.408185,0.000000,53.440357
1.320689,1.473077,-0.084665,-0.656013,-0.656025,-0.216716,-1.777840,-3.212540,-3.863856,-4.566193,-5.415950,-1.000000,53.089775
0.885711,1.004940,-0.510985,-0.592621,-0.592598,0.643834,-0.657475,-2.246074,-2.991832,-3.669570,-4.517693,-1.000000,52.775166
-1.320365,1.233494,-1.667830,-1.958777,-1.958779,2.293251,1.433280,-0.004640,-0.906888,-1.519118,-2.363918,-1.000000,51.741417
-2.353936,0.508042,-2.438608,2.588600,2.588607,-0.480958,-0.811186,-2.128150,-3.127868,-3.749376,-4.477008,1.000000,53.080799
0.810347,2.586207,-0.051722,-1.778152,-1.778170,0.820696,1.010351,-0.073557,-1.175857,-1.804133,-2.494823,-1.000000,52.136932
-1.098155,0.084479,-1.841529,2.051722,2.051724,-1.162350,-0.799115,-1.716500,-2.859430,-3.492477,-4.173561,1.000000,53.206638
-0.649352,0.529737,-0.991116,-1.131946,-1.131949,-0.095687,0.437463,-0.255177,-1.470431,-2.160624,-2.813278,-1.000000,52.604366
0.865651,1.817872,-0.051936,-1.298705,-1.298710,1.288100,1.613586,1.150753,0.058878,-0.742369,-1.335397,-1.000000,51.921188
1.223135,1.240606,-0.471782,-0.917587,-0.917577,1.590070,2.136991,2.092144,1.135769,0.280273,-0.308695,-1.000000,51.444771
1.535209,1.817546,-0.935237,-0.978511,-0.978523,2.124589,2.655740,2.962194,2.234885,1.339702,0.771147,-1.000000,50.941372
-2.163914,0.153348,-2.300220,3.564498,3.564504,-1.560743,-0.940528,-0.489570,-1.049574,-1.937630,-2.485367,1.000000,52.757179
1.349246,2.041171,-0.259472,-1.499400,-1.499386,-0.307920,0.411683,1.011349,0.650398,-0.269858,-0.850496,-1.000000,51.966145
1.676957,1.676957,-0.247139,-2.006571,-2.006576,1.341563,2.307140,2.850243,2.684901,1.883842,1.225648,-1.000000,50.923405
-3.085360,0.188552,-3.702434,2.983227,2.983235,-1.213586,-0.778210,-0.275409,-0.191131,-0.873510,-1.558689,1.000000,52.442570
3.173482,3.226372,-0.017634,-2.776824,-2.776832,1.625529,1.830036,2.251993,2.559940,2.040899,1.312878,-1.000000,50.986328
1.855559,3.092590,-0.036383,-3.085331,-2.362349,2.889019,3.605862,4.282998,4.815678,4.469343,3.750912,-1.000000,49.781853
2.349873,2.853419,-0.074593,-2.455889,-2.455883,4.076289,5.381339,6.329749,7.092735,6.984811,6.285316,-1.000000,48.559269
-0.997600,1.311655,-2.050621,0.951141,0.951135,2.319607,3.796872,4.957991,5.710922,5.799604,5.251150,1.000000,49.021133
-4.210139,1.995241,-4.704375,0.923702,0.923710,0.183045,2.448509,3.511330,4.327095,4.674832,4.259219,1.000000,49.473946
5.482036,5.671077,-0.113425,-3.166756,-3.166764,2.173914,5.165572,6.307892,7.161448,7.756141,7.528400,-1.000000,47.907223
0.768222,0.993073,-0.880639,0.888463,0.888459,0.674545,3.324062,4.699456,5.725647,6.501307,6.446824,1.000000,48.332859
-3.400108,0.330822,-3.969858,1.948662,1.948681,-0.959392,0.802882,2.247708,3.349575,4.238365,4.366308,1.000000,49.274712
-1.758753,0.284242,-2.256175,3.455249,3.455249,-3.499741,-2.553214,-1.290653,-0.177094,0.623647,0.866520,1.000000,50.977276
0.105443,0.966606,-1.124787,1.083676,1.083669,-3.736383,-3.775048,-2.337881,-1.397753,-0.615268,-0.207001,1.000000,51.529701
-2.385756,0.302421,-2.755375,4.604566,4.604566,-5.749327,-7.469759,-6.270625,-5.574337,-4.955774,-4.482252,1.000000,53.902420
-1.575719,0.199036,-1.575719,1.293684,1.293697,-4.657496,-7.769128,-7.242733,-6.652742,-6.059033,-5.545238,1.000000,54.599754
-0.231450,0.810048,-0.462891,0.331732,0.331719,-2.962471,-6.938339,-7.206866,-6.762713,-6.223170,-5.692819,0.000000,54.780872
-0.279012,0.328247,-0.804203,0.727390,0.727393,-2.140159,-6.494338,-7.362767,-7.140783,-6.651152,-6.222641,1.000000,55.179344
1.683898,1.683898,-1.033676,-1.559166,-1.559178,0.436823,-4.121364,-5.665214,-5.405442,-5.081444,-4.692786,-1.000000,54.319000
-1.928735,0.408630,-2.075842,2.000667,2.000674,-0.990516,-4.648575,-6.983762,-6.857970,-6.707216,-6.443930,1.000000,55.405746
-0.630315,0.835177,-1.717617,3.726706,3.726698,-3.548684,-6.484388,-9.433754,-9.794313,-9.762272,-9.551129,1.000000,57.470551
0.648221,1.027671,-0.490120,-0.330916,-0.330902,-2.355738,-4.776287,-8.118054,-9.030951,-9.136148,-8.988665,0.000000,57.280380
0.877751,1.516120,-0.542611,-0.932806,-0.932822,-0.884131,-2.863060,-6.345346,-7.661337,-7.940466,-7.837719,-1.000000,56.746056
1.519029,1.806839,-0.543652,-0.191508,-0.191508,0.124724,-1.774857,-5.322453,-7.113840,-7.397100,-7.451564,0.000000,56.637383
0.063787,1.084357,-0.462448,0.271823,0.271836,0.341247,-1.532454,-4.536227,-6.854571,-7.236113,-7.429274,0.000000,56.791344
1.317075,1.349597,-0.308941,-1.929515,-1.929525,1.678051,0.601629,-1.776687,-4.491052,-5.199965,-5.458997,-1.000000,55.695541
-2.821757,0.423259,-3.009879,3.723579,3.723587,-1.802798,-2.492560,-4.322520,-7.122593,-8.201381,-8.554911,1.000000,57.769413
-0.250586,0.548158,-0.548157,0.094054,0.094058,-1.522322,-2.126866,-3.623078,-6.448711,-7.810308,-8.300580,0.000000,57.823750
-0.313672,0.407778,-0.313672,-0.140955,-0.140961,-1.000625,-1.395859,-2.769760,-5.600688,-7.313047,-7.807598,0.000000,57.742241
0.974382,1.823039,-0.361463,-0.203885,-0.203894,-0.509189,-0.809363,-2.140494,-4.564664,-6.662889,-7.232648,0.000000,57.624508
-0.031250,0.000000,-1.359373,0.581485,0.581487,-0.303120,-1.298434,-2.319788,-4.285931,-6.638119,-7.469762,1.000000,57.959587
-1.476013,0.568885,-1.552894,1.625002,1.625003,-1.512915,-2.601476,-3.415333,-4.999228,-7.428657,-8.556858,1.000000,58.901432
-1.922792,0.287653,-1.922792,1.552894,1.552881,-2.352756,-3.577584,-4.375464,-5.713085,-8.122320,-9.459590,1.000000,59.816101
0.580148,0.992369,-0.427479,-0.832707,-0.832687,-1.001534,-2.316035,-3.010692,-4.264889,-6.687026,-8.312980,-1.000000,59.318020
-0.230098,0.751646,-0.398837,-0.473279,-0.473278,-0.052165,-1.471093,-2.139397,-3.374759,-5.489193,-7.422414,0.000000,59.037281
-1.410328,0.000000,-2.390144,3.328730,3.328722,-2.274347,-3.775237,-4.905978,-5.962738,-7.703086,-9.791666,1.000000,61.002468
-0.560633,0.413100,-0.560633,0.623512,0.623516,-2.071407,-3.782827,-5.049671,-6.007673,-7.485983,-9.654273,1.000000,61.382828
-0.617101,0.220395,-1.337050,0.413100,0.413096,-1.883626,-3.560091,-4.911349,-5.870552,-7.174840,-9.343711,0.000000,61.636398
-0.524019,0.232902,-1.193595,0.940345,0.940362,-1.866091,-3.739457,-5.199426,-6.112819,-7.352556,-9.505587,1.000000,62.216003
-0.289013,0.404633,-0.447974,0.727802,0.727758,-1.416157,-3.630028,-5.259122,-6.211675,-7.462397,-9.374247,1.000000,62.668785
-0.043408,0.564316,-0.405150,-0.130052,-0.130001,-0.781387,-2.765180,-4.401701,-5.680821,-6.831450,-8.497102,0.000000,62.587315
-0.563014,0.317599,-0.895041,0.231509,0.231494,-0.580341,-2.379099,-4.095090,-5.464129,-6.539630,-7.993361,0.000000,62.732201
0.978099,1.430661,-0.131381,-1.111588,-1.111581,0.665682,-0.924099,-2.564491,-3.975196,-5.047021,-6.364976,-1.000000,62.034882
-1.753632,0.416848,-1.839872,1.562044,1.562045,-0.632468,-1.862884,-3.506315,-4.946830,-5.956030,-7.198039,1.000000,63.003895
-0.272561,0.659875,-0.530775,0.201235,0.201227,-0.685692,-1.411566,-3.118639,-4.635638,-5.655435,-6.897150,0.000000,63.130676
0.561798,1.930285,-0.100835,-0.416011,-0.416016,-0.181496,-0.702964,-2.193409,-3.666808,-4.917889,-6.069815,0.000000,62.868042
-1.345097,0.072321,-2.212898,-0.403341,-0.403350,0.185145,-0.104126,-1.401976,-2.889780,-4.192066,-5.272386,0.000000,62.614464
2.752293,2.752293,-0.073991,-2.256287,-2.256281,2.225511,2.130808,1.024958,-0.372154,-1.689259,-2.757722,-1.000000,61.201706
-0.820522,1.387438,-1.178578,-0.813855,-0.813855,2.306431,2.719681,2.006071,0.689246,-0.614648,-1.609228,-1.000000,60.703613
1.930446,2.910987,-0.398338,-2.625693,-2.625694,3.704615,4.887402,4.764830,3.529959,2.222160,1.252751,-1.000000,59.109722
0.198106,1.295334,-1.234387,0.536243,0.536249,1.993285,3.796093,4.029252,3.101181,1.928063,0.822404,0.000000,59.426697
-0.214558,2.590041,-0.689651,-0.563857,-0.563866,1.379315,3.768590,4.360671,3.701922,2.595561,1.496302,-1.000000,59.091610
-1.607331,0.255367,-2.223230,2.022989,2.022993,-0.934355,1.421063,2.142109,1.684695,0.724652,-0.320463,1.000000,60.287029
-0.088335,0.132515,-1.060072,2.027938,2.027939,-2.641341,-0.837748,0.035339,-0.158271,-1.032388,-2.037688,1.000000,61.509613
-0.029533,1.343973,-1.284896,-0.309186,-0.309184,-1.618668,-0.825581,0.198890,0.337469,-0.484419,-1.487717,0.000000,61.319435
1.597730,1.911302,-0.209047,-1.092893,-1.092903,-0.128412,-0.095561,1.093035,1.417060,0.792601,-0.126916,-1.000000,60.649273
4.475532,4.615388,-0.512822,-3.912204,-3.912197,3.658121,3.227664,4.699306,5.279725,4.853462,3.968406,-1.000000,58.276554
-2.205103,1.117653,-2.205103,2.890445,2.890439,0.637370,0.120833,1.527471,2.182458,1.917544,1.166498,1.000000,59.961002
-0.701703,0.388168,-0.701703,1.162972,1.162986,-0.800251,-1.037636,0.102506,0.879356,0.834268,0.163719,1.000000,60.658340
-0.834074,0.342574,-1.072388,0.238871,0.238862,-1.206433,-0.994933,-0.391220,0.485558,0.710162,0.099299,0.000000,60.803230
0.708890,1.297136,-0.422332,-1.251111,-1.251103,-0.156872,0.361979,0.557052,1.546747,1.922162,1.483147,-1.000000,60.042519
1.955989,2.536669,-0.137537,-1.297136,-1.297146,1.488389,1.709964,1.501631,2.588633,3.118584,2.837206,-1.000000,59.263680
-0.682952,0.774022,-0.682952,0.687648,0.687664,0.698129,0.912117,0.637416,1.689928,2.282583,2.126768,1.000000,59.671215
1.314769,2.242840,-1.191030,-1.881920,-1.881936,1.908744,2.341843,2.322250,3.259862,3.993815,4.041766,-1.000000,58.548241
2.005287,2.207365,-0.979327,-0.494973,-0.494975,1.542055,2.325513,2.733824,3.355358,4.208307,4.514746,0.000000,58.258442
-3.526072,0.179296,-3.660536,4.041657,4.041663,-2.214252,-1.655459,-1.126550,-0.845660,0.029884,0.433290,1.000000,60.613052
0.783686,0.975904,-0.310512,1.045864,1.045870,-2.578737,-2.188378,-1.915325,-1.983588,-1.102469,-0.613633,1.000000,61.246986
1.383404,2.158708,-1.018544,-2.735470,-2.735486,0.127708,0.497126,0.763163,0.636224,1.513543,2.065991,-1.000000,59.571583
0.881986,1.779194,-0.684313,-0.030400,-0.030379,0.495729,0.342142,0.574805,0.570243,1.312639,1.947980,0.000000,59.553486
3.675662,4.227798,-0.757216,-3.604019,-2.880354,3.330871,2.805414,3.156362,3.443007,3.951323,4.693131,-1.000000,57.838135
-1.695451,0.580846,-2.888540,0.489039,0.489041,1.970456,1.974491,2.364338,2.827264,3.118732,3.927480,0.000000,58.120987
1.764988,1.939898,-0.031802,-1.271589,-1.271582,1.936661,2.959947,3.578811,4.002664,4.082108,4.955225,-1.000000,57.381931
-2.463588,0.123957,-2.943914,2.623632,2.623624,-0.901764,0.194624,0.809227,1.224946,1.263996,2.093830,1.000000,58.887417
2.537426,2.899921,-1.103232,-1.688875,-1.688880,0.226955,1.802658,2.222564,2.651518,2.809401,3.553413,-1.000000,57.892879
0.637954,1.196172,-0.669860,-1.182033,-1.182028,1.205742,2.836871,3.026422,3.520114,3.906246,4.447025,-1.000000,57.208569
0.349319,0.746270,-1.746585,0.446569,0.446566,0.527155,1.831682,2.269245,2.782734,3.307681,3.669202,0.000000,57.464043
1.970207,1.970207,-0.128147,-0.873293,-0.873296,1.265421,1.976595,2.900870,3.572869,4.068280,4.251757,-1.000000,56.962212
-0.907216,0.334234,-1.830339,0.640721,0.640732,0.076388,0.935852,1.973159,2.683752,3.199204,3.362748,1.000000,57.327187
-1.220279,0.633918,-1.426303,0.429725,0.429718,-0.462753,0.160069,1.423972,1.976489,2.484171,2.739259,0.000000,57.573532
2.570737,2.764758,-0.258689,-1.980983,-1.980983,1.274054,1.935333,3.258124,3.650249,4.209044,4.657533,-1.000000,56.433010
-1.584284,0.411917,-2.423953,2.053357,2.053358,-0.719265,-0.207540,0.830791,1.351992,1.899956,2.445575,1.000000,57.591782
2.883185,3.860815,-0.381109,-4.388468,-4.388470,3.148305,3.951951,4.710289,5.622636,6.343719,6.903932,-1.000000,55.064384
1.301484,1.301484,-3.377264,0.579955,0.579954,1.851728,2.719934,3.602418,4.626535,5.399945,5.992403,1.000000,55.383732
-0.081109,0.178420,-2.708843,1.565076,1.565084,-0.188168,0.845084,1.614482,2.810036,3.462326,4.047449,1.000000,56.250534
3.584609,3.584609,-0.456858,-7.688567,-7.688587,6.389049,8.227040,9.318824,10.763256,11.395801,12.110499,-1.000000,51.925663
-0.758757,0.465591,-3.172961,1.897737,1.897751,2.638381,5.350918,6.626427,7.972571,8.782031,9.535048,1.000000,52.911083
1.423545,1.634446,-0.369074,-1.879634,-1.879646,3.391922,6.397196,7.967202,9.142351,10.299844,11.225012,-1.000000,51.916542
0.342462,1.568129,-0.540735,-2.495610,-2.495603,4.156455,7.795605,9.641918,11.051737,12.407801,13.456756,-1.000000,50.620911
-1.687465,0.210932,-2.267536,2.541455,2.541467,-0.098445,4.032336,6.155733,7.562835,9.110056,10.082799,1.000000,51.907425
1.181870,2.010942,-0.758513,-0.351556,-0.351570,0.176404,3.489159,5.823492,7.351394,8.989757,9.886146,0.000000,51.724934
0.613502,0.929015,-1.560033,0.635033,0.635044,-0.785281,1.772126,4.462748,6.091146,7.644234,8.681128,1.000000,52.053410
-1.205859,0.086131,-1.981046,1.752848,1.752850,-2.098195,-0.377266,2.160202,3.846680,5.164500,6.412581,1.000000,52.965828
0.391689,0.476838,-1.396456,1.154181,1.154165,-2.111709,-1.851151,0.527936,2.166221,3.517040,4.819271,1.000000,53.577141
-0.151924,0.405128,-1.569887,0.885560,0.885564,-2.177582,-3.119514,-0.788880,0.914081,2.201219,3.621872,1.000000,54.051601
-0.135597,0.135597,-0.593217,-0.405135,-0.405122,-0.996616,-2.371194,-0.707352,1.011010,2.319316,3.769327,0.000000,53.832626
-2.756930,0.065254,-3.393145,3.898303,3.898292,-3.324629,-5.494287,-4.630773,-2.915982,-1.676340,-0.403152,1.000000,55.931179
1.601455,2.195810,-0.544821,-1.190863,-1.190858,-1.327392,-3.749383,-3.457159,-1.899457,-0.644545,0.436401,-1.000000,55.265118
-0.032859,0.706424,-0.574994,0.495293,0.495283,-1.107270,-3.338253,-3.914345,-2.543938,-1.375381,-0.300630,0.000000,55.538837
0.791816,0.791816,-0.676344,-0.410711,-0.410702,-0.244145,-2.324317,-3.631366,-2.346586,-1.155394,-0.145166,0.000000,55.310738
-0.280902,0.479182,-0.413087,-0.164960,-0.164959,0.422996,-1.530076,-3.074469,-2.295113,-1.136157,-0.138249,0.000000,55.219498
0.049585,0.809921,-0.214878,-0.033047,-0.033050,0.191734,-0.927274,-2.765841,-2.479340,-1.267438,-0.281542,0.000000,55.201248
0.066161,0.479658,-0.661591,-0.066117,-0.066127,0.221642,-0.463107,-2.308955,-2.405713,-1.332441,-0.349531,0.000000,55.164745
1.224420,1.392154,-0.301912,-1.389348,-1.389333,1.214353,1.090233,-0.469646,-1.121273,-0.157670,0.779376,-1.000000,54.398323
-1.576240,0.248877,-2.057410,1.090240,1.090238,0.006633,0.170893,-1.169188,-2.302145,-1.422271,-0.483384,1.000000,54.991394
0.615543,4.607807,-0.369326,-5.657871,-5.657887,4.716857,5.801979,4.777827,3.552596,4.138597,5.142466,-1.000000,51.880043
2.354425,3.163197,-0.359454,-2.145624,-2.145619,5.266001,7.104608,6.906310,5.611978,5.884264,7.008157,-1.000000,50.766895
0.702195,0.882243,-0.504147,-0.179723,-0.179700,3.683814,6.391769,6.797483,5.679671,5.728465,6.787281,0.000000,50.675667
-1.110313,0.823780,-1.898283,0.540149,0.540125,1.772930,4.919420,5.879902,5.144170,4.812328,5.796331,0.000000,50.949379
-0.759449,0.459205,-1.695512,1.396846,1.396863,-0.918411,2.767566,4.112791,3.671840,3.013062,3.957369,1.000000,51.661072
-2.103450,1.568966,-2.327583,2.437303,2.437286,-2.882751,-0.112062,1.520697,1.318111,0.637249,1.262652,1.000000,52.920200
0.206895,1.499998,-1.120693,0.000000,0.000000,-2.068957,-0.543097,1.141386,1.400007,0.637938,0.968398,0.000000,52.920200
-1.116373,0.981059,-1.336260,1.931033,1.931043,-2.713130,-2.653926,-0.938207,-0.430482,-1.118405,-1.013758,1.000000,53.942112
-1.690941,0.753390,-1.724425,1.031801,1.031802,-2.404156,-3.629671,-2.077129,-1.362803,-1.843633,-2.078803,1.000000,54.498688
-0.217066,0.884954,-1.068624,0.267870,0.267867,-1.572885,-3.950576,-2.419991,-1.572048,-1.905492,-2.438358,0.000000,54.644672
-1.797678,0.473935,-1.961100,2.170646,2.170653,-2.621348,-5.283547,-4.420117,-3.484235,-3.695380,-4.277937,1.000000,55.830818
1.821189,2.201983,-0.132454,-1.291056,-1.291054,-0.552988,-3.256631,-3.181026,-2.296369,-2.213918,-2.892947,-1.000000,55.110012
-0.710980,1.173940,-1.421959,0.132447,0.132439,-0.234785,-2.567790,-3.306877,-2.433036,-2.182540,-2.824074,0.000000,55.182999
1.710550,1.995638,-0.301861,-1.405422,-1.405424,1.153785,-0.543349,-1.927440,-1.146234,-0.727150,-1.206886,-1.000000,54.407444
3.194780,3.211953,-0.017180,-2.364582,-2.364572,3.029882,2.140150,0.212977,1.041729,1.606999,1.261871,-1.000000,53.120941
1.239742,1.431814,-0.087304,-1.631743,-1.631752,3.370007,3.707005,1.923057,2.434086,3.171644,2.975381,-1.000000,52.254139
-0.034694,0.693837,-0.589768,0.663527,0.663544,1.734592,2.962691,1.483650,1.511691,2.238317,2.331291,1.000000,52.600868
-0.532284,0.171700,-0.772667,1.023417,1.023403,-0.065246,1.768544,0.764649,0.292751,1.042579,1.305513,1.000000,53.139187
-0.905369,0.461223,-1.417837,0.515108,0.515113,-0.949778,1.043728,0.555740,-0.313467,0.365555,0.776101,0.000000,53.412914
2.416816,2.434333,-1.348504,-2.459862,-2.459870,1.155877,3.103338,3.147702,1.922949,2.650094,3.192651,-1.000000,52.099026
0.754255,1.403268,-0.192942,-0.157618,-0.157613,1.224352,2.532894,3.194764,2.097003,2.565867,3.239199,0.000000,52.016911
-1.388648,0.486023,-1.614305,1.052452,1.052454,0.156219,0.980730,2.074868,1.204648,1.296992,1.950466,1.000000,52.564365
-0.290993,0.564878,-1.078393,1.406001,1.406002,-1.170832,-0.771994,0.579711,0.047928,-0.247176,0.414240,1.000000,53.303421
-0.527123,0.289065,-1.462336,0.667585,0.667580,-1.734401,-1.569459,-0.191577,-0.363034,-0.963783,-0.368420,1.000000,53.659264
-1.856762,0.182361,-2.105439,2.567589,2.567583,-3.126652,-3.685337,-2.642565,-2.550557,-3.439649,-2.879084,1.000000,55.037010
-2.419355,0.532261,-2.709677,2.785146,2.785151,-4.141935,-5.532256,-5.193546,-4.868547,-5.724515,-5.431182,1.000000,56.569874
0.996732,1.568626,-0.228758,-1.290321,-0.471622,-2.359638,-4.427063,-4.603032,-4.117343,-4.884471,-4.917829,0.000000,56.303078
-0.518469,0.145820,-1.960471,0.849673,0.849682,-1.957214,-4.590830,-5.219097,-4.675151,-5.255715,-5.624009,1.000000,56.781475
0.112847,1.080126,-0.096724,0.502265,0.502254,-1.252995,-4.427372,-5.382103,-4.926533,-5.300412,-5.939786,0.000000,57.066662
-1.262184,0.511264,-1.501834,0.902791,0.902793,-1.252594,-4.330295,-5.712192,-5.522126,-5.736409,-6.631400,1.000000,57.581856
-0.272920,0.802697,-0.674269,-0.479308,-0.479307,-0.520148,-2.946601,-4.670396,-4.938407,-4.976297,-5.866116,0.000000,57.305862
-0.991503,0.723952,-1.164624,2.006743,2.006739,-1.740633,-3.848044,-5.878040,-6.522332,-6.466870,-7.279528,1.000000,58.455841
0.440179,0.990406,-0.534509,0.110167,0.110175,-1.254526,-3.062407,-5.368612,-6.340072,-6.256881,-6.934741,0.000000,58.520245
-1.425913,0.325490,-1.487905,1.430586,1.430577,-1.875379,-3.469641,-6.035642,-7.244088,-7.251612,-7.775163,1.000000,59.357422
1.571988,1.649802,-2.365759,-0.418470,-0.418465,-0.946305,-2.375098,-4.850151,-6.347777,-6.559751,-6.967600,0.000000,59.109032
-2.663844,0.454068,-2.921146,2.832685,2.832679,-2.530646,-4.371117,-6.509695,-8.225955,-8.807785,-9.099101,1.000000,60.783401
1.537988,2.522312,-0.246072,-1.589228,-1.589217,-0.501387,-2.239313,-4.191583,-6.140699,-7.020354,-7.246811,-1.000000,59.817421
-2.842533,0.000000,-3.444129,2.260844,2.260838,-1.834862,-3.683259,-5.452441,-7.559372,-8.684511,-8.903590,1.000000,61.169796
0.106659,0.838036,-0.182836,-1.293429,-1.293428,-0.210269,-1.872618,-3.471599,-5.771217,-7.092353,-7.385270,-1.000000,60.378609
1.128975,1.948645,-0.525834,-1.477972,-1.477967,1.413535,-0.080433,-1.524912,-3.736737,-5.270592,-5.724622,-1.000000,59.486233
1.197133,1.834577,-0.684078,-0.525834,-0.525839,1.405474,0.763370,-0.711029,-2.623164,-4.302105,-5.037970,-1.000000,59.173431
-0.556586,1.175019,-1.035866,0.559701,0.559697,0.735935,0.378791,-0.904965,-2.581976,-4.370660,-5.320334,1.000000,59.504623
0.532408,1.628564,-0.125277,-1.267778,-1.267772,1.205761,1.706854,0.590871,-0.867522,-2.760703,-3.902203,-1.000000,58.750240
0.265877,0.922740,-0.844537,0.125271,0.125271,0.550518,1.488895,0.664163,-0.552564,-2.514422,-3.772174,0.000000,58.823837
-1.715606,0.170017,-1.715606,1.188611,1.188608,-0.618234,0.366311,-0.300871,-1.343890,-3.160634,-4.543989,1.000000,59.523022
-0.214592,0.858377,-0.521147,0.834623,0.834622,-1.158795,-0.591657,-0.824644,-1.873080,-3.428835,-4.902808,1.000000,60.019814
-0.015330,0.920255,-0.184041,-0.061314,-0.061308,-0.938651,-0.503067,-0.594069,-1.506135,-2.874876,-4.434234,0.000000,59.983017
-0.092575,0.709765,-0.339457,-0.598158,-0.598168,-0.049370,-0.163547,0.127560,-0.675043,-1.866367,-3.496600,-1.000000,59.624218
-0.490046,0.030623,-1.026043,0.756064,0.756079,-0.382863,-0.963259,-0.544169,-1.169998,-2.175583,-3.851112,1.000000,60.075024
-0.166742,0.454746,-1.561314,1.026031,1.026027,-1.009555,-1.770508,-1.380432,-1.917545,-2.796429,-4.355690,1.000000,60.691410
-0.090920,0.803151,-0.121221,0.030312,0.030309,-0.812241,-1.547203,-1.418395,-1.666918,-2.553113,-3.907378,0.000000,60.709805
0.274348,0.457252,-0.716357,-0.575840,-0.575851,-0.112780,-0.835232,-0.787475,-0.939637,-1.719853,-2.920305,-1.000000,60.360207
-0.030434,0.593336,-0.502055,0.182902,0.182915,-0.015219,-0.731790,-1.045700,-0.959236,-1.655266,-2.702475,0.000000,60.470615
0.045529,0.470478,-0.758841,0.243414,0.243403,-0.078911,-0.676878,-1.259666,-1.095758,-1.659728,-2.556080,0.000000,60.617802
-0.304653,0.243711,-1.188117,-0.364239,-0.364241,0.188884,-0.169073,-0.798167,-0.627565,-1.113780,-1.904031,0.000000,60.397007
0.000000,0.595602,-0.259629,-0.258947,-0.258932,0.293208,0.126746,-0.422532,-0.414641,-0.662198,-1.446254,0.000000,60.240620
-0.574882,1.361576,-0.665649,0.946846,0.946838,-0.499239,-0.676243,-1.213309,-1.267015,-1.439027,-2.123546,1.000000,60.811001
-0.934991,0.905315,-1.202133,1.936458,1.936456,-1.899668,-2.181647,-2.741656,-3.076572,-3.087555,-3.702871,1.000000,61.988579
-0.074111,0.088925,-1.245004,0.133577,0.133576,-1.562175,-1.990512,-2.522600,-3.069509,-3.041942,-3.562568,0.000000,62.071381
0.946096,1.396608,-0.300341,-1.304291,-1.304289,0.021030,-0.602186,-1.045195,-1.643633,-1.620055,-2.087893,-1.000000,61.261791
-0.194228,0.493055,-1.001043,0.510593,0.510604,-0.053799,-0.966691,-1.379559,-1.948312,-2.068438,-2.354209,0.000000,61.574596
0.120075,0.915641,-0.435306,-0.463166,-0.463175,0.567392,-0.354252,-0.778549,-1.346446,-1.516665,-1.745726,0.000000,61.289398
-0.164155,0.432773,-0.582001,0.585408,0.585411,-0.128343,-0.743179,-1.137148,-1.685574,-2.058802,-2.148441,1.000000,61.648193
-1.290411,0.667465,-1.334917,0.611843,0.611843,-0.750517,-1.119845,-1.528724,-2.025363,-2.548204,-2.600117,1.000000,62.025383
-0.623144,0.534125,-1.157269,-0.029659,-0.029662,-0.480710,-0.830862,-1.358063,-1.795996,-2.356678,-2.415432,0.000000,62.006985
0.103260,0.604803,-0.383540,0.578634,0.578612,-0.799509,-1.060610,-1.748518,-2.172867,-2.713655,-2.892245,1.000000,62.365765
-0.221665,0.605887,-0.236436,-0.177022,-0.177004,-0.313282,-0.653165,-1.371355,-1.816899,-2.364409,-2.589521,0.000000,62.255375
-0.849933,0.293089,-1.025787,0.842323,0.842316,-0.785457,-1.356965,-1.949969,-2.385684,-2.923200,-3.317689,1.000000,62.779762
0.925922,0.925922,-0.573191,-0.293079,-0.293072,-0.311587,-0.983245,-1.451107,-1.897412,-2.396824,-2.915439,0.000000,62.595772
1.252790,1.312449,-0.686066,-1.455023,-1.455015,1.055913,0.547343,0.143167,-0.368392,-0.815520,-1.363171,-1.000000,61.684994
-0.373636,0.209235,-1.210590,-0.208798,-0.208796,1.004322,0.754732,0.495179,-0.091180,-0.508157,-1.027760,0.000000,61.556198
-0.074878,0.943545,-0.224643,-0.209247,-0.209258,0.946541,0.988475,0.772810,0.205191,-0.205472,-0.715881,0.000000,61.427387
-1.180457,0.324629,-1.313266,1.497679,1.497689,-0.681716,-0.389556,-0.675817,-1.122918,-1.503320,-1.988590,1.000000,62.347378
-1.725141,0.130468,-1.725141,1.785460,1.785451,-2.151347,-1.910702,-2.272158,-2.633374,-3.017688,-3.464290,1.000000,63.460560
-1.410482,0.388597,-1.410482,0.724848,0.724871,-2.156034,-2.317237,-2.698160,-3.058457,-3.513552,-3.929690,1.000000,63.920567
-0.385061,0.684534,-0.556189,0.921128,0.921110,-2.133487,-2.876501,-3.282948,-3.612384,-4.158590,-4.574544,1.000000,64.509346
-0.014274,0.671238,-0.642669,-0.142621,-0.142630,-1.065394,-2.402158,-2.821087,-3.194790,-3.769768,-4.208786,0.000000,64.417336
1.878064,2.210342,-0.274490,-1.142525,-1.142515,0.496967,-1.132621,-1.485124,-1.943083,-2.455941,-2.889341,-1.000000,63.681358
-0.214841,0.802058,-0.759093,0.866800,0.866783,-0.126022,-1.727282,-2.102536,-2.617430,-3.069020,-3.508054,1.000000,64.233337
-0.723818,0.198693,-1.107010,0.916641,0.916669,-0.755050,-2.135972,-2.702254,-3.227373,-3.676422,-4.172117,1.000000,64.822144
3.111040,4.227444,-0.148851,-4.655122,-4.655125,3.215233,2.682339,1.987687,1.516068,1.127708,0.565636,-1.000000,61.804592
1.205534,1.532965,-0.788805,0.014888,0.014881,2.357492,2.729572,1.924887,1.543381,1.177552,0.629058,0.000000,61.813789
-0.890381,0.131362,-1.211505,1.964578,1.964583,0.178071,0.858264,-0.012656,-0.303613,-0.705890,-1.174533,1.000000,63.028172
0.689050,1.011586,-0.615743,-0.437897,-0.437896,0.146609,1.188975,0.443727,0.192783,-0.225777,-0.626500,0.000000,62.752174
-1.011437,1.143358,-1.070072,0.014664,0.014651,-0.524764,0.989452,0.543348,0.238205,-0.144820,-0.515484,0.000000,62.761368
-0.204201,0.335477,-1.808632,0.498383,0.498391,-0.615516,0.261087,0.205176,-0.202740,-0.544922,-0.859100,0.000000,63.074165
0.192133,1.152820,-0.118241,-1.312710,-1.312709,0.845398,1.245929,1.625770,1.123995,0.839483,0.536498,-1.000000,62.246185
0.750334,1.397671,-0.250107,0.458169,0.458166,0.226570,0.600265,1.181895,0.642931,0.436073,0.106909,0.000000,62.531376
-0.418895,0.390000,-1.011128,1.853762,1.853769,-1.302911,-1.315910,-0.635570,-1.102853,-1.287313,-1.630324,1.000000,63.690563
-0.215613,0.186858,-0.574963,0.491112,1.236882,-1.976190,-2.574923,-1.791905,-2.094538,-2.340041,-2.665890,1.000000,64.478340
-0.128946,1.031510,-0.573067,0.330607,0.330624,-1.799191,-2.449712,-2.096761,-2.174842,-2.518059,-2.826035,0.000000,64.691521
0.086019,0.415772,-0.630827,-0.071638,-0.071646,-0.986582,-1.941782,-2.003070,-1.855823,-2.300295,-2.583328,0.000000,64.645172
0.214318,0.442928,-0.228598,0.344083,0.344098,-0.605807,-1.994473,-2.217204,-1.998117,-2.506580,-2.751952,0.000000,64.867615
0.000000,0.200027,-0.414346,0.000000,0.000000,-0.242898,-1.668356,-2.152017,-1.889661,-2.366489,-2.605899,0.000000,64.867615
-1.129948,0.437850,-1.327686,1.157315,1.157306,-1.036724,-2.357944,-3.190572,-2.882742,-3.243710,-3.536700,1.000000,65.618332
0.382757,1.502689,-0.453643,-0.367234,-0.367225,-0.462156,-1.645763,-2.469430,-2.458403,-2.653296,-3.027607,0.000000,65.377365
-0.425164,0.127557,-0.751132,0.028348,0.028334,-0.260759,-1.191987,-2.131886,-2.411215,-2.438133,-2.894998,0.000000,65.395889
-0.382866,0.581400,-0.538851,-0.056691,-0.056687,-0.053878,-0.703340,-1.838647,-2.227536,-2.198495,-2.708388,0.000000,65.358818
-0.807877,1.380721,-1.072274,-3.460004,-3.459998,2.967091,2.761450,1.715936,1.186619,1.283694,0.805048,-1.000000,63.097404
-1.269104,2.336318,-1.269104,1.850755,1.850743,0.674946,0.860988,0.023643,-0.695390,-0.535296,-0.892864,1.000000,64.265175
-2.428756,0.294818,-3.018392,2.725710,2.725728,-1.802627,-1.614502,-2.333221,-3.011312,-3.083154,-3.297347,1.000000,66.016869
0.734780,1.045648,-0.042389,-0.645804,-0.645803,-1.104993,-0.830865,-1.358465,-2.092981,-2.381648,-2.457207,-1.000000,65.590530
0.997715,1.026216,-1.268539,-0.861937,-0.861955,-0.347772,0.055590,-0.245152,-1.088174,-1.450241,-1.471852,-1.000000,65.025169
0.528489,0.528489,-0.399941,-0.213800,-0.213786,0.417077,0.272811,0.091407,-0.711820,-1.198860,-1.187525,0.000000,64.886154
0.659686,1.520146,-0.645352,-0.399941,-0.399964,0.932182,0.522026,0.508641,-0.168798,-0.814205,-0.754306,0.000000,64.626633
0.128669,0.629024,-0.400285,0.315494,0.315497,0.248764,0.121531,0.206831,-0.347314,-0.939451,-1.049925,0.000000,64.830528
-0.284502,0.483636,-0.355619,0.500366,0.500372,-0.384070,-0.413939,-0.239922,-0.620249,-1.227536,-1.504843,0.000000,65.154922
1.632012,2.224149,-0.635464,-1.507831,-1.507812,0.875205,0.925757,1.215088,1.029020,0.355896,0.028526,-1.000000,64.172508
0.670357,0.990965,-1.238715,-0.895429,-0.895429,1.381503,1.916335,1.996487,1.934551,1.315822,0.898998,-1.000000,63.597889
-0.419016,0.317875,-1.025862,0.859802,0.859780,0.367009,1.028765,0.973859,1.039601,0.538417,0.003679,1.000000,64.144691
0.366300,1.523811,-0.454210,-1.387081,-1.387083,1.280597,2.013197,2.170461,2.347264,1.964016,1.486753,-1.000000,63.254951
-1.338179,0.247270,-2.196367,0.732601,0.732613,0.093091,0.977451,1.251877,1.530181,1.314865,0.848291,1.000000,63.718365
0.204259,0.802444,-0.481474,-0.305453,-0.305454,0.195504,1.050478,1.369514,1.735481,1.687771,1.183283,0.000000,63.523735
-0.131106,1.150765,-0.349596,0.160492,0.160482,0.043701,0.690462,1.262448,1.474878,1.520763,1.066925,0.000000,63.625679
-0.951426,0.648691,-1.542453,1.048800,1.048822,-0.948553,-0.406533,0.214294,0.318564,0.455512,0.097325,1.000000,64.292999
0.813240,1.277951,-0.275927,-0.735191,-0.735189,-0.037768,0.172801,0.727064,0.939572,1.144916,0.877651,-1.000000,63.820324
0.233276,0.714399,-0.554012,-0.392107,-0.392120,0.309092,0.317837,0.911701,1.193327,1.475438,1.344188,0.000000,63.570072
0.770594,1.407820,0.000000,-1.618302,-1.618301,1.644931,1.707168,2.306850,2.632626,2.995844,3.011749,-1.000000,62.541317
1.274652,1.911991,-0.106222,-2.341436,-2.341439,3.247350,3.732928,4.343953,4.927920,5.216994,5.338895,-1.000000,61.076950
-3.593385,2.206457,-15.098506,-3.717756,-3.717761,5.368015,6.830582,7.713166,8.515373,8.816397,9.084850,-1.000000,58.806255
7.247574,7.264049,-0.098826,-4.318364,-4.318355,7.438642,10.410149,11.559876,12.546532,13.079887,13.509031,-1.000000,56.266792
-1.061131,0.126706,-3.579344,4.002636,4.002631,1.577451,5.272417,6.510406,7.610868,8.257844,8.791579,1.000000,58.518944
-0.744075,0.139507,-2.340725,2.169786,2.169781,-1.500541,2.412035,3.759629,4.887618,5.586115,6.198010,1.000000,59.788677
-0.109409,1.250389,-0.844015,-0.821581,-0.821572,-1.284781,2.530479,4.135665,5.285242,6.204437,6.764612,-1.000000,59.297470
2.771990,3.044381,-0.256369,-2.453892,-2.453901,0.865251,3.994560,6.028956,7.347387,8.431990,9.002304,-1.000000,57.842369
0.826446,1.867770,-0.561983,-3.060407,-3.060404,3.980166,5.895870,8.522319,9.955376,11.145789,11.890361,-1.000000,56.072159
0.951133,1.016724,-1.147919,0.793388,0.793388,2.453264,3.814368,6.818633,8.325685,9.628734,10.485955,1.000000,56.517029
-0.211109,1.136728,-0.373504,0.983932,0.983928,0.503411,1.844757,5.024363,6.648267,8.003252,8.925521,1.000000,57.073116
1.472314,1.723271,-1.355197,-2.939269,-2.939261,2.138192,3.903293,7.214322,9.137526,10.588588,11.760637,-1.000000,55.395588
-0.577842,0.610862,-1.089648,1.338464,1.338459,0.181610,2.055475,4.829678,6.982835,8.523036,9.801887,1.000000,56.137035
3.813706,3.813706,-0.253117,-2.162790,-2.162783,1.977723,4.066822,6.067048,8.589268,10.200473,11.555855,-1.000000,54.922913
-0.369253,0.923127,-1.158112,0.540000,0.539995,0.960051,2.910369,4.489199,7.236488,8.888888,10.330646,0.000000,55.219494
0.454930,0.690817,-0.640265,-0.386042,-0.386032,0.599827,2.439758,3.980898,6.877839,8.644308,10.151075,0.000000,55.006329
0.831356,1.153716,-2.375294,-0.690816,-0.690819,1.017982,2.297247,3.916973,6.797588,8.743125,10.291252,-1.000000,54.626335
-0.371623,0.405402,-1.402030,0.441130,0.441133,0.111480,1.305733,2.981971,5.469585,7.589179,9.213953,0.000000,54.867310
-0.016801,0.218452,-1.478738,0.523644,0.523632,-0.325987,0.611668,2.311101,4.134605,6.441278,8.060277,0.000000,55.154613
-0.501169,1.770793,-0.785169,0.588142,0.588148,-0.815238,-0.163720,1.347583,2.796519,5.224853,6.847082,1.000000,55.479004
-2.940220,0.996408,-3.675269,2.271968,2.271966,-2.407710,-2.440381,-1.262118,0.001629,2.409014,4.036804,1.000000,56.739468
3.115008,3.956900,-0.168375,-2.989222,-2.989228,0.750975,0.501774,1.265089,2.534943,4.940906,6.724482,-1.000000,55.043396
0.744711,0.900582,-1.437482,-2.778240,-2.778237,3.124347,2.883615,3.619671,4.970554,7.134046,9.112108,-1.000000,53.514160
0.818391,1.689016,-0.487547,-0.536893,-0.536895,2.956646,3.120325,3.822627,5.251613,6.916248,9.073078,-1.000000,53.226845
0.636380,1.608626,-1.149022,-1.497475,-1.497474,3.358671,4.155916,4.881269,6.270992,7.691710,10.013554,-1.000000,52.429787
3.767488,3.839252,-1.184069,-1.467205,-1.467206,2.931465,5.059203,5.744527,7.066736,8.452814,10.886256,-1.000000,51.660534
5.504760,5.580952,-0.304762,-5.812705,-5.812702,6.659047,10.316190,11.347301,12.580951,14.124950,16.704126,-1.000000,48.657661
0.587227,2.652014,-1.723811,0.552383,0.552376,4.197768,8.495931,9.753115,11.051340,12.690286,15.016106,1.000000,48.926434
-1.598969,0.165411,-1.929790,3.068761,3.068758,-0.014697,4.328257,5.891084,7.185269,8.871907,10.706374,1.000000,50.427868
-0.816254,0.181388,-2.176675,1.323288,1.323302,-1.842924,2.107738,3.970004,5.254845,6.868847,8.446694,1.000000,51.095181
-3.493373,0.053741,-3.762091,1.251585,1.251576,-3.027586,-0.121817,2.263231,3.437840,4.925120,6.409892,1.000000,51.734676
-0.511646,0.476360,-2.187722,1.540666,1.540680,-3.024004,-2.115394,0.445768,1.595792,2.817915,4.253106,1.000000,52.531742
2.142331,2.886703,-2.033411,-2.822862,-2.822869,0.624542,0.245092,2.864918,4.048651,5.272325,6.774987,-1.000000,51.048840
-1.402127,1.653780,-3.091859,0.998546,0.998546,0.068309,-1.069570,1.382944,2.693687,3.881355,5.414939,1.000000,51.558586
-1.623840,0.214131,-2.212709,0.737012,0.736998,-0.339033,-1.887928,0.186781,1.626527,2.768747,4.221399,1.000000,51.938572
0.970527,1.545652,-0.305532,-0.713779,-0.713759,0.312720,-1.200582,0.238430,2.023717,3.080510,4.439244,-1.000000,51.567856
0.053791,0.896539,-0.448270,0.233647,0.233640,-0.247445,-0.844542,-0.427950,1.501702,2.553342,3.705095,0.000000,51.688339
2.546467,2.899632,-0.167286,-3.532367,-2.642056,2.171003,2.123758,1.851393,3.804663,4.874225,6.021302,-1.000000,50.322704
0.278089,1.260660,-0.685946,0.260223,0.260215,1.467829,1.863817,1.220614,3.069380,4.247709,5.374936,0.000000,50.453651
-3.241894,0.106879,-4.079090,4.078606,4.078619,-2.290282,-1.858299,-2.735636,-1.252250,-0.043817,0.991251,1.000000,52.511463
-0.424550,0.778351,-1.309036,0.694692,0.694683,-2.469482,-2.319473,-3.253375,-2.298808,-0.894541,0.029951,1.000000,52.876251
0.231483,0.961540,-0.836896,-0.654518,-0.654511,-1.506415,-1.676231,-2.124521,-1.894348,-0.401228,0.507145,-1.000000,52.530170
2.407441,2.826918,-0.364766,-2.368230,-2.368241,1.258437,0.755064,0.556368,0.268173,1.735417,2.629850,-1.000000,51.286129
2.693660,3.306704,-1.411856,-1.823819,-1.823823,3.098650,2.386912,2.414198,1.845254,3.243729,4.233721,-1.000000,50.350761
11.622128,12.782264,-5.842136,-10.328816,-10.328809,11.713280,12.676859,13.332995,12.770175,14.220826,15.496522,-1.000000,45.150127
-1.847437,2.761224,-3.377038,4.288378,4.288376,4.660312,7.091779,8.014571,7.647300,8.703988,10.186592,1.000000,47.086334
-3.277426,1.176019,-4.858302,3.039331,3.039340,-0.080977,3.279348,4.276882,4.457589,4.959529,6.516726,1.000000,48.517448
-1.084070,1.730696,-1.084070,1.368812,1.368813,-2.286049,1.652710,2.615687,3.073005,3.189854,4.693041,1.000000,49.181561
-0.826132,1.089001,-2.215539,1.293260,1.293247,-3.747643,0.227198,1.072575,1.695785,1.598654,2.999285,1.000000,49.817600
-1.663580,1.996307,-1.996300,1.577169,1.577180,-3.086877,-1.706101,-0.672682,0.068164,-0.123235,1.078853,1.000000,50.603313
-2.821159,1.981530,-3.173802,10.073939,10.073949,-8.863148,-10.194804,-9.268412,-8.734015,-8.973781,-8.234007,1.000000,55.701065
-2.808462,1.293777,-3.060906,6.431574,6.431559,-10.738402,-14.482487,-13.897129,-13.679685,-13.757459,-13.540931,1.000000,59.283512
1.105236,2.066316,-0.816918,-1.498897,-1.498891,-6.224575,-11.963804,-11.665336,-11.737150,-11.796524,-11.946678,-1.000000,58.394917
-2.147334,0.548594,-2.351097,2.194456,2.194458,-4.934171,-12.291539,-12.531874,-12.952299,-13.070638,-13.477229,1.000000,59.676369
1.481601,2.246296,-1.720569,-1.614419,-1.614416,-0.611761,-8.542303,-10.392445,-10.947021,-11.125224,-11.700754,-1.000000,58.712944
-2.931541,0.265096,-3.118659,2.166635,2.166635,-1.291127,-8.331514,-11.502679,-12.133949,-12.459819,-13.110717,1.000000,59.985039
0.616794,1.423370,-0.189782,-1.403395,-1.403402,0.066428,-5.230111,-9.497601,-10.253045,-10.766642,-11.282985,-1.000000,59.143208
1.653295,2.118780,-0.032103,-1.470822,-1.470825,1.518465,-2.255212,-7.347241,-8.231137,-8.938681,-9.423977,-1.000000,58.273315
2.201775,2.316791,-0.476505,-2.311393,-2.311396,2.954326,1.306282,-4.384924,-5.491289,-6.406917,-6.900349,-1.000000,56.926388
0.929771,2.490453,-0.132821,-1.035164,-1.035160,3.187779,3.383698,-2.060988,-4.163208,-5.115644,-5.616386,-1.000000,56.337109
0.250580,1.854327,-1.620451,-0.614310,-0.614318,2.398935,4.074514,-0.395360,-3.292677,-4.213159,-4.779592,-1.000000,55.991020
-0.449918,1.333116,-0.749870,0.250580,0.250585,1.069824,3.252798,0.259963,-3.213626,-4.135972,-4.803844,0.000000,56.131325
-0.463735,2.235838,-1.076517,0.616569,0.616561,-0.185488,2.280564,0.506798,-3.347127,-4.287505,-5.066792,1.000000,56.477409
-1.196924,0.114771,-1.869165,1.010270,1.010273,-1.141172,0.796854,0.346509,-3.726837,-4.782420,-5.695537,1.000000,57.047985
1.106527,1.948804,-0.677126,-0.721435,-0.721428,-0.317097,1.162675,1.785854,-2.013211,-3.799173,-4.733762,-1.000000,56.636425
-0.278190,0.409098,-0.883654,0.924859,0.924861,-0.821476,-0.258556,1.023288,-2.029949,-4.380956,-5.280645,1.000000,57.160233
0.261650,0.621418,-0.506953,0.065457,0.065441,-0.513484,-0.663933,0.714102,-1.335230,-4.117079,-5.021522,0.000000,57.197639
-0.932439,0.850648,-0.981518,-0.032708,-0.032692,-0.235569,-0.822843,0.605263,-0.603635,-3.673486,-4.590767,0.000000,57.178940
1.343501,1.393266,-0.132695,-1.374121,-1.374118,0.922203,0.464414,1.618835,1.364234,-1.902809,-2.910384,-1.000000,56.393234
0.283330,0.750002,-0.649998,-0.481010,-0.481006,1.226660,0.911657,1.802213,2.345826,-0.646675,-2.226675,0.000000,56.121979
3.112634,3.542557,-0.326746,-3.083330,-3.083346,3.429068,3.828035,4.355407,5.481519,3.051424,0.976789,-1.000000,54.391544
-1.338529,0.135544,-3.151474,1.496127,1.496135,1.182653,2.129786,2.341578,3.557270,2.016944,-0.350163,1.000000,55.205315
2.512122,2.893274,-0.606379,-2.202641,-2.202645,2.279976,3.969164,4.117580,5.481638,4.670827,2.061102,-1.000000,53.989338
2.833215,2.904492,-1.051319,-2.772006,-2.771995,3.709903,6.065569,6.522920,7.804698,7.858869,5.106909,-1.000000,52.492756
-1.189227,0.524659,-1.713884,1.888812,1.888798,0.800984,3.509975,4.192613,5.317424,6.074859,3.677866,1.000000,53.484238
2.896751,3.056695,-0.906348,-1.591466,-1.591456,1.762925,4.323792,5.452279,6.322192,7.557132,5.705820,-1.000000,52.633060
-1.958703,0.352922,-2.046938,0.710855,0.710842,0.215292,2.796907,4.315052,4.992953,6.324347,5.242058,1.000000,53.007198
0.446190,2.516509,-0.553271,-1.129344,-1.129328,0.756731,3.060855,4.988988,5.632690,7.081914,6.649408,-1.000000,52.408573
0.394408,1.559704,-0.233053,-0.446190,-0.446196,1.086410,2.714235,4.836860,5.650771,6.986734,7.277999,0.000000,52.174728
3.219833,3.219833,-0.351597,-3.119394,-3.119390,3.179120,4.918571,7.409319,8.479821,9.785336,10.728465,-1.000000,50.547195
-3.120491,0.072152,-3.968249,2.590670,2.590652,0.274181,1.780315,4.015165,5.341824,6.386016,7.685200,1.000000,51.856697
-0.425602,1.081754,-0.851213,1.713564,1.713574,-1.514450,-0.400778,1.700069,3.246146,4.108532,5.457827,1.000000,52.745300
-1.665804,0.104109,-2.481346,2.198975,2.198973,-3.078258,-2.559431,-0.893052,0.786050,1.544335,2.911101,1.000000,53.905155
2.270307,2.749200,-0.053216,-2.169009,-2.169010,-0.716567,-0.352962,0.841907,2.611744,3.477830,4.754052,-1.000000,52.735947
0.287047,0.645849,-0.681738,-1.135153,-1.135152,1.033365,0.532829,1.490250,3.358449,4.343737,5.536418,-1.000000,52.137314
-0.355874,0.106756,-0.889680,0.825258,0.825265,0.476863,-0.302498,0.428226,2.075617,3.229175,4.202248,1.000000,52.567585
-1.823231,0.694569,-2.031606,2.473308,2.473309,-1.531519,-2.549058,-2.161260,-0.697174,0.569538,1.360763,1.000000,53.867744
-1.194949,0.051210,-1.655857,1.719052,1.719051,-2.871291,-3.760676,-3.716862,-2.593042,-1.252995,-0.563909,1.000000,54.793758
-0.136842,0.461856,-0.786861,-0.204853,-0.204861,-1.960307,-3.104682,-3.252362,-2.549601,-1.223395,-0.496631,0.000000,54.681507
-0.817021,0.374470,-1.685110,0.496067,0.496071,-1.419572,-2.781277,-3.551773,-3.137022,-1.833532,-1.071773,0.000000,54.952766
-0.723299,0.420521,-0.723299,1.191491,1.191494,-1.486966,-3.251475,-4.330815,-4.168213,-3.101098,-2.259607,1.000000,55.607525
-0.668891,0.535117,-0.819395,0.588727,0.588721,-1.324410,-3.247486,-4.541801,-4.663875,-3.758523,-2.843362,1.000000,55.934898
0.438889,1.164750,-0.067524,-0.936450,-0.936446,-0.168810,-2.061110,-3.278194,-3.634373,-2.976371,-1.989088,-1.000000,55.411098
