0.779371,0.835574,-1.472569,-0.861815,-0.861815,0.099669,-0.377701,-0.276282,-0.928135,-1.821945,-1.564001,-1.000000,266.880005
0.489269,1.196836,-1.008665,-0.442144,-0.442144,0.424536,-0.007909,0.196457,-0.300344,-1.145658,-1.099867,0.000000,265.700012
-0.509045,1.680574,-0.804740,0.553256,0.553256,-0.005243,-0.621332,-0.383781,-0.672236,-1.489544,-1.665611,1.000000,267.170013
-0.029865,0.996906,-1.351602,0.247024,0.247024,-0.176971,-0.684384,-0.597639,-0.746178,-1.439566,-1.919746,0.000000,267.829987
-2.575218,1.166616,-2.795532,3.375279,3.375279,-2.882216,-3.382813,-3.536195,-3.685122,-4.306280,-5.096012,1.000000,276.869995
-1.561893,0.498094,-2.074222,1.516962,1.516962,-3.323729,-4.138828,-4.712708,-4.814106,-5.408620,-6.202728,1.000000,281.070007
0.443992,1.321059,-0.196524,-2.237879,-2.237879,-0.449814,-1.671882,-2.358008,-2.448323,-2.965864,-3.751850,-1.000000,274.779999
1.814699,1.888311,-0.449075,-1.131809,-1.131809,1.021087,-0.320245,-1.171279,-1.270112,-1.649801,-2.430895,-1.000000,271.670013
-1.555535,0.366213,-1.994271,1.516544,1.516544,0.089197,-1.484464,-2.337530,-2.577689,-2.870883,-3.555365,1.000000,275.790009
0.368630,1.124135,-0.200733,-0.652677,-0.652677,0.536521,-0.662428,-1.399317,-1.757542,-2.030874,-2.660921,-1.000000,273.989990
-0.614972,0.769623,-0.866721,1.485459,1.485459,-1.151549,-1.714377,-2.451268,-3.048802,-3.257282,-3.845812,1.000000,278.059998
-0.951172,0.408147,-1.295438,1.330652,1.330652,-1.954147,-2.435054,-3.389885,-4.071199,-4.282798,-4.800425,1.000000,281.760010
1.114469,1.862235,-0.104260,-1.277685,-1.277685,-0.218580,-0.777251,-1.836833,-2.662497,-2.902647,-3.323508,-1.000000,278.160004
0.621713,1.887070,-0.383992,-1.696866,-1.696866,1.331919,1.140653,0.018774,-0.790667,-1.125952,-1.474791,-1.000000,273.440002
0.442648,0.907233,-1.305961,-0.029263,-0.029263,1.315487,1.041856,0.149504,-0.550184,-0.961803,-1.284991,0.000000,273.359985
0.251293,0.942323,-2.073089,-1.005999,-1.005999,1.794469,1.682131,1.259136,0.624336,0.055140,-0.195849,-1.000000,270.609985
0.077177,0.507187,-1.135652,0.546917,0.546917,0.529971,1.030175,0.864911,0.165204,-0.423535,-0.645864,0.000000,272.089996
-1.293366,0.147712,-1.466299,2.014044,2.014044,-1.497284,-0.751885,-0.876659,-1.595456,-2.263936,-2.496430,1.000000,277.570007
0.587283,0.954792,-1.084482,-0.007212,-0.007212,-1.194018,-0.681316,-0.636038,-1.395240,-2.046618,-2.357409,0.000000,277.549988
-0.540171,0.770638,-0.540171,0.050446,0.050446,-0.931977,-0.598151,-0.666451,-1.292089,-1.867119,-2.243750,0.000000,277.690002
-1.098903,0.421837,-1.751153,1.588103,1.588103,-1.666078,-2.008865,-2.194969,-2.565404,-3.112515,-3.627794,1.000000,282.100006
-0.948085,1.004468,-1.106691,0.577811,0.577811,-1.410499,-2.502383,-2.546556,-2.807426,-3.437356,-3.992297,1.000000,283.730011
-0.714713,0.482342,-0.714713,0.105730,0.105730,-1.059746,-2.398691,-2.359375,-2.613280,-3.278808,-3.915666,0.000000,284.029999
-0.307823,0.174899,-1.332726,0.651342,0.651342,-1.117252,-2.595147,-2.755937,-2.927803,-3.638171,-4.270208,1.000000,285.880005
-1.435006,0.371664,-1.531361,1.647541,1.647541,-1.832132,-3.580989,-3.951270,-4.265114,-4.905604,-5.491585,1.000000,290.589996
-0.181799,0.356741,-1.207419,0.323481,0.323481,-1.501731,-3.174287,-3.952938,-4.394402,-4.874009,-5.455699,0.000000,291.529999
-0.314707,0.345503,-1.002290,0.274410,0.274410,-1.182906,-2.746891,-3.974728,-4.355861,-4.769948,-5.428906,0.000000,292.329987
-1.558438,0.343722,-2.522859,2.507446,2.507446,-2.556900,-4.388642,-5.845293,-6.228394,-6.665689,-7.362568,1.000000,299.660004
-2.880828,0.000000,-2.942607,2.632979,2.632979,-3.647535,-5.866034,-7.521376,-8.117701,-8.543518,-9.297780,1.000000,307.549988
0.228327,0.463184,-0.724142,-0.318641,-0.318641,-2.297032,-4.623090,-6.503574,-7.292627,-7.863655,-8.601518,0.000000,306.570007
0.140122,0.821201,-0.443180,0.097853,0.097853,-1.392772,-3.909146,-5.807235,-6.913839,-7.617426,-8.256481,0.000000,306.869995
-0.557194,0.035630,-0.971849,0.593087,0.593087,-0.914187,-3.667111,-5.572150,-7.026468,-7.722700,-8.333172,1.000000,308.690002
0.710271,0.733291,-0.736572,-1.483695,-1.483695,0.870741,-1.556012,-3.568222,-5.199595,-5.906280,-6.547736,-1.000000,304.109985
-0.275201,0.183468,-1.087707,0.368296,0.368296,0.348586,-1.283299,-3.317502,-5.026705,-5.865744,-6.482219,0.000000,305.230011
1.901275,1.901275,-0.487680,-0.573338,-0.573338,0.723603,-0.289315,-2.193448,-3.982803,-4.934233,-5.650678,-1.000000,303.480011
0.697537,1.328639,-0.166080,-0.797421,-0.797421,1.147281,0.828739,-0.987399,-2.705274,-3.864478,-4.670940,-1.000000,301.059998
1.364818,1.639123,-0.301061,-0.704177,-0.704177,1.212283,1.764902,0.053968,-1.566201,-2.952834,-3.725497,-1.000000,298.940002
-1.450229,0.362560,-2.191824,1.491935,1.491935,-0.322344,0.392223,-0.991209,-2.587506,-4.046670,-4.792132,1.000000,303.399994
-3.993469,0.516004,-5.275479,2.837843,2.837843,-2.638379,-2.235187,-3.165073,-4.723409,-6.200061,-7.032470,1.000000,312.010010
1.623653,2.254163,-0.065342,-1.894171,-1.894171,-0.587391,-0.362955,-0.957641,-2.419799,-3.961191,-4.887838,-1.000000,306.100006
1.755893,2.437087,-0.277768,-1.205489,-1.205489,0.714923,0.705333,0.490723,-0.893325,-2.368706,-3.458882,-1.000000,302.410004
0.893036,1.304692,-0.073037,-0.393506,-0.393506,1.264193,0.855189,1.084479,-0.211474,-1.596176,-2.862139,0.000000,301.220001
-0.814877,0.209439,-2.182810,1.444129,1.444129,-0.035344,-0.532776,-0.225591,-1.279578,-2.630496,-3.945961,1.000000,305.570007
0.138067,0.368165,-0.890829,-0.445075,-0.445075,-0.101242,-0.121623,0.147270,-0.536962,-1.844644,-3.179380,0.000000,304.209991
0.800692,0.873785,-0.893718,-1.058480,-1.058480,0.627931,0.864152,1.095057,0.699860,-0.484930,-1.837599,-1.000000,300.989990
-0.079797,0.202821,-1.073985,-0.079734,-0.079734,0.597838,0.934331,1.040067,0.933499,-0.157473,-1.425215,0.000000,300.750000
1.091236,1.374149,-0.255973,-1.276807,-1.276807,1.608566,2.171364,2.082336,2.316020,1.311372,0.128320,-1.000000,296.910004
0.940015,0.940015,-1.078651,-0.394064,-0.394064,1.345778,2.316565,2.297517,2.654531,1.870565,0.729247,0.000000,295.739990
-0.531527,0.676169,-0.995769,0.513972,0.513972,0.359950,1.297178,1.595682,1.956533,1.502789,0.435194,0.000000,297.260010
-0.303345,0.805550,-0.481982,-0.191754,-0.191754,0.262900,1.174626,1.638298,1.985911,1.780039,0.841619,0.000000,296.690002
0.649728,0.816408,-1.122559,-0.916782,-0.916782,0.729326,1.823655,2.417934,2.710140,2.754975,1.909265,-1.000000,293.970001
1.012567,1.012567,-0.274589,-0.894651,-0.894651,1.256265,2.403722,3.168579,3.339571,3.668979,2.916296,-1.000000,291.339996
0.809861,0.987882,-0.460784,-1.671585,-1.671585,2.330436,3.477850,4.528456,4.788460,5.247181,4.694267,-1.000000,286.470001
0.607394,1.232350,-0.112354,-0.575974,-0.575974,2.049714,3.396529,4.497575,5.037214,5.537671,5.288367,-1.000000,284.820007
-0.133069,1.397202,-0.731868,0.263324,0.263324,1.002905,2.585004,3.743855,4.447769,4.966346,4.953249,0.000000,285.570007
-0.421467,0.842946,-0.470238,0.532265,0.532265,-0.011144,1.566061,2.838833,3.651470,4.135012,4.346025,0.000000,287.089996
0.182728,1.381029,-0.260048,-0.877770,-0.877770,0.398495,2.031836,3.359452,4.316862,4.718134,5.179157,-1.000000,284.570007
-1.701592,0.048315,-1.701592,1.813263,1.813263,-1.164534,0.007246,1.154174,2.223101,2.654606,3.191704,1.000000,289.730011
0.413772,0.513772,-0.727567,0.096641,0.096641,-0.902039,-0.339301,0.730087,1.745109,2.345572,2.890472,0.000000,290.010010
1.474443,1.691065,-0.206141,-1.310306,-1.310306,0.458409,0.617732,1.723214,2.748510,3.463055,4.019430,-1.000000,286.209991
1.046525,1.548431,-0.423594,-1.844799,-1.844799,1.907952,2.044641,3.164730,4.297337,5.120994,5.666658,-1.000000,280.929993
-0.433270,0.504302,-0.799062,0.231372,0.231372,1.460335,1.462467,2.563634,3.707832,4.631726,5.101812,0.000000,281.579987
-0.890907,0.704275,-1.401511,0.852342,0.852342,0.197897,0.517287,1.420754,2.451225,3.473903,3.977272,1.000000,283.980011
1.284784,1.384434,-0.348783,-1.056412,-1.056412,0.624951,1.453837,2.117348,3.131714,4.136946,4.799745,-1.000000,280.980011
-1.409272,0.896824,-1.603177,2.783108,2.783108,-1.920357,-1.181436,-0.829866,0.128121,1.077567,1.792595,1.000000,288.799988
-1.808346,0.541478,-2.063761,1.675910,1.675910,-2.671302,-2.587186,-2.471965,-1.643343,-0.707946,0.030532,1.000000,293.640015
-0.159810,0.986057,-0.472633,0.156651,0.156651,-1.972118,-2.415506,-2.561941,-1.844952,-0.960083,-0.180779,0.000000,294.100006
-0.179138,1.020760,-1.710267,0.598429,0.598429,-1.752175,-2.788814,-2.929984,-2.426818,-1.680519,-0.859523,1.000000,295.859985
-0.830800,0.083414,-1.037665,1.301293,1.301293,-1.764370,-3.713921,-3.845714,-3.639348,-3.003567,-2.269858,1.000000,299.709991
0.063258,0.213083,-1.045407,0.216874,0.216874,-1.207214,-3.451188,-3.725525,-3.786784,-3.221862,-2.545052,0.000000,300.359985
-0.243629,0.740879,-0.600727,-0.239702,-0.239702,-0.569356,-2.594785,-3.214974,-3.460991,-3.004143,-2.341704,0.000000,299.640015
0.177351,1.050664,-0.401519,-0.260322,-0.260322,0.008702,-1.762359,-2.643597,-3.083211,-2.724883,-2.113136,0.000000,298.859985
0.745167,0.772015,-0.577337,-0.314519,-0.314519,0.462535,-0.984497,-2.153155,-2.585262,-2.388699,-1.889885,0.000000,297.920013
1.270016,1.668581,-0.270211,-0.624334,-0.624334,0.847126,0.146930,-1.402193,-1.783422,-1.791663,-1.365263,-1.000000,296.059998
-2.150116,0.157800,-2.682711,2.739315,2.739315,-1.591218,-2.017954,-3.637444,-4.096397,-4.311803,-3.960289,1.000000,304.170013
-2.554242,0.227539,-2.922794,2.584077,2.584077,-3.275966,-3.896741,-5.400335,-6.112553,-6.490657,-6.259013,1.000000,312.029999
0.547969,0.794722,-0.326857,0.009614,0.009614,-2.439273,-3.330449,-4.758272,-5.681118,-6.234057,-6.106197,0.000000,312.059998
-1.201235,1.337172,-1.242332,1.371530,1.371530,-2.594675,-3.990958,-5.364902,-6.536637,-7.124991,-7.159489,1.000000,316.339996
0.809021,1.415777,-0.873223,-1.533162,-1.533162,-0.087319,-2.117882,-3.238411,-4.736586,-5.336412,-5.561652,-1.000000,311.489990
-0.541181,1.257435,-0.907270,0.847544,0.847544,-0.292875,-2.502150,-3.514046,-5.092798,-5.768314,-6.170271,1.000000,314.130005
0.601313,1.298576,-0.607706,-0.471146,-0.471146,0.218776,-1.624499,-2.651952,-4.136253,-4.995233,-5.526945,0.000000,312.649994
-1.326544,0.392933,-1.527721,1.749561,1.749561,-1.123475,-2.710611,-3.822456,-5.210297,-6.206965,-6.870781,1.000000,318.119995
0.287967,0.379729,-0.841747,-0.663267,-0.663267,-0.484165,-1.488564,-2.755190,-4.070602,-5.248065,-5.937368,-1.000000,316.010010
0.246286,0.854012,-0.505379,-1.066420,-1.066420,0.662100,0.103629,-1.431257,-2.530231,-3.937185,-4.626838,-1.000000,312.640015
-2.096903,0.015575,-2.274503,2.658008,2.658008,-1.519242,-1.965418,-3.555697,-4.553049,-5.991466,-6.728777,1.000000,320.950012
-0.770647,0.380644,-0.932895,-0.137094,-0.137094,-0.893576,-1.566256,-2.989197,-4.002842,-5.368447,-6.253162,0.000000,320.510010
1.788666,2.592452,-0.552809,-1.794016,-1.794016,0.703393,0.317700,-0.880249,-1.920990,-3.218073,-4.220890,-1.000000,314.760010
-1.225553,0.050151,-2.012291,1.359766,1.359766,-0.457622,-0.943457,-1.768641,-2.873466,-4.076858,-5.199559,1.000000,319.040009
1.680480,1.712737,-0.093542,-2.824100,-2.824100,2.266880,1.888207,1.386534,0.115635,-0.914362,-2.229246,-1.000000,310.029999
2.727299,2.743784,-0.976164,-2.193332,-2.193332,3.391484,3.813605,3.639479,2.408071,1.498002,0.150378,-1.000000,303.230011
1.740268,1.767089,-0.580093,-1.648913,-1.648913,3.630754,5.070582,5.068569,4.101362,3.261238,2.022821,-1.000000,298.230011
-0.176953,0.501360,-0.845436,2.327064,2.327064,0.645540,2.256774,2.528643,1.837334,1.058030,-0.039653,1.000000,305.170013
-1.968550,0.012859,-2.267689,1.874366,1.874366,-1.730517,0.210684,0.525371,0.172244,-0.607936,-1.590277,1.000000,310.890015
-0.476347,0.305755,-1.190863,-0.061116,-0.061116,-1.627293,0.209526,0.569895,0.469100,-0.405667,-1.211246,0.000000,310.700012
1.132507,1.432773,-0.372057,-1.383977,-1.383977,-0.039812,1.140997,1.813103,1.915474,1.070891,0.366626,-1.000000,306.399994
-0.679566,0.099842,-1.591034,1.334855,1.334855,-0.566841,-0.514021,0.425569,0.548170,-0.120708,-0.774578,1.000000,310.489990
-1.190585,0.074013,-1.779451,0.090180,0.090180,-0.296035,-0.732048,0.177414,0.436823,-0.057401,-0.685176,0.000000,310.769989
-2.909436,0.899894,-3.702913,5.843551,5.843551,-4.703736,-5.911893,-5.091454,-4.916848,-5.198063,-5.833153,1.000000,328.929993
1.056860,1.090552,-0.808729,-0.756997,-0.756997,-3.012501,-4.691520,-4.085691,-3.962596,-4.102683,-4.841931,-1.000000,326.440002
-1.449452,1.374264,-2.062914,1.868646,1.868646,-3.219466,-5.558431,-5.612760,-5.447466,-5.520540,-6.264912,1.000000,332.540009
1.248619,1.517931,-0.826298,-1.738136,-1.738136,-0.511693,-3.014753,-3.815646,-3.559035,-3.668994,-4.330193,-1.000000,326.760010
-0.776613,0.132447,-1.643536,1.667885,1.667885,-0.853072,-3.791876,-5.043393,-4.929107,-5.006709,-5.565051,1.000000,332.209991
-1.318145,1.378678,-2.963763,9.385637,9.385637,-7.463609,-10.602111,-12.377338,-12.434577,-12.639536,-13.067322,1.000000,363.390015
0.491403,1.281549,-0.268034,-1.439228,-1.439228,-4.341076,-7.971578,-10.201958,-10.520437,-10.842640,-11.219939,-1.000000,358.160004
-1.031161,0.052386,-1.767302,1.267592,1.267592,-3.875381,-7.571274,-10.232885,-11.064931,-11.422996,-11.793311,1.000000,362.700012
0.426501,1.085636,-0.672979,-0.446657,-0.446657,-1.543144,-5.755508,-8.669728,-10.104128,-10.489084,-10.944754,0.000000,361.079987
-0.631813,0.541164,-1.381754,0.816997,0.816997,-0.592807,-5.056176,-8.331913,-10.155893,-10.709995,-11.190560,1.000000,364.029999
1.846798,1.885791,-0.807798,-1.381754,-1.381754,0.555432,-2.888300,-6.154132,-8.340528,-8.979943,-9.550138,-1.000000,359.000000
0.384681,0.629986,-1.209789,-0.072426,-0.072426,0.660648,-1.917542,-5.193360,-7.595191,-8.399952,-9.045545,0.000000,358.739990
-0.587928,0.356655,-1.128485,0.041820,0.041820,0.406248,-1.224334,-4.257947,-6.858372,-8.015384,-8.667840,0.000000,358.890015
1.198837,1.878264,-0.471670,-0.755112,-0.755112,0.895055,0.353194,-2.674301,-5.336204,-6.914928,-7.565554,-1.000000,356.179993
3.580157,4.173942,-0.488996,-3.543151,-3.543151,3.409594,4.369834,1.537044,-1.300209,-3.160320,-3.923330,-1.000000,343.559998
-1.244608,0.211239,-1.789840,1.964722,1.964722,0.920899,1.985385,-0.012559,-2.639376,-4.669235,-5.448221,1.000000,350.309998
-1.069476,0.279358,-1.783398,1.161830,1.161830,-0.484227,0.707431,-0.635289,-3.141262,-5.263503,-6.141525,1.000000,354.380005
0.989898,1.702289,-0.643722,-1.368589,-1.368589,0.361056,1.728035,1.067529,-1.180299,-3.419105,-4.566607,-1.000000,349.529999
-2.476000,0.000000,-2.958848,1.913999,1.913999,-1.521532,-0.318904,-0.279228,-2.394307,-4.581775,-6.024741,1.000000,356.220001
-2.724545,0.419164,-2.985847,3.138508,3.138508,-3.220467,-3.260478,-2.675193,-4.593765,-6.807837,-8.406821,1.000000,367.399994
-0.417154,1.010369,-0.980585,0.481769,0.481769,-2.662733,-3.448821,-3.037448,-4.506192,-6.623185,-8.393335,0.000000,369.170013
1.119670,1.996285,-0.412360,-0.809930,-0.809930,-1.223440,-2.457259,-2.099694,-3.183814,-5.254682,-7.134194,-1.000000,366.179993
0.241137,1.052227,-0.668604,-0.338629,-0.338629,-0.043295,-1.960049,-1.726129,-2.410945,-4.291117,-6.255001,0.000000,364.940002
1.376283,1.376283,-0.584713,-0.649420,-0.649420,0.960365,-1.142953,-1.056350,-1.279203,-3.090936,-5.050704,-1.000000,362.570007
-1.320076,0.089447,-1.523372,1.751388,1.751388,-0.695004,-2.157110,-2.671043,-2.480893,-4.128486,-6.109006,1.000000,368.920013
-0.620450,0.588220,-1.611560,0.918894,0.918894,-1.430527,-2.457091,-3.318918,-3.249039,-4.535359,-6.414009,1.000000,372.309998
-0.748728,0.305330,-0.918655,1.163014,1.163014,-2.008286,-2.987471,-4.113569,-4.116003,-5.099727,-6.906333,1.000000,376.640015
-0.985922,0.296301,-1.717489,1.255836,1.255836,-2.362008,-3.355794,-4.909841,-5.060439,-5.764584,-7.405668,1.000000,381.369995
-0.830077,0.074994,-1.060228,1.400214,1.400214,-2.461790,-3.901888,-5.696600,-6.040053,-6.445758,-8.027288,1.000000,386.709991
-1.148313,0.121948,-1.270261,1.786870,1.786870,-2.919058,-4.922766,-6.504241,-7.313651,-7.464050,-8.940262,1.000000,393.619995
1.707880,1.707880,-0.815698,-0.335351,-0.335351,-1.573284,-4.013252,-5.476078,-6.577361,-6.857912,-8.095417,0.000000,392.299988
1.416831,1.635212,-0.405552,-1.947485,-1.947485,0.798625,-1.626372,-3.073884,-4.384912,-4.732388,-5.765525,-1.000000,384.660004
-0.637369,0.966424,-1.158151,0.337957,0.337957,0.696964,-1.413098,-2.771097,-4.356278,-4.812206,-5.621565,0.000000,385.959991
0.561784,0.561784,-0.811463,-0.380869,-0.380869,0.966476,-0.466070,-1.909193,-3.622459,-4.204736,-4.760243,0.000000,384.489990
0.361802,0.361802,-0.806312,0.639814,0.639814,-0.020162,-0.632902,-2.195980,-3.674509,-4.576822,-4.894175,1.000000,386.950012
0.836595,0.862578,-0.602772,-0.532368,-0.532368,0.129904,0.225775,-1.400231,-2.709739,-3.797037,-4.198952,-1.000000,384.890015
-1.041830,0.330084,-1.227503,0.750860,0.750860,-0.455412,-0.233896,-1.763714,-3.004151,-4.214451,-4.658311,1.000000,387.779999
1.347496,1.776606,-0.049714,-1.441538,-1.441538,0.803266,1.246761,-0.025991,-1.158194,-2.569612,-3.093837,-1.000000,382.190002
0.002626,0.983607,-0.459016,-0.245951,-0.245951,0.881838,1.353180,0.547148,-0.586229,-2.066360,-2.678557,0.000000,381.250000
0.281079,1.348122,-0.114512,0.784260,0.784260,-0.044240,0.320375,0.030539,-1.140691,-2.404953,-3.260546,1.000000,384.239990
-1.012932,0.701856,-1.020645,1.231004,1.231004,-1.049953,-0.985166,-0.900327,-2.088336,-3.194180,-4.180100,1.000000,388.970001
0.773894,0.957047,-0.296658,-0.339360,-0.339360,-0.719721,-0.570874,-0.373532,-1.478007,-2.521242,-3.605226,0.000000,387.649994
-1.699662,0.085867,-3.247799,2.143686,2.143686,-2.107788,-2.405039,-2.218741,-3.153978,-4.097988,-5.316192,1.000000,395.959991
-0.232803,0.531392,-0.655380,-0.194461,-0.194461,-1.211571,-1.944128,-1.885170,-2.552570,-3.516689,-4.802669,0.000000,395.190002
-1.404780,0.626551,-1.596224,1.773833,1.773833,-2.040281,-3.273996,-3.453011,-3.837273,-4.852216,-5.975885,1.000000,402.200012
0.191102,0.516228,-0.923260,0.179016,0.179016,-1.522886,-2.999358,-3.449819,-3.629260,-4.687187,-5.708663,0.000000,402.920013
0.831658,1.132262,-0.708922,-0.923260,-0.923260,-0.026555,-1.809371,-2.307284,-2.448650,-3.468139,-4.455747,-1.000000,399.200012
-0.642945,0.032141,-1.874432,1.300101,1.300101,-0.892704,-2.520589,-3.257254,-3.416013,-4.316826,-5.229773,1.000000,404.390015
1.650424,1.896608,-0.459703,-1.560382,-1.560382,0.823458,-0.552649,-1.496178,-1.742234,-2.443325,-3.377040,-1.000000,398.079987
1.535452,1.665104,-0.233872,-1.183177,-1.183177,1.581719,0.870175,-0.207945,-0.568929,-1.026615,-2.000066,-1.000000,393.369995
-1.055699,0.010025,-1.251290,1.377841,1.377841,-0.006020,-0.254521,-1.331864,-1.838940,-2.106173,-3.084416,1.000000,398.790009
0.208555,0.349269,-0.992540,-0.205624,-0.205624,0.138201,0.210318,-0.957861,-1.469457,-1.690077,-2.618455,0.000000,397.970001
0.466655,1.581573,-0.055494,-0.384451,-0.384451,0.123599,0.609172,-0.335990,-0.957017,-1.158612,-1.977769,0.000000,396.440002
0.563982,0.856133,-1.323576,-0.708808,-0.708808,0.612249,1.287758,0.585151,-0.133883,-0.382695,-1.014998,-1.000000,393.630005
-0.751197,0.110545,-0.939625,1.117799,1.117799,-0.265808,0.063313,-0.295789,-1.098660,-1.439589,-1.865437,1.000000,398.029999
-0.858383,0.268707,-1.462979,0.977317,0.977317,-1.075341,-0.930038,-1.045982,-1.844026,-2.297773,-2.569668,1.000000,401.920013
0.673295,1.466299,-0.640884,-0.226414,-0.226414,-0.699235,-0.660085,-0.599321,-1.456325,-1.912972,-2.146000,0.000000,401.010010
1.224663,1.533975,-0.970682,-0.835392,-0.835392,0.198663,0.007544,0.266560,-0.431650,-0.968969,-1.185100,-1.000000,397.660004
1.790373,2.250751,-0.647092,-1.679825,-1.679825,1.775026,1.534604,1.907854,1.393931,0.789399,0.539582,-1.000000,390.980011
-1.360870,0.274185,-1.572169,1.677835,1.677835,0.070936,-0.035972,0.148077,-0.111940,-0.767220,-1.086601,1.000000,397.540009
0.775509,0.868973,-0.843710,-0.420087,-0.420087,0.187438,0.311974,0.451834,0.396597,-0.237652,-0.639265,0.000000,395.869995
-0.535623,0.881764,-1.614448,-0.017684,-0.017684,-0.058107,0.274890,0.412333,0.517311,-0.138955,-0.527872,0.000000,395.799988
-1.338799,0.970948,-1.488947,0.962607,0.962607,-0.913387,-0.601833,-0.624772,-0.395381,-0.916690,-1.362407,1.000000,399.609985
-0.994961,0.184253,-1.338897,1.861816,1.861816,-1.934896,-2.088930,-2.294228,-2.070258,-2.474189,-2.980548,1.000000,407.049988
0.855290,0.870121,-0.627876,-0.616627,-0.616627,-0.980377,-1.320514,-1.503932,-1.433729,-1.668366,-2.233650,-1.000000,404.540009
0.282593,1.575517,-0.520166,-1.154401,-1.154401,0.376122,-0.219320,-0.335608,-0.320728,-0.410932,-0.966979,-1.000000,399.869995
2.724458,3.250775,-0.085144,-3.068495,-3.068495,3.130544,2.593393,2.641038,2.685112,2.741175,2.166493,-1.000000,387.600006
1.092472,2.024440,-1.498915,-0.340559,-0.340559,2.792793,2.649373,2.816438,2.801595,2.992027,2.550914,0.000000,386.279999
-1.782319,0.078594,-1.853307,2.109867,2.109867,0.028904,0.615826,0.705492,0.631166,0.856225,0.543318,1.000000,394.429993
2.071835,2.251430,-0.249876,-2.593611,-2.593611,1.633521,2.947680,3.146969,3.191304,3.354292,3.220108,-1.000000,384.200012
-2.292752,0.803948,-3.798913,4.895887,4.895887,-2.954271,-1.680110,-1.649258,-1.572668,-1.468750,-1.481437,1.000000,403.010010
3.643817,4.672561,-0.259275,-10.997247,-10.997247,7.424796,9.433772,9.716468,10.041540,10.254091,10.422463,-1.000000,358.690002
3.706491,4.246717,-1.747794,-3.496057,-3.496057,8.997836,11.853823,12.699121,13.301606,13.575273,13.943091,-1.000000,346.149994
0.471327,1.738752,-1.129479,0.520011,0.520011,5.762320,9.576660,11.291657,12.059057,12.411435,12.901084,0.000000,347.950012
-0.129892,0.842830,-2.516958,-0.431096,-0.431096,4.040985,8.374366,10.790394,11.799824,12.356412,12.853511,0.000000,346.450012
-2.027695,0.064867,-2.027695,2.349541,2.349541,-1.078427,4.609551,7.470977,8.565951,9.278549,9.808513,1.000000,354.589996
-0.581582,0.199402,-2.378973,1.830280,1.830280,-2.724047,1.994853,4.898272,6.061680,6.905732,7.482926,1.000000,361.079987
0.205057,1.144458,-0.421201,-0.058157,-0.058157,-1.851635,1.350072,4.243635,5.613657,6.573671,7.143479,0.000000,360.869995
0.013817,0.503048,-1.531277,0.254943,0.254943,-1.336137,0.190164,3.144548,4.941676,5.950632,6.536663,0.000000,361.790009
2.055832,2.433787,-0.838939,-3.466102,-3.466102,2.366785,2.786829,5.792604,8.018325,9.196164,9.940826,-1.000000,349.250000
-2.659574,0.000000,-2.995524,2.276310,2.276310,0.234599,-0.783317,2.641655,5.072925,6.265058,7.105820,1.000000,357.200012
0.556874,0.556874,-1.119351,0.041992,0.041992,-0.016231,-0.862461,2.034232,4.490834,5.731746,6.681963,0.000000,357.350006
0.460909,0.588157,-1.187610,-1.035403,-1.035403,0.621521,0.386825,2.486642,4.934259,6.340169,7.394790,-1.000000,353.649994
1.514195,2.061145,-0.368472,-1.772936,-1.772936,1.608037,2.182335,3.433511,5.969399,7.757498,8.889400,-1.000000,347.380005
-0.285878,0.188680,-1.549452,0.696639,0.696639,0.936539,1.571187,2.062325,4.453835,6.466098,7.676486,1.000000,349.799988
1.638018,2.128275,-0.002887,-0.869062,-0.869062,1.219284,2.235838,1.875646,4.603758,6.832965,8.090223,-1.000000,346.760010
-1.873329,0.346808,-2.413437,1.447684,1.447684,-0.541816,0.512537,0.290902,2.601911,4.807892,6.081263,1.000000,351.779999
-1.484708,0.770256,-1.881006,1.859119,1.859119,-2.096452,-1.393169,-1.313166,0.339081,2.434024,3.779116,1.000000,358.320007
0.016675,1.375768,-0.730955,0.413033,0.413033,-1.808780,-1.854082,-1.499533,-0.554888,1.487386,3.063372,0.000000,359.799988
-0.808043,0.127729,-1.285648,0.091722,0.091722,-1.325078,-1.641908,-1.336556,-0.980203,0.901118,2.622663,0.000000,360.130005
-0.414250,1.041146,-1.386363,0.547025,0.547025,-1.014638,-2.041703,-1.735065,-2.083818,-0.065066,1.753474,0.000000,362.100006
-0.289068,0.327976,-1.473119,-0.640709,-0.640709,0.068376,-1.342487,-1.125502,-1.437267,0.270055,2.075899,-1.000000,359.779999
0.000000,0.489145,-0.395714,1.145143,1.145143,-0.757899,-2.177794,-2.189427,-2.309286,-1.111182,0.593114,1.000000,363.899994
-2.212850,0.096682,-2.274620,2.327563,2.327563,-2.340144,-3.731771,-4.224829,-4.203479,-3.597495,-2.005441,1.000000,372.369995
0.507842,0.851780,-0.875970,-0.056393,-0.056393,-1.638544,-3.076635,-3.760391,-3.804010,-3.672507,-2.240166,0.000000,372.160004
0.677307,0.787505,-0.679998,-0.026872,-0.026872,-1.076708,-2.370585,-3.468257,-3.543380,-3.979357,-2.463043,0.000000,372.059998
0.582950,0.593747,-0.952689,-0.411224,-0.411224,-0.087982,-1.461420,-2.832519,-3.017569,-3.455050,-2.213855,0.000000,370.529999
0.588358,1.079112,-0.417550,-0.461499,-0.461499,0.642046,-0.719865,-2.107805,-2.460145,-2.761565,-1.918281,0.000000,368.820007
-1.143973,0.140295,-1.896727,0.493468,0.493468,0.054498,-0.914907,-2.170124,-2.819721,-2.994176,-2.613861,0.000000,370.640015
1.375464,3.122386,-0.923265,0.234728,0.234728,-0.214800,-0.840625,-2.009638,-2.747707,-2.951524,-2.955777,0.000000,371.510010
-0.251512,1.292347,-0.585969,0.600248,0.600248,-0.720283,-1.120830,-2.113053,-3.106702,-3.325625,-3.795862,1.000000,373.739990
0.181312,1.015891,-0.042663,0.347840,0.347840,-0.823913,-1.056689,-2.038896,-3.206727,-3.511841,-3.984021,0.000000,375.040009
-0.382813,0.060726,-0.995324,0.994555,0.994555,-1.275177,-1.638458,-2.643642,-3.828310,-4.272986,-4.642480,1.000000,378.769989
1.484333,1.545961,-1.020818,-1.462623,-1.462623,0.329017,-0.155402,-0.958661,-2.054500,-2.729472,-3.001280,-1.000000,373.230011
0.452615,1.092229,-0.745318,-1.141390,-1.141390,1.349703,0.910915,0.344563,-0.663875,-1.392633,-1.677914,-1.000000,368.970001
2.878378,3.388609,-0.615607,-2.263058,-2.263058,2.968778,2.930233,2.640639,1.828381,0.928514,0.654430,-1.000000,360.619995
2.341904,2.742644,-0.923689,-2.431920,-2.431920,4.217136,4.964899,5.048741,4.367485,3.381667,3.075836,-1.000000,351.850006
-0.191704,1.200984,-1.654872,0.812842,0.812842,2.020245,3.720789,4.029022,3.475095,2.560066,2.186860,1.000000,354.709991
3.995225,4.132088,-0.002915,-3.185697,-3.185697,3.640545,6.340816,6.889917,6.641332,5.888587,5.370936,-1.000000,343.410004
1.382691,1.633822,-2.242443,-1.438515,-1.438515,3.350961,6.916713,7.786412,7.877803,7.300145,6.802671,-1.000000,338.470001
0.520257,2.574711,-0.653292,-0.053178,-0.053178,2.085782,5.925683,7.178257,7.583284,7.257085,6.673167,0.000000,338.290009
1.792669,2.949138,-0.686743,-0.567565,-0.567565,1.748077,5.380684,7.113003,7.849394,7.686062,7.074156,-1.000000,336.369995
-1.428611,0.419838,-1.454850,1.968069,1.968069,-0.899149,2.303569,4.543576,5.462991,5.428850,4.903936,1.000000,342.989990
1.178500,1.854017,-0.462038,-0.300300,-0.300300,-0.685458,1.697277,4.299336,5.336007,5.537727,5.167079,0.000000,341.959991
2.457890,2.661712,-1.546671,-2.438881,-2.438881,1.506505,3.179966,6.149513,7.391645,7.858164,7.634436,-1.000000,333.619995
3.761608,3.851394,-2.287930,-3.183261,-3.183261,3.897212,5.407739,8.592363,10.163158,10.920248,10.928173,-1.000000,323.000000
1.016484,2.259564,-1.457076,-1.622288,-1.622288,4.439195,6.073133,9.181349,11.149449,12.220415,12.400550,-1.000000,317.760010
-1.586817,0.284341,-2.638580,2.929883,2.929883,0.492859,2.208699,5.019718,7.347355,8.575655,8.882602,1.000000,327.070007
-1.006599,0.111508,-2.805822,1.449228,1.449228,-1.554503,0.399024,2.687281,5.228746,6.535669,7.046001,1.000000,331.809998
4.254051,4.380188,-0.192358,-4.430250,-4.430250,1.967776,4.379557,6.357210,9.249004,10.779861,11.556037,-1.000000,317.109985
0.728191,1.530167,-0.715366,-1.696564,-1.696564,3.004520,5.328966,7.147207,10.139861,11.917617,12.942714,-1.000000,311.730011
0.557124,1.446617,-1.465609,1.340902,1.340902,1.524484,3.287644,4.971035,7.746667,9.745180,10.985406,1.000000,315.910004
0.196161,0.696030,-3.347250,0.053807,0.053807,0.774491,2.380730,4.099810,6.697043,9.018734,10.421417,0.000000,316.079987
-0.775451,0.098865,-2.771256,2.404457,2.404457,-2.094043,-0.587925,1.249178,3.426380,5.878648,7.327301,1.000000,323.679993
-1.585052,1.154166,-1.585052,0.380008,0.380008,-1.984551,-1.232343,0.587648,2.356805,4.904126,6.436243,0.000000,324.910004
-2.085409,0.084625,-2.587118,1.834351,1.834351,-2.593163,-2.773596,-1.373751,0.063470,2.496208,4.104030,1.000000,330.869995
0.813796,2.483904,-0.115391,-0.468458,-0.468458,-1.320299,-1.964960,-1.052272,0.192364,2.423294,4.176888,0.000000,329.320007
2.612611,2.634179,-0.366619,-1.439336,-1.439336,0.644528,-0.610016,0.014586,1.191389,3.251221,5.243909,-1.000000,324.579987
-2.218591,0.074151,-4.211770,3.872699,3.872699,-2.308764,-4.157199,-3.809381,-2.674179,-1.026367,0.988978,1.000000,337.149994
4.087817,4.166805,-0.368626,-9.882844,-9.882844,7.017085,5.916470,6.085863,7.429158,8.970152,11.321577,-1.000000,303.829987
2.501859,2.633363,-2.892976,-2.386203,-2.386203,7.320792,7.994810,8.085287,9.352118,10.770252,13.175651,-1.000000,296.579987
-1.311673,0.486048,-3.305810,1.281279,1.281279,4.036216,6.111588,6.332199,7.369662,8.683532,10.915394,1.000000,300.380005
-1.982704,0.141385,-1.982704,1.248419,1.248419,1.408605,4.410282,4.518240,5.406896,6.678194,8.729708,1.000000,304.130005
-1.221219,0.841208,-1.263443,1.236317,1.236317,-1.730493,2.622360,2.723911,3.566366,4.913957,6.694485,1.000000,307.890015
0.782443,1.714230,-1.201264,0.038973,0.038973,-1.497356,2.033697,2.486929,3.110285,4.477513,5.993200,0.000000,308.010010
-1.186903,0.058063,-1.628766,0.662309,0.662309,-1.276563,0.690860,1.776491,2.223032,3.425773,4.752140,1.000000,310.049988
4.085680,4.179835,-0.114330,-4.086432,-4.086432,2.727823,3.906784,5.697310,6.235622,7.307819,8.604589,-1.000000,297.380005
0.973662,1.260634,-2.060059,-1.570386,-1.570386,3.586489,4.475764,6.851380,7.343619,8.332755,9.631265,-1.000000,292.709991
0.867092,2.622086,-0.378051,-1.499773,-1.499773,3.806185,4.372916,7.660698,8.223845,9.238066,10.663611,-1.000000,288.320007
-0.571442,0.492747,-2.689565,1.359595,1.359595,1.334522,2.576311,5.471305,6.346670,7.206409,8.651910,1.000000,292.239990
-2.826388,0.158493,-2.872608,3.633998,3.633998,-2.693650,-0.813242,1.156314,2.471113,3.181144,4.452006,1.000000,302.859985
-0.669646,0.315123,-1.276922,0.587740,0.587740,-2.785589,-1.252959,0.025161,1.687396,2.405982,3.494502,1.000000,304.640015
1.639676,2.358719,-0.322556,-2.304366,-2.304366,-0.162622,0.857471,1.780572,3.775789,4.425645,5.427504,-1.000000,297.619995
0.958700,1.358450,-1.629458,-0.816475,-0.816475,1.124698,1.257494,1.670787,4.147497,4.789050,5.767245,-1.000000,295.190002
-1.645960,0.396370,-2.065846,0.850303,0.850303,0.638895,0.057436,0.676292,2.812391,3.644739,4.473291,1.000000,297.700012
-0.336973,0.754815,-0.994073,-0.315755,-0.315755,0.546569,-0.073463,0.999234,2.563347,3.771259,4.509477,0.000000,296.760010
-1.357945,1.085690,-1.474153,1.492786,1.492786,-1.161392,-1.416714,-0.468364,0.587834,2.049469,2.788936,1.000000,301.190002
-0.918009,0.311459,-1.144232,1.268305,1.268305,-1.914692,-2.248125,-1.695685,-0.992757,0.626206,1.260502,1.000000,305.010010
0.045910,1.190517,-0.623133,-0.032788,-0.032788,-1.244956,-1.671969,-1.728598,-1.488965,0.412973,0.999638,0.000000,304.910004
-2.171406,0.035234,-2.350755,2.403983,2.403983,-2.631946,-3.339735,-3.945253,-3.666887,-2.106582,-1.423368,1.000000,312.239990
1.155008,1.225789,-1.106751,-0.454773,-0.454773,-1.282416,-2.642044,-3.489910,-2.997717,-1.917382,-0.982779,0.000000,310.820007
-0.212795,1.180037,-0.883412,-0.212343,-0.212343,-0.493939,-2.256900,-3.009845,-2.633641,-1.955766,-0.833872,0.000000,310.160004
-1.070809,0.347376,-1.140923,1.167138,1.167138,-1.082924,-2.869525,-3.681134,-3.603160,-3.224552,-2.002358,1.000000,313.779999
0.601505,0.671894,-1.593339,-0.391998,-0.391998,-0.204764,-1.931846,-2.785257,-3.149252,-3.158531,-1.735399,0.000000,312.549988
1.214221,1.217462,-0.595776,-1.187008,-1.187008,0.773864,-0.393082,-1.259118,-1.972379,-1.930318,-0.728423,-1.000000,308.839996
-0.468766,0.237642,-0.690125,-0.534255,-0.534255,1.078810,0.481460,-0.634786,-1.492399,-1.265406,-0.452164,-1.000000,307.190002
0.022820,0.886629,-0.958342,-0.133469,-0.133469,0.993545,0.797966,-0.455483,-1.207542,-1.050003,-0.564030,0.000000,306.779999
-4.781037,1.350556,-5.151903,5.472980,5.472980,-3.641873,-3.858827,-5.086175,-5.857003,-5.944187,-5.734155,1.000000,323.570007
-1.416572,0.367031,-1.437807,1.885220,1.885220,-4.386207,-4.886708,-6.145138,-6.971824,-7.420272,-7.554022,1.000000,329.670013
1.242750,1.679389,-0.564887,-0.658238,-0.658238,-2.613128,-3.790534,-4.916641,-5.817099,-6.568794,-6.700559,-1.000000,327.500000
-1.431970,0.929574,-1.477093,1.499238,1.499238,-2.534220,-4.562138,-5.606130,-6.763786,-7.679794,-7.719383,1.000000,332.410004
0.238660,1.646775,-0.393797,0.839327,0.839327,-1.649763,-4.609490,-5.715396,-7.083982,-7.996900,-8.141212,1.000000,335.200012
2.957867,2.957867,-0.383541,-2.771482,-2.771482,1.297291,-1.518211,-2.600309,-4.001412,-4.966893,-5.300032,-1.000000,325.910004
0.239066,0.928678,-0.839792,0.110455,0.110455,0.977109,-1.206359,-2.271326,-3.631038,-4.606488,-5.216739,0.000000,326.269989
-0.842442,0.326600,-1.251452,0.413770,0.413770,0.568343,-1.040227,-2.361067,-3.571514,-4.567607,-5.407788,0.000000,327.619995
0.589649,1.756649,-0.119767,-0.610463,-0.610463,0.768996,0.133593,-1.458344,-2.536083,-3.701859,-4.667402,-1.000000,325.619995
-1.908010,0.409712,-2.805193,2.690256,2.690256,-1.919973,-1.664275,-3.557032,-4.593129,-5.868893,-6.796061,1.000000,334.380005
2.525997,3.639142,-0.311923,-2.207071,-2.207071,0.360244,0.659939,-1.110907,-2.103670,-3.385076,-4.343017,-1.000000,327.000000
1.098087,1.239972,-1.165947,-0.856265,-0.856265,1.099318,1.360577,-0.017276,-0.960676,-2.192723,-3.147957,-1.000000,324.200012
-1.194843,0.094731,-1.781563,0.937686,0.937686,0.136906,0.411017,-0.571239,-1.651537,-2.740248,-3.691171,1.000000,327.239990
1.042696,1.718289,-0.438060,-0.941201,-0.941201,0.998272,1.110562,0.722482,-0.511323,-1.478036,-2.557071,-1.000000,324.160004
-0.949797,0.216831,-1.740781,1.011845,1.011845,-0.437332,-0.139263,0.134172,-1.244045,-2.144271,-3.301063,1.000000,327.440002
0.859710,0.908837,-1.093063,-0.534449,-0.534449,0.017194,0.390555,0.715609,-0.530566,-1.364488,-2.494192,-1.000000,325.690002
0.403610,0.600789,-0.400535,-0.343884,-0.343884,0.385123,0.684596,0.958394,-0.002158,-0.781836,-1.855996,0.000000,324.570007
0.061584,0.677385,-0.782071,0.064699,0.064699,0.168731,0.532053,0.837285,0.178583,-0.691544,-1.641521,0.000000,324.779999
-1.964569,0.243689,-2.193209,2.343130,2.343130,-1.629414,-1.565935,-1.471769,-1.735916,-2.705621,-3.536111,1.000000,332.390015
0.105154,1.174705,-0.357519,0.138389,0.138389,-1.440288,-1.747935,-1.655001,-1.480097,-2.567404,-3.352362,0.000000,332.850006
-0.788172,0.240007,-1.306706,1.394016,1.394016,-2.096058,-2.787931,-2.778351,-2.628371,-3.625941,-4.360323,1.000000,337.489990
1.184234,1.199221,-0.308799,-1.167443,-1.167443,-0.401136,-1.359313,-1.484431,-1.420023,-2.235703,-2.944382,-1.000000,333.549988
2.868969,3.066611,-0.744265,-2.920099,-2.920099,2.534820,1.501808,1.400411,1.488219,0.889906,0.094089,-1.000000,323.809998
-1.594087,0.069707,-2.066857,1.902351,1.902351,0.473981,-0.216989,-0.404683,-0.443374,-0.717398,-1.581053,1.000000,329.970001
-1.091735,0.628201,-1.607105,-0.621265,-0.621265,0.801410,0.421441,0.086603,0.068001,0.161134,-0.785256,-1.000000,327.920013
-3.318897,0.231077,-3.318897,5.574530,5.574530,-4.017911,-4.288564,-4.828425,-4.922735,-4.866092,-5.711826,1.000000,346.200012
-2.333110,0.126641,-2.803113,2.634314,2.634314,-5.256107,-5.879771,-6.687307,-6.954296,-7.019139,-7.730685,1.000000,355.320007
-0.203138,0.324454,-1.421964,-0.247665,-0.247665,-3.292516,-4.809276,-5.944024,-6.344938,-6.484257,-7.072753,0.000000,354.440002
-0.078674,0.960948,-0.814834,0.411915,0.411915,-2.232084,-4.539194,-5.735317,-6.303735,-6.603875,-6.997750,0.000000,355.899994
0.280888,1.279608,-0.303591,-0.969368,-0.969368,0.116894,-3.048662,-4.339530,-5.130234,-5.493888,-5.655462,-1.000000,352.450012
-1.187757,0.284389,-1.834611,1.761950,1.761950,-0.921764,-4.137066,-5.383000,-6.331484,-6.764959,-6.962862,1.000000,358.660004
-0.461420,0.542023,-0.845010,0.306699,0.306699,-0.977876,-3.701636,-5.020200,-6.123668,-6.677676,-6.968536,0.000000,359.760010
-1.549162,0.579203,-1.549162,0.300196,0.300196,-0.919519,-2.963638,-4.638250,-5.939057,-6.588736,-6.938993,0.000000,360.839996
0.254083,0.695256,-0.424421,-0.748249,-0.748249,-0.047470,-1.445526,-3.439999,-4.755545,-5.521308,-5.997937,-1.000000,358.140015
0.382038,1.740058,-0.025096,0.131225,0.131225,0.165087,-0.718882,-3.087658,-4.445772,-5.374859,-5.903531,0.000000,358.609985
-2.070930,0.265419,-2.854850,-9.648358,-9.648358,8.722568,9.198171,6.983938,5.732228,4.692939,4.125179,-1.000000,324.010010
1.198463,1.376362,-1.220313,-1.111079,-1.111079,7.487905,9.335538,7.912570,6.855279,5.821915,5.234127,-1.000000,320.410004
0.618753,0.906248,-0.156250,-0.127962,-0.127962,5.073126,8.399376,7.971460,6.917501,5.867001,5.289584,0.000000,320.000000
-0.328671,0.068215,-1.243375,0.784378,0.784378,2.045825,6.520416,6.976939,5.932217,5.022602,4.438000,1.000000,322.510010
2.242890,2.456949,-0.361036,-2.951853,-2.951853,2.234580,8.499637,9.912781,8.837028,8.032338,7.386822,-1.000000,312.989990
2.159188,2.856116,-0.804404,-1.894627,-1.894627,3.104931,8.914546,11.185655,10.443400,9.875987,9.244232,-1.000000,307.059998
-1.533556,0.806631,-1.641956,2.146159,2.146159,0.507574,5.156068,7.963869,7.805678,7.428155,6.836817,1.000000,313.649994
0.313775,0.714005,-0.723620,-0.424035,-0.424035,0.443773,4.050331,7.524546,8.080813,7.726049,7.132533,0.000000,312.320007
-0.974873,0.602117,-1.175572,0.502692,0.502692,-0.607861,2.120165,6.094488,7.284077,6.951475,6.487619,0.000000,313.890015
1.207250,1.422377,-0.577948,-0.777343,-0.777343,0.071919,1.406002,6.048052,7.860167,7.514526,7.150743,-1.000000,311.450012
-1.534087,0.164147,-1.938126,1.717764,1.717764,-1.003152,-0.534087,3.376267,5.574658,5.437631,5.247690,1.000000,316.799988
0.047128,0.643991,-0.455497,0.482954,0.482954,-1.184929,-1.077494,2.011753,4.486230,4.739615,4.676494,0.000000,318.329987
-0.134659,0.623196,-0.742201,0.311004,0.311004,-1.052864,-1.405489,0.828634,3.612362,4.358636,4.294959,0.000000,319.320007
0.404563,1.667280,-0.042903,2.179629,2.179629,-2.404070,-3.393098,-1.973151,0.948266,2.087288,2.007786,1.000000,326.279999
-1.623602,0.264099,-1.950722,2.123940,2.123940,-3.127756,-4.795472,-4.520070,-1.439930,0.027614,-0.110138,1.000000,333.209991
0.110900,0.410633,-1.591583,0.126051,0.126051,-2.240808,-4.118935,-4.448043,-1.939125,-0.249019,-0.274457,0.000000,333.630005
0.283984,0.977488,-0.227187,0.269758,0.269758,-1.535288,-3.752727,-4.423719,-2.580037,-0.765969,-0.532986,0.000000,334.529999
-0.077585,0.202904,-0.632589,0.179358,0.179358,-0.768062,-3.244414,-4.293857,-3.138037,-1.174113,-0.598475,0.000000,335.130005
-0.327597,0.410985,-0.524156,0.193953,0.193953,-0.394306,-2.779796,-4.215657,-3.658496,-1.605098,-0.733217,0.000000,335.779999
1.072364,1.102395,-0.204257,-0.854725,-0.854725,0.446366,-1.297049,-2.991000,-3.213932,-0.991620,0.172519,-1.000000,332.910004
0.422206,0.750925,-0.238248,-0.396506,-0.396506,0.723184,-0.458095,-2.111643,-2.714345,-0.924031,0.424421,0.000000,331.589996
-0.242500,0.823304,-0.392191,0.732831,0.732831,-0.040114,-0.712529,-2.417217,-3.218367,-1.953053,-0.518728,1.000000,334.019989
-1.412979,0.740133,-2.129713,2.338183,2.338183,-1.931952,-2.322497,-4.071221,-5.110285,-4.415642,-2.914603,1.000000,341.829987
-0.317617,1.016965,-0.536161,0.394935,0.394935,-1.886473,-2.214289,-3.879596,-5.182410,-4.966022,-3.420069,0.000000,343.179993
-0.005879,0.520564,-0.358803,-0.920801,-0.920801,-0.556437,-1.105227,-2.426130,-3.903738,-4.301509,-2.644351,-1.000000,340.019989
0.802265,0.819962,-0.401137,-0.288212,-0.288212,0.170477,-0.659808,-1.706783,-3.154351,-3.847572,-2.555847,0.000000,339.040009
-0.700974,0.035047,-1.524622,0.985133,0.985133,-0.318362,-1.399617,-2.197365,-3.679539,-4.528888,-3.675645,1.000000,342.380005
1.044250,1.259584,-0.427732,-0.987209,-0.987209,0.508554,-0.302361,-0.835202,-2.325664,-3.352803,-2.929990,-1.000000,339.000000
-0.653276,0.991471,-0.685077,2.050151,2.050151,-1.350487,-2.011277,-2.448334,-3.824545,-5.023388,-4.997546,1.000000,345.950012
-0.023101,0.129910,-1.120158,0.124293,0.124293,-1.105722,-1.744040,-2.315955,-3.439721,-4.755703,-5.233175,0.000000,346.380005
0.642640,1.013613,-0.963950,-1.166352,-1.166352,0.254136,-0.270491,-0.993553,-1.927177,-3.219488,-3.936339,-1.000000,342.339996
3.596660,3.642156,-0.172860,-3.677629,-3.677629,3.315846,3.407733,2.689916,1.990447,0.670933,-0.174172,-1.000000,329.750000
0.896388,1.101628,-0.757547,0.479147,0.479147,2.360189,2.597716,2.123767,1.685332,0.420370,-0.536219,0.000000,331.329987
-0.175477,0.753365,-1.249538,-0.244469,-0.244469,1.677359,2.466117,2.267944,1.998672,0.867726,-0.211684,0.000000,330.519989
-0.492166,0.513304,-0.724657,0.202715,0.202715,0.554362,1.992209,2.026429,1.761828,0.902079,-0.230382,0.000000,331.190002
2.167399,2.297067,-1.509776,-2.204169,-2.204169,1.681430,3.823207,4.167459,3.905024,3.263819,2.191480,-1.000000,323.890015
-2.041129,0.524775,-2.337077,1.194849,1.194849,0.359406,2.151267,2.810183,2.574899,2.159626,1.128363,1.000000,327.760010
1.160497,1.234568,-0.765435,-1.147184,-1.147184,1.071606,2.873766,3.636420,3.593518,3.402963,2.422119,-1.000000,324.000000
0.135385,0.646156,-0.396926,0.308642,0.308642,0.420925,1.912616,2.944616,3.108923,3.069046,2.220923,0.000000,325.000000
-1.122782,0.434626,-1.735482,1.944618,1.944618,-1.486780,-0.485937,0.805866,1.118101,1.080162,0.470942,1.000000,331.320007
1.229581,1.537747,-1.060093,-2.058435,-2.058435,0.621265,1.055778,2.625784,3.134052,3.092018,2.661633,-1.000000,324.500000
-0.361528,1.226710,-0.735409,-0.268103,-0.268103,0.636529,1.138336,2.515423,3.250779,3.234433,2.992201,0.000000,323.630005
-1.230913,0.374763,-2.635506,1.415192,1.415192,-0.511255,-0.368054,0.865709,1.602483,1.709518,1.645291,1.000000,328.209991
1.882396,2.053246,-0.164632,-1.913409,-1.913409,1.238781,1.308673,2.335914,3.254437,3.521513,3.583079,-1.000000,321.929993
-0.807520,0.089728,-1.723330,0.397601,0.397601,0.336006,0.660564,1.452722,2.585474,2.991494,3.069730,0.000000,323.209991
-0.410169,0.599712,-0.876268,-0.430056,-0.430056,0.602818,1.031009,1.465827,2.761013,3.314894,3.392577,0.000000,321.820007
-0.334951,0.307031,-1.218829,0.192653,0.192653,0.335565,0.671752,1.119587,2.254217,2.972583,3.068787,0.000000,322.440002
1.442707,1.483658,-0.601652,-1.544477,-1.544477,1.232283,2.044985,2.414585,3.519029,4.280857,4.500097,-1.000000,317.459991
-0.467947,0.037686,-2.229831,0.299254,0.299254,0.709147,1.533556,1.855468,2.777707,3.658552,4.006468,0.000000,318.410004
-0.737437,0.749834,-0.994606,1.359877,1.359877,-0.671126,-0.094501,0.314395,1.032568,2.053669,2.506045,1.000000,322.739990
0.403472,0.599005,-0.806954,-0.167311,-0.167311,-0.481071,0.001548,0.447544,0.889351,2.015639,2.580691,0.000000,322.200012
0.772914,1.583693,-0.097797,-1.620112,-1.620112,0.813298,1.438573,1.874983,2.349356,3.375099,4.090791,-1.000000,316.980011
-1.896506,0.436930,-2.652618,1.804531,1.804531,-0.648902,-0.530217,0.042348,0.401453,1.340685,2.048132,1.000000,322.700012
1.940576,2.187904,-0.269527,-2.271465,-2.271465,1.467486,1.573709,2.164021,2.494850,3.308243,4.126055,-1.000000,315.369995
0.844592,2.048869,-0.003215,-1.262003,-1.262003,2.035388,2.492369,3.043125,3.486941,4.179192,5.150450,-1.000000,311.390015
1.116000,2.202643,-0.972430,-1.586436,-1.586436,2.652308,3.643006,4.311521,4.870612,5.390109,6.490996,-1.000000,306.450012
-0.100548,1.274688,-0.830332,0.606946,0.606946,1.470601,2.559439,3.350957,3.922514,4.476145,5.480200,1.000000,308.309998
-0.529462,0.630779,-2.245317,-0.758975,-0.758975,1.153055,2.968266,3.656786,4.422656,4.943622,5.927052,-1.000000,305.970001
-2.981575,1.307542,-2.981575,-1.016445,-1.016445,1.365653,3.512190,4.301443,5.129438,5.655953,6.540541,-1.000000,302.859985
1.155967,1.831115,-0.302995,0.257555,0.257555,0.594779,2.617241,3.603825,4.403565,5.021600,5.797650,0.000000,303.640015
-1.064622,0.104506,-1.368343,0.846389,0.846389,-0.265175,1.233798,2.394439,3.228670,3.909216,4.516403,1.000000,306.209991
-1.722003,0.098319,-2.619472,2.978347,2.978347,-2.704466,-1.746420,-0.717339,0.111475,0.746270,1.341139,1.000000,315.329987
0.786015,1.920315,-0.105437,-0.748418,-0.748418,-1.523470,-1.316420,-0.064330,0.622903,1.364987,1.909768,-1.000000,312.970001
0.070247,1.155883,-0.568363,0.067097,0.067097,-0.930454,-1.452517,-0.242669,0.415738,1.146053,1.656877,0.000000,313.179993
-0.926637,2.351425,-1.065979,-8.340250,-8.340250,6.928864,6.666899,8.005761,8.923049,9.732740,10.394344,-1.000000,287.059998
-1.472562,0.155193,-1.707077,1.013726,1.013726,4.735661,5.028105,6.180869,7.280753,8.155188,8.896552,1.000000,289.970001
-1.972322,0.815320,-1.972322,1.938130,1.938130,1.408709,2.600900,3.679648,4.786868,5.719410,6.463346,1.000000,295.589996
1.696583,1.866582,-0.356993,-0.497311,-0.497311,0.633755,2.710799,3.550026,4.913813,5.784171,6.656809,0.000000,294.119995
-1.701941,0.224022,-2.243629,1.682991,1.682991,-1.975460,0.884071,1.472785,2.854012,3.727553,4.602488,1.000000,299.070007
-0.101485,0.085121,-1.296403,2.136618,2.136618,-2.821316,-1.166763,-0.779369,0.419534,1.325218,2.132088,1.000000,305.459991
0.170087,0.749054,-0.811203,0.085121,0.085121,-1.873611,-1.266847,-0.879673,0.064601,1.028392,1.840464,0.000000,305.720001
0.389681,0.475546,-0.871829,-0.951852,-0.951852,-0.453750,-0.731482,-0.048215,0.792246,1.739970,2.589963,-1.000000,302.809998
2.188730,2.522599,-0.795894,-2.077213,-2.077213,1.819779,0.819509,1.859574,2.488874,3.615679,4.409937,-1.000000,296.519989
0.016851,0.121354,-1.466426,0.040478,0.040478,1.614746,0.221138,1.678572,2.131703,3.280200,4.083508,0.000000,296.640015
-0.680310,0.043355,-1.190548,1.085481,1.085481,0.150074,-0.428196,0.502683,0.842731,1.865943,2.706268,1.000000,299.859985
-1.674801,0.226149,-1.674801,1.750817,1.750817,-1.613186,-1.645305,-1.250693,-0.914421,-0.110906,0.756453,1.000000,305.109985
-1.945453,0.118584,-2.679406,2.261488,2.261488,-3.199261,-3.294129,-3.505447,-3.046381,-2.383645,-1.583179,1.000000,312.010010
-0.243976,0.343481,-0.873166,-0.160251,-0.160251,-2.081477,-2.580659,-3.381811,-2.801840,-2.370650,-1.488880,0.000000,311.510010
-1.415575,0.445527,-1.570400,1.595455,1.595455,-2.365398,-3.560418,-4.829587,-4.113060,-3.889791,-3.056226,1.000000,316.480011
-3.263990,1.543529,-3.483623,3.583163,3.583163,-4.036972,-6.214388,-7.292825,-7.061195,-7.013973,-6.358064,1.000000,327.820007
1.049378,1.532274,-1.553936,-1.455073,-1.455073,-1.509359,-4.293140,-5.241291,-5.428259,-5.435440,-4.966617,-1.000000,323.049988
-0.289294,1.424924,-0.517032,0.581955,0.581955,-1.283966,-4.166126,-5.187577,-5.827715,-5.777981,-5.434912,1.000000,324.929993
0.217428,0.569604,-0.771734,0.495496,0.495496,-0.850128,-3.719302,-4.993163,-6.084250,-5.990571,-5.861970,0.000000,326.540009
-1.978583,0.644401,-2.181286,1.224965,1.224965,-1.199252,-3.858839,-5.508161,-6.958162,-6.793250,-6.848190,1.000000,330.540009
0.838772,1.713610,-0.348737,0.632297,0.632297,-1.530831,-3.477739,-5.557327,-6.857771,-7.030276,-7.220637,1.000000,332.630005
-0.256232,0.521392,-0.607797,0.904912,0.904912,-1.663690,-3.433741,-5.809998,-7.012726,-7.513292,-7.762786,1.000000,335.640015
0.068643,0.385022,-1.122257,-0.178765,-0.178765,-0.884073,-2.573425,-5.000002,-6.257464,-7.112347,-7.331664,0.000000,335.040009
0.062953,0.323766,-0.545615,-0.438754,-0.438754,-0.025781,-1.482748,-3.840874,-5.253022,-6.455978,-6.647482,0.000000,333.570007
-0.770735,0.773681,-0.770735,1.519923,1.519923,-1.044178,-2.303334,-4.453700,-6.087294,-7.555756,-7.692932,1.000000,338.640015
3.717790,4.490802,-0.021475,-3.732582,-3.732582,2.385892,1.428836,-0.214518,-2.130981,-3.493619,-3.885276,-1.000000,326.000000
0.364685,0.496459,-0.937758,0.095091,0.095091,1.716775,1.432383,0.123811,-1.908460,-3.139835,-3.771260,0.000000,326.309998
2.916275,3.244862,-0.676150,-3.006343,-3.006343,3.697948,4.309955,3.321750,1.348184,0.126636,-0.776303,-1.000000,316.500000
-0.441736,0.523776,-1.091721,0.135859,0.135859,2.507181,3.865211,3.295579,1.532676,0.278676,-0.869275,0.000000,316.929993
1.333840,1.375424,-0.572565,-1.356763,-1.356763,2.253141,4.720916,4.634232,3.184914,1.831429,0.488329,-1.000000,312.630005
1.607746,3.235058,-0.593532,-1.916000,-1.916000,2.987864,5.918990,6.217711,5.311110,3.836025,2.664140,-1.000000,306.640015
-3.043203,0.364805,-3.635195,1.911031,1.911031,0.172801,3.192321,4.000855,3.454562,1.975681,0.979307,1.000000,312.500000
2.014126,2.403219,-0.379284,-2.131201,-2.131201,1.657078,4.484700,5.849467,5.606529,4.235943,3.289958,-1.000000,305.839996
0.172446,1.717865,-0.439216,0.496988,0.496988,0.531629,3.115245,4.909992,5.016762,3.861536,2.922745,0.000000,307.359985
-1.083567,1.080310,-1.402446,-0.013007,-0.013007,0.199139,2.109525,4.419930,4.881393,4.014055,3.025618,0.000000,307.320007
0.914819,1.564994,-1.280757,-0.406742,-0.406742,0.571109,1.875386,4.267868,4.954421,4.520010,3.453021,0.000000,306.070007
3.148515,3.195957,-0.016942,-3.597219,-3.597219,3.141734,4.617706,7.241692,8.396430,8.283876,7.192889,-1.000000,295.059998
-0.839805,0.264323,-1.957309,1.294654,1.294654,1.357734,2.691045,5.064462,6.575214,6.724170,5.779018,1.000000,298.880005
2.109293,2.273869,-1.504723,-0.384768,-0.384768,1.102339,2.442815,4.667761,6.503037,6.951262,6.201141,0.000000,297.730011
-0.996996,0.546854,-1.460489,0.728843,0.728843,-0.124038,1.277095,3.049241,5.221577,5.956255,5.468937,1.000000,299.899994
-1.500622,0.267494,-1.500622,2.214076,2.214076,-2.256803,-0.919948,0.393856,2.516799,3.383439,3.256995,1.000000,306.540009
0.225277,0.391779,-0.992526,-0.081555,-0.081555,-1.443731,-1.041825,0.040047,2.121354,3.248945,3.354118,0.000000,306.290009
1.105503,1.310102,-0.049498,-1.064354,-1.064354,-0.109558,-0.069959,0.819942,2.691814,4.070622,4.367226,-1.000000,303.029999
-1.323238,0.546767,-1.708240,1.999801,1.999801,-1.332943,-1.973209,-1.325825,0.282444,1.804396,2.294911,1.000000,309.089996
-1.342777,0.714646,-1.749783,0.954419,0.954419,-1.487631,-2.748688,-2.271292,-1.091849,0.604792,1.280389,1.000000,312.040009
-0.125680,1.173063,-0.309375,-0.557628,-0.557628,-0.692874,-2.067028,-1.644641,-0.790199,0.881088,1.660119,-1.000000,310.299988
0.386654,0.847432,-0.109552,0.016119,0.016119,-0.447239,-1.590141,-1.706677,-1.063317,0.538874,1.507329,0.000000,310.350006
1.315959,2.019322,-0.505639,-0.589662,-0.589662,0.499160,-0.693954,-1.065729,-0.605792,0.791395,1.932132,-1.000000,308.519989
1.595026,2.048381,-0.443428,-2.051727,-2.051727,2.147654,1.533803,0.892595,1.232337,2.487309,3.798714,-1.000000,302.190002
2.353612,2.610989,-0.985473,-2.283329,-2.283329,3.400044,3.750209,2.978538,3.304207,4.294894,5.826248,-1.000000,295.290009
-0.308295,0.958376,-1.035462,1.059976,1.059976,1.519332,2.389916,1.727539,2.082966,2.831308,4.334156,1.000000,298.420013
-0.046590,0.891974,-1.447782,0.683593,0.683593,0.171740,1.500702,1.156675,1.189513,1.788994,3.235487,1.000000,300.459991
1.532354,2.000472,-0.084195,-1.174865,-1.174865,0.581958,2.501939,2.315476,2.242450,2.735462,4.034961,-1.000000,296.929993
2.110427,2.436432,-0.730931,-1.859020,-1.859020,1.747366,3.836861,4.108986,3.905493,4.331216,5.523374,-1.000000,291.410004
0.929640,2.293550,-0.512309,1.142715,1.142715,0.560497,2.076749,2.816045,2.518155,2.909687,3.834683,1.000000,294.739990
-0.456915,0.900200,-2.308449,-0.498745,-0.498745,0.713337,2.007710,3.029749,2.813793,3.243159,3.983137,0.000000,293.269989
2.456870,3.153855,-0.045306,-2.155003,-2.155003,1.989889,3.438922,4.849621,4.936919,5.160895,5.816108,-1.000000,286.950012
-1.534014,0.017204,-1.888282,1.320780,1.320780,0.234576,1.478988,3.201030,3.429012,3.582311,4.141390,1.000000,290.739990
1.088306,1.354334,-1.053754,-0.447131,-0.447131,0.548644,1.494264,3.211948,3.750345,3.799889,4.292541,0.000000,289.440002
-2.560130,2.943650,-3.360804,2.698313,2.698313,-1.924307,-1.106477,0.168432,0.979815,0.937124,1.379871,1.000000,297.250000
-3.325602,0.621936,-3.325602,4.396975,4.396975,-4.956176,-4.888183,-4.050015,-3.212331,-3.259347,-2.850500,1.000000,310.320007
-1.379695,1.453304,-1.494931,0.667056,0.667056,-3.957237,-5.136533,-4.642279,-3.756047,-3.678483,-3.495421,1.000000,312.390015
0.697540,1.078601,-0.691085,-0.873911,-0.873911,-1.888522,-3.889105,-3.777047,-2.800492,-2.690048,-2.603502,-1.000000,309.660004
-0.146703,1.137731,-1.343112,-0.939742,-0.939742,0.170825,-2.477261,-2.765118,-1.916544,-1.649291,-1.686172,-1.000000,306.750000
1.941362,2.500742,-0.036200,-0.925834,-0.925834,1.545195,-1.264191,-1.667381,-1.133725,-0.677438,-0.804844,-1.000000,303.910004
-2.261206,0.327150,-3.993204,2.589581,2.589581,-0.924368,-3.162806,-3.863835,-3.605587,-3.117326,-3.247695,1.000000,311.779999
-2.315740,1.401856,-3.889659,13.711592,13.711592,-10.493893,-12.933460,-14.439398,-14.605957,-14.255380,-14.355155,1.000000,354.529999
-3.956433,0.145416,-3.967402,2.803713,2.803713,-9.927292,-13.285043,-15.537447,-16.167311,-15.919555,-16.091036,1.000000,364.470001
-0.896707,1.174534,-0.918717,-0.252425,-0.252425,-6.574609,-11.027091,-14.000822,-15.111261,-15.107575,-15.275200,0.000000,363.549988
-1.746400,0.753941,-1.787523,0.330082,0.330082,-3.545991,-9.469225,-13.004158,-14.438382,-14.808828,-14.961298,0.000000,364.750000
-2.110250,1.313213,-2.136998,2.505830,2.505830,-2.581512,-9.982083,-13.693335,-15.520745,-16.211081,-16.439687,1.000000,373.890015
0.157635,0.456875,-0.873675,0.104304,0.104304,-1.627658,-8.422304,-12.227743,-14.622608,-15.615154,-15.921235,0.000000,374.279999
0.118740,1.038970,-0.906732,-0.993909,-0.993909,-0.311420,-5.859509,-9.910585,-12.772020,-14.098337,-14.469721,-1.000000,370.559998
-0.485254,0.348522,-1.203751,0.658463,0.658463,-0.456836,-4.699196,-9.006434,-12.248927,-13.900911,-14.458087,1.000000,373.000000
-1.042279,0.522469,-1.076934,0.573731,0.573731,-0.470760,-3.344088,-8.141319,-11.677910,-13.540655,-14.385388,1.000000,375.140015
-0.548826,0.355277,-1.065837,0.541131,0.541131,-0.832518,-2.130607,-7.454112,-11.041045,-13.170828,-14.255201,0.000000,377.170013
-0.895682,0.306423,-1.262336,1.235510,1.235510,-1.647326,-2.610058,-7.371165,-10.884291,-13.378097,-14.677646,1.000000,381.829987
0.609969,1.214606,-0.735152,-1.676137,-1.676137,0.288738,-0.657910,-4.624207,-8.237219,-11.065070,-12.629072,-1.000000,375.429993
0.109812,0.902589,-0.139269,-0.548704,-0.548704,0.861881,0.153201,-2.908463,-6.606983,-9.696332,-11.511547,-1.000000,373.369995
-1.453828,0.759896,-1.469659,1.507889,1.507889,-0.432718,-0.958575,-3.029903,-6.915831,-10.148496,-12.089798,1.000000,379.000000
-1.313665,0.010428,-2.038265,1.229553,1.229553,-1.303761,-1.906898,-2.958697,-7.090654,-10.297451,-12.416985,1.000000,383.660004
0.868098,1.157467,-0.562954,-0.917476,-0.917476,-0.478775,-0.844429,-1.610989,-5.339220,-8.486245,-10.907301,-1.000000,380.140015
0.015848,0.499225,-0.641853,-0.407749,-0.407749,0.095620,-0.226365,-0.959524,-4.041310,-7.183390,-9.823555,0.000000,378.589996
-2.101878,0.643540,-2.291301,1.790855,1.790855,-1.042633,-1.660740,-2.324518,-4.709499,-7.820638,-10.597347,1.000000,385.369995
-0.189704,1.187632,-0.395008,-0.147912,-0.147912,-0.594592,-1.264031,-1.832464,-3.517279,-6.774009,-9.684768,0.000000,384.799988
1.010100,1.533561,-0.097326,-1.205817,-1.205817,0.434553,0.019727,-0.524342,-1.440316,-4.901305,-7.820567,-1.000000,380.160004
-1.247212,0.062228,-1.602446,1.446759,1.446759,-0.711509,-1.307370,-1.746271,-2.442308,-5.497589,-8.281993,1.000000,385.660004
-0.171595,0.387411,-0.782606,-0.272265,-0.272265,-0.127399,-0.799248,-1.234494,-1.914143,-4.460099,-7.218044,0.000000,384.609985
0.781247,1.353468,-0.138482,-0.491403,-0.491403,0.227319,-0.065061,-0.577446,-1.179322,-3.194294,-5.947429,0.000000,382.720001
-0.572416,0.152135,-1.015902,1.335176,1.335176,-0.937006,-1.154111,-1.669285,-2.183814,-3.604257,-6.408131,1.000000,387.829987
1.428607,1.817992,-0.318343,-1.995718,-1.995718,1.076587,0.764819,0.384295,-0.110368,-0.922412,-3.890393,-1.000000,380.089996
-0.042266,0.203399,-0.866441,-0.402536,-0.402536,1.109995,1.130335,0.732424,0.349879,-0.268068,-2.919308,0.000000,378.559998
2.148792,2.235387,-0.089312,-2.390635,-2.390635,2.769069,3.361475,3.092741,2.793426,2.229111,-0.001717,-1.000000,369.510010
1.157297,1.905181,-0.030020,-0.849778,-0.849778,2.757322,3.728745,3.848933,3.583946,3.136066,1.397769,-1.000000,366.369995
-1.448264,0.336685,-1.795639,2.148100,2.148100,-0.129861,1.265233,1.580271,1.393627,1.068622,-0.108128,1.000000,374.239990
0.253657,0.920180,-1.052403,-0.977983,-0.977983,0.343248,2.006856,2.348214,2.306117,2.031089,1.407347,-1.000000,370.579987
-0.795500,0.158028,-1.775815,0.747482,0.747482,-0.680329,0.920313,1.467610,1.433505,1.264120,0.822997,1.000000,373.350006
-0.217796,0.693694,-0.613035,-0.383017,-0.383017,-0.168857,0.967139,1.738183,1.776319,1.668097,1.277422,0.000000,371.920013
-1.378156,0.226575,-2.249827,0.865778,0.865778,-0.558195,-0.101566,0.683118,0.926317,0.818250,0.511094,1.000000,375.140015
0.168794,1.036865,-0.281317,-0.506484,-0.506484,-0.105559,0.016078,0.989178,1.362932,1.311116,1.098581,-1.000000,373.239990
-0.581252,0.232504,-0.679008,1.406602,1.406602,-1.073209,-1.413509,-0.441049,-0.111361,-0.080211,-0.263237,1.000000,378.489990
0.789108,1.775480,-0.045316,-0.893024,-0.893024,-0.087971,-0.617149,0.268547,0.721658,0.748477,0.642837,-1.000000,375.109985
-0.026733,0.307411,-0.486516,-0.271917,-0.271917,0.300462,-0.223743,0.354460,0.936139,1.008849,0.948703,0.000000,374.089996
1.134899,2.571708,-0.180608,-0.836698,-0.836698,0.921393,0.741860,0.989866,1.593570,1.835132,1.782135,-1.000000,370.959991
0.609770,1.102488,-0.462777,-0.973147,-0.973147,1.592483,1.544302,1.610632,2.354428,2.709022,2.711671,-1.000000,367.350006
-0.931027,0.704343,-1.076746,0.873824,0.873824,0.284434,0.664130,0.558974,1.338245,1.677893,1.762467,1.000000,370.559998
-0.726128,0.408446,-0.811556,1.087543,1.087543,-0.822232,-0.385755,-0.593537,0.100243,0.524734,0.603238,1.000000,374.589996
0.306365,1.504973,-0.158558,-0.664724,-0.664724,-0.265522,0.285674,0.118066,0.601986,1.127651,1.246616,-1.000000,372.100006
0.496947,0.783232,-0.518558,-0.494490,-0.494490,0.192295,0.652241,0.685641,0.933665,1.466966,1.721760,0.000000,370.260010
-0.470114,0.276696,-0.873069,0.537457,0.537457,-0.080053,0.087575,0.111753,0.184822,0.789684,1.117528,0.000000,372.250000
-1.840654,0.838108,-2.036925,1.286772,1.286772,-1.005730,-1.222419,-1.045868,-1.128397,-0.523873,-0.225620,1.000000,377.040009
0.464729,1.308724,-0.101494,-0.697540,-0.697540,-0.319970,-0.547262,-0.331901,-0.489304,0.054698,0.424221,-1.000000,374.410004
-1.715637,0.099679,-1.718263,1.813522,1.813522,-1.618050,-2.132216,-1.944914,-2.108476,-1.763277,-1.341731,1.000000,381.200012
-0.750901,0.229443,-1.235861,0.613850,0.613850,-1.525787,-2.401315,-2.397145,-2.481881,-2.354072,-1.959555,1.000000,383.540009
0.433818,1.168170,-0.347573,-0.232053,-0.232053,-0.753166,-1.774465,-2.006183,-2.145170,-2.181104,-1.750249,0.000000,382.649994
0.305998,0.763682,-0.580597,-0.075790,-0.075790,-0.399619,-1.391354,-1.864382,-1.916907,-2.083164,-1.656550,0.000000,382.359985
-0.415459,0.701102,-1.012696,0.719218,0.719218,-0.555163,-1.822332,-2.392040,-2.464617,-2.714338,-2.363564,1.000000,385.109985
0.312944,0.607638,-0.472029,-0.431039,-0.431039,-0.007306,-1.101320,-1.806757,-1.892036,-2.147767,-1.950975,0.000000,383.450012
-0.608747,0.365248,-0.645016,0.675446,0.675446,-0.548651,-1.356079,-2.205127,-2.409079,-2.600458,-2.580132,1.000000,386.040009
1.882524,2.130152,-0.308873,-2.714747,-2.714747,1.848972,1.484717,0.669579,0.345085,0.131538,0.029468,-1.000000,375.559998
-2.813797,0.623859,-3.211730,3.714456,3.714456,-1.431544,-1.829737,-2.611488,-3.107240,-3.260201,-3.472399,1.000000,389.510010
0.033234,0.874281,-1.119690,0.428739,0.428739,-1.541998,-1.820132,-2.744514,-3.315479,-3.490872,-3.776947,0.000000,391.179993
0.541307,1.149310,-0.461772,-0.352780,-0.352780,-0.867621,-1.251921,-2.097483,-2.771675,-2.965723,-3.262782,0.000000,389.799988
0.056412,0.484632,-0.984640,0.048743,0.048743,-0.713350,-1.134643,-1.807907,-2.575063,-2.860687,-3.108026,0.000000,389.989990
-1.370480,1.696245,-1.370480,14.131136,14.131136,-9.881826,-11.972592,-12.874411,-13.764324,-14.242194,-14.574030,1.000000,445.100006
1.208498,1.922198,-0.262220,-1.469335,-1.469335,-6.301077,-9.378420,-10.639973,-11.703073,-12.415450,-12.783427,-1.000000,438.559998
2.142976,2.257111,-0.295821,-2.109175,-2.109175,-2.505882,-6.396310,-7.862073,-9.163308,-10.023339,-10.469746,-1.000000,429.309998
-0.610195,1.134219,-0.777883,0.013975,0.013975,-0.676339,-5.339916,-7.127030,-8.509094,-9.520925,-10.036254,0.000000,429.369995
1.263689,2.363792,-0.602212,-1.767705,-1.767705,2.618427,-2.789132,-4.851345,-6.251956,-7.410783,-8.048746,-1.000000,421.779999
0.224658,0.655052,-1.624612,0.258428,0.258428,1.302528,-1.920921,-4.462521,-5.895073,-7.124269,-7.894545,0.000000,422.869995
0.416031,1.590861,-0.146557,0.040205,0.040205,0.528080,-1.167741,-3.859842,-5.389209,-6.665376,-7.580530,0.000000,423.040009
0.394122,1.500512,-0.040365,-0.437313,-0.437313,0.584059,-0.021132,-2.866482,-4.418315,-5.812864,-6.809912,0.000000,421.190002
0.555950,0.863754,-1.085664,-0.496212,-0.496212,0.595561,1.176567,-1.815002,-3.489503,-4.894585,-5.987196,0.000000,419.100006
-0.639527,0.379497,-0.944059,1.856359,1.856359,-0.998876,0.196776,-2.966643,-4.740795,-6.097359,-7.263947,1.000000,426.880005
-0.677904,0.348177,-0.811637,1.595295,1.595295,-2.054462,-1.639651,-3.596732,-5.648159,-7.005188,-8.210243,1.000000,433.690002
-0.078548,1.420814,-0.341922,-0.193686,-0.193686,-1.411113,-1.580687,-2.742137,-4.881831,-6.308977,-7.552425,0.000000,432.850006
0.013920,0.517380,-0.999953,-0.422783,-0.422783,-0.536399,-1.123147,-1.712989,-3.945406,-5.385827,-6.723506,0.000000,431.019989
0.728563,1.560195,-0.250663,-0.962831,-0.962831,0.794622,-0.220440,-0.178508,-2.502986,-4.038043,-5.388993,-1.000000,426.869995
-0.654665,0.166559,-1.219115,1.267366,1.267366,-0.216989,-1.226288,-0.775577,-3.188327,-4.788008,-6.094815,1.000000,432.279999
0.469484,1.032862,-0.399064,-1.452762,-1.452762,0.892957,0.303287,0.388263,-1.169132,-2.977371,-4.289906,-1.000000,426.000000
0.178725,0.477377,-0.888910,-0.178406,-0.178406,0.715362,0.534289,0.358858,-0.572381,-2.400619,-3.741023,0.000000,425.239990
0.749331,1.548457,-0.256097,-0.830119,-0.830119,1.116882,1.388159,1.078784,0.621875,-1.236488,-2.561395,-1.000000,421.709991
-0.769117,0.764408,-1.297598,0.509828,0.509828,0.461947,0.986177,0.479407,0.513262,-1.356105,-2.720156,0.000000,423.859985
-0.840999,1.220951,-0.840999,1.833157,1.833157,-1.376645,-0.721685,-1.177244,-0.813777,-2.709359,-4.099964,1.000000,431.630005
0.916676,1.124803,-0.004682,-0.926720,-0.926720,-0.377899,0.065241,-0.178660,-0.090266,-1.312257,-2.852312,-1.000000,427.630005
0.171578,0.359602,-0.815569,-0.505110,-0.505110,0.138669,0.399792,0.366183,0.263120,-0.473172,-2.021373,-1.000000,425.470001
-0.920217,0.099669,-1.485792,1.398456,1.398456,-0.792270,-0.975619,-0.859954,-1.095224,-1.472721,-3.014853,1.000000,431.420013
0.736101,1.120566,-0.257872,-1.124196,-1.124196,0.462761,0.143234,0.383991,-0.003518,-0.007691,-1.575202,-1.000000,426.570007
-0.465951,0.761827,-0.465951,0.623580,0.623580,-0.271650,-0.548426,-0.201604,-0.536428,-0.261680,-1.849749,1.000000,429.230011
-0.120676,0.519816,-1.095331,0.393729,0.393729,-0.510072,-0.824285,-0.635852,-0.833104,-0.784464,-1.806448,0.000000,430.920013
-0.213458,0.519739,-1.099791,0.016239,0.016239,-0.270072,-0.706974,-0.680756,-0.756976,-0.870830,-1.501579,0.000000,430.989990
-0.501615,0.412290,-0.879543,1.299336,1.299336,-1.312442,-1.639752,-1.869640,-1.853569,-2.075631,-2.418286,1.000000,436.589996
0.840335,1.388182,-0.352846,-1.330767,-1.330767,0.214031,-0.152513,-0.485630,-0.394285,-0.741817,-0.785087,-1.000000,430.779999
0.634733,0.901739,-0.105402,-0.889082,-0.889082,1.006204,0.633562,0.323845,0.500056,0.197023,0.393486,-1.000000,426.950012
0.500589,0.779218,-0.488786,-0.808060,-0.808060,1.478630,1.355845,1.101771,1.198465,1.019221,1.041322,-1.000000,423.500000
-0.592277,0.472403,-1.490081,0.467535,0.467535,0.747389,0.884412,0.635045,0.640921,0.572058,0.468645,0.000000,425.480011
-1.000533,0.331969,-1.186244,1.243296,1.243296,-0.760031,-0.369568,-0.460567,-0.597880,-0.574039,-0.753841,1.000000,430.769989
-0.157053,1.367304,-0.346444,0.510716,0.510716,-1.163129,-0.727995,-0.826077,-1.032520,-0.951105,-1.230416,0.000000,432.970001
0.309357,0.567541,-0.386119,-0.704434,-0.704434,-0.323784,-0.007678,-0.149022,-0.357860,-0.220137,-0.466601,-1.000000,429.920013
0.941769,1.033818,-0.243113,-1.453759,-1.453759,1.154670,1.296289,1.261672,1.084568,1.157219,1.008015,-1.000000,423.670013
-0.727898,0.166173,-1.074287,0.847357,0.847357,0.388053,0.357860,0.438764,0.258857,0.254925,0.192231,1.000000,427.260010
0.128559,0.827472,-0.715270,0.128724,0.128724,0.120616,0.023610,0.253385,0.201259,0.096025,0.115005,0.000000,427.809998
-2.068783,0.077379,-2.271333,2.706813,2.706813,-2.225814,-2.416534,-2.194256,-2.262798,-2.428005,-2.369576,1.000000,439.390015
1.227811,2.315363,-0.386283,-1.017320,-1.017320,-0.990988,-1.230343,-1.101814,-1.220456,-1.400904,-1.304533,-1.000000,434.920013
0.162734,0.676151,-0.483627,0.315000,0.315000,-0.723372,-1.247336,-1.330309,-1.431388,-1.616174,-1.594583,0.000000,436.290009
-2.331890,0.235436,-2.757907,2.223287,2.223287,-2.042643,-2.935264,-3.252088,-3.345139,-3.569853,-3.636626,1.000000,445.989990
0.936849,1.277108,-0.138369,-1.154733,-1.154733,-0.307139,-1.572904,-2.057585,-2.109153,-2.269756,-2.436635,-1.000000,440.839996
-0.461259,0.765734,-0.842988,-0.167859,-0.167859,-0.107249,-1.245399,-1.751723,-1.790843,-1.957828,-2.172386,0.000000,440.100006
0.835427,1.230309,-0.693907,-0.454442,-0.454442,0.493950,-0.607852,-1.133531,-1.241270,-1.451176,-1.681504,0.000000,438.100006
1.191092,1.661009,-0.200062,-1.880854,-1.880854,2.121158,1.441404,0.860284,0.639515,0.458665,0.233103,-1.000000,429.859985
0.025344,0.340946,-0.836233,0.984044,0.984044,0.577761,0.610243,0.009677,-0.305465,-0.440828,-0.675665,1.000000,434.089996
0.448111,0.596718,-0.413825,0.760215,0.760215,-0.338831,0.070186,-0.643974,-1.048495,-1.137386,-1.305550,1.000000,437.390015
-0.162206,0.111951,-0.966389,0.073156,0.073156,-0.520891,-0.041349,-0.644412,-1.041669,-1.107854,-1.272225,0.000000,437.709991
-0.185762,0.846253,-0.577933,-0.381527,-0.381527,-0.234384,0.367166,-0.170322,-0.558436,-0.666637,-0.860396,0.000000,436.040009
-0.238141,0.231272,-2.553122,0.155947,0.155947,-0.075563,0.220736,-0.126549,-0.561916,-0.768181,-0.945380,0.000000,436.720001
1.082149,1.463807,-0.202473,-1.607435,-1.607435,1.352570,1.478936,1.542935,1.111704,0.840957,0.705684,-1.000000,429.700012
0.117401,0.996797,-0.055255,1.091460,1.091460,0.120166,0.234809,0.547585,0.061693,-0.268057,-0.358820,1.000000,434.390015
-0.680936,0.272822,-1.016890,2.099495,2.099495,-1.677076,-1.749455,-1.458067,-1.877073,-2.204055,-2.280446,1.000000,443.510010
-1.597998,0.504859,-1.762627,2.719216,2.719216,-3.422525,-3.966899,-3.764516,-4.193099,-4.541652,-4.674584,1.000000,455.570007
-0.698069,0.865605,-1.591598,2.195052,2.195052,-4.257576,-5.262581,-5.412291,-5.800954,-6.230556,-6.474000,1.000000,465.570007
0.401138,0.761077,-0.214660,-0.940783,-0.940783,-1.982696,-3.775233,-4.294253,-4.538476,-5.030291,-5.367491,-1.000000,461.190002
-2.098934,0.084124,-2.246156,3.098508,3.098508,-3.200135,-5.866073,-6.684895,-6.906180,-7.508372,-7.938926,1.000000,475.480011
-1.099356,0.498955,-1.192524,1.583663,1.583663,-3.073643,-6.395727,-7.547395,-7.905945,-8.535890,-9.013686,1.000000,483.010010
0.915796,1.044869,-0.553168,1.053808,1.053808,-2.751485,-6.305265,-7.828587,-8.321553,-9.012907,-9.544902,1.000000,488.100006
-0.020493,0.180329,-1.116806,-0.020489,-0.020489,-1.812294,-5.235244,-7.015436,-7.772950,-8.466966,-9.085791,0.000000,488.000000
-0.466955,0.866326,-0.690191,0.055326,0.055326,-0.757365,-4.088104,-6.327097,-7.390990,-8.017774,-8.707406,0.000000,488.269989
1.966073,1.966073,-1.343893,-1.247260,-1.247260,0.773986,-1.885601,-4.524726,-5.792648,-6.404992,-7.198969,-1.000000,482.179993
9.363078,9.661521,-0.013223,9.797169,9.797169,-6.464809,-9.017601,-11.889108,-13.355178,-14.076231,-14.872310,1.000000,529.419983
-0.688729,2.547946,-0.905139,0.375881,0.375881,-5.185071,-7.931160,-11.022621,-12.801693,-13.671699,-14.554482,0.000000,531.409973
1.895324,1.969467,-0.553207,-1.012390,-1.012390,-2.769430,-5.840166,-8.980734,-10.995765,-12.106386,-13.031961,-1.000000,526.030029
0.362946,0.750467,-0.752359,0.564601,0.564601,-1.775426,-5.086957,-8.240327,-10.598393,-11.972174,-12.879143,1.000000,529.000000
-1.697218,0.454580,-2.323204,1.466921,1.466921,-1.161788,-5.317462,-8.295453,-10.965237,-12.529996,-13.462070,1.000000,536.760010
0.548355,1.247786,-0.304020,-0.113642,-0.113642,-0.798287,-4.218600,-7.039203,-9.945914,-11.713889,-12.762041,0.000000,536.150024
0.452308,1.011153,-1.059762,-0.208896,-0.208896,-0.455304,-3.140950,-5.854505,-8.832312,-10.804408,-11.955720,0.000000,535.030029
-0.415496,0.949424,-0.515144,-0.585015,-0.585015,0.351193,-1.745632,-4.469139,-7.401112,-9.512167,-10.838444,-1.000000,531.900024
0.333323,0.396642,-0.538168,0.960704,0.960704,-0.305393,-1.772966,-4.436914,-7.283105,-9.606600,-11.121892,1.000000,537.010010
1.858491,2.508210,-0.366411,-1.405931,-1.405931,0.840479,0.520717,-2.394518,-5.063180,-7.622033,-9.296582,-1.000000,529.460022
1.251383,1.308796,-0.843820,-1.291887,-1.291887,1.642498,1.706214,-0.611787,-3.063792,-5.763114,-7.583137,-1.000000,522.619995
0.862599,1.580158,-0.190840,0.264055,0.264055,0.953819,1.296949,-0.416793,-2.666125,-5.339846,-7.280088,0.000000,524.000000
-0.722329,0.288166,-1.035154,0.660310,0.660310,0.123230,0.659574,-0.571294,-2.717934,-5.272668,-7.271518,1.000000,527.460022
-0.410712,0.302338,-2.443379,-0.293870,-0.293870,-0.003797,0.897499,0.198900,-1.815894,-4.261712,-6.416238,0.000000,525.909973
-0.432349,0.944002,-0.787294,0.713050,0.713050,-0.704222,0.049095,0.087106,-1.999579,-4.220060,-6.498125,1.000000,529.659973
-0.615220,0.487275,-0.615220,0.351178,0.351178,-0.716816,-0.388135,-0.236808,-1.886197,-3.892914,-6.237021,0.000000,531.520020
-0.734276,0.657677,-1.513392,0.696108,0.696108,-0.983891,-1.073198,-0.879009,-2.124261,-3.962029,-6.267510,1.000000,535.219971
0.003730,0.835477,-0.377560,-0.037359,-0.037359,-0.664280,-0.977911,-0.729944,-1.648259,-3.406904,-5.620042,0.000000,535.020020
0.153871,0.812508,-0.735567,-0.392516,-0.392516,-0.009756,-0.664450,-0.289720,-0.841774,-2.487874,-4.602501,0.000000,532.919983
2.832600,3.387097,-0.001941,-3.216234,-3.216234,2.774822,2.371354,2.752590,2.779087,1.065100,-0.906334,-1.000000,515.780029
2.606828,3.611951,0.000000,-4.131612,-4.131612,5.705503,6.213926,6.618940,6.855118,5.513378,3.707809,-1.000000,494.470001
0.045318,2.850852,-2.669572,-6.289564,-6.289564,9.698947,12.034228,12.743885,13.292728,12.381641,10.724477,-1.000000,463.369995
4.528592,4.946718,-0.025730,0.647431,0.647431,6.049275,10.003645,11.081903,11.924333,11.473210,10.017942,1.000000,466.369995
-3.344849,0.589095,-4.395227,7.376116,7.376116,-2.519717,1.945006,2.968764,3.953914,3.915493,2.723808,1.000000,500.769989
-0.898967,0.833383,-2.143254,3.514589,3.514589,-5.729498,-1.734089,-0.669920,0.247026,0.666552,-0.488131,1.000000,518.369995
-0.098456,0.673730,-0.959447,-0.069446,-0.069446,-4.755123,-1.926606,-0.660221,0.141598,0.648403,-0.193756,0.000000,518.010010
0.692154,1.271220,-0.744801,-0.988397,-0.988397,-1.873309,-1.382950,0.187042,0.925440,1.508704,0.963687,-1.000000,512.890015
0.523625,2.710757,-0.626337,-3.187819,-3.187819,2.573004,1.089337,3.070848,3.892635,4.613605,4.345536,-1.000000,496.540009
-1.069433,0.060718,-2.512974,2.821521,2.821521,0.141419,-2.122806,0.041918,0.782590,1.598358,1.627659,1.000000,510.549988
1.937708,2.203207,-0.425978,-1.141903,-1.141903,0.757252,-1.211365,0.868072,1.701636,2.517991,2.950415,-1.000000,504.720001
-0.270542,0.771544,-0.673344,-1.133302,-1.133302,1.150301,0.011824,1.589846,2.630761,3.395351,3.927322,-1.000000,499.000000
-1.710008,0.156509,-1.744787,3.715426,3.715426,-2.293539,-2.524246,-2.277179,-1.108220,-0.443787,0.114972,1.000000,517.539978
1.375532,2.526649,-0.354044,-0.125587,-0.125587,-1.383277,-1.424290,-2.388132,-1.086114,-0.434757,0.181919,0.000000,516.890015
-1.357607,0.744871,-1.428455,1.035032,1.035032,-1.945847,-2.023014,-3.524431,-2.134553,-1.567860,-0.887521,1.000000,522.239990
-1.580915,0.000000,-1.667803,1.378679,1.378679,-2.345498,-3.146344,-4.664426,-3.467532,-2.906619,-2.281467,1.000000,529.440002
1.545897,2.123213,-0.537034,-1.522363,-1.522363,0.022631,-1.584450,-2.846549,-2.072482,-1.415169,-0.865268,-1.000000,521.380005
0.168464,1.062463,-0.989717,0.189879,0.189879,0.017996,-1.589486,-2.277695,-2.381070,-1.614487,-1.133933,0.000000,522.369995
-1.025813,0.172543,-1.681866,0.961008,0.961008,-0.535849,-1.941261,-2.436530,-3.382604,-2.551511,-2.103506,1.000000,527.390015
-2.206472,1.503141,-2.282552,2.176753,2.176753,-2.037596,-3.504741,-4.043646,-5.385713,-4.531333,-4.177568,1.000000,538.869995
-1.043945,1.106871,-1.649212,0.257950,0.257950,-1.889092,-3.095178,-4.020411,-5.402586,-4.698480,-4.357472,0.000000,540.260010
-0.740349,0.253472,-1.604695,1.504832,1.504832,-2.358542,-3.631177,-5.074007,-6.313393,-5.988295,-5.618753,1.000000,548.390015
0.243313,0.956531,-1.066131,-1.821695,-1.821695,0.048660,-1.455612,-2.996784,-3.878254,-4.220286,-3.778360,-1.000000,538.400024
0.415987,0.958833,-0.386145,-0.432767,-0.432767,0.807358,-0.669502,-2.083560,-2.810361,-3.796147,-3.306597,0.000000,536.070007
-0.599534,0.151756,-2.038408,-0.432781,-0.432781,1.053679,-0.022106,-1.368180,-2.078969,-3.371765,-2.837346,0.000000,533.750000
3.494517,3.538386,-0.543629,-1.779859,-1.779859,2.274108,1.690607,0.667494,-0.248449,-1.556127,-1.111047,-1.000000,524.250000
3.166294,3.217877,-1.930328,-3.851216,-3.851216,4.611754,5.420190,4.766629,3.608698,2.463120,2.668334,-1.000000,504.059998
2.001732,3.106417,-1.122827,-1.585127,-1.585127,4.590077,6.587981,6.165527,5.107948,4.377123,4.058902,-1.000000,496.070007
-1.260039,0.177767,-1.996523,3.189068,3.189068,0.412977,2.991071,2.819354,2.009511,1.507040,0.692334,1.000000,511.890015
-1.866641,0.015367,-2.826850,1.724971,1.724971,-1.790208,0.896074,1.056364,0.377368,-0.060986,-1.093224,1.000000,520.719971
-3.671084,0.011266,-4.589322,2.269935,2.269935,-3.658689,-1.488335,-1.147828,-1.589360,-2.172753,-3.183607,1.000000,532.539978
-1.230504,0.410164,-1.412594,2.091865,2.091865,-4.175250,-3.593473,-2.899866,-3.194893,-3.988374,-4.865667,1.000000,543.679993
1.492152,2.608473,-0.772115,-1.140379,-1.140379,-1.528986,-2.498509,-1.592366,-1.892718,-2.697846,-3.308647,-1.000000,537.479980
-0.027683,0.011071,-2.387719,0.829802,0.829802,-1.230398,-3.192606,-2.223248,-2.469001,-3.163524,-3.639579,1.000000,541.940002
0.665851,1.168513,-2.488926,-1.620111,-1.620111,0.862783,-1.609457,-0.684468,-0.760461,-1.399200,-1.850221,-1.000000,533.159973
-0.985552,0.368653,-1.765463,1.245408,1.245408,-0.108929,-2.531678,-1.911818,-1.885233,-2.352129,-2.925217,1.000000,539.799988
-1.859354,0.114507,-1.888441,1.924790,1.924790,-1.758668,-3.533872,-3.742345,-3.476254,-3.823989,-4.563454,1.000000,550.190002
-0.480964,0.783383,-1.056667,-0.234460,-0.234460,-1.111683,-2.344695,-3.388600,-3.007747,-3.369434,-4.120488,0.000000,548.900024
1.194870,1.361890,-0.945253,-0.741484,-0.741484,-0.266875,-1.010595,-2.559701,-2.123142,-2.442453,-3.108802,-1.000000,544.830017
-2.611834,0.099566,-2.745182,3.232198,3.232198,-2.348339,-3.368183,-5.270489,-4.978131,-5.211081,-5.834934,1.000000,562.440002
-0.961874,0.031535,-1.830894,1.479270,1.479270,-2.686944,-4.107157,-6.108115,-6.096084,-6.303246,-6.821900,1.000000,570.760010
-0.416996,1.020671,-1.006721,0.418742,0.418742,-2.291548,-3.992850,-5.696012,-6.271660,-6.332656,-6.779206,0.000000,573.150024
1.982598,2.160889,-0.998427,-2.140804,-2.140804,0.273143,-1.475360,-2.862645,-4.020825,-4.008915,-4.482302,-1.000000,560.880005
1.457433,1.705738,-0.584774,-0.911066,-0.911066,1.588785,-0.320639,-1.443167,-2.961120,-2.922075,-3.370882,-1.000000,555.770020
-0.214566,0.929235,-1.283891,1.464626,1.464626,0.174502,-1.214195,-2.355218,-4.094443,-4.145763,-4.519392,1.000000,563.909973
3.113360,3.408841,-0.612664,6.227954,6.227954,-4.754690,-6.017064,-7.339981,-9.093038,-9.373090,-9.730012,1.000000,599.030029
-1.036788,0.203741,-2.024286,1.599245,1.599245,-5.088642,-6.536530,-8.087278,-9.665054,-10.403836,-10.673171,1.000000,608.609985
-0.394434,0.605557,-0.896873,0.394345,0.394345,-3.820560,-5.887138,-7.646030,-9.079313,-10.280422,-10.540472,0.000000,611.010010
-0.777830,0.021067,-1.231563,0.996705,0.996705,-2.782042,-5.644786,-7.745472,-9.124126,-10.640606,-10.938742,1.000000,617.099976
-1.412493,0.158007,-1.781178,1.531358,1.531358,-2.248821,-6.044687,-8.143216,-9.650226,-11.395929,-11.815549,1.000000,626.549988
0.017572,0.770083,-0.099057,-0.103737,-0.103737,-1.288709,-5.066148,-7.130748,-8.810596,-10.654293,-11.267884,0.000000,625.900024
-0.194155,0.044566,-1.263627,0.391429,0.391429,-1.045274,-4.557807,-6.663586,-8.492397,-10.211439,-11.189673,0.000000,628.349976
0.674870,0.732439,-0.529337,-0.483803,-0.483803,-0.106828,-3.063441,-5.395190,-7.345236,-8.948202,-10.294627,0.000000,625.309998
-2.057883,0.776969,-2.121856,2.501162,2.501162,-1.800142,-4.099854,-6.703904,-8.833764,-10.364555,-11.938114,1.000000,640.950012
-1.304057,0.205899,-1.915656,2.293472,2.293472,-3.114164,-4.850762,-7.847889,-9.943646,-11.551044,-13.292766,1.000000,655.650024
-0.662753,0.438299,-1.117733,0.567371,0.567371,-2.645555,-4.472450,-7.471879,-9.545019,-11.280646,-13.098866,1.000000,659.369995
0.482087,0.987053,-1.165542,-0.588441,-0.588441,-1.241207,-3.191809,-6.086743,-8.206378,-10.073196,-11.814417,-1.000000,655.489990
-1.314271,0.048509,-1.882728,0.639217,0.639217,-0.826460,-3.068912,-5.684776,-7.949762,-9.903407,-11.547820,1.000000,659.679993
-1.485332,0.402528,-1.485332,2.057059,2.057059,-1.865874,-4.188637,-6.422478,-8.851392,-10.939235,-12.531749,1.000000,673.250000
1.111782,1.508419,-0.207332,-1.136283,-1.136283,-0.439000,-2.500748,-4.328422,-7.028843,-9.119708,-10.800878,-1.000000,665.599976
3.303500,3.837476,-0.295783,-3.493089,-3.493089,2.634703,1.284349,-0.415970,-3.106481,-5.191683,-7.002462,-1.000000,642.349976
-1.063586,0.336517,-3.939430,0.850007,0.850007,1.532547,0.731078,-0.851896,-3.346892,-5.387999,-7.250480,1.000000,647.809998
1.142552,1.546714,-0.357530,-0.696193,-0.696193,1.735116,1.716929,0.177834,-2.028679,-4.137726,-6.051918,-1.000000,643.299988
-2.566532,0.201951,-2.587634,3.146276,3.146276,-1.660788,-1.045300,-2.411307,-4.205019,-6.346201,-8.306756,1.000000,663.539978
0.562549,1.752683,-0.343282,-0.342098,-0.342098,-1.454176,-0.620628,-1.726278,-3.140022,-5.426894,-7.346220,0.000000,661.270020
-0.076297,0.062829,-1.627647,1.085788,1.085788,-1.731769,-1.552251,-2.357496,-3.661159,-5.858151,-7.699904,1.000000,668.450012
-1.103108,0.556714,-1.306351,1.576779,1.576779,-2.338767,-2.734355,-3.375994,-4.638359,-6.696003,-8.500369,1.000000,678.989990
0.445503,0.692835,-1.481040,-1.154651,-1.154651,-0.368028,-1.427256,-1.791953,-3.076365,-4.948882,-6.824359,-1.000000,671.150024
-0.050349,0.645598,-0.607107,0.624302,0.624302,-0.636718,-2.007882,-2.061780,-3.246517,-4.830401,-6.758278,1.000000,675.340027
1.119921,1.148142,-0.172301,-0.307996,-0.307996,0.026439,-1.591363,-1.584828,-2.600705,-3.886702,-5.921537,0.000000,673.260010
1.669681,2.480444,-0.030086,-1.256576,-1.256576,1.189534,-0.001351,-0.277977,-1.068666,-2.267869,-4.252806,-1.000000,664.799988
-0.781963,0.285689,-1.649341,2.145008,2.145008,-0.933347,-1.641091,-2.140704,-2.772803,-3.905222,-5.743577,1.000000,679.059998
0.738153,1.303235,-0.260353,-0.449149,-0.449149,-0.342599,-0.713452,-1.538144,-1.959144,-3.087057,-4.750622,0.000000,676.010010
1.979738,2.482548,-0.715950,-1.443767,-1.443767,0.844428,0.781690,-0.165804,-0.333058,-1.372278,-2.802552,-1.000000,666.250000
-0.987157,0.318151,-1.671026,0.959102,0.959102,-0.132019,-0.006691,-1.044444,-1.153591,-2.035147,-3.187096,1.000000,672.640015
0.733018,0.840512,-1.392893,-0.417757,-0.417757,0.437124,0.433392,-0.355813,-0.660842,-1.361840,-2.428629,0.000000,669.830017
-2.096469,0.392714,-2.589585,1.119687,1.119687,-0.726087,-0.703203,-1.168610,-1.599592,-2.164796,-3.170835,1.000000,677.330017
1.987097,2.137520,-1.370355,-1.851393,-1.851393,0.808981,1.074178,0.911169,0.294984,-0.081767,-1.074672,-1.000000,664.789978
0.493722,0.937617,-0.416718,-0.371542,-0.371542,1.066252,1.254529,1.275214,0.586498,0.419917,-0.478169,0.000000,662.320007
1.730837,2.769660,-0.082798,-3.347322,-3.347322,3.551353,4.244002,4.562678,3.871277,3.800855,3.039336,-1.000000,640.150024
-2.456259,0.103366,-3.441193,2.774342,2.774342,0.393675,1.325262,1.633258,1.185577,0.989927,0.420021,1.000000,657.909973
0.970183,1.952506,-0.195864,0.110964,0.110964,-0.285135,0.902920,1.314627,1.155637,0.897119,0.462011,0.000000,658.640015
-1.806831,0.233801,-2.434262,2.600814,2.600814,-2.487830,-1.658406,-1.208007,-1.168299,-1.565269,-1.835686,1.000000,675.770020
1.394166,1.766939,0.000000,-0.757654,-0.757654,-1.494969,-0.842021,-0.500413,-0.360772,-0.829288,-0.938645,-1.000000,670.650024
0.679075,1.912249,-0.001507,-0.970701,-0.970701,0.193031,0.001957,0.383352,0.637515,0.134006,0.074982,-1.000000,664.140015
0.600441,0.811126,-0.839719,0.055710,0.055710,0.335888,-0.133783,0.324550,0.551835,0.211644,0.045045,0.000000,664.510010
0.554926,0.805243,-0.586596,-0.204660,-0.204660,0.677674,-0.142806,0.370351,0.638617,0.509686,0.288720,0.000000,663.150024
0.421876,0.436939,-1.065241,0.082936,0.082936,0.230527,-0.241977,0.163527,0.499096,0.549344,0.225804,0.000000,663.700012
0.084491,0.285160,-0.330422,-0.137115,-0.137115,0.130966,-0.097915,0.266253,0.542408,0.682875,0.310811,0.000000,662.789978
-1.427727,0.044430,-1.436613,1.872393,1.872393,-1.381813,-1.414989,-1.551343,-1.291174,-1.085131,-1.485487,1.000000,675.200012
-2.304133,0.355928,-2.317097,2.779911,2.779911,-3.200134,-3.561820,-3.982204,-3.750806,-3.613408,-3.902085,1.000000,693.969971
0.409248,0.931688,-0.390382,-0.706077,-0.706077,-1.759474,-2.434441,-3.185840,-2.993745,-2.869491,-3.019142,-1.000000,689.070007
1.507642,1.754721,0.000000,-1.912722,-1.912722,0.516945,-0.530117,-1.188459,-1.102991,-0.947374,-0.967269,-1.000000,675.890015
