2.882076,3.421746,-1.102308,-2.146069,-2.146056,1.214829,1.690988,2.333020,3.249931,3.593906,3.604896,-1.000000,69.291092
0.114026,0.604333,-1.413915,0.700429,0.700420,0.431014,0.803784,1.422341,2.208261,2.758488,2.753158,1.000000,69.776421
2.191143,2.412590,0.000000,-2.166481,-2.166475,1.932399,2.700394,3.283082,4.082755,4.765890,4.839780,-1.000000,68.264732
-1.210376,0.242072,-3.054754,1.107228,1.107225,0.597118,1.351007,1.751404,2.583161,3.479002,3.556519,1.000000,69.020576
1.053245,1.053245,-0.856477,-0.403462,-0.403462,0.402782,1.425928,1.927185,2.647287,3.606607,3.836265,0.000000,68.742104
1.620100,2.441888,-0.575245,-1.412037,-1.412039,1.392350,2.438370,3.111601,3.818828,4.730570,5.162736,-1.000000,67.771439
2.296227,2.296227,-1.106037,-2.347964,-2.347963,2.743445,4.315939,5.102121,5.886083,6.758493,7.409226,-1.000000,66.180191
1.462230,1.462230,-1.389729,-0.516952,-0.516948,2.540176,4.114798,5.170540,5.952460,6.843262,7.612819,-1.000000,65.838074
-1.976198,1.761897,-1.976198,1.510576,1.510580,0.359514,2.124990,3.232528,3.901784,4.825124,5.782165,1.000000,66.832611
-2.817711,0.379528,-2.817711,3.511903,3.511884,-2.918910,-1.575609,-0.450060,0.232112,1.014617,1.972891,1.000000,69.179695
3.188236,3.188236,-0.223532,-2.242669,-2.242664,-0.734113,0.436475,1.525494,2.313937,3.084121,4.004608,-1.000000,67.628227
0.471531,0.471531,-1.225985,-0.199999,-0.200007,-0.146165,0.299432,1.475903,2.256829,3.032000,3.877291,0.000000,67.492966
1.984694,1.984694,-0.119561,-1.402805,-1.402802,1.487330,1.468203,2.500405,3.410420,4.157506,5.003200,-1.000000,66.546173
2.234430,2.234430,-1.391936,-2.080349,-2.080336,3.130640,3.031743,4.205940,5.192305,5.878882,6.782573,-1.000000,65.161789
2.111113,3.246907,-0.518522,-1.098898,-1.098903,2.807404,3.509876,4.705350,5.848765,6.637347,7.496916,-1.000000,64.445724
-1.854803,0.614174,-3.205995,0.506168,0.506179,1.407681,2.525482,3.712887,4.853820,5.742131,6.592856,0.000000,64.771935
-1.544404,0.337834,-2.425194,1.805680,1.805663,-0.861482,0.670854,1.485687,2.682196,3.557882,4.403195,1.000000,65.941498
-2.299795,0.630396,-2.521603,3.354247,3.354253,-3.607285,-2.256598,-1.818820,-0.839366,0.056007,0.816533,1.000000,68.153343
-1.597700,0.459779,-1.816084,1.564318,1.564302,-3.919524,-3.417226,-3.311859,-2.406877,-1.563199,-0.926411,1.000000,69.219467
0.114836,0.344511,-1.125405,0.091959,0.091978,-2.611398,-3.491049,-3.348650,-2.606802,-1.755632,-1.108706,0.000000,69.283134
0.732812,1.523791,-0.104681,-1.274693,-1.274704,-0.293121,-2.132133,-2.039463,-1.414438,-0.624860,0.062313,-1.000000,68.399979
1.896565,1.896565,-0.282726,-1.256247,-1.256242,1.448929,-0.879965,-0.658894,-0.325717,0.490516,1.163041,-1.000000,67.540710
-0.117508,0.364275,-1.022323,0.247376,0.247383,1.066971,-0.953002,-0.719943,-0.612814,0.063920,0.773180,0.000000,67.707794
0.973296,1.851631,-2.373882,-0.998828,-0.998829,1.433827,0.325221,0.301481,0.241542,0.909673,1.613847,-1.000000,67.031509
-0.557861,0.344216,-0.629079,0.000000,0.000000,0.762017,0.710977,0.087832,0.113945,0.684154,1.414045,0.000000,67.031509
0.154689,0.785342,-0.844840,-0.249255,-0.249250,0.554492,1.275573,0.261770,0.296279,0.790567,1.473496,0.000000,66.864433
1.259694,1.259694,-1.271805,-1.761067,-1.761068,1.792633,3.052318,1.875800,2.056679,2.348346,3.070891,-1.000000,65.686905
-0.024144,1.870851,-0.289678,0.351262,0.351254,0.893183,2.352442,1.455642,1.705490,1.847675,2.466706,0.000000,65.917633
-0.361838,0.289467,-1.061396,0.072422,0.072419,0.496927,1.785069,1.463434,1.566155,1.588710,2.199976,0.000000,65.965370
-1.546696,0.535399,-1.546696,1.374980,1.374984,-0.913738,0.044023,0.329170,0.016062,0.098990,0.617491,1.000000,66.872383
0.360230,0.576364,-0.564360,-0.916118,-0.916123,-0.180112,0.646018,1.406502,0.837537,0.933239,1.395295,-1.000000,66.259750
-4.149857,0.599426,-4.149857,4.166666,4.166671,-3.206918,-3.165418,-2.352356,-3.085305,-2.939484,-2.697024,1.000000,69.020576
-1.023898,0.716722,-1.092150,1.325651,1.325650,-3.324235,-4.113767,-3.459996,-4.110925,-3.974975,-3.890409,1.000000,69.935547
0.136274,0.442883,-0.908469,0.182017,0.182019,-2.330227,-3.855322,-3.555148,-3.935383,-3.965022,-4.015442,0.000000,70.062843
2.546880,2.546880,-0.509384,-1.907782,-1.907793,0.108826,-1.738822,-1.733420,-1.755610,-2.123635,-2.149412,-1.000000,68.726189
-2.172190,0.000000,-2.658671,2.326919,2.326932,-1.011427,-3.481162,-3.785495,-3.594864,-4.195950,-4.253497,1.000000,70.325401
0.869963,1.018773,-0.583788,-1.165288,-1.165292,0.295330,-1.793726,-2.462604,-2.201807,-2.950548,-2.965124,-1.000000,69.505905
0.299714,0.864556,-0.345821,-0.698256,-0.698256,0.735443,-0.653605,-1.649953,-1.451300,-2.124729,-2.129109,-1.000000,69.020576
1.985755,1.985755,-0.525633,-1.314126,-1.314118,1.504492,0.984693,-0.234400,-0.220189,-0.648060,-0.763157,-1.000000,68.113564
1.022684,1.022684,-0.846363,-0.630764,-0.630773,1.840838,1.745622,0.463150,0.295052,0.173975,-0.206888,-1.000000,67.683922
-0.267505,0.000000,-1.360788,1.069712,1.069710,0.202372,0.982785,-0.449719,-0.765877,-0.673648,-1.225094,1.000000,68.407944
0.000000,0.453437,-1.127773,0.034884,0.034885,-0.146489,0.861532,-0.217025,-0.735374,-0.562721,-1.213808,0.000000,68.431808
0.771118,1.051523,-0.479033,-0.488309,-0.488321,0.072447,1.086584,0.486048,-0.219641,-0.078037,-0.653104,0.000000,68.097641
-2.200690,0.000000,-2.200690,2.465242,2.465254,-1.858613,-1.386548,-1.567468,-2.423605,-2.450173,-2.822884,1.000000,69.776421
1.220635,1.220635,-0.046069,-0.980615,-0.980611,-0.479050,-0.356986,-0.378481,-1.308160,-1.495171,-1.636350,-1.000000,69.092186
0.034659,0.889554,-0.600742,-0.322438,-0.322436,-0.023109,-0.246075,0.196392,-0.843349,-1.149263,-1.119844,0.000000,68.869408
0.348837,0.348837,-1.325576,-0.646951,-0.646959,0.625587,0.245355,0.790703,0.002331,-0.453947,-0.355034,-1.000000,68.423851
-1.398202,1.193591,-1.398202,2.290701,2.290707,-1.086735,-1.860865,-1.461108,-1.946122,-2.552691,-2.498962,1.000000,69.991241
0.949982,1.568041,-0.572286,-0.682049,-0.682044,-0.483010,-0.985474,-0.837063,-1.017522,-1.740653,-1.815278,-1.000000,69.513870
-0.781428,0.577572,-0.781428,1.064438,1.064434,-1.200455,-1.662518,-1.736509,-1.819371,-2.592077,-2.803327,1.000000,70.253799
1.191153,1.236965,-0.125993,-1.121179,-1.121183,0.091631,-0.395142,-0.704767,-0.475317,-1.337761,-1.650058,-1.000000,69.466125
-0.136833,0.000000,-2.120873,0.446686,0.446687,0.034210,-0.645382,-1.120487,-0.863741,-1.542077,-1.980617,0.000000,69.776421
-0.480992,0.114521,-1.133762,-0.433299,-0.433295,0.320661,-0.014887,-0.646664,-0.465531,-0.908843,-1.469309,0.000000,69.474083
1.422410,1.469045,-0.979359,-1.775082,-1.775095,1.760535,1.566996,1.161259,1.199733,1.015287,0.370384,-1.000000,68.240852
1.419200,1.514614,-0.178886,-2.238543,-2.238534,3.029219,3.536079,3.380643,3.366133,3.318786,2.652756,-1.000000,66.713257
-0.011866,0.664689,-0.617212,0.477040,0.477045,1.813648,2.770327,2.752918,2.629674,2.874303,2.173690,0.000000,67.031509
-0.428012,0.618241,-1.272140,-0.166169,-0.166162,1.129463,2.716672,2.773343,2.607291,2.919976,2.405174,0.000000,66.920128
-1.635293,0.411760,-1.635293,1.058139,1.058126,-0.475293,1.291768,1.650984,1.430003,1.705885,1.417258,1.000000,67.628227
0.151904,0.151904,-0.712779,0.682349,0.682344,-1.194194,0.396131,0.796927,0.740839,0.900689,0.833929,1.000000,68.089684
0.915496,1.161972,-0.023478,-0.444024,-0.444017,-0.436621,0.480045,1.118153,1.197770,1.295305,1.328638,0.000000,67.787354
0.464177,1.023565,-0.345158,-1.384979,-1.384994,0.906941,1.499658,2.336762,2.502398,2.509896,2.781102,-1.000000,66.848503
0.311305,1.532570,-0.143682,-0.595096,-0.595083,1.369729,1.606801,2.751440,2.966957,2.939659,3.267484,-1.000000,66.450699
-0.395068,1.149287,-0.466890,0.011971,0.011974,1.005623,1.140906,2.384774,2.831321,2.773138,3.080732,0.000000,66.458656
1.571953,3.748491,0.000000,-0.993654,-0.993643,1.322842,1.784753,3.035862,3.561055,3.663836,3.899225,-1.000000,65.798294
1.582578,1.582578,-1.166114,1.620318,1.620314,-0.568787,0.184426,1.055043,1.743209,1.961914,2.149761,1.000000,66.864433
-0.565033,0.282526,-1.424362,1.082813,1.082810,-1.414949,-0.806359,-0.212677,0.558562,0.821188,0.920540,1.000000,67.588448
-3.407800,0.000000,-3.419194,3.284290,3.284282,-3.587869,-3.546843,-3.382721,-2.539889,-2.305902,-2.274141,1.000000,69.808243
-1.192887,0.281336,-1.451721,1.276501,1.276504,-3.603421,-4.328161,-4.484962,-3.718212,-3.390054,-3.426742,1.000000,70.699348
-0.448127,0.829036,-1.019498,0.450144,0.450139,-2.565533,-4.344608,-4.652323,-4.043801,-3.753076,-3.723201,0.000000,71.017593
-1.883486,0.306619,-2.748577,2.307862,2.307858,-3.169067,-5.832230,-6.257839,-6.043026,-5.727979,-5.666876,1.000000,72.656578
-0.422537,0.357530,-1.245938,1.073153,1.073164,-2.604555,-5.934997,-6.671727,-6.770318,-6.480177,-6.440234,1.000000,73.436302
1.820187,1.820187,-0.022066,-1.787649,-1.787658,-0.189738,-3.436288,-4.491998,-4.910641,-4.572747,-4.566643,-1.000000,72.123512
2.040816,2.040816,0.000000,-1.621627,-1.621611,1.527241,-1.211038,-2.605224,-3.238961,-2.945508,-2.859390,-1.000000,70.953949
-0.877383,0.537401,-1.228340,2.242660,2.242659,-0.278578,-2.447912,-4.332098,-5.064715,-4.907224,-4.862916,1.000000,72.545204
1.468337,1.566958,-0.010954,0.087735,0.087720,-0.379127,-1.742266,-3.973255,-4.741937,-4.860829,-4.784854,0.000000,72.608841
-3.361346,0.168059,-3.676472,4.317343,4.317343,-3.892856,-4.732142,-7.164564,-8.109243,-8.466806,-8.422968,1.000000,75.743614
0.642237,0.652772,-0.326389,-0.231096,-0.231097,-2.758471,-3.749206,-6.145148,-7.324169,-7.948195,-7.895692,0.000000,75.568573
1.545019,1.545019,-0.905703,-1.189722,-1.189721,-0.592435,-2.058604,-4.282008,-5.736813,-6.561533,-6.577870,-1.000000,74.669518
-1.734104,0.945873,-1.734104,1.385186,1.385182,-1.116129,-2.777713,-4.717456,-6.521800,-7.443818,-7.581705,1.000000,75.703827
1.867663,1.867663,0.000000,-1.523910,-1.523907,0.934900,-1.019206,-2.555670,-4.621660,-5.591030,-5.959440,-1.000000,74.550171
0.884767,1.068193,-0.280536,-1.088582,-1.088581,1.501943,0.111139,-0.927201,-3.104764,-4.188169,-4.731328,-1.000000,73.738632
2.313034,2.313034,-0.572753,-2.039273,-2.039272,2.691924,2.210596,1.359181,-0.687298,-1.899327,-2.634650,-1.000000,72.234901
0.886917,0.886917,-1.319290,-0.649853,-0.649853,2.554323,2.992241,2.121214,0.332044,-1.027048,-1.891349,-1.000000,71.765480
-3.358786,0.000000,-3.751363,1.662977,1.662988,0.124306,1.364217,0.628122,-0.818441,-2.379074,-3.280637,1.000000,72.958931
0.604989,0.604989,-0.703999,-0.861506,-0.861509,0.380590,2.206569,1.472511,0.421288,-1.279514,-2.181285,-1.000000,72.330383
-0.817442,0.054500,-1.089916,0.923987,0.923982,-0.741141,0.894823,0.503543,-0.127520,-1.846320,-2.804359,1.000000,72.998703
0.053893,0.053893,-0.883909,1.111718,1.111717,-1.405624,-0.452733,-0.449139,-0.954511,-2.526678,-3.561855,1.000000,73.810242
0.495477,1.174064,-0.312367,0.075454,0.075456,-0.911241,-0.636579,-0.261382,-0.814843,-2.199051,-3.353080,0.000000,73.865936
-0.375370,0.386102,-0.782925,0.430848,0.430841,-1.005999,-1.267689,-0.541965,-1.026913,-2.166445,-3.493844,0.000000,74.184181
1.525317,1.525317,-0.670708,-0.857998,-0.857996,0.181740,-0.549544,0.403866,-0.109799,-0.956294,-2.397589,-1.000000,73.547684
1.917809,1.917809,-0.547944,-1.287322,-1.287319,1.378627,0.590684,1.424655,1.135341,0.611506,-0.860640,-1.000000,72.600891
-1.574554,0.364179,-1.574554,2.312330,2.312319,-0.786199,-1.407446,-0.983283,-1.005241,-1.421586,-2.749920,1.000000,74.279655
0.378709,0.595112,-0.119019,-1.006859,-1.006842,0.131999,-0.164470,-0.079353,0.176905,-0.264883,-1.440168,-1.000000,73.531776
-0.591074,0.494359,-0.848998,0.681669,0.681659,-0.586777,-0.695319,-0.906317,-0.400854,-0.777210,-1.736694,1.000000,74.033012
-0.531914,0.000000,-1.542555,1.020960,1.020957,-1.259571,-1.370209,-1.886519,-1.261697,-1.665951,-2.376590,1.000000,74.788857
1.524194,2.483475,-0.394370,-0.191486,-0.191468,-0.522292,-0.960365,-1.617295,-1.145826,-1.412506,-1.874170,0.000000,74.645660
0.920376,1.316351,-0.791949,-0.405035,-0.405040,-0.100602,-0.485879,-1.028115,-0.826204,-0.892128,-1.271766,0.000000,74.343315
0.707093,0.707093,-0.396398,-0.107021,-0.107026,0.203559,-0.325691,-0.697805,-0.747267,-0.607670,-1.005999,0.000000,74.263748
0.495157,0.893434,-0.753496,-0.471392,-0.471394,0.645858,0.109796,-0.141370,-0.398277,-0.062864,-0.406530,0.000000,73.913673
0.268820,0.494625,-0.419357,0.107643,0.107649,0.322580,0.062361,-0.098930,-0.543016,-0.095490,-0.453410,0.000000,73.993240
0.313075,0.464213,-0.669332,-0.397849,-0.397857,0.466375,0.611035,0.363455,-0.148438,0.192596,-0.043901,0.000000,73.698853
0.423905,0.586953,0.000000,-0.680124,-0.680125,0.841306,1.152176,0.994928,0.601089,0.749131,0.689494,-1.000000,73.197609
0.821921,1.019176,-0.273977,-0.815220,-0.815215,1.212054,1.855342,1.708857,1.485479,1.463231,1.592693,-1.000000,72.600891
0.558962,0.558962,-0.493208,-0.010957,-0.010950,0.859265,1.668120,1.573862,1.471385,1.302928,1.606011,0.000000,72.592941
0.065690,0.503614,-0.492668,0.109601,0.109586,0.385379,1.265609,1.382386,1.383845,1.088685,1.497706,0.000000,72.672493
0.120215,0.437157,-0.546456,0.175172,0.175186,-0.037167,0.834964,1.223305,1.192885,0.860317,1.185417,0.000000,72.799805
0.185124,1.818573,-0.413813,0.360656,0.360658,-0.433417,0.297278,0.748474,0.778056,0.543166,0.707454,0.000000,73.062363
0.478840,1.142673,-1.218850,0.065331,0.065326,-0.359120,0.074003,0.644250,0.660572,0.551094,0.570609,0.000000,73.110092
-0.260895,0.000000,-0.913138,0.108825,0.108832,-0.304383,-0.133713,0.458017,0.483199,0.454391,0.346771,0.000000,73.189659
0.109709,0.592427,-0.603405,-0.913138,-0.913155,0.572693,0.583661,1.175361,1.338460,1.390681,1.178284,-1.000000,72.521324
-0.109290,0.109289,-0.797823,0.383986,0.383999,0.187972,0.075403,0.619300,0.964472,0.991903,0.748260,0.000000,72.799805
2.462222,2.495799,-0.526028,-2.349727,-2.349723,2.043640,2.186896,2.735299,3.169546,3.268929,3.118808,-1.000000,71.089211
1.733577,1.847629,-0.798356,-1.869059,-1.869067,3.026920,3.726054,4.261712,4.864281,5.000457,4.987075,-1.000000,69.760506
1.333336,1.333336,-0.556526,-1.630928,-1.630924,3.404056,4.867244,5.476325,6.208691,6.417153,6.517095,-1.000000,68.622765
-0.173606,0.798613,-1.145833,0.173908,0.173906,2.125007,4.113432,4.783954,5.584494,5.952780,6.158180,0.000000,68.742104
1.361916,1.361916,-0.414499,-2.268516,-2.268517,2.823309,5.693987,6.569558,7.479868,8.089531,8.333727,-1.000000,67.182678
-0.175649,0.690868,-0.995319,1.136902,1.136891,0.742398,3.752939,4.856375,5.800948,6.501650,6.828269,1.000000,67.946472
-2.118504,1.393450,-2.333755,3.360657,3.360667,-2.399458,-0.030588,1.222009,2.073751,2.850798,3.182280,1.000000,70.229927
1.358869,1.358869,0.000000,1.710663,1.710657,-3.254622,-1.958117,-0.588843,0.183229,0.975276,1.318410,1.000000,71.431320
1.966984,1.966984,-0.972191,-1.470261,-1.470246,-1.345253,-0.799241,0.677509,1.421535,2.231506,2.680295,-1.000000,70.381104
0.135842,0.135842,-2.105499,-0.135658,-0.135664,-0.328279,-1.022188,0.575805,1.316503,2.122253,2.709981,0.000000,70.285622
0.568181,1.374994,-0.170459,-0.384874,-0.384881,0.647731,-0.793180,0.674245,1.480685,2.269548,2.903790,0.000000,70.015106
-1.134699,0.213461,-1.134699,1.147723,1.147725,-0.328048,-1.769460,-0.683813,0.203353,0.914509,1.608438,1.000000,70.818687
1.039550,1.039550,-0.553673,-0.572966,-0.572969,-0.042933,-0.949150,-0.374384,0.625993,1.297179,2.022603,-1.000000,70.412918
0.975610,1.622232,-0.272261,-0.395484,-0.395474,0.283604,-0.357348,-0.205711,0.844582,1.479295,2.206464,0.000000,70.134453
1.255705,1.255705,-0.228310,-0.623931,-0.623943,0.744294,0.628999,0.124053,1.255142,1.886763,2.611496,-1.000000,69.696854
1.982023,1.982023,0.000000,-0.936074,-0.936072,1.415074,1.738883,0.872708,1.920953,2.608900,3.325271,-1.000000,69.044441
1.667840,2.612551,-0.186612,-1.198438,-1.198435,1.882438,2.677869,1.945421,2.798583,3.596461,4.283110,-1.000000,68.216988
-0.220012,0.393698,-1.366376,0.723119,0.723123,0.655393,1.544695,1.222014,1.734598,2.626678,3.281997,1.000000,68.710281
0.301591,0.637981,-0.336380,-0.173696,-0.173695,0.380465,1.460388,1.383444,1.625104,2.567222,3.199167,0.000000,68.590935
-2.175380,0.462133,-3.054554,2.911497,2.911498,-2.206946,-1.367226,-1.163212,-1.406674,-0.459875,0.132626,1.000000,70.587959
2.081160,2.081160,-0.080934,-2.513522,-2.513525,0.247425,1.001268,1.469146,0.970052,1.859635,2.502022,-1.000000,68.813713
1.520998,1.684805,-0.701999,-1.179328,-1.179327,1.380601,1.792439,2.461681,2.045745,2.774773,3.499863,-1.000000,68.002174
-1.127903,0.127904,-1.848836,0.620100,0.620093,0.672098,0.874423,1.537215,1.402330,1.862796,2.658921,1.000000,68.423851
1.745903,1.745903,-0.684209,-1.430231,-1.430225,1.793085,1.939362,2.720299,2.777513,3.039753,3.890133,-1.000000,67.445236
-0.082372,0.070588,-1.000120,0.259530,0.259531,0.651836,1.368389,2.191622,2.543821,2.466636,3.365880,0.000000,67.620277
0.721472,0.721472,-0.413950,-0.517715,-0.517729,0.716748,1.632184,2.451423,3.027217,2.772811,3.616810,-1.000000,67.270187
-1.102635,0.117303,-1.231663,0.827910,0.827924,-0.161877,0.740178,1.316131,2.004108,1.814900,2.506357,1.000000,67.827133
0.362834,1.275750,-0.971441,0.222877,0.222874,-0.514981,0.408475,0.852061,1.523293,1.550564,2.022865,0.000000,67.978302
0.467289,0.467289,-1.249996,0.187267,0.187272,-0.507014,0.149529,0.464949,1.166468,1.323361,1.616041,0.000000,68.105606
0.233918,0.830405,-0.631576,-0.116822,-0.116841,-0.271336,-0.109929,0.418727,1.118727,1.491476,1.500990,0.000000,68.026031
0.610690,1.162655,-0.504991,-0.409361,-0.409339,0.279501,0.143272,0.703852,1.366995,1.896884,1.753764,0.000000,67.747574
2.440169,2.499116,0.000000,-0.375801,-0.375819,0.558769,0.445602,1.012227,1.503013,2.119069,2.025628,0.000000,67.492966
-0.070136,0.771469,-1.016956,0.848759,0.848770,-0.261843,-0.452374,0.098961,0.476323,1.061829,1.139678,1.000000,68.065826
0.198065,0.407787,-0.535943,0.327289,0.327288,-0.533615,-0.653619,-0.257097,0.013398,0.609577,0.787604,0.000000,68.288597
0.057699,0.288512,-0.888630,0.955379,0.955376,-1.209462,-1.402194,-1.360261,-0.987882,-0.420542,-0.081168,1.000000,68.941010
-0.527515,0.000000,-0.997704,0.634732,0.634733,-1.362381,-1.720179,-1.928130,-1.588298,-1.085316,-0.642578,1.000000,69.378601
-0.341685,0.615031,-0.341685,0.688081,0.688078,-1.359908,-2.101367,-2.421413,-2.143507,-1.816400,-1.339407,1.000000,69.855980
2.229297,2.701116,-0.625148,-3.439642,-3.439640,1.972166,1.308095,0.958563,1.249120,1.505549,1.978459,-1.000000,67.453186
1.147789,1.396287,-0.011831,-0.318470,-0.318462,1.985558,1.502775,1.260595,1.472011,1.657551,2.148460,0.000000,67.238373
0.118483,0.426542,-0.331758,-0.130159,-0.130171,1.585311,1.504744,1.345975,1.348346,1.638393,2.125992,0.000000,67.150848
-0.223769,0.494643,-0.600632,0.604262,0.604277,0.435749,0.866793,0.765509,0.646560,0.939812,1.391271,1.000000,67.556625
-0.272512,0.556871,-0.308058,-0.600632,-0.600647,0.236971,1.425360,1.307271,1.191355,1.486261,1.821885,-1.000000,67.150848
0.896596,1.733414,-0.406453,-0.888629,-0.888611,0.865504,2.107581,2.072913,1.958149,2.266577,2.541533,-1.000000,66.554138
-0.300222,0.437823,-1.300980,-4.435144,-4.435153,4.403302,6.109580,6.338084,6.387913,6.699022,6.958133,-1.000000,63.602360
-1.028117,0.000000,-1.523604,0.988242,0.988240,2.472441,4.337915,4.903587,5.082991,5.259010,5.627812,1.000000,64.230904
-1.319842,0.456395,-2.047611,0.421154,0.421160,1.095348,3.144193,4.128115,4.427650,4.550137,4.950039,0.000000,64.501419
-1.486762,0.193401,-1.752692,2.047612,2.047601,-1.336870,0.461751,1.869543,2.179990,2.319842,2.722921,1.000000,65.822151
0.170211,0.462001,-0.753802,-0.580197,-0.580183,-1.101528,0.740417,2.196545,2.582360,2.734579,3.155815,-1.000000,65.440262
1.234565,1.234565,-0.530865,-1.519757,-1.519765,0.686419,1.861728,3.376130,3.881479,4.133824,4.533331,-1.000000,64.445724
0.927662,0.927662,-0.100294,-1.518516,-1.518509,1.998237,2.851940,4.395125,5.124095,5.477736,5.771163,-1.000000,63.467110
-0.175238,0.726003,-1.101508,0.150426,0.150418,1.549636,2.069100,3.628326,4.637004,5.085996,5.336924,0.000000,63.562576
1.613729,1.613729,-0.813211,-1.489548,-1.489532,2.060984,2.888173,4.424384,5.829720,6.342044,6.642934,-1.000000,62.615791
-0.330747,0.152647,-1.030408,-0.114351,-0.114375,1.251757,2.364846,4.020699,5.509482,6.116274,6.451685,0.000000,62.544174
2.614374,2.692807,-0.653593,-2.684138,-2.684119,2.867965,4.738551,6.191708,7.809789,8.567305,9.027435,-1.000000,60.865414
1.961303,2.388257,-0.600404,-2.026146,-2.026154,3.709140,6.133422,7.547253,9.258836,10.249496,10.835663,-1.000000,59.632187
2.001381,2.484478,0.000000,-3.335560,-3.335566,5.233965,8.605944,10.111810,12.011050,13.352664,14.103526,-1.000000,57.643116
-0.013418,1.664211,-1.892357,2.843337,2.843337,1.199848,4.500079,6.182627,8.022424,9.664753,10.468403,1.000000,59.282104
-0.204772,1.064852,-1.023883,-1.691048,-1.691038,1.477133,5.068943,7.062571,9.093515,10.879453,11.813878,-1.000000,58.279621
4.259552,4.813295,-0.156180,-3.849825,-3.849831,3.816554,7.775099,10.449148,12.462021,14.444414,15.572909,-1.000000,56.035954
-1.525665,0.596395,-1.525665,2.371153,2.371158,0.621350,4.214972,7.092920,9.004154,10.986399,12.276459,1.000000,57.364655
-1.384080,0.456747,-1.384080,0.208038,0.208029,0.357099,2.941185,6.056756,7.901739,9.928313,11.448220,0.000000,57.483990
-1.170067,0.285710,-1.591833,1.730106,1.730111,-1.624490,0.482993,3.415875,5.325171,7.280545,9.039002,1.000000,58.478527
0.310518,0.985553,-0.472520,0.775508,0.775503,-2.160114,-0.903193,1.883811,3.867970,5.876611,7.683279,1.000000,58.932030
0.135208,0.621959,-0.473233,-0.148505,-0.148498,-1.060036,-1.099248,1.400755,3.618169,5.463491,7.308451,0.000000,58.844517
-1.411263,0.186390,-1.411263,1.554897,1.554894,-1.773403,-2.592202,-0.565396,1.657567,3.354012,5.153327,1.000000,59.759487
-0.671944,0.382073,-1.001318,1.051792,1.051789,-1.833994,-3.151518,-1.950813,0.258892,1.803425,3.562581,1.000000,60.388031
-0.487997,0.342918,-0.910052,-0.105408,-0.105405,-1.118437,-2.876548,-2.100588,-0.091002,1.458193,3.145170,0.000000,60.324379
-1.077781,0.246724,-1.181659,1.569506,1.569508,-1.882871,-3.889105,-3.751893,-1.975067,-0.454486,1.214994,1.000000,61.271175
0.582528,0.970877,-0.427184,0.311646,0.311639,-1.335915,-3.304847,-3.986185,-2.522321,-0.903033,0.587280,0.000000,61.462120
1.965474,2.350603,-0.424960,-2.524272,-2.524273,1.269595,-0.375822,-1.468784,-0.294811,1.374778,2.789298,-1.000000,59.910648
0.947293,1.227487,-0.493660,-0.464802,-0.464794,1.488986,0.449628,-0.786307,-0.158776,1.521544,2.826325,0.000000,59.632187
0.000000,0.437550,-0.530362,0.627083,0.627076,0.750465,0.078232,-1.324136,-0.998405,0.501199,1.788656,1.000000,60.006126
0.092910,0.769837,-0.424745,-0.106068,-0.106076,0.414125,0.353073,-1.034415,-1.110293,0.241049,1.529077,0.000000,59.942474
0.224877,0.224877,-0.290997,0.345092,0.345098,-0.367718,0.224877,-0.918861,-1.509910,-0.389406,0.988549,0.000000,60.149334
0.212079,0.357898,-0.569990,-0.211630,-0.211622,-0.119309,0.481168,-0.413582,-1.268566,-0.407748,0.968976,0.000000,60.022045
0.185699,0.557107,-0.901970,-0.066284,-0.066281,0.063662,0.480164,-0.069864,-1.008096,-0.580452,0.784805,0.000000,59.982262
-0.078876,0.907180,-0.236650,0.888709,0.888699,-0.649482,-0.373384,-0.725736,-1.778194,-1.595048,-0.395292,1.000000,60.515324
0.955590,1.144014,-0.430691,-2.313959,-2.313946,1.423948,1.621793,1.646469,0.619103,0.503895,1.607440,-1.000000,59.115032
-0.735874,0.026275,-0.867280,2.422616,2.422607,-0.843628,-0.932989,-0.570307,-1.388310,-1.894354,-1.010516,1.000000,60.547157
-0.464503,0.597217,-0.623753,-0.985549,-0.985543,0.119438,0.059714,0.440603,-0.191116,-0.896623,-0.220754,-1.000000,59.950439
-1.299383,0.695630,-1.299383,1.114794,1.114787,-0.774375,-0.880691,-0.641377,-1.032942,-1.792884,-1.482693,1.000000,60.618759
1.550897,2.067866,-0.808596,-0.984374,-0.984372,0.047718,0.107364,0.312824,0.079527,-0.767239,-0.647320,-1.000000,60.022045
1.337476,1.337476,-0.405296,-1.882291,-1.882287,1.891375,1.849492,1.967926,1.996072,1.178050,1.051958,-1.000000,58.892258
0.377364,0.929919,-1.280327,0.243173,0.243161,1.132085,1.413756,1.446547,1.764831,1.135855,0.703510,0.000000,59.035461
-0.813778,0.868028,-0.813778,-0.633422,-0.633421,1.337317,1.828298,1.951268,2.319955,1.868985,1.290297,-1.000000,58.661518
1.342102,2.013154,-0.356056,-0.962979,-0.962981,1.454407,2.493849,2.766376,3.117650,2.901682,2.301207,-1.000000,58.096619
-1.207435,0.393436,-1.207435,0.944948,0.944957,0.035272,1.215577,1.649709,2.009226,1.949804,1.307377,1.000000,58.645607
0.148525,0.580611,-0.270050,0.474838,0.474840,-0.426690,0.704830,1.054095,1.327971,1.467453,0.865059,0.000000,58.924080
-1.237524,1.224220,-1.929475,1.471780,1.471768,-1.618095,-0.882230,-0.451535,-0.281432,0.059087,-0.388551,1.000000,59.791306
1.383105,1.517387,-0.362560,-0.904861,-0.904861,-0.521010,-0.095333,0.370628,0.573394,0.938373,0.627107,-1.000000,59.250278
-2.192181,0.420062,-2.284067,2.296229,2.296239,-1.924394,-2.339200,-1.813252,-1.603443,-1.312684,-1.459704,1.000000,60.610806
0.975219,1.541904,0.000000,-0.393803,-0.393814,-0.964677,-1.895093,-1.440864,-1.184100,-0.919340,-0.965553,0.000000,60.372112
0.157113,1.466353,-0.785544,0.658934,0.658940,-1.005501,-2.228333,-1.904511,-1.762894,-1.600942,-1.513047,1.000000,60.769928
-1.240630,0.284314,-1.460324,1.309241,1.309246,-1.708455,-3.080903,-3.061947,-2.917421,-2.865858,-2.638495,1.000000,61.565556
0.012762,0.242319,-0.867230,1.331091,1.331088,-1.994641,-3.757173,-4.075158,-4.003312,-3.983162,-3.777151,1.000000,62.385048
0.965876,0.965876,-0.553766,-0.969264,-0.969258,-0.656798,-2.218935,-3.010950,-2.918225,-2.904317,-2.760252,-1.000000,61.780376
0.955463,1.332258,-0.403713,-4.301353,0.439269,-0.549904,-2.097657,-3.217063,-3.219008,-3.197097,-3.092735,0.000000,62.051758
-0.385231,0.650905,-1.501061,1.305351,1.305352,-1.165819,-2.732759,-4.043166,-4.168049,-4.258675,-4.257074,1.000000,62.861752
-0.896511,0.342784,-0.922872,0.757170,0.757171,-1.348946,-2.903782,-4.311425,-4.667916,-4.776795,-4.877855,1.000000,63.337723
-0.262949,0.302393,-0.788849,0.276858,0.276856,-1.266101,-2.500687,-4.066368,-4.650654,-4.819835,-4.951414,0.000000,63.513077
0.847567,1.019731,-0.595951,-0.723107,-0.723100,-0.143035,-1.403087,-2.843496,-3.763068,-3.931722,-4.078228,-1.000000,63.053814
-0.289125,1.222235,-0.289125,0.768105,0.768096,-0.436319,-1.656347,-3.070721,-4.219935,-4.473696,-4.624088,1.000000,63.538128
-1.095456,0.312987,-1.604067,0.775398,0.775407,-0.837249,-1.903776,-3.284839,-4.555650,-4.901626,-5.145117,1.000000,64.030807
-0.181227,0.970877,-0.608411,0.743347,0.743342,-1.206470,-2.171631,-3.511123,-4.835805,-5.357784,-5.619844,1.000000,64.506775
0.090578,0.349377,-0.672871,0.038837,0.038828,-0.929081,-1.876933,-3.002947,-4.417903,-5.110541,-5.423527,0.000000,64.531822
0.207149,0.712071,-0.686172,-0.051759,-0.051748,-0.429834,-1.404716,-2.550896,-3.872139,-4.820807,-5.141161,0.000000,64.498428
0.193968,0.206907,-1.293156,0.116523,0.116527,-0.225018,-1.128937,-2.230552,-3.525014,-4.649643,-5.042078,0.000000,64.573586
0.713825,0.713825,-0.220635,-0.362090,-0.362097,0.233617,-0.539906,-1.505351,-2.753545,-3.964456,-4.426304,0.000000,64.339767
1.116221,1.116221,-0.590943,-1.168071,-1.168069,1.129349,0.674983,-0.129208,-1.305659,-2.543046,-3.137328,-1.000000,63.588234
-0.234809,0.534826,-1.121837,0.669736,0.669736,0.294806,0.083481,-0.623972,-1.590160,-2.856944,-3.570134,1.000000,64.014107
0.104067,0.533365,-0.676470,0.273933,0.273930,-0.075449,-0.013008,-0.645244,-1.580241,-2.742643,-3.648137,0.000000,64.189461
0.721400,0.800100,-0.131164,-0.819565,-0.819552,0.464314,0.832886,0.344515,-0.508484,-1.623712,-2.661302,-1.000000,63.663395
0.537641,0.537641,-0.301600,0.026228,0.026221,0.230793,0.751378,0.403883,-0.306066,-1.350756,-2.436200,0.000000,63.680088
0.486019,0.486019,-0.630495,-0.170471,-0.170469,0.396693,0.776305,0.599852,0.021945,-0.944446,-2.031753,0.000000,63.571533
0.354422,0.354422,-0.301917,0.065682,0.065677,0.204780,0.565768,0.544326,0.052836,-0.735114,-1.836581,0.000000,63.613285
0.581853,0.833113,-0.277701,-0.735102,-0.735093,0.616235,1.096266,1.298591,0.901871,0.160551,-0.843116,-1.000000,63.145668
1.074418,1.074418,-0.490779,-0.304153,-0.304157,0.697704,1.147366,1.545739,1.281335,0.630151,-0.312499,0.000000,62.953606
0.250365,1.278174,-0.672020,0.663217,0.663209,-0.063243,0.328114,0.807316,0.654243,0.131348,-0.735364,1.000000,63.371120
-2.261859,0.297273,-2.261859,1.950194,1.950193,-1.654384,-1.433367,-1.110675,-1.172931,-1.595749,-2.385725,1.000000,64.606979
0.505315,1.010630,-0.932886,-0.245576,-0.245566,-1.153151,-1.123349,-0.875876,-0.857089,-1.225449,-1.876579,0.000000,64.448326
-1.383554,0.409944,-1.383554,1.140196,1.140202,-1.642337,-2.085585,-1.923317,-1.811438,-2.130168,-2.748950,1.000000,65.183167
0.876971,1.573382,-0.180549,-0.666157,-0.666177,-0.428157,-1.261274,-1.247517,-1.059442,-1.307186,-1.871419,-1.000000,64.748932
-0.038626,0.309087,-0.579518,0.141859,0.141856,-0.115891,-1.222135,-1.335892,-1.137138,-1.324903,-1.801148,0.000000,64.840782
-0.102731,0.154107,-0.321042,0.283326,0.283334,-0.269678,-1.277767,-1.467398,-1.376649,-1.499931,-1.901278,0.000000,65.024498
-1.375007,0.000000,-2.525009,2.735335,2.735328,-2.219999,-3.428747,-3.812495,-3.832495,-3.925495,-4.292703,1.000000,66.803131
-0.509956,0.087064,-0.982588,0.499998,0.500011,-2.124389,-3.314684,-3.998347,-4.114433,-4.160204,-4.502907,0.000000,67.137154
-0.503064,0.061344,-0.907972,1.368157,1.368156,-2.473625,-3.869943,-4.863807,-5.152763,-5.188223,-5.497752,1.000000,68.055695
-0.487745,0.134137,-1.170589,0.625762,0.625760,-2.016824,-3.721495,-4.988006,-5.440186,-5.517859,-5.811888,1.000000,68.481560
0.036635,0.451823,-0.317501,-0.146317,-0.146324,-0.891436,-3.028450,-4.379855,-4.951149,-5.152761,-5.428008,0.000000,68.381355
1.183140,1.713088,-0.591565,-0.915866,-0.915855,0.305642,-1.644077,-3.088493,-3.796527,-4.085780,-4.345167,-1.000000,67.755081
0.049084,1.043065,-0.454051,0.431357,0.431358,0.142342,-1.645611,-3.024510,-3.926256,-4.289122,-4.511399,0.000000,68.047348
0.492974,0.862704,-0.456000,-0.429505,-0.429505,0.485578,-0.777672,-2.133764,-3.209887,-3.688442,-3.892041,0.000000,67.755081
1.407214,1.821839,-0.490013,-1.910280,-1.910279,1.834401,1.398415,0.082084,-1.115721,-1.685138,-1.898482,-1.000000,66.460770
-0.995032,0.223877,-0.995032,1.017721,1.017719,0.437809,0.691538,-0.674964,-1.846398,-2.464184,-2.756224,1.000000,67.137154
-1.098630,0.135783,-1.246753,0.758702,0.758699,-0.350569,0.058021,-1.107681,-2.287370,-2.983827,-3.334977,1.000000,67.646523
-0.233905,0.000000,-0.701708,0.271574,0.271570,-0.684472,-0.110793,-1.115350,-2.206695,-3.031882,-3.433047,0.000000,67.830231
1.162498,1.562491,-0.250000,-1.514216,-1.514222,0.557505,1.237505,0.610004,-0.414996,-1.352995,-1.837078,-1.000000,66.803131
-0.691358,0.308636,-0.691358,1.249997,1.250021,-0.335815,-0.137050,-0.356393,-1.329027,-2.336805,-2.886434,1.000000,67.638184
-0.760740,0.380364,-0.760740,0.617283,0.617271,-0.677301,-0.797546,-0.670758,-1.680984,-2.672395,-3.263396,1.000000,68.055695
1.095622,1.095622,-0.547806,-1.447857,-1.447849,0.610057,0.557766,0.815069,-0.041091,-1.036360,-1.690327,-1.000000,67.070351
0.585084,0.834057,-0.161833,0.012458,0.012456,0.373454,0.400839,0.796705,0.087752,-0.814152,-1.558996,0.000000,67.078705
-0.800496,0.283252,-1.169953,1.083029,1.083023,-0.406399,-0.667486,-0.307881,-0.759238,-1.590642,-2.410100,1.000000,67.805183
0.457409,0.457409,-0.445050,-0.381769,-0.381766,-0.051926,-0.126103,-0.018138,-0.178645,-0.966259,-1.845313,0.000000,67.546326
0.000000,0.492004,-0.442805,0.506857,0.506854,-0.605162,-0.519064,-0.570724,-0.471094,-1.272325,-2.128332,0.000000,67.888687
-0.901337,0.426313,-0.998784,0.984008,0.984008,-1.140068,-1.355660,-1.461629,-1.313030,-1.994640,-2.841655,1.000000,68.556717
0.109624,0.743001,-0.669919,0.000000,0.000000,-0.708889,-1.249691,-1.412096,-1.209498,-1.797807,-2.578562,0.000000,68.556717
0.564557,2.700053,-0.601367,-0.755179,-0.755186,0.115376,-0.316629,-0.634090,-0.458997,-0.857132,-1.588110,-1.000000,68.038986
0.531323,0.531323,-0.333620,-0.675006,-0.674994,0.805626,0.352151,0.151565,0.150741,-0.021260,-0.711734,-1.000000,67.579727
0.012318,0.283391,-0.431251,0.284197,0.284178,0.485468,0.025886,-0.069810,-0.178032,-0.142424,-0.837431,0.000000,67.771774
0.857464,0.857464,-0.671064,-0.850174,-0.850153,0.941956,0.902192,0.742298,0.636254,0.737161,0.149115,-1.000000,67.195610
-0.792960,0.148684,-1.139886,0.298246,0.298235,0.297363,0.649241,0.399790,0.288692,0.452984,-0.039232,0.000000,67.396011
1.306365,1.306365,-0.263792,-1.362902,-1.362901,1.213416,1.840221,1.754388,1.578321,1.746013,1.428631,-1.000000,66.477470
-0.758335,0.161611,-1.193436,1.042583,1.042586,0.047236,0.733462,0.658045,0.583041,0.618098,0.497676,1.000000,67.170555
0.336835,0.686132,-0.361768,-0.348092,-0.348096,0.147213,0.943119,0.898211,0.919419,0.883242,0.943953,0.000000,66.936737
0.788287,0.788287,-0.087587,-0.299398,-0.299401,0.310314,0.973478,1.167841,1.154286,1.125132,1.243751,0.000000,66.736328
-0.841475,0.235122,-0.841475,1.113614,1.113617,-0.769706,-0.298229,0.093225,0.014235,-0.022271,0.145612,1.000000,67.479515
-0.282903,0.246003,-0.430508,0.606362,0.606365,-0.952033,-0.921281,-0.501847,-0.508610,-0.616975,-0.466175,1.000000,67.888687
-0.331694,0.577394,-0.515972,0.123001,0.123001,-0.837842,-0.985261,-0.582312,-0.606266,-0.650124,-0.613432,0.000000,67.972191
0.967627,0.967627,-0.049619,-0.970517,-0.970519,0.245627,-0.083115,0.334946,0.312618,0.333956,0.307657,-1.000000,67.312508
0.099484,0.174094,-0.571998,-0.235704,-0.235698,0.606811,0.146725,0.432724,0.555829,0.541653,0.514795,0.000000,67.153854
0.449384,0.686560,-0.461863,-0.385473,-0.385480,0.821372,0.459368,0.655765,0.931220,0.874799,0.846338,0.000000,66.894989
1.119216,1.232398,0.000000,-0.736488,-0.736492,1.121735,1.193414,1.238268,1.574451,1.599101,1.526666,-1.000000,66.402313
-0.400104,0.387593,-0.550134,0.578472,0.578481,0.185041,0.553882,0.576805,0.933352,0.963736,0.958985,1.000000,66.786438
-0.929938,0.309985,-1.264726,0.837707,0.837690,-0.637310,-0.220694,-0.300875,0.054570,0.082841,0.130620,1.000000,67.345901
0.571854,1.069119,-0.223776,-0.260381,-0.260366,-0.372955,0.104421,-0.043102,0.212576,0.350071,0.368387,0.000000,67.170555
0.024808,0.707193,-0.558316,0.198907,0.198894,-0.449127,-0.120340,-0.250614,-0.079398,0.164276,0.143102,0.000000,67.304153
0.088118,0.591642,-0.881168,0.827688,0.827699,-0.836374,-0.944303,-0.933521,-0.912748,-0.654674,-0.627004,1.000000,67.861229
-0.139494,0.215570,-0.317026,-0.730105,-0.730109,0.064949,-0.305789,-0.185589,-0.199862,0.065269,0.090384,-1.000000,67.365768
0.215198,0.227855,-0.189875,0.177522,0.177537,-0.071056,-0.456855,-0.308285,-0.397950,-0.135975,-0.115169,0.000000,67.485367
0.826137,2.935946,-0.038126,-0.405062,-0.405067,0.347704,-0.043347,0.144358,0.008366,0.190159,0.298103,0.000000,67.212006
0.139909,0.381573,-0.228956,-0.076250,-0.076259,0.381582,0.072508,0.189143,0.067174,0.183479,0.378719,0.000000,67.160751
1.275437,1.726357,-0.154604,-1.271943,-1.271945,1.205879,1.347325,1.320834,1.343480,1.369661,1.596590,-1.000000,66.306503
1.077086,1.077086,-0.285484,-0.721471,-0.721477,1.474190,1.938257,1.840014,1.977997,1.999900,2.247907,-1.000000,65.828117
0.039002,0.676107,-0.832150,-0.194644,-0.194640,1.128591,1.886537,1.874998,2.082754,2.072683,2.336266,0.000000,65.699989
-0.375407,0.284792,-0.880262,0.442071,0.442076,0.313266,1.259271,1.309080,1.576941,1.550379,1.756224,0.000000,65.990433
-0.452484,0.736916,-0.452484,0.129448,0.129440,-0.144792,0.942478,1.095469,1.339414,1.339184,1.499528,0.000000,66.075851
0.090278,0.412741,-0.451444,0.232716,0.232719,-0.399851,0.461755,0.843364,0.978875,1.088927,1.172803,0.000000,66.229622
0.167303,0.386102,-0.218788,0.219268,0.219264,-0.453023,0.092667,0.581393,0.637620,0.819807,0.890943,0.000000,66.374840
0.218816,0.231687,-0.283178,-0.012869,-0.012863,-0.239417,-0.063075,0.495930,0.579281,0.798397,0.833331,0.000000,66.366302
0.607391,0.607391,-0.439396,-0.399022,-0.399022,0.193845,0.169290,0.790716,0.902619,1.163799,1.182116,0.000000,66.101486
0.129023,0.129023,-0.735386,0.167995,0.167993,0.067094,-0.141913,0.511768,0.681859,0.917596,0.952842,0.000000,66.212532
2.353404,2.353404,-0.105180,-1.870719,-1.870714,1.588213,1.556657,2.131644,2.491311,2.662021,2.800246,-1.000000,64.973885
1.068527,1.242154,-1.148657,-1.564562,-1.564555,2.446904,2.878316,3.399665,3.899159,4.042658,4.266709,-1.000000,63.957333
0.321370,0.749864,-0.348149,-0.253769,-0.253775,1.901445,2.841453,3.277089,3.885197,4.086815,4.367829,0.000000,63.795025
-1.063403,0.119632,-1.940718,0.736475,0.736479,0.584869,1.821076,2.216307,2.899626,3.146024,3.476609,1.000000,64.264862
0.605493,0.793870,-0.322927,-1.209627,-1.209641,0.958032,2.660130,3.082177,3.858999,4.194310,4.534034,-1.000000,63.487488
-0.524124,0.792908,-1.437971,0.121097,0.121109,0.392421,2.116651,2.669890,3.395376,3.889687,4.180820,0.000000,63.564377
-0.067118,0.510058,-0.765107,0.120960,0.120950,0.171813,1.563760,2.316779,2.977853,3.566503,3.828124,0.000000,63.641258
-0.441941,0.308023,-0.642826,0.228186,0.228201,-0.058936,0.928073,1.883833,2.453450,3.107493,3.407465,0.000000,63.786488
-0.426893,0.373536,-1.374063,0.388369,0.388350,-0.517599,0.214795,1.286032,1.808977,2.512707,2.845041,0.000000,64.034203
-0.319532,0.053260,-0.652375,0.200108,0.200116,-0.505922,-0.304882,0.884928,1.371990,2.112106,2.497677,0.000000,64.162346
-0.212793,0.372394,-0.252689,0.106509,0.106505,-0.404303,-0.526658,0.570120,1.102548,1.777373,2.275928,0.000000,64.230682
0.812252,0.998671,-0.266306,-0.119694,-0.119695,-0.125163,-0.376826,0.459838,1.093215,1.699075,2.261707,0.000000,64.153801
0.452364,0.824906,-0.199576,0.079896,0.079905,-0.074517,-0.392502,0.155220,0.896083,1.413513,2.016997,0.000000,64.205063
0.464495,0.464495,-0.132721,0.252799,0.252784,-0.222958,-0.627734,-0.276925,0.515599,0.981027,1.614598,0.000000,64.367363
1.798906,1.798906,-0.590676,-1.141349,-1.141333,0.762514,0.542351,0.604106,1.484090,1.925088,2.595425,-1.000000,63.632717
0.497315,0.497315,-1.048387,-0.120821,-0.120820,0.672039,0.662629,0.577057,1.396502,1.875264,2.493724,0.000000,63.555836
0.026892,0.927919,-0.537923,-0.053757,-0.053767,0.527166,0.697954,0.585439,1.226466,1.784830,2.347140,0.000000,63.521664
1.049619,1.608505,-0.613416,-1.344811,-1.344814,1.406765,1.892041,1.836608,2.311209,2.978739,3.486009,-1.000000,62.667416
1.123138,1.123138,-0.287625,-0.477104,-0.477098,1.251886,2.113410,2.122085,2.502400,3.240107,3.723237,0.000000,62.368431
0.218878,0.615587,-0.656644,0.123279,0.123282,0.746915,1.712713,1.885080,2.074548,2.880430,3.343813,0.000000,62.445320
-0.665758,0.421196,-1.453806,0.683990,0.683990,-0.154894,0.805703,1.119561,1.213991,1.967931,2.459688,1.000000,62.872440
1.111412,1.111412,-0.452797,-0.978258,-0.978265,0.425358,1.496983,1.970362,2.077387,2.710758,3.280736,-1.000000,62.257381
-0.691894,0.379872,-1.451626,1.138850,1.138858,-0.610498,0.157375,0.735313,0.862163,1.338218,1.973048,1.000000,62.966404
-0.710459,1.206428,-0.857907,1.207442,1.207439,-1.369974,-1.138072,-0.498664,-0.383382,-0.019843,0.638066,1.000000,63.726685
0.146302,0.292595,-0.930974,0.790878,0.790873,-1.587969,-1.820713,-1.272325,-1.107188,-0.927775,-0.247365,1.000000,64.230682
1.054623,2.082198,-0.446195,-1.635847,-1.635841,0.146018,-0.247437,0.258692,0.507024,0.606267,1.250670,-1.000000,63.179970
-1.287833,0.066387,-1.287833,1.838827,1.838831,-1.014343,-1.921141,-1.532134,-1.253325,-1.186411,-0.682870,1.000000,64.341743
0.773432,0.773432,-0.786776,-0.438129,-0.438126,-0.237372,-1.272177,-1.113935,-0.797450,-0.735041,-0.365836,0.000000,64.059845
-0.268460,0.308725,-0.939597,-0.653417,-0.653431,0.391950,-0.422816,-0.539595,-0.175838,-0.121342,0.160627,-1.000000,63.641258
-0.769021,0.119342,-1.127023,1.234890,1.234897,-0.771672,-1.329882,-1.670640,-1.372975,-1.281355,-1.153537,1.000000,64.427162
0.828876,0.828876,-0.481278,-0.822062,-0.822063,0.275406,-0.351600,-0.819961,-0.581547,-0.442243,-0.390371,-1.000000,63.897530
-0.093760,0.575939,-0.709888,-0.187157,-0.187154,0.286627,0.073661,-0.607204,-0.424599,-0.246995,-0.212974,0.000000,63.777943
0.863578,0.863578,-0.526245,-0.736672,-0.736683,0.793417,0.870331,0.197907,0.243559,0.463096,0.501958,-1.000000,63.308102
0.094176,1.130097,-0.242160,0.296846,0.296851,0.449352,0.535457,0.019739,-0.121748,0.131850,0.164138,0.000000,63.496033
0.743243,1.162162,-0.878375,-0.443963,-0.443969,0.513521,0.822983,0.546856,0.290550,0.518387,0.596405,0.000000,63.214130
-0.548063,0.093561,-1.162954,1.094600,1.094616,-0.572127,-0.155070,-0.433999,-0.767957,-0.590307,-0.474993,1.000000,63.906082
2.645638,2.782726,-0.068544,-2.486299,-2.486306,1.494170,2.065796,2.111032,1.665521,1.826453,1.991771,-1.000000,62.317181
-0.461014,0.325423,-0.800006,1.096638,1.096633,0.295597,0.790512,1.007011,0.589158,0.645428,0.843846,1.000000,63.000572
0.587357,1.120071,-0.273191,-0.732205,-0.732197,0.729407,1.357735,1.625459,1.344760,1.270863,1.507988,-1.000000,62.539284
-0.675226,0.364613,-1.188394,1.147388,1.147386,-0.399731,0.022954,0.370017,0.259281,0.098308,0.308796,1.000000,63.256851
-0.081458,0.325820,-0.217213,-0.526672,-0.526678,-0.184629,0.397777,0.874291,0.794193,0.588111,0.770661,-1.000000,62.923691
0.217244,0.787504,-0.366604,-0.013575,-0.013580,0.019014,0.274276,0.736825,0.860156,0.563211,0.718722,0.000000,62.915146
-0.258886,0.490534,-0.885676,-0.353027,-0.353014,0.275241,0.531406,0.948357,1.195667,0.921106,0.995140,0.000000,62.693047
-0.797625,1.189669,-0.905777,0.790304,0.790295,-0.305528,-0.305527,0.109055,0.359608,0.181698,0.141051,1.000000,63.188507
0.027086,0.392637,-0.473864,-0.148715,-0.148715,-0.208498,-0.176000,0.117347,0.419045,0.372064,0.261766,0.000000,63.094536
0.638586,0.638586,-0.923916,-0.352014,-0.352005,0.127711,0.012224,0.362315,0.749317,0.726627,0.579707,0.000000,62.872440
-0.323886,0.080974,-0.526316,0.679343,0.679350,-0.426457,-0.507429,-0.365278,-0.012826,0.112815,-0.110667,1.000000,63.299564
1.015714,1.923075,-0.243767,-0.350874,-0.350887,0.046048,-0.144904,-0.038819,0.261380,0.472377,0.262735,0.000000,63.077454
-0.337836,0.270274,-0.432432,0.216685,0.216680,-0.162156,-0.254047,-0.284676,0.010819,0.222712,0.090550,0.000000,63.214130
-0.708842,0.120368,-1.257188,1.040541,1.040552,-0.946906,-1.184972,-1.242925,-1.062595,-0.831886,-0.865768,1.000000,63.871906
1.401358,1.619044,-0.326530,-1.698538,-1.698537,0.737408,0.500672,0.344663,0.558496,0.856591,0.842623,-1.000000,62.787018
0.438787,0.767869,-0.562180,-0.775518,-0.775515,1.203892,1.187438,1.127105,1.225830,1.513778,1.633071,-1.000000,62.300095
0.027260,0.790617,-0.218101,0.589612,0.589599,0.479830,0.590244,0.498914,0.581384,0.829884,1.021452,1.000000,62.667416
0.960350,1.262178,-0.068600,-0.640675,-0.640673,0.823161,1.090685,1.117666,1.131157,1.391687,1.594642,-1.000000,62.265923
-0.275258,0.344066,-0.578030,-0.315546,-0.315543,0.561521,1.245528,1.310211,1.359070,1.560694,1.800166,0.000000,62.069447
0.843280,1.025997,-0.323261,-2.078167,-2.078166,2.035131,3.049889,3.225104,3.252980,3.510886,3.828994,-1.000000,60.779541
0.348867,1.241982,-0.376774,0.716790,0.716784,0.954512,1.976003,2.305336,2.428138,2.606759,2.919812,1.000000,61.215199
-0.737742,0.278402,-0.737742,0.251183,0.251189,0.278398,1.442095,1.905161,2.038560,2.223276,2.515778,0.000000,61.368965
-0.402166,0.429899,-0.485375,0.375840,0.375832,-0.313406,0.800172,1.351644,1.580230,1.717382,2.021454,0.000000,61.599609
1.120445,1.120445,-0.084036,-0.984605,-0.984600,0.324928,1.330531,2.129784,2.404760,2.583192,2.848271,-1.000000,60.993099
0.278623,0.640847,-0.543327,0.532215,0.532224,-0.030661,0.554460,1.420068,1.731668,1.871261,2.163543,0.000000,61.317719
-0.456251,0.055296,-1.078390,0.766229,0.766214,-0.605554,-0.293098,0.485740,0.866864,1.062357,1.279325,1.000000,61.787544
0.672267,0.672267,-0.784312,-1.285774,-1.285769,0.565826,0.731092,1.566759,2.041315,2.247058,2.471988,-1.000000,60.993099
-0.568180,0.263310,-0.942342,1.064418,1.064416,-0.479481,-0.430978,0.327060,0.841195,1.111982,1.292507,1.000000,61.642319
-0.343640,0.302407,-0.824745,0.817632,0.817635,-0.915462,-1.226116,-0.671705,-0.052919,0.220482,0.413748,1.000000,62.146328
-1.088443,0.176863,-1.088443,1.030932,1.030938,-1.458512,-1.914294,-1.685269,-1.079600,-0.810893,-0.670303,1.000000,62.787018
-0.297300,0.054059,-0.675671,0.680268,0.680255,-1.672966,-2.260803,-2.253145,-1.754722,-1.462154,-1.294136,1.000000,63.214130
-0.202567,0.162047,-1.012834,0.067571,0.067581,-1.023639,-2.028364,-2.257039,-1.806892,-1.493050,-1.347293,0.000000,63.256851
-1.285664,0.013391,-1.352618,0.837271,0.837280,-1.173172,-2.499007,-2.909703,-2.577352,-2.273482,-2.101258,1.000000,63.786488
-0.026797,0.776849,-0.415216,-0.013390,-0.013396,-0.648276,-2.049296,-2.718107,-2.571666,-2.217527,-2.060907,0.000000,63.777943
0.402470,0.415884,-0.228065,-0.160734,-0.160734,-0.209283,-1.521332,-2.258297,-2.345052,-2.009661,-1.863879,0.000000,63.675430
-1.733723,0.410270,-1.733723,1.368391,1.368382,-1.143450,-2.423231,-3.233625,-3.489272,-3.255154,-3.104368,1.000000,64.546753
0.264101,0.409349,-0.448959,0.224984,0.224992,-0.921690,-2.070511,-3.108408,-3.549449,-3.372505,-3.218889,0.000000,64.691978
0.079800,0.079800,-0.478780,-0.713060,-0.713065,-0.071811,-0.964215,-2.139460,-2.703809,-2.615233,-2.469735,-1.000000,64.230682
0.066748,0.307076,-0.400535,-0.385681,-0.385682,0.379169,-0.293724,-1.449042,-2.177570,-2.231241,-2.045838,0.000000,63.982956
-0.093397,0.373586,-0.533687,0.066748,0.066751,0.421615,-0.166773,-1.232817,-1.989321,-2.219074,-2.051140,0.000000,64.025665
-0.346895,0.280191,-0.573710,0.000000,0.000000,0.258840,-0.040021,-0.999773,-1.769842,-2.111269,-2.013337,0.000000,64.025665
-0.159749,0.599033,-0.479237,0.226826,0.226836,-0.130472,-0.123813,-0.893693,-1.773840,-2.239096,-2.178304,0.000000,64.170898
0.387342,0.627755,-0.146917,-0.332810,-0.332807,0.117532,0.236403,-0.321451,-1.261526,-1.806871,-1.812926,0.000000,63.957333
-0.917666,0.053203,-0.917666,0.427407,0.427393,-0.231406,-0.119690,-0.529317,-1.429703,-2.090163,-2.212165,0.000000,64.230682
-0.823374,0.278888,-0.823374,0.146302,0.146315,-0.284204,-0.164686,-0.515282,-1.339984,-2.012759,-2.275353,0.000000,64.324661
0.079012,0.579407,-0.026334,0.849932,0.849931,-0.863842,-0.956025,-1.183396,-1.933770,-2.613122,-2.966823,1.000000,64.871376
0.662071,0.847454,-0.423728,-0.553064,-0.553074,-0.206566,-0.432998,-0.504060,-1.115599,-1.876589,-2.331833,-1.000000,64.512589
1.469795,1.469795,-0.229232,-1.800853,-1.800849,1.432041,1.254047,1.274722,0.832660,0.033442,-0.483639,-1.000000,63.350815
0.417790,0.417790,-0.673860,0.053942,0.053947,1.110508,1.105114,1.178787,0.876003,0.130450,-0.468113,0.000000,63.384991
0.854572,1.309440,0.000000,-2.223717,-2.223719,2.651959,3.073736,3.297027,3.104746,2.450163,1.859857,-1.000000,61.975487
1.089843,1.313399,-0.153691,-1.350797,-1.350802,2.836387,4.012858,4.339808,4.346795,3.810535,3.250431,-1.000000,61.138321
0.461871,0.643809,-0.209937,-0.167673,-0.167667,1.869842,3.673900,4.115699,4.340098,3.987683,3.405644,0.000000,61.035812
-1.279583,0.165112,-1.568512,1.721486,1.721488,-0.261420,1.618050,2.123461,2.437393,2.256463,1.681797,1.000000,62.086536
1.464166,1.647191,-0.309730,-2.270223,-2.270236,1.162897,3.392942,4.132534,4.561459,4.534992,4.026474,-1.000000,60.677025
-0.196219,0.196219,-0.784861,0.450513,0.450512,0.372817,2.375623,3.329139,3.868964,3.945629,3.539835,0.000000,60.950382
1.012116,1.696362,-0.071280,-1.681846,-1.681842,1.684959,3.301498,4.640534,5.260157,5.504206,5.207413,-1.000000,59.925293
-1.229343,0.480426,-1.257601,0.883821,0.883822,0.601947,1.725307,3.314022,3.987564,4.394516,4.256039,1.000000,60.454926
1.952274,2.154735,-0.506152,-2.289107,-2.289105,1.937812,3.383947,5.182935,5.986984,6.520895,6.553385,-1.000000,59.071049
0.231179,0.375665,-0.881377,0.086771,0.086767,1.323507,2.573327,4.515726,5.484034,6.113567,6.290517,0.000000,59.122303
0.908292,1.215942,-0.600642,-1.372643,-1.372644,1.828313,3.372408,5.282754,6.462068,7.222395,7.513928,-1.000000,58.310764
2.018410,2.018410,-0.771745,-1.289185,-1.289182,2.336007,4.100625,5.810828,7.290744,8.137136,8.590585,-1.000000,57.559032
-1.272565,0.784245,-1.938446,0.296830,0.296838,1.089069,3.219876,4.714403,6.415350,7.334704,7.950073,0.000000,57.729889
-1.494929,2.351225,-1.494929,1.953240,1.953231,-0.920175,0.693757,2.199323,3.943396,4.913208,5.602805,1.000000,58.857487
0.999133,1.853457,-0.535767,0.232219,0.232217,-1.193163,0.175212,1.466361,3.258765,4.331889,5.087849,0.000000,58.994164
1.186113,2.211153,-0.322157,-1.114973,-1.114966,-0.070290,0.856638,2.194559,3.909794,5.118170,5.967683,-1.000000,58.336399
-0.604312,0.086334,-1.381291,1.771848,1.771844,-1.199992,-0.992799,0.216793,1.637418,2.974398,3.832142,1.000000,59.370029
0.086123,0.186597,-0.861196,0.244603,0.244605,-0.841104,-1.392272,-0.198071,0.969578,2.410227,3.288845,0.000000,59.515251
1.129943,1.129943,-0.101407,-0.918614,-0.918618,0.115896,-0.495430,0.374723,1.534124,3.021304,3.949017,-1.000000,58.968533
0.436683,1.411932,-0.116447,-0.478051,-0.478043,0.491989,-0.091706,0.630759,1.621541,3.138282,4.147500,0.000000,58.686638
-0.143800,0.661490,-0.273231,1.222711,1.222704,-0.362384,-1.114466,-0.758316,0.177596,1.561118,2.630143,1.000000,59.404202
0.086633,0.822994,-0.418715,-0.402652,-0.402648,-0.028877,-0.443255,-0.442773,0.415827,1.585912,2.771205,0.000000,59.165012
0.261094,0.275609,-0.855809,-0.462026,-0.462025,0.223381,0.216129,-0.157625,0.699884,1.675662,2.949427,0.000000,58.891655
1.097459,1.097459,-0.043893,-0.870325,-0.870322,0.901376,1.014046,0.639937,1.266462,2.227687,3.534779,-1.000000,58.379108
1.216070,1.216070,-0.652533,-1.331569,-1.331571,1.886394,2.135540,1.822130,2.366151,3.205689,4.548416,-1.000000,57.601749
0.491433,0.967977,-0.163809,-0.415250,-0.415253,1.599406,2.391660,2.136511,2.480269,3.314372,4.579799,0.000000,57.362556
-0.735289,0.426473,-0.735289,1.265824,1.265824,-0.041176,0.891175,0.920588,1.041177,1.812941,2.883334,1.000000,58.088665
-0.916096,0.174488,-1.512283,1.132354,1.132352,-1.209828,-0.369347,-0.094033,-0.235567,0.517087,1.404200,1.000000,58.746433
0.573528,0.676471,-0.205885,-1.119675,-1.119673,-0.191176,0.607353,0.949019,0.809558,1.380000,2.250491,-1.000000,58.088665
0.118062,0.590316,-0.147577,-0.352940,-0.352938,0.259737,0.824968,1.178666,1.059619,1.546042,2.295845,0.000000,57.883648
0.634503,0.634503,-1.077170,0.014757,0.014755,0.427918,0.548915,1.112585,1.008558,1.319758,2.045644,0.000000,57.892189
-0.904981,0.708898,-1.659124,-2.169103,-2.169103,2.141781,2.331826,3.032680,3.166668,3.333937,4.043239,-1.000000,56.636448
0.699195,1.276779,-0.410402,-0.769224,-0.769224,2.027659,2.646294,3.438206,3.830363,3.832187,4.562997,-1.000000,56.200787
-1.067840,0.135357,-1.067840,1.063991,1.063992,0.499319,1.287406,2.094544,2.556016,2.579027,3.151845,1.000000,56.798759
0.075045,0.360209,-0.990539,0.210549,0.210545,-0.051021,0.954532,1.672927,2.158193,2.208621,2.714999,0.000000,56.918346
-1.725664,0.619476,-1.725664,1.755966,1.755965,-1.766955,-0.691733,-0.252697,0.359151,0.417706,0.767952,1.000000,57.917812
-1.298706,1.399707,-1.645025,2.212398,2.212404,-3.027423,-2.653686,-2.407895,-1.827569,-1.645029,-1.454071,1.000000,59.199188
1.402276,1.504525,-0.146067,-1.212123,-1.212130,-1.057550,-1.504526,-1.257180,-0.711363,-0.386794,-0.357385,-1.000000,58.481617
0.961251,1.257025,-0.147881,-1.226996,-1.226996,0.505769,-0.337174,-0.101544,0.417779,0.774922,0.804992,-1.000000,57.764050
-1.102772,0.617563,-1.102772,0.576753,0.576760,0.335241,-0.871934,-0.617560,-0.208797,0.135270,0.168108,1.000000,58.097210
0.621941,1.288313,-0.666374,-0.705776,-0.705779,0.968457,-0.202875,0.126361,0.351692,0.802010,0.844066,-1.000000,57.687172
-0.059186,0.680576,-1.686644,0.088851,0.088848,0.372835,-0.100608,-0.002960,0.139072,0.599495,0.764904,0.000000,57.738426
1.308183,2.677218,-0.212963,-2.737093,-2.737096,2.369945,2.703075,2.503806,2.713724,3.191362,3.507253,-1.000000,56.158070
-2.500004,0.282733,-2.500004,2.220873,2.220879,0.020829,0.577374,0.197415,0.397316,0.840470,1.174100,1.000000,57.405273
-0.558169,0.205642,-0.763812,1.309521,1.309517,-1.251467,-0.509694,-1.066392,-0.852673,-0.499412,-0.181649,1.000000,58.157005
0.102671,0.469345,-0.689351,0.146882,0.146883,-1.205629,-0.599879,-1.171406,-0.922555,-0.725137,-0.333429,0.000000,58.242428
-1.762500,0.520073,-2.181457,1.525382,1.525376,-2.219011,-2.104882,-2.375035,-2.323027,-2.219011,-1.844361,1.000000,59.130844
1.676876,1.720627,-0.481188,-0.924597,-0.924590,-0.478271,-1.173809,-1.192765,-1.425340,-1.327498,-0.981333,-1.000000,58.584126
-1.317889,0.260678,-1.375823,0.685341,0.685339,-0.619846,-1.639396,-1.618157,-2.020280,-1.958006,-1.654362,1.000000,58.985626
0.832963,0.891412,-0.467642,-0.897899,-0.897895,0.382864,-0.686842,-0.551425,-1.083599,-1.011262,-0.776473,-1.000000,58.455997
0.529884,0.750667,-0.588754,-0.716069,-0.716077,1.036216,0.089792,0.179578,-0.357661,-0.250803,-0.139332,-1.000000,58.037407
-0.348583,0.813360,-0.479301,1.339421,1.339429,-0.406684,-1.050113,-1.188095,-1.489474,-1.519830,-1.479066,1.000000,58.814777
-1.460898,0.472652,-2.334575,1.408854,1.408847,-1.435110,-1.840439,-2.431005,-2.569457,-2.827835,-2.805779,1.000000,59.643387
-0.685910,0.528724,-1.371818,0.229161,0.229162,-1.394679,-1.667614,-2.429259,-2.542864,-2.936833,-2.949884,0.000000,59.780067
1.449486,1.971293,-0.101465,-1.414682,-1.414677,0.182627,-0.124662,-0.934441,-0.973336,-1.472683,-1.481864,-1.000000,58.934372
-0.903484,0.401553,-1.032552,1.072613,1.072612,-0.367130,-0.962282,-1.775418,-1.885844,-2.405850,-2.404034,1.000000,59.566509
-0.170897,0.000000,-0.882940,0.702717,0.702722,-0.672183,-1.510975,-2.211155,-2.504994,-2.863581,-2.979693,1.000000,59.985096
0.762153,1.092898,-0.402652,-0.968387,-0.968397,0.218583,-0.409833,-0.890612,-1.473969,-1.698013,-1.994054,-1.000000,59.404202
-0.172087,0.358523,-0.975183,0.273219,0.273225,-0.126197,-0.583678,-0.918781,-1.591135,-1.780008,-2.178401,0.000000,59.566509
-0.114286,1.142854,-0.585722,0.387213,0.387204,-0.222852,-0.742853,-1.118091,-1.828566,-1.966281,-2.449043,0.000000,59.797153
0.371850,0.629283,-0.457665,-0.114286,-0.114273,-0.054354,-0.346117,-0.839061,-1.545345,-1.732845,-2.234943,0.000000,59.728821
-0.142609,0.869939,-0.470618,0.286035,0.286028,-0.367936,-0.449225,-1.036313,-1.645745,-1.966338,-2.332187,0.000000,59.899662
0.706150,0.850261,-1.369070,-1.041068,-1.041068,0.636979,0.536101,0.082626,-0.348032,-0.881394,-1.131767,-1.000000,59.276066
0.086185,0.660731,-0.847462,0.331460,0.331466,0.272905,0.152251,-0.193436,-0.503452,-1.093943,-1.308537,0.000000,59.472546
-0.529558,0.586802,-0.858741,0.359090,0.359087,-0.123084,-0.080148,-0.413148,-0.731358,-1.341348,-1.507084,0.000000,59.686104
0.259325,1.267824,-0.259325,-0.658366,-0.658364,0.391873,0.535946,0.388032,0.015127,-0.579168,-0.777026,-1.000000,59.293152
2.013515,2.175191,-0.220459,-1.973773,-1.973771,1.801875,2.239850,2.329993,1.942231,1.449139,1.159113,-1.000000,58.122841
0.605788,1.536639,-0.428490,-0.529105,-0.529109,1.838064,2.508865,2.663515,2.417996,2.103428,1.658786,-1.000000,57.815308
0.402798,1.805155,-0.179030,-0.960397,-0.960396,2.052809,3.100099,3.365652,3.260475,3.083389,2.615241,-1.000000,57.260052
-0.622678,0.429951,-0.667164,0.626580,0.626573,0.699785,2.080067,2.569811,2.544854,2.404157,1.948610,1.000000,57.618828
-0.308782,1.588003,-0.441113,0.830242,0.830253,-0.541097,0.958681,1.556632,1.705629,1.550946,1.132674,1.000000,58.097210
2.728365,2.728365,-0.045228,-2.455516,-2.455516,1.450099,2.930353,3.723236,4.076718,3.933667,3.615709,-1.000000,56.670624
-0.089769,0.882710,-0.388985,0.753688,0.753674,0.439867,1.778887,2.678048,3.075265,3.052076,2.895482,1.000000,57.097736
0.030092,1.143203,-0.285795,-0.538604,-0.538594,0.818294,1.857707,2.908148,3.370192,3.455480,3.416571,-1.000000,56.790211
-1.006404,1.723081,-1.753586,-1.353785,3.749412,-2.383679,-1.953449,-0.910166,-0.366777,-0.251842,-0.277674,1.000000,58.919510
1.804040,1.804040,-0.326591,-1.951815,-1.951812,-0.553914,-0.265415,0.836275,1.461056,1.715262,1.680177,-1.000000,57.769512
-0.701649,0.213535,-0.869435,1.959569,1.959565,-1.707664,-2.050014,-1.214671,-0.580908,-0.233716,-0.286995,1.000000,58.901543
-0.722998,0.165695,-0.722998,1.266007,1.266006,-2.081633,-2.967436,-2.408179,-1.803451,-1.480714,-1.474174,1.000000,59.647240
-1.104814,1.000302,-2.090178,0.888694,0.888695,-1.818453,-3.337384,-3.189755,-2.617680,-2.322132,-2.276045,1.000000,60.177322
-0.341754,0.950964,-0.356611,0.477752,0.477753,-1.774145,-3.326311,-3.564211,-3.025504,-2.685327,-2.629961,0.000000,60.464821
1.095269,1.395350,-0.210055,-0.965820,-0.965819,-0.111032,-2.085649,-2.558303,-2.067078,-1.715279,-1.577754,-1.000000,59.880840
1.213417,1.820119,-0.106162,-1.080279,-1.080280,1.092072,-0.583600,-1.369110,-1.053767,-0.692657,-0.479318,-1.000000,59.233959
-0.194457,0.403895,-0.403884,1.395422,1.395424,-0.161555,-1.458488,-2.477271,-2.350179,-2.015634,-1.825790,1.000000,60.060524
-0.313155,0.387709,-0.715775,0.314139,0.314135,-0.450342,-1.192959,-2.451911,-2.591517,-2.277149,-2.107269,0.000000,60.249195
-2.644132,0.231179,-2.759722,3.206089,3.206086,-2.990898,-3.737899,-4.993120,-5.416899,-5.159560,-4.974263,1.000000,62.180836
-0.930573,0.730130,-0.930573,0.924718,0.924722,-2.963495,-3.825340,-5.368726,-6.007630,-5.835596,-5.675532,1.000000,62.755836
-1.761058,0.436743,-1.972387,1.617747,1.617744,-3.085371,-4.592837,-6.132962,-7.061128,-7.091852,-6.979274,1.000000,63.771065
0.595824,0.595824,-0.624206,-0.690332,-0.690326,-1.378923,-3.347995,-4.824327,-5.979634,-6.189924,-6.125991,-1.000000,63.330837
0.328431,0.685418,-0.057113,-0.652575,-0.652586,0.117099,-2.277588,-3.549899,-4.912444,-5.354695,-5.331823,-1.000000,62.917549
0.965969,0.965969,-0.893886,-0.956727,-0.956725,1.127449,-1.036621,-2.254902,-3.617076,-4.271667,-4.282645,-1.000000,62.315601
-0.462627,0.332514,-1.055366,-0.273938,-0.273935,1.208615,-0.400463,-1.517034,-3.026659,-3.825159,-3.890128,0.000000,62.144897
0.000000,0.143893,-1.366903,0.477082,0.477088,0.302156,-0.359714,-1.606716,-3.025017,-4.005173,-4.210794,0.000000,62.441383
-0.244602,0.848927,-1.007194,0.000000,0.000000,0.017264,0.021581,-1.308395,-2.597123,-3.708826,-4.041819,0.000000,62.441383
0.028849,0.663591,-0.764572,-0.258989,-0.258995,0.072130,0.607328,-0.827082,-1.903490,-3.136398,-3.642404,0.000000,62.279663
-1.225245,0.598383,-1.410461,1.255047,1.255041,-0.931749,-0.500064,-1.781822,-2.790987,-3.991789,-4.658333,1.000000,63.061298
2.177087,2.177087,0.000000,-2.493226,-2.493222,1.388074,1.838103,0.903951,-0.002925,-1.316239,-2.101433,-1.000000,61.489040
0.322820,0.777700,-0.425535,-0.423733,-0.423729,1.423328,1.856197,1.550499,0.612617,-0.598547,-1.515769,0.000000,61.228493
-0.219172,0.263000,-0.452952,0.425536,0.425532,0.683808,1.125070,1.275080,0.336058,-0.734076,-1.733922,0.000000,61.489040
0.588494,0.647337,-0.058855,-0.686733,-0.686731,0.982782,1.521255,2.064631,1.102688,0.232451,-0.846642,-1.000000,61.066776
-1.117402,0.623996,-1.262514,1.382963,1.382958,-0.766215,0.071108,0.643351,-0.159628,-0.941517,-1.968077,1.000000,61.911304
-1.301305,0.085803,-1.301305,1.480190,1.480190,-1.787499,-1.279849,-0.817007,-1.381380,-2.064348,-3.146994,1.000000,62.827709
-1.403849,0.141812,-1.403849,0.843695,0.843696,-1.937033,-1.961140,-1.690295,-1.881021,-2.602377,-3.605482,1.000000,63.357784
0.269690,0.723910,-0.865864,-0.099252,-0.099254,-1.268988,-1.728889,-1.596407,-1.528037,-2.275091,-3.183348,0.000000,63.294899
-1.003248,0.508684,-1.752155,0.454220,0.454220,-0.924121,-1.968348,-1.971645,-1.711177,-2.502755,-3.265036,0.000000,63.582397
0.413108,0.413108,-1.552706,-0.805433,-0.805429,0.247865,-1.170937,-1.095914,-0.842590,-1.545866,-2.260206,-1.000000,63.070286
-0.749224,0.212046,-1.427763,0.769231,0.769232,-0.288380,-1.600225,-1.702949,-1.536612,-2.066157,-2.702854,1.000000,63.555443
1.642655,1.642655,-0.677233,-1.894258,-1.894256,1.314118,0.479824,0.185396,0.250717,0.024781,-0.639772,-1.000000,62.351540
0.115207,0.532825,-0.892858,0.057642,0.057644,0.964853,0.565947,0.121918,0.117357,0.116349,-0.550605,0.000000,62.387482
0.546057,0.919681,-0.890933,0.216004,0.216002,0.408108,0.581982,-0.068015,-0.130045,0.045986,-0.639937,0.000000,62.522240
-0.372715,0.315358,-0.745416,0.244297,0.244297,0.037267,0.458709,-0.352643,-0.344760,-0.166291,-0.764533,0.000000,62.674980
-2.020479,0.406906,-2.469486,2.164559,2.164546,-1.933481,-1.481679,-2.199138,-2.308815,-2.201758,-2.650942,1.000000,64.031609
1.271060,1.942297,-0.299918,-1.753892,-1.753878,-0.005717,0.205651,-0.275165,-0.527712,-0.510717,-0.718372,-1.000000,62.908573
-0.482266,0.524826,-0.695032,0.685516,0.685509,-0.385813,-0.469500,-0.759334,-1.134039,-1.187515,-1.221746,1.000000,63.339817
0.225448,0.774975,-0.295892,0.666666,0.666664,-0.656611,-1.100460,-1.134747,-1.672532,-1.788919,-1.692259,1.000000,63.762081
0.055783,0.348673,-0.418412,1.028611,1.028613,-1.126923,-1.898190,-1.881919,-2.568343,-2.658302,-2.577410,1.000000,64.417946
-0.125713,0.251428,-0.782230,-0.153423,-0.153422,-0.885598,-1.628718,-1.576569,-2.198630,-2.373515,-2.346696,0.000000,64.319115
-0.028082,0.238730,-0.505540,-0.530802,-0.530797,-0.022472,-0.849602,-0.986755,-1.461875,-1.756497,-1.814822,-1.000000,63.977711
1.223850,1.223850,0.000000,-1.320038,-1.320041,1.249466,0.594847,0.320668,-0.013520,-0.398464,-0.511836,-1.000000,63.133179
0.070864,0.425232,-0.496107,0.398467,0.398459,0.728565,0.331682,-0.098272,-0.227495,-0.724022,-0.882114,0.000000,63.384739
0.113282,0.254882,-0.594739,0.099222,0.099231,0.322849,0.354000,-0.157657,-0.205331,-0.798081,-0.920898,0.000000,63.447636
-0.212675,0.666384,-0.836528,-0.127442,-0.127439,0.150283,0.377135,-0.050106,-0.035456,-0.552966,-0.730196,0.000000,63.366779
1.009956,1.067661,-0.735829,-1.729764,-1.729775,1.364889,2.041558,1.700578,1.636855,1.264469,1.008037,-1.000000,62.270676
0.389549,0.894532,-0.591542,0.000000,0.000000,1.087872,1.869865,1.688073,1.554615,1.314678,0.998899,0.000000,62.270676
-1.351155,0.014373,-1.351155,0.375123,0.375125,0.428352,1.287918,1.306124,1.088837,1.028035,0.633421,0.000000,62.504269
0.551446,1.480190,-0.232187,-0.948679,-0.948679,0.893919,1.853142,2.194166,1.963431,1.995647,1.535336,-1.000000,61.911304
2.828650,3.066851,-0.253088,-2.525039,-2.525035,2.507070,3.833559,4.434522,4.338993,4.473428,4.102529,-1.000000,60.348022
-0.707128,0.368307,-0.707128,1.057017,1.057014,1.013557,2.256931,3.132005,3.135689,3.225111,3.000401,1.000000,60.985909
0.563297,0.563297,-0.637408,-0.618734,-0.618731,1.093979,2.477023,3.473663,3.631040,3.690483,3.593241,-1.000000,60.608570
1.211301,1.211301,-0.672949,-0.874586,-0.874588,1.178400,2.830861,3.977863,4.342002,4.372060,4.452415,-1.000000,60.078495
0.166384,0.983205,-0.468916,-1.136536,-1.136533,1.494474,3.330807,4.609484,5.265461,5.324454,5.512020,-1.000000,59.395683
0.090487,0.678632,-0.452422,0.302519,0.302520,0.928971,2.382747,3.763134,4.573972,4.739558,5.011814,0.000000,59.575367
-0.613401,0.673251,-0.718131,0.799278,0.799273,-0.182521,1.201378,2.504492,3.506885,3.755839,3.995615,1.000000,60.051537
0.780069,1.470140,-0.270035,-0.269296,-0.269297,-0.153014,1.077107,2.420242,3.498350,3.869187,4.086909,0.000000,59.889820
-0.119136,0.044671,-0.804170,0.735070,0.735068,-0.798208,-0.020844,1.335324,2.458681,2.965903,3.147685,1.000000,60.330051
-0.014924,0.522394,-0.134326,-0.223382,-0.223373,-0.310451,-0.082092,1.201988,2.337311,3.031639,3.219401,0.000000,60.195290
0.760462,1.079846,-0.243346,-1.865670,-1.865679,1.414452,1.601526,2.641322,3.838789,4.654607,4.928777,-1.000000,59.072239
-0.227102,0.348221,-0.454203,0.456275,0.456280,0.714608,0.862982,1.846074,2.976532,3.938833,4.283118,0.000000,59.341774
-0.768413,0.180809,-1.220426,0.484480,0.484478,0.141630,0.212447,1.059717,2.186231,3.188792,3.626138,0.000000,59.629272
-0.480985,0.330679,-0.480985,0.241071,0.241073,-0.285585,-0.079662,0.512051,1.638360,2.673683,3.223610,0.000000,59.773022
-0.105503,0.844007,-0.617933,-0.270551,-0.270552,-0.211005,0.227579,0.527504,1.592312,2.629690,3.332327,0.000000,59.611305
0.601140,2.374520,0.000000,0.286355,0.286355,-0.258488,-0.024043,0.177340,1.002407,2.033067,2.800325,0.000000,59.782005
-0.089932,0.344776,-0.359765,0.255483,0.255483,-0.314792,-0.298302,-0.194868,0.550147,1.503229,2.372964,0.000000,59.934738
-0.314045,0.059812,-0.448633,0.239855,0.239856,-0.403775,-0.505465,-0.492504,0.127106,1.056970,1.947056,0.000000,60.078495
0.876128,1.299093,-0.785502,-1.001949,-1.001948,0.504529,0.358003,0.447127,0.885949,1.816916,2.738669,-1.000000,59.476540
0.212563,0.622529,-1.153966,-0.513590,-0.513591,0.874577,0.703000,0.940372,1.175213,2.053440,2.973473,-1.000000,59.171074
1.420764,1.420764,-0.124907,-2.748258,-2.748260,2.947699,3.283373,3.557637,3.790788,4.532708,5.491023,-1.000000,57.544899
-0.963153,0.779697,-1.345355,2.123335,2.123340,0.409727,1.038068,1.258727,1.443970,2.120777,3.002090,1.000000,58.766773
0.859949,0.859949,-0.491399,-0.443354,-0.443353,0.319409,1.296065,1.552002,1.716059,2.318178,3.197171,0.000000,58.506229
-1.480815,0.559072,-1.480815,1.627769,1.627763,-1.293443,-0.379271,-0.172260,0.034751,0.474460,1.324163,1.000000,59.458572
1.785717,1.785717,-0.170808,-2.689636,-2.689631,0.981362,2.071423,2.317799,2.666919,2.971422,3.802788,-1.000000,57.859356
0.359714,0.359714,-1.235538,-0.714288,-0.714291,1.673445,2.399125,2.865185,3.220205,3.510164,4.206024,-1.000000,57.446072
0.791767,0.807601,-0.047500,-1.235538,-1.235536,2.229616,3.116393,3.845872,4.219321,4.505465,5.184482,-1.000000,56.736305
-0.808079,1.103339,-0.885777,1.900240,1.900238,0.083918,0.801867,1.700079,2.096349,2.363326,2.966071,1.000000,57.814430
-0.597334,0.398232,-1.148718,1.460759,1.460756,-1.629647,-0.788782,0.109262,0.484000,0.792776,1.265130,1.000000,58.658958
-0.922973,0.060529,-1.255854,1.225299,1.225303,-2.308970,-1.954905,-1.128759,-0.801176,-0.428502,-0.102885,1.000000,59.377708
-1.692118,0.524115,-1.811913,1.044033,1.044033,-2.467805,-2.559147,-2.126382,-1.749024,-1.429168,-1.154535,1.000000,59.997631
0.119903,0.419656,-0.734421,-0.089838,-0.089840,-1.309958,-2.275184,-2.037373,-1.610466,-1.347726,-1.123605,0.000000,59.943729
0.120138,1.516744,-0.105122,-0.194848,-0.194846,-0.444515,-1.863645,-1.874157,-1.401864,-1.159336,-0.974123,0.000000,59.826931
-0.795320,0.090027,-1.005407,0.075090,0.075093,-0.114053,-1.868256,-1.903769,-1.467595,-1.264115,-1.059933,0.000000,59.871857
0.242105,0.242105,-0.741410,-0.825342,-0.825344,0.717211,-0.795880,-1.064200,-0.667266,-0.497498,-0.237550,-1.000000,59.377708
-0.754609,0.362208,-1.373381,0.257235,0.257236,0.301838,-0.700278,-1.095689,-0.943259,-0.722010,-0.496032,0.000000,59.530449
-0.015150,0.242423,-0.999995,-0.392401,-0.392399,0.478790,0.122727,-0.646464,-0.606817,-0.333939,-0.146465,0.000000,59.296852
1.411689,1.549800,-0.245510,-1.257575,-1.257579,1.322699,1.523711,0.624013,0.528622,0.861750,1.049054,-1.000000,58.551147
0.947354,1.785988,-1.102654,-1.196869,-1.196866,1.851219,2.613760,1.657608,1.605840,1.950614,2.130248,-1.000000,57.850368
1.023623,1.417328,-0.393698,-1.382202,-1.382204,2.462994,3.644097,2.987928,2.844096,3.200002,3.377954,-1.000000,57.050758
0.281252,1.218751,-0.453122,0.787401,0.787402,0.956250,2.400002,2.189584,2.036720,2.235001,2.479168,1.000000,57.499977
0.612436,1.020730,-0.235554,-0.499997,-0.499997,0.734921,2.437184,2.758582,2.413629,2.558415,2.870077,0.000000,57.212479
0.522237,0.522237,-1.091941,-0.769475,-0.769475,0.889382,2.693466,3.433033,3.055073,3.120748,3.500027,-1.000000,56.772243
0.609856,0.770339,-0.401224,-1.392622,-1.392621,1.646602,3.448880,4.574971,4.199964,4.327392,4.735994,-1.000000,55.981621
0.564880,0.564880,-0.693996,-0.561707,-0.561708,1.723690,3.366685,4.721323,4.591668,4.664941,5.091453,-1.000000,55.667168
-0.954956,0.318317,-0.954956,1.404130,1.404122,-0.057291,1.389469,2.852147,3.055075,3.137997,3.439446,1.000000,56.448803
-0.348323,0.047494,-0.902473,0.525229,0.525237,-0.744145,0.410065,1.938987,2.517411,2.456614,2.711628,0.000000,56.745293
-0.316454,0.379747,-0.822788,0.063330,0.063332,-0.803800,0.034806,1.516873,2.361545,2.270248,2.453054,0.000000,56.781231
-1.347544,0.031335,-1.347544,0.981013,0.981011,-1.294266,-1.026326,0.236078,1.251956,1.128797,1.333435,1.000000,57.338261
-0.824776,0.560222,-1.400559,0.689437,0.689433,-1.254276,-1.585742,-0.640105,0.416281,0.427640,0.556596,1.000000,57.733570
0.809522,0.873015,-0.253975,-1.960781,-1.960778,0.774602,0.223807,1.002113,2.124600,2.376504,2.512165,-1.000000,56.601543
-0.854431,0.015821,-1.439877,0.317458,0.317461,0.468352,-0.169307,0.387127,1.522939,2.055691,2.071198,0.000000,56.781231
1.291152,1.969010,-0.548744,-1.962025,-1.962027,2.078760,1.630083,2.050783,3.181082,3.943832,3.943939,-1.000000,55.667168
-0.241353,0.000000,-1.222852,0.306650,0.306651,1.229282,1.293642,1.498522,2.504420,3.423970,3.410025,0.000000,55.837872
0.193892,0.436259,-0.484733,-0.418345,-0.418349,0.888678,1.707872,1.751497,2.595736,3.587011,3.709270,0.000000,55.604275
-0.791730,0.468570,-1.389562,0.000000,0.000000,0.529976,1.555990,1.524212,2.242690,3.270967,3.598859,0.000000,55.604275
-0.838979,0.742175,-1.435949,0.145418,0.145413,-0.009674,1.218143,1.193942,1.769933,2.815110,3.385508,0.000000,55.685131
0.000000,0.930311,-0.179534,-1.145530,-1.145523,0.923778,2.076057,2.157663,2.630977,3.659213,4.415972,-1.000000,55.047245
1.801202,1.801202,-0.266845,-2.138079,-2.138083,2.398268,3.662447,4.128314,4.503842,5.478325,6.400940,-1.000000,53.870289
-3.498290,1.484647,-3.498290,-2.268180,-2.268178,3.651878,5.102394,6.162690,6.511097,7.415022,8.444260,-1.000000,52.648415
2.565410,3.058101,-0.135916,0.443689,0.443690,2.164455,3.934760,5.244083,5.603976,6.437649,7.516707,0.000000,52.882011
-1.166668,0.500002,-1.166668,1.936797,1.936795,-0.436665,1.426670,2.893338,3.290838,4.015338,5.100560,1.000000,53.906227
-2.109843,0.161059,-2.431956,3.483336,3.483336,-3.523918,-1.966500,-0.689321,-0.274599,0.315673,1.321202,1.000000,55.783962
-0.788665,0.724291,-0.788665,0.064422,0.064425,-2.887497,-2.032838,-0.934601,-0.353292,0.105584,1.014002,0.000000,55.819901
-1.087649,0.319896,-2.127319,0.627717,0.627710,-2.239280,-2.543184,-1.738106,-0.930098,-0.581569,0.193543,1.000000,56.170288
0.342743,1.028235,-0.603881,-1.999360,-1.999354,0.541861,-0.656116,0.078340,0.963766,1.268483,1.966159,-1.000000,55.047245
0.016053,0.369300,-1.364805,1.648442,1.648440,-0.356456,-2.219013,-1.643118,-0.744220,-0.463712,0.113466,1.000000,55.954666
-0.303031,0.829343,-0.909094,0.674375,0.674371,-0.829344,-2.645932,-2.223284,-1.448961,-1.161720,-0.688461,1.000000,56.332008
0.765097,1.204622,-0.667424,-2.025520,-2.025516,0.992999,-0.393945,-0.279995,0.393944,0.824353,1.204081,-1.000000,55.190994
-0.336005,0.447998,-1.104002,1.741822,1.741819,-0.742399,-1.475199,-1.922133,-1.465599,-0.867198,-0.581865,1.000000,56.152321
2.676396,2.676396,-0.081101,-1.360001,-1.359994,0.749387,0.335761,-0.595843,-0.216550,0.423029,0.661796,-1.000000,55.388653
-2.918107,0.360835,-3.529968,3.390108,3.390100,-2.096015,-2.367430,-3.671165,-3.446031,-2.833385,-2.635707,1.000000,57.266384
0.062882,0.628829,-0.314416,-0.203958,-0.203956,-1.609808,-1.928940,-3.229051,-3.119005,-2.609022,-2.414712,0.000000,57.149586
-1.078126,0.406252,-1.374995,0.613110,0.613112,-1.406249,-2.234374,-3.397916,-3.564844,-3.191249,-2.921353,1.000000,57.499977
-0.635655,0.914729,-0.821707,0.781251,0.781251,-1.550387,-2.685271,-3.536951,-4.110078,-3.926821,-3.542635,1.000000,57.949196
-0.567482,0.214725,-0.996935,1.085272,1.085271,-1.518405,-3.127301,-3.924336,-4.885737,-4.823313,-4.457055,1.000000,58.578102
0.291725,0.829112,-0.951943,-0.107363,-0.107366,-0.985718,-2.585594,-3.295969,-4.541683,-4.602484,-4.253540,0.000000,58.515209
-0.646155,0.000000,-1.184616,-0.199599,-0.199596,-0.360002,-2.036924,-2.804104,-4.063848,-4.224617,-3.969744,0.000000,58.398415
2.511453,2.606227,-0.236925,-2.600003,-2.600004,2.081822,0.875062,-0.085292,-1.238349,-1.594691,-1.433157,-1.000000,56.880054
0.530125,0.530125,-0.305222,-1.674300,-1.674300,3.097190,2.552612,1.587151,0.736548,0.104098,0.137620,-1.000000,55.927711
1.580835,2.346805,-0.195567,-1.429719,-1.429721,3.340940,3.992832,3.070408,2.401405,1.521516,1.500982,-1.000000,55.128101
-3.124506,0.000000,-3.363626,2.232729,2.232731,0.318824,1.560654,0.867207,0.382590,-0.647858,-0.740743,1.000000,56.358963
1.031928,1.612384,-0.145113,-1.131839,-1.131834,0.506285,2.466943,1.948831,1.526118,0.537888,0.398793,-1.000000,55.721073
1.134682,1.134682,-0.148001,-1.950983,-1.950982,1.683930,3.981248,3.909440,3.437753,2.594306,2.323078,-1.000000,54.633965
-0.729930,0.113546,-1.086779,1.381354,1.381353,0.103808,2.102184,2.401725,1.957821,1.394317,0.915917,1.000000,55.388653
-1.130571,0.063694,-1.210188,1.865365,1.865362,-1.270697,-0.149680,0.648621,0.212581,-0.211464,-0.883757,1.000000,56.421852
1.221083,1.221083,-0.257068,-0.891717,-0.891718,-0.539844,0.284383,1.393530,1.111022,0.830334,0.021958,-1.000000,55.918728
-3.534010,0.156374,-3.987493,2.747430,2.747428,-2.595776,-2.561375,-1.282251,-1.494917,-1.749491,-2.512900,1.000000,57.455055
-0.231911,0.432900,-0.896722,1.141518,1.141520,-2.498455,-3.449290,-2.326327,-2.355444,-2.700683,-3.369926,1.000000,58.110916
-1.281473,0.213568,-1.418771,1.345088,1.345088,-2.602599,-4.227312,-3.515897,-3.418770,-3.807176,-4.299015,1.000000,58.892559
0.076410,0.702934,-0.733494,-0.167818,-0.167823,-1.632024,-3.442842,-3.329254,-2.966835,-3.390582,-3.802970,0.000000,58.793724
-1.156423,0.015215,-1.704201,0.427877,0.427882,-0.992091,-3.399272,-3.681278,-3.229615,-3.592822,-3.922707,0.000000,59.045292
0.442333,0.564359,-0.716906,-0.243456,-0.243455,-0.259308,-2.623555,-3.389267,-2.844728,-3.183044,-3.511801,0.000000,58.901543
-1.476792,0.271244,-1.537070,1.220253,1.220250,-0.955392,-2.961119,-4.247537,-3.838155,-4.053043,-4.462527,1.000000,59.620289
1.254260,1.393625,-0.278720,-2.682340,-2.682337,1.474140,0.167234,-1.367813,-1.181481,-1.279654,-1.722929,-1.000000,58.021072
0.093106,1.179389,-0.372445,-0.216782,-0.216787,1.384236,0.639356,-0.834884,-1.025760,-0.891992,-1.345438,0.000000,57.895290
-0.428920,0.030641,-0.643383,1.303534,1.303541,-0.055148,-0.189952,-1.850492,-2.287839,-2.072919,-2.461706,1.000000,58.649979
0.076734,0.445057,-0.721300,-0.183823,-0.183828,0.006141,0.179561,-1.348473,-2.095609,-1.797420,-2.156229,0.000000,58.542164
0.689120,1.049339,-0.234921,-2.010437,-2.010436,1.271733,2.104937,0.992955,-0.044633,0.207990,-0.022446,-1.000000,57.365211
0.871355,0.871355,-2.233845,-1.143300,-1.143301,1.980353,2.900823,2.316222,1.180291,1.279466,1.166559,-1.000000,56.709354
-1.597492,0.187940,-1.597492,1.156522,1.156523,0.629602,1.475336,1.256072,0.218484,0.036964,0.124774,1.000000,57.365211
-1.529191,0.123571,-1.529191,1.393892,1.393895,-0.920607,-0.071054,0.121511,-1.004016,-1.362374,-1.200187,1.000000,58.164822
-0.230098,0.383492,-0.444857,0.695091,0.695087,-1.595337,-0.817610,-0.442807,-1.444239,-2.031600,-1.801401,1.000000,58.569118
0.138422,0.446020,-0.799752,-0.260780,-0.260779,-0.978158,-0.764378,-0.147644,-0.862808,-1.670252,-1.492359,0.000000,58.416382
-0.092997,0.092991,-0.774955,-0.768989,-0.768988,0.223183,-0.004653,0.519732,0.127864,-0.767517,-0.727943,-1.000000,57.967167
-0.030962,0.804952,-0.804957,0.123991,0.123994,0.331266,-0.103720,0.308561,0.143185,-0.689787,-0.881842,0.000000,58.039043
0.062374,0.327458,-0.748484,-0.727553,-0.727557,0.876344,0.449086,0.878423,1.024480,0.125369,-0.207393,-1.000000,57.616776
0.709439,0.709439,-0.504499,-1.091532,-1.091535,1.434653,1.284881,1.767828,2.098376,1.319250,0.811393,-1.000000,56.987869
-0.329673,0.439560,-1.208792,0.425666,0.425671,0.590264,0.832021,1.058080,1.588692,1.071267,0.404495,0.000000,57.230450
-1.107130,0.000000,-1.107130,0.675039,0.675036,-0.205831,0.313425,0.333696,0.796818,0.548260,-0.171008,1.000000,57.616776
2.246659,2.405992,-0.478007,-2.136290,-2.136291,1.386238,2.329514,2.345447,2.783624,2.740603,2.082541,-1.000000,56.385914
-0.335575,0.719075,-0.351553,-0.286803,-0.286804,1.182488,2.278685,2.352190,2.828381,3.057847,2.368170,0.000000,56.224197
0.224716,0.674152,-0.288927,-0.447427,-0.447423,1.274476,2.274476,2.506150,3.028889,3.415085,2.843228,0.000000,55.972637
0.307594,0.679943,-0.938969,-0.850724,-0.850732,1.518542,2.625877,3.161196,3.541369,4.113978,3.777460,-1.000000,55.496460
-1.177421,0.435485,-1.177421,0.372349,0.372359,0.454834,1.838707,2.658061,2.949190,3.498706,3.411286,0.000000,55.703106
0.564698,0.984189,-0.225876,-0.032260,-0.032269,0.235566,1.448862,2.490058,2.783970,3.308817,3.400567,0.000000,55.685131
-0.081406,0.976877,-0.716377,-0.903515,-0.903509,0.771733,1.932594,3.064147,3.406869,3.970692,4.298816,-1.000000,55.182011
0.708635,1.087673,-0.379038,-1.204819,-1.204815,1.466704,2.722473,3.825527,4.298775,4.916935,5.391117,-1.000000,54.517170
-0.215194,0.231753,-1.042873,-0.444958,-0.444961,1.469954,2.636978,3.780830,4.480217,4.991887,5.626550,0.000000,54.274590
0.984811,1.101654,-0.200300,-0.827679,-0.827686,1.619101,2.789189,4.133985,5.084299,5.556341,6.194298,-1.000000,53.825367
-1.087316,0.000000,-1.416803,1.318644,1.318646,-0.125201,1.112030,2.350362,3.457171,3.936084,4.551900,1.000000,54.535133
-0.475491,0.360717,-0.655844,0.477763,0.477769,-0.741109,0.370547,1.520463,2.657808,3.160513,3.796246,0.000000,54.795685
0.180565,0.640183,-0.147733,-0.114775,-0.114777,-0.548261,0.259355,1.362442,2.425312,3.000656,3.661632,0.000000,54.732792
0.463191,0.562449,-0.446651,-0.771503,-0.771501,0.238210,0.820510,1.792111,2.843670,3.576506,4.141712,-1.000000,54.310528
-0.349125,1.346633,-0.349125,-0.496280,-0.496285,0.817959,1.015797,1.858690,2.993354,3.895599,4.415632,0.000000,54.040993
-0.462275,0.280664,-0.610860,0.698256,0.698259,0.075946,0.082549,0.911342,1.946508,2.958560,3.478619,1.000000,54.418339
1.102573,1.102573,-0.217178,-1.172197,-1.172197,0.885398,1.009020,1.805322,2.799030,3.853658,4.404164,-1.000000,53.780449
0.033404,0.551105,-0.567798,0.033408,0.033408,0.504344,0.841685,1.501894,2.468272,3.464264,4.075375,0.000000,53.798416
-0.761207,0.248221,-0.877043,0.918503,0.918497,-0.417006,-0.072805,0.430258,1.265108,2.218774,2.939498,1.000000,54.292553
-0.297081,0.066018,-0.891237,0.264775,0.264782,-0.534747,-0.224465,0.009897,0.705557,1.689383,2.528465,0.000000,54.436310
1.211814,1.211814,-0.564410,-0.577653,-0.577653,-0.066406,0.278880,0.398402,1.081502,1.990699,2.924409,-1.000000,54.121857
0.668902,0.702342,-0.100331,-0.730417,-0.730415,0.648828,0.817724,0.956520,1.592808,2.451503,3.406353,-1.000000,53.726543
0.539999,0.539999,-0.303742,-0.903011,-0.903012,1.356734,1.456295,1.716729,2.262065,3.103611,4.015075,-1.000000,53.241386
2.115115,2.115115,-0.624131,-2.666212,-2.666213,3.179611,3.755198,4.187468,4.708735,5.510399,6.440127,-1.000000,51.821857
-2.501268,0.625319,-2.501268,2.583216,2.583213,0.101406,0.976848,1.480482,1.832856,2.518169,3.458398,1.000000,53.160526
-0.202292,1.281184,-0.522590,0.253507,0.253508,-0.461900,0.510790,1.068781,1.351147,2.026973,2.900091,0.000000,53.295292
0.804656,1.181300,-0.513613,-1.534050,-1.534051,0.612908,1.828453,2.348912,2.672487,3.330936,4.176795,-1.000000,52.477715
1.148225,1.148225,-0.504527,-1.592194,-1.592198,1.621437,3.058459,3.605896,4.055327,4.667366,5.517285,-1.000000,51.642166
-1.079134,0.496744,-1.079134,1.565761,1.565771,0.294616,1.118530,1.772291,2.277316,2.821509,3.586840,1.000000,52.450764
-1.262412,0.403971,-1.447567,1.764301,1.764298,-1.363407,-0.833193,-0.075184,0.462043,0.864500,1.526117,1.000000,53.376152
1.359385,1.971114,-0.152930,-0.942600,-0.942608,-0.584532,-0.125738,0.680832,1.260838,1.611560,2.270750,-1.000000,52.873024
1.080988,2.350720,-0.686339,-0.968567,-0.968562,0.343173,0.590257,1.484789,2.018706,2.389845,3.025055,-1.000000,52.360916
-0.525602,0.712107,-0.729060,1.201099,1.201098,-0.339096,-0.651066,0.178594,0.643441,1.059345,1.614674,1.000000,52.989822
0.237605,0.424301,-0.712834,-0.101726,-0.101720,-0.054319,-0.339450,0.109747,0.616083,1.061093,1.556907,0.000000,52.935921
-1.163952,0.116395,-1.845697,2.070602,2.070594,-1.839041,-2.199864,-1.970953,-1.425837,-0.973725,-0.606360,1.000000,54.032009
-1.172002,0.643777,-1.172002,0.731623,0.731622,-1.980846,-2.702206,-2.645531,-2.140964,-1.700884,-1.405297,1.000000,54.427319
0.333500,0.416872,-0.667004,-1.006928,-1.006926,-0.420211,-1.452393,-1.636374,-1.136401,-0.769051,-0.483019,-1.000000,53.879276
-0.280479,0.280479,-0.758951,1.067198,1.067195,-0.933836,-1.976567,-2.526531,-2.120107,-1.837315,-1.537695,1.000000,54.454273
1.374455,2.128726,-0.100573,-1.567396,-1.567392,0.891716,-0.201142,-0.753158,-0.626048,-0.327188,-0.011734,-1.000000,53.600761
-0.286146,1.413906,-0.286146,-0.419044,-0.419041,1.070523,0.218816,-0.308592,-0.307189,0.042416,0.380967,0.000000,53.376152
