-1.332136,0.044900,-1.930850,2.281075,2.281066,-0.730417,0.501435,0.766367,1.476591,1.171696,0.670073,1.000000,57.016388
-0.166039,0.362261,-0.649057,-0.838195,-0.838189,0.184153,1.076230,1.406797,2.193968,1.950194,1.612583,-1.000000,56.538483
0.186282,1.288423,-0.248364,-2.762267,-2.762262,2.489908,3.210183,3.889064,4.766380,4.672465,4.494983,-1.000000,54.976742
-1.095002,0.030853,-1.804439,0.651968,0.651958,1.061082,2.001864,2.983771,3.660566,3.932158,3.747189,1.000000,55.335167
-1.012300,0.046720,-1.432796,-0.971618,-0.971614,1.706898,2.485597,3.704517,4.252460,4.858440,4.643105,-1.000000,54.797523
-0.141443,0.487188,-0.282885,-0.903283,-0.903274,1.634439,2.932571,4.227558,4.760328,5.565295,5.462303,-1.000000,54.302551
-1.457166,0.752597,-1.649324,-1.854471,-1.854480,2.337870,4.309048,5.597013,6.267417,7.197443,7.184419,-1.000000,53.295521
1.419579,1.774476,-0.209713,-0.736588,-0.736593,2.313278,4.410392,5.608436,6.549451,7.561227,7.698562,-1.000000,52.902950
-1.556599,0.141511,-1.729557,2.597187,2.597195,-0.666665,1.182390,2.438157,3.577048,4.411955,4.854303,1.000000,54.276943
1.369863,1.752154,-0.207068,-1.289307,-1.289310,0.175218,2.099396,3.271746,4.593825,5.336738,6.068288,-1.000000,53.577145
-0.047413,0.505769,-0.758652,0.780505,0.780508,-0.714402,0.749168,2.107369,3.436858,4.142249,5.019232,1.000000,53.995319
-0.607024,0.782751,-0.638973,-1.058957,-1.058953,0.396163,1.244406,2.838123,4.107027,4.889457,5.849842,-1.000000,53.423534
2.366083,3.220504,-0.049292,-2.779548,-2.779547,2.895162,3.554049,5.197712,6.400748,7.401243,8.447798,-1.000000,51.938602
1.492799,1.818808,-0.171584,-4.239241,-4.239238,5.624566,7.012690,8.820627,10.247933,11.550440,12.556618,-1.000000,49.736801
-0.118805,0.458250,-1.527492,1.098145,1.098135,3.167014,4.952484,6.914464,8.319761,9.790231,10.725851,1.000000,50.282978
0.609967,1.307076,-1.394212,-2.613709,-2.613710,3.882889,6.680029,8.688277,10.412166,12.020218,13.007439,-1.000000,48.968727
-1.084332,0.413084,-1.600689,1.254787,1.254785,1.046481,4.609303,6.406204,8.364036,9.945621,11.018944,1.000000,49.583179
-0.086265,0.569362,-0.707384,-0.240962,-0.240945,0.289845,4.166656,5.920163,7.918380,9.437532,10.694147,0.000000,49.463711
-0.325118,0.787137,-0.479122,0.828157,0.828149,-0.479126,2.428131,4.320099,6.272242,7.861053,9.291011,1.000000,49.873344
0.017340,0.728411,-0.659037,-1.334701,-1.334709,0.430112,2.925778,4.973991,7.045616,8.635455,10.229513,-1.000000,49.207680
0.328375,0.933289,-0.397511,0.346863,0.346867,0.248876,1.634981,3.946306,5.902176,7.646733,9.283904,0.000000,49.378365
0.708975,1.106690,-0.760856,-0.051848,-0.051847,0.207504,0.862872,3.467632,5.229116,7.137468,8.750357,0.000000,49.352764
-0.388832,0.706960,-1.254866,-2.161508,-2.161510,1.933545,2.334747,5.116059,6.861080,8.827146,10.411216,-1.000000,48.285999
-0.088778,0.266337,-1.171875,-0.459530,-0.459522,1.651274,2.459157,4.739579,6.598007,8.548290,10.209512,0.000000,48.064114
0.195001,1.028190,-0.141815,0.159801,0.159797,1.045915,1.850736,3.819654,5.736572,7.743307,9.376588,0.000000,48.140919
-0.732665,0.136311,-1.652748,4.041835,4.041838,-2.596694,-1.882775,-0.733800,1.208041,3.004257,4.670868,1.000000,50.086697
0.205978,1.441813,-0.240300,-0.732665,-0.732664,-1.730175,-1.131136,-0.497769,1.595433,3.215927,5.000571,-1.000000,49.719730
-1.246158,0.194205,-1.521287,6.059051,6.059041,-5.657870,-6.159570,-6.081887,-4.224791,-2.850944,-1.233747,1.000000,52.732269
0.708637,1.318392,-0.263678,-1.796409,-1.796403,-2.495057,-4.073831,-4.100199,-2.713416,-1.348057,0.208194,-1.000000,51.784985
0.377792,0.591329,-0.147832,0.329600,0.329601,-1.346916,-3.860056,-4.200617,-3.189064,-1.890937,-0.364110,0.000000,51.955669
-0.830665,0.063899,-1.613415,2.825225,2.825226,-2.808307,-5.744408,-6.276891,-5.902556,-4.652397,-3.325880,1.000000,53.423534
0.977146,1.434200,-0.252167,1.357832,1.357827,-2.474389,-6.121354,-6.970317,-7.096138,-5.866667,-4.768059,1.000000,54.148933
0.427486,1.092460,-0.158326,-0.457054,-0.457054,-1.592778,-4.648510,-5.994298,-6.487490,-5.360353,-4.397297,0.000000,53.901443
0.591059,1.006393,-0.287540,-0.886640,-0.886635,-0.099041,-2.792332,-4.710330,-5.305911,-4.577636,-3.661343,-1.000000,53.423534
-1.093752,0.250006,-1.421875,2.236425,2.236421,-1.309375,-3.732812,-6.134374,-6.980468,-6.588749,-5.779687,1.000000,54.618309
-0.308398,0.215883,-0.539704,1.328122,1.328124,-1.909020,-4.044717,-6.646105,-7.623746,-7.715650,-6.951940,1.000000,55.343708
2.527651,2.527651,-0.315957,-2.390130,-2.390125,0.445493,-0.898898,-3.784101,-4.951031,-5.411694,-4.628757,-1.000000,54.020924
-1.771161,0.062697,-1.802503,0.789889,0.789879,-0.141061,-1.360496,-3.783693,-5.238239,-5.968647,-5.281604,1.000000,54.447624
-0.979936,0.046662,-1.446570,0.768028,0.768032,-0.376421,-1.550786,-3.690570,-5.505523,-6.311403,-5.967751,1.000000,54.865799
-0.405936,0.405925,-0.608904,-0.373305,-0.373302,0.012484,-0.686970,-2.534485,-4.652622,-5.639976,-5.549317,0.000000,54.660984
0.714394,0.793777,-0.460392,-1.654959,-1.654959,1.104934,1.046193,-0.439228,-2.640900,-3.695829,-3.974710,-1.000000,53.756367
-0.239117,1.243421,-0.382589,-0.412767,-0.412762,1.342256,1.350226,0.448477,-1.846810,-3.001440,-3.569802,0.000000,53.534481
-0.015726,0.267250,-0.534509,1.402839,1.402832,-0.119475,0.018865,-0.750406,-2.652099,-3.988053,-4.759735,1.000000,54.285480
-0.141779,0.472588,-0.441082,-0.204372,-0.204375,-0.170126,0.362323,-0.253094,-1.888780,-3.473847,-4.291637,0.000000,54.174534
0.173121,0.723952,-0.015741,0.094520,0.094524,-0.424930,0.195151,-0.068201,-1.420367,-3.194840,-4.139652,0.000000,54.225742
0.458282,0.458282,-0.474082,-0.409194,-0.409195,0.075856,0.358726,0.414035,-0.652653,-2.454486,-3.434997,0.000000,54.003853
-0.539255,0.539255,-0.618555,-0.363464,-0.363465,0.542428,0.685174,0.738041,0.089614,-1.767484,-2.821039,0.000000,53.807568
-2.395394,0.439662,-2.637959,4.615385,4.615382,-3.180713,-3.429346,-3.423282,-4.010002,-5.532440,-6.704059,1.000000,56.290993
-1.891250,0.576241,-2.334518,2.607643,2.607650,-4.400122,-5.382686,-5.377269,-5.932332,-7.261824,-8.619980,1.000000,57.758865
-0.931684,0.857725,-0.961257,-0.088648,-0.088651,-3.108553,-4.770782,-4.936414,-5.350493,-6.516420,-8.047919,0.000000,57.707661
0.607774,0.726353,-0.429886,-0.236622,-0.236606,-1.639502,-3.882313,-4.453022,-4.765801,-5.774695,-7.355483,0.000000,57.571121
0.221079,0.928526,-0.103167,0.578119,0.578097,-0.789968,-3.680169,-4.555138,-4.988938,-5.750913,-7.395718,1.000000,57.903938
-1.278664,0.279250,-1.513814,0.280034,0.280041,-0.455614,-3.298063,-4.406234,-4.895652,-5.646681,-7.092890,0.000000,58.066093
0.577434,0.799528,-0.162868,-0.734862,-0.734866,0.239861,-1.981047,-3.377749,-3.825880,-4.541900,-5.851347,-1.000000,57.639385
0.492761,0.716733,-0.104523,-0.843944,-0.843940,0.898909,-0.634615,-2.264698,-2.785578,-3.365689,-4.524417,-1.000000,57.152943
0.990857,1.737805,-0.045729,-2.045697,-2.045700,2.439028,1.794213,0.041672,-0.698165,-1.164629,-2.179365,-1.000000,55.983765
1.890963,2.080050,-0.078788,-3.262194,-3.262199,4.509936,5.291532,3.491973,2.663105,2.168935,1.392487,-1.000000,54.157463
0.278552,0.897546,-0.201184,1.827929,1.827929,1.575364,3.194062,1.738371,0.883631,0.425259,-0.281643,1.000000,55.147423
0.635160,0.914014,-0.154928,-0.108326,-0.108311,0.759090,2.821059,1.959194,1.013158,0.654986,0.026326,0.000000,55.087692
0.483766,1.170412,-0.109238,-0.728119,-0.728132,0.596131,3.022788,2.763216,1.756402,1.398256,0.926450,-1.000000,54.686581
1.066543,1.735116,-0.143266,-1.966295,-1.966294,1.728752,4.350529,4.775555,3.783833,3.302776,2.962438,-1.000000,53.611282
-0.412828,0.873292,-0.603369,0.254696,0.254698,1.317881,3.312165,4.501962,3.540016,3.020010,2.675985,0.000000,53.747829
0.604520,1.209033,-0.397709,-0.190535,-0.190529,0.951316,2.685326,4.372676,3.678009,3.156852,2.856077,0.000000,53.645424
0.331863,0.363462,-0.363464,0.668148,0.668145,-0.120101,1.330595,3.216395,2.974085,2.408346,2.209231,1.000000,54.003853
0.747518,0.915330,-0.640741,3.587238,3.587233,-3.130436,-2.395119,-0.568523,-0.438596,-1.046529,-1.251461,1.000000,55.941097
-1.523074,0.030765,-1.676923,-0.839059,0.978717,-3.050599,-3.251766,-1.660000,-1.183642,-1.812145,-2.141004,1.000000,56.488602
0.030963,0.712293,-0.030976,-0.646151,-0.646145,-1.573470,-2.272244,-1.231927,-0.334660,-0.989053,-1.379697,-1.000000,56.123604
0.323424,0.924071,-0.261817,0.541960,0.541941,-1.117850,-2.572118,-1.957867,-0.859757,-1.370882,-1.794309,0.000000,56.427761
-1.447307,0.135679,-1.552840,2.156171,2.156178,-1.941804,-4.184959,-4.026627,-2.962204,-3.211836,-3.706428,1.000000,57.644444
-0.505645,0.148718,-0.951814,1.371922,1.371928,-2.415227,-4.840168,-5.179195,-4.213216,-4.233578,-4.794329,1.000000,58.435284
-1.004283,0.280613,-1.565496,0.698990,0.698987,-2.292126,-4.611494,-5.513360,-4.769970,-4.569327,-5.166999,1.000000,58.843739
-0.059712,0.417971,-0.223917,-1.063360,-1.063360,-0.522465,-2.818432,-4.032845,-3.719474,-3.240618,-3.879584,-1.000000,58.218018
-0.570749,0.045057,-0.976272,-0.612026,-0.612024,0.585757,-1.491312,-3.129154,-3.144247,-2.536197,-3.081660,-1.000000,57.861710
0.996873,1.041519,-0.104151,0.946226,0.946235,-0.095232,-1.660475,-3.658078,-3.986240,-3.405252,-3.748472,1.000000,58.409218
-0.311294,0.177888,-0.503996,0.371968,0.371965,-0.400241,-1.566859,-3.567086,-4.216382,-3.700529,-3.854954,0.000000,58.626480
-3.870322,0.214226,-4.341608,3.794838,3.794828,-3.381883,-4.448721,-6.299568,-7.318364,-7.005704,-6.995010,1.000000,60.851254
1.828287,1.842905,-0.351040,-2.356461,-2.356451,-0.646490,-1.588427,-3.402156,-4.639039,-4.659572,-4.435792,-1.000000,59.417324
0.801545,1.039034,-0.163279,-1.462630,-1.462637,1.062788,0.234524,-1.410040,-2.933120,-3.211447,-2.888774,-1.000000,58.548264
0.474215,0.815050,-0.059278,0.163277,0.163284,0.978062,0.241545,-1.043280,-2.788156,-3.300716,-2.996779,0.000000,58.643864
0.777157,0.792106,-0.269020,-0.844693,-0.844700,1.673890,1.046180,0.052805,-1.662333,-2.408454,-2.145141,-1.000000,58.148499
0.177560,0.503101,-0.325542,1.001342,1.001333,-0.056218,0.025166,-0.684612,-2.201415,-3.188892,-3.049463,1.000000,58.730759
0.516297,1.253869,-0.295036,0.310741,0.310757,-0.536955,-0.166694,-0.676605,-2.065996,-3.165905,-3.292702,0.000000,58.913269
-0.029792,0.119138,-0.580789,-0.944091,-0.944090,0.345491,0.869690,0.490438,-0.728908,-2.022990,-2.354376,-1.000000,58.357075
-0.406011,0.601507,-0.586465,-0.967985,-0.967985,1.031577,1.748870,1.489721,0.569170,-0.878129,-1.391128,-1.000000,57.792187
-0.466876,0.286136,-0.737949,-0.150373,-0.150385,1.030126,1.742477,1.558239,0.873500,-0.519591,-1.210706,0.000000,57.705276
-1.271691,0.269301,-1.271691,0.662642,0.662653,0.143631,0.596953,0.802916,0.347100,-0.866212,-1.740296,1.000000,58.087662
0.438797,0.696031,-0.605226,-1.122083,-1.122082,0.765625,1.393557,1.856058,1.600092,0.515619,-0.434965,-1.000000,57.435871
-1.067507,0.060143,-1.293039,0.635506,0.635495,-0.063146,0.623971,1.205839,1.077286,0.168452,-0.910678,1.000000,57.800873
-0.669510,0.928182,-0.715157,-1.187793,-1.187785,0.900786,1.565731,2.271250,2.245889,1.590381,0.398717,-1.000000,57.114323
0.538458,0.661538,-0.507695,-1.095558,-1.095559,1.587691,2.396922,3.151795,3.206154,2.754461,1.617163,-1.000000,56.488602
-0.214131,0.458861,-0.871825,0.584611,0.584610,0.550630,1.465285,2.079133,2.428118,2.180488,1.214726,1.000000,56.818840
-1.444694,0.180591,-1.730616,1.636586,1.636587,-0.960119,-0.370201,0.242793,0.738153,0.647708,-0.184131,1.000000,57.748730
-1.236042,0.297835,-1.578564,1.053431,1.053434,-1.801943,-1.408794,-0.824033,-0.269552,-0.269255,-0.955536,1.000000,58.357075
-1.418019,0.384050,-1.462331,0.819054,0.819044,-2.014763,-2.032488,-1.608065,-1.043564,-0.998513,-1.486450,1.000000,58.835045
-0.191465,0.456549,-0.382920,0.295428,0.295436,-1.449196,-2.100153,-1.800692,-1.302655,-1.251256,-1.603343,0.000000,59.008865
-0.146476,0.322251,-0.498018,0.544912,0.544903,-1.136655,-2.421259,-2.265504,-1.965713,-1.753614,-1.976944,0.000000,59.330406
-1.141950,0.000000,-1.199772,1.332947,1.332956,-1.647878,-3.258170,-3.417175,-3.196735,-2.919342,-3.044716,1.000000,60.121254
-0.100573,0.158047,-0.589075,0.607109,0.607110,-1.537359,-3.397989,-3.765326,-3.620689,-3.331608,-3.406130,1.000000,60.486256
-0.539922,0.000000,-0.880925,1.120688,1.120698,-1.867014,-3.806487,-4.464344,-4.482815,-4.222797,-4.284842,1.000000,61.164124
0.110515,0.718338,-0.248653,2.855928,2.855914,-3.351290,-5.456553,-6.565362,-6.756456,-6.609750,-6.705343,1.000000,62.910919
0.420231,0.462252,-0.266147,-1.381406,-1.381409,-1.123401,-3.290373,-4.831672,-5.183494,-5.224816,-5.226684,-1.000000,62.041862
0.319882,0.611953,-0.180814,0.714390,0.714393,-1.068152,-3.218361,-4.968014,-5.570239,-5.700697,-5.671304,1.000000,62.485085
-0.041704,0.152928,-0.458782,0.041722,0.041714,-0.461553,-2.594183,-4.505299,-5.277346,-5.486437,-5.462710,0.000000,62.511150
-0.374474,0.249655,-0.735087,0.236338,0.236348,-0.219142,-2.213592,-4.140546,-5.112344,-5.452982,-5.459546,0.000000,62.658894
0.139389,0.404239,-0.501814,-0.499307,-0.499318,0.100370,-1.187613,-3.033166,-4.263999,-4.709217,-4.786254,0.000000,62.346027
1.166880,1.405877,-0.660752,-0.850294,-0.850287,0.885703,0.061862,-1.662679,-3.141427,-3.692389,-3.917704,-1.000000,61.815907
1.089259,1.442916,-0.014149,-0.618579,-0.618569,1.171297,0.898276,-0.650740,-2.213196,-2.928855,-3.210271,-1.000000,61.433533
-0.056371,0.479149,-1.127389,0.381945,0.381925,0.512974,0.706042,-0.670790,-2.271691,-3.083416,-3.409890,0.000000,61.668163
-0.027892,0.278858,-0.571672,1.071029,1.071031,-0.658112,-0.174285,-1.349687,-2.889007,-3.819291,-4.236375,1.000000,62.328648
0.096980,0.263235,-0.568029,0.641382,0.641400,-1.169309,-0.839579,-1.583090,-3.010539,-4.111952,-4.603315,1.000000,62.728424
-0.384561,0.206017,-0.535641,0.872815,0.872793,-1.562959,-1.502528,-2.018939,-3.339500,-4.613638,-5.189291,1.000000,63.275913
1.862476,1.974508,-0.112032,-1.922805,-1.922784,0.568531,0.359878,0.110147,-1.097199,-2.445610,-3.161569,-1.000000,62.059254
-0.862793,0.027826,-1.280266,0.630160,0.630145,0.189261,-0.278316,-0.307075,-1.388808,-2.758693,-3.549490,1.000000,62.450317
0.267674,0.436740,-0.352212,-1.224601,-1.224605,1.222886,0.800230,0.985259,0.064813,-1.256686,-2.143320,-1.000000,61.685547
0.142317,0.540778,-0.683074,-1.000290,-1.000278,1.702007,1.609508,1.804470,1.244488,0.040987,-0.971014,-1.000000,61.068520
-1.408047,0.042665,-1.664058,0.056925,0.056925,0.933012,1.435074,1.644147,1.331960,0.264544,-0.862844,0.000000,61.103283
-0.736643,0.509989,-1.175796,0.398234,0.398237,0.300323,1.018556,1.117249,1.029891,0.101431,-1.043584,0.000000,61.346619
-0.308254,0.252207,-0.728604,1.104982,1.104980,-0.933173,-0.028031,-0.040174,0.049733,-0.756067,-1.898096,1.000000,62.024487
0.746688,1.225690,-0.225420,-0.546448,-0.546462,-0.388836,0.417025,0.403875,0.641735,-0.025917,-1.112044,-1.000000,61.685547
0.565374,0.664312,-0.367494,-0.324039,-0.324029,0.070671,0.541342,0.636984,0.853003,0.460212,-0.519670,0.000000,61.485668
1.552923,1.823620,-0.242207,-0.791517,-0.791508,0.834868,0.970214,1.350609,1.572149,1.371124,0.502435,-1.000000,60.999004
0.617994,0.747335,-0.201207,-0.869070,-0.869070,1.428565,1.592401,2.132786,2.295907,2.282829,1.533476,-1.000000,60.468880
-0.014487,0.101390,-0.391083,-0.776086,-0.776088,1.546926,1.978557,2.746228,2.886725,3.050398,2.418880,-1.000000,59.999588
0.043458,0.246267,-0.405619,-0.014487,-0.014495,0.996677,1.710856,2.501333,2.679273,2.987110,2.497952,0.000000,59.990891
-0.306881,0.146133,-0.511469,-0.869186,-0.869179,1.204151,2.333769,3.034727,3.337713,3.658624,3.422470,-1.000000,59.469463
0.648673,0.914042,-0.147426,-0.876805,-0.876816,1.403515,2.873365,3.456686,4.008554,4.365623,4.315695,-1.000000,58.948025
0.483732,1.070062,-0.117271,0.574965,0.574974,0.425093,1.937847,2.553500,3.232918,3.553205,3.672428,1.000000,59.286961
0.493191,0.687489,-0.179350,-1.920254,-1.920257,1.754592,3.267072,4.068147,4.951423,5.280521,5.568171,-1.000000,58.148499
-0.571007,0.210367,-0.796403,-0.538038,-0.538041,1.559732,3.160034,4.187330,5.130730,5.516454,5.947408,-1.000000,57.835636
-0.566749,0.268456,-0.700971,0.751315,0.751322,0.390748,1.838923,3.090226,3.964199,4.449807,4.891864,1.000000,58.270168
0.015002,0.570395,-0.495350,-0.641312,-0.641314,0.675472,1.960371,3.386368,4.170666,4.853193,5.330226,-1.000000,57.896473
0.296171,0.444251,-0.340583,1.365950,1.365955,-0.885532,0.282836,1.691099,2.479636,3.253069,3.695143,1.000000,58.687313
-0.787048,0.207911,-0.890998,-0.281361,-0.281374,-0.478156,0.313350,1.579067,2.433190,3.329388,3.760533,0.000000,58.522182
0.404137,0.778333,-0.344254,-0.787048,-0.787035,0.389162,0.776829,1.968767,2.933691,3.855110,4.319710,-1.000000,58.061592
1.991426,1.991426,-0.030633,-2.290075,-2.290082,2.199757,2.656254,3.800047,4.964006,5.866425,6.434848,-1.000000,56.731934
0.453475,0.703676,-0.516031,-2.037374,-2.037368,3.490219,4.184514,5.308309,6.649721,7.513989,8.274166,-1.000000,55.576096
0.376527,0.611853,-0.062757,-0.328380,-0.328384,2.641978,3.824911,5.044448,6.463757,7.386880,8.267436,0.000000,55.393593
0.950157,1.479759,-0.015569,0.721674,0.721674,0.928354,2.658883,3.789205,5.142529,6.140192,7.140711,1.000000,55.793354
0.455040,0.470734,-0.109838,-0.732083,-0.732078,0.706100,2.973478,4.000205,5.349126,6.467907,7.512940,-1.000000,55.384903
-0.633688,0.618240,-1.545589,1.522041,1.522045,-0.982999,1.066458,2.056669,3.302162,4.527355,5.515710,1.000000,56.227886
-0.661132,0.476625,-0.799514,0.525509,0.525503,-1.165438,0.295200,1.237185,2.366234,3.656824,4.565905,0.000000,56.523365
-0.257612,0.257624,-0.393992,1.460635,1.460635,-1.906347,-1.382027,-0.445520,0.620551,1.885743,2.786787,1.000000,57.348965
0.256379,0.497664,-0.226201,0.484922,0.484924,-1.743326,-2.013271,-0.986277,-0.070880,1.088825,2.011762,0.000000,57.627064
-1.028922,0.059648,-1.133306,1.131051,1.131043,-1.849084,-3.071869,-2.042940,-1.335364,-0.275566,0.676019,1.000000,58.278851
0.419286,0.419286,-0.389341,-0.417535,-0.417544,-0.814604,-2.440837,-1.659166,-1.045209,-0.095223,0.923944,0.000000,58.035511
0.341188,0.341188,-0.192857,0.943404,0.943422,-1.038435,-2.839352,-2.500135,-2.001197,-1.193899,-0.162697,1.000000,58.583031
-0.383880,0.310053,-0.472463,0.474706,0.474702,-0.992182,-2.709293,-2.941096,-2.500375,-1.769975,-0.775142,0.000000,58.861126
-1.070375,0.000000,-1.070375,0.693923,0.693910,-1.120223,-2.793241,-3.525890,-3.077698,-2.496173,-1.613865,1.000000,59.269569
0.612038,0.910584,-0.164205,-1.774192,-1.774184,0.644874,-0.550825,-1.765433,-1.294218,-0.856839,-0.035323,-1.000000,58.218018
0.059243,0.355458,-0.325821,0.791161,0.791166,0.074054,-0.913803,-2.315362,-2.034211,-1.688979,-0.979460,1.000000,58.678619
0.358153,0.358153,-0.761083,-0.755324,-0.755338,0.716315,0.134314,-1.267465,-1.259506,-0.989695,-0.384014,-1.000000,58.235397
0.784556,0.844896,-0.256485,-1.089394,-1.089384,1.388047,1.280929,0.075438,-0.266294,-0.016292,0.547176,-1.000000,57.600990
0.698026,0.834590,-0.212443,-0.573321,-0.573320,1.274653,1.802725,0.824478,0.199541,0.498934,0.968130,-1.000000,57.270752
0.646749,0.708346,-0.230984,-1.456753,-1.456752,2.140433,2.981208,2.439170,1.536799,1.885429,2.250792,-1.000000,56.436459
-1.003046,0.015190,-1.215810,1.324301,1.324303,0.282668,1.486315,1.211744,0.249233,0.477804,0.781148,1.000000,57.183849
0.490046,1.240426,-0.015317,-0.759878,-0.759886,0.526802,1.940275,2.013271,1.120214,1.166309,1.423686,-1.000000,56.749317
0.692848,0.923797,-0.076975,-0.535997,-0.535987,0.658971,2.061583,2.456247,1.758275,1.552578,1.802412,-1.000000,56.445148
-0.862199,0.461898,-1.231709,0.000000,0.000000,0.366438,1.561200,2.316652,1.816012,1.405388,1.701821,0.000000,56.445148
-0.478396,0.000000,-0.672742,2.986916,2.986919,-1.961433,-1.399318,-0.667770,-0.900739,-1.530878,-1.230883,1.000000,58.131119
0.566737,0.730795,-0.178975,0.239205,0.239199,-1.822524,-1.704703,-0.877958,-0.961975,-1.660260,-1.466574,0.000000,58.270168
0.467569,0.603309,-0.739072,-1.118568,-1.118566,-0.410261,-0.699855,0.131716,0.253384,-0.406042,-0.368033,-1.000000,57.618378
0.060498,0.196608,-0.393227,-0.271493,-0.271498,0.214762,-0.453721,0.241981,0.536143,0.009071,-0.167880,0.000000,57.461945
1.901970,1.917436,-0.309258,-2.192990,-2.192992,2.375146,1.588072,2.125671,2.663528,2.280508,1.932897,-1.000000,56.201809
2.032061,2.095564,-0.079382,-2.597798,-2.597794,3.867279,3.987933,4.426096,5.078579,4.961418,4.449379,-1.000000,54.741802
0.836752,0.963058,-0.836752,0.555641,0.555643,2.121881,3.024943,3.409113,4.226394,4.295544,3.770126,1.000000,55.045971
-0.529430,0.046713,-0.809717,1.389329,1.389330,0.074739,1.445030,1.702478,2.549823,2.815316,2.362187,1.000000,55.810741
-0.157384,0.991497,-0.409194,-1.058860,-1.058866,0.333650,2.308785,2.503413,3.317596,3.761410,3.447173,-1.000000,55.219780
0.093322,0.093322,-0.917717,1.180359,1.180358,-0.955044,1.012603,1.140668,1.808215,2.425262,2.245037,1.000000,55.871571
-1.141517,0.125095,-1.204067,-0.528854,-0.528847,-0.128228,1.089911,1.575186,2.111802,2.775288,2.800099,-1.000000,55.576096
1.593372,1.720845,-0.127467,-1.860833,-1.860836,1.580628,2.323140,3.178249,3.668741,4.467817,4.646273,-1.000000,54.541916
-1.270990,0.031382,-1.522049,1.545574,1.545576,-0.119256,0.362464,1.443588,1.833514,2.646787,2.984984,1.000000,55.384903
-1.085592,0.298929,-1.132789,-0.266749,-0.266757,0.154188,0.228134,1.569126,1.891918,2.658908,3.133000,0.000000,55.237160
-1.572383,0.246641,-1.680290,2.061048,2.061051,-1.689535,-1.765070,-0.490212,-0.245107,0.380450,0.976308,1.000000,56.375626
-0.990102,0.137085,-1.614632,1.202403,1.202406,-2.339683,-2.527040,-1.798429,-1.376240,-0.893835,-0.295003,1.000000,57.053490
-0.045898,0.336599,-0.305993,-0.441738,-0.441743,-1.110768,-1.785492,-1.535084,-0.972304,-0.586288,0.074972,0.000000,56.801460
-1.978581,0.282658,-1.978581,2.845777,2.845786,-2.808692,-4.056833,-4.168407,-3.569626,-3.324610,-2.703566,1.000000,58.417908
0.280848,0.443452,-0.310421,0.639692,0.639686,-2.217294,-4.059128,-4.626755,-3.983000,-3.858093,-3.325944,1.000000,58.791599
-0.887441,0.251439,-1.064934,-0.059129,-0.059122,-1.348916,-3.511319,-4.280436,-3.729482,-3.700049,-3.297841,0.000000,58.756840
-0.175648,0.483024,-0.190278,1.050139,1.050123,-1.592495,-3.874404,-4.755063,-4.625281,-4.502916,-4.237889,1.000000,59.373859
0.142184,0.213282,-1.037970,2.942040,2.942042,-2.991606,-5.545280,-6.814535,-7.117866,-6.974542,-6.841550,1.000000,61.120663
0.100402,1.649458,-0.129094,-0.867341,-0.867335,-1.425703,-3.859723,-5.473320,-6.059952,-5.907054,-5.896919,-1.000000,60.590542
-0.821638,0.113333,-0.991638,1.247841,1.247847,-1.807621,-4.048729,-5.972514,-6.901116,-6.747127,-6.853186,1.000000,61.346619
0.283121,0.693655,-0.042466,0.070836,0.070838,-1.019260,-3.299834,-5.439792,-6.544453,-6.490942,-6.695453,0.000000,61.390076
-0.720138,0.621296,-0.833094,0.254815,0.254805,-0.564810,-2.815585,-5.033414,-6.229168,-6.506632,-6.655836,0.000000,61.546501
1.279470,1.423239,-0.215633,-1.779161,-1.779157,1.014953,-0.451407,-2.661488,-4.083522,-4.668772,-4.784834,-1.000000,60.451492
0.680657,0.767558,-0.260681,-0.733173,-0.733173,1.566976,0.548872,-1.428920,-3.025348,-3.805362,-3.900558,-1.000000,60.008278
-0.504976,0.346278,-0.605972,0.376531,0.376535,0.816621,0.411195,-1.245611,-2.972875,-3.982109,-4.051362,0.000000,60.234230
0.145135,1.103051,-0.188686,-0.591539,-0.591551,0.911470,1.195939,-0.268016,-2.060953,-3.165161,-3.289302,-1.000000,59.877914
0.294113,0.897060,-0.132347,-1.306244,-1.306235,1.417645,2.488233,1.282351,-0.466913,-1.588824,-1.954902,-1.000000,59.095768
0.102071,0.597836,-0.452034,0.852944,0.852939,0.274133,1.366288,0.738797,-0.884368,-2.115485,-2.709729,1.000000,59.599819
-0.251823,0.533256,-0.414752,-1.560222,0.163207,0.006490,1.051456,0.717505,-0.684696,-2.014574,-2.752185,0.000000,59.697090
-0.146840,0.558010,-0.234943,0.873939,0.873940,-0.865058,-0.011308,0.002922,-1.131504,-2.531432,-3.442107,1.000000,60.218807
1.529012,1.529012,-0.629588,-2.041115,-2.041112,0.899408,1.665178,2.112937,1.150129,-0.289103,-1.272654,-1.000000,58.989674
0.631443,0.631443,-0.523647,-2.668264,-2.668274,3.080246,3.732789,4.684914,3.954621,2.572552,1.589114,-1.000000,57.415668
1.879106,2.489815,-0.062639,-1.647927,-1.647925,3.698717,4.765712,5.889842,5.667026,4.427733,3.375306,-1.000000,56.469501
-0.745232,0.186299,-0.947066,0.861264,0.861270,1.850635,3.335174,4.560193,4.636369,3.646336,2.559586,1.000000,56.955856
1.753021,2.032265,-0.387837,0.077620,0.077627,0.642253,2.687624,3.970721,4.398055,3.689653,2.584145,0.000000,57.000069
0.326898,1.042973,-0.295758,-0.341298,-0.341308,0.217937,2.498445,3.788757,4.583840,4.075038,2.990276,0.000000,56.805523
-0.138128,0.552475,-0.322294,1.432139,1.432139,-1.126460,0.794962,1.868929,2.954926,2.644846,1.654325,1.000000,57.619057
-0.320169,0.289683,-0.396393,0.659902,0.659908,-1.247138,-0.141789,0.919229,2.010884,2.054535,1.186600,1.000000,57.999290
1.420094,1.638569,-0.265296,-2.302171,-2.302178,0.976904,1.676029,2.903860,4.068225,4.335568,3.646235,-1.000000,56.664043
-0.638828,0.623250,-0.997194,0.156052,0.156051,0.732317,0.906827,2.334527,3.501325,4.029284,3.573747,0.000000,56.752468
0.077225,0.555986,-0.324323,0.888127,0.888123,0.003094,-0.284164,1.128446,2.229227,3.008693,2.713264,1.000000,57.256500
0.445333,0.522107,-0.936734,0.571433,0.571441,-0.577402,-0.821565,0.378782,1.304275,2.299051,2.160345,1.000000,57.583687
-1.196535,0.000000,-1.196535,2.671987,2.671984,-2.784924,-2.953933,-2.287367,-1.444524,-0.498429,-0.367473,1.000000,59.122314
1.462168,1.552618,-0.316550,-0.777752,-0.777755,-1.341566,-1.902311,-1.639021,-0.786702,0.150049,0.427395,-1.000000,58.662487
-0.270108,0.690275,-0.450185,0.452220,0.452229,-1.047423,-2.016810,-2.227894,-1.344206,-0.465011,-0.017019,0.000000,58.927776
-0.074155,0.593211,-0.222454,1.185476,1.185470,-1.411834,-2.691679,-3.302189,-2.521133,-1.749463,-1.139792,1.000000,59.626347
-0.162303,0.309880,-0.604982,0.504222,0.504239,-1.124401,-2.794757,-3.507953,-2.940839,-2.350492,-1.605015,0.000000,59.927006
-0.520534,0.086751,-0.867562,2.051065,2.051045,-2.446501,-4.232216,-4.936379,-4.764315,-4.266986,-3.580646,1.000000,61.156136
-0.343738,0.100256,-0.501288,0.954303,0.954308,-2.371811,-4.315382,-5.318437,-5.499141,-5.059759,-4.430040,1.000000,61.739754
-0.215582,0.186831,-0.948554,-0.343738,-0.343744,-1.189993,-3.209252,-4.501290,-5.066826,-4.648202,-4.090589,0.000000,61.527527
0.715308,1.545066,-0.028619,0.459902,0.459914,-0.935628,-2.915601,-4.398672,-5.273255,-4.959666,-4.506998,0.000000,61.810501
-0.485166,0.442347,-0.756277,0.257511,0.257510,-0.530827,-2.457198,-4.176186,-5.149121,-5.018272,-4.729508,0.000000,61.969669
-1.804197,0.419585,-1.818186,2.026253,2.026251,-1.851748,-3.745456,-5.528207,-6.498603,-6.675247,-6.475348,1.000000,63.225330
-0.621554,0.000000,-1.298347,1.258744,1.258750,-2.359122,-4.104980,-5.936473,-7.109125,-7.565203,-7.429020,1.000000,64.021179
0.978310,1.091740,-0.127601,-2.582877,-2.582875,0.499077,-1.010922,-2.842296,-4.215944,-4.976613,-4.860612,-1.000000,62.367592
-0.241476,0.397724,-0.553977,-0.184314,-0.184320,0.826704,-0.406253,-2.127846,-3.601568,-4.591483,-4.557773,0.000000,62.252636
-0.533404,0.280747,-0.715883,1.193176,1.193169,-0.036486,-1.093478,-2.709145,-4.311476,-5.362150,-5.476786,1.000000,62.995415
0.356786,0.399598,-1.270158,-1.642333,-1.642335,1.224498,0.687891,-0.779214,-2.394029,-3.427424,-3.771461,-1.000000,61.960819
-0.253415,0.084467,-0.830631,1.370057,1.370066,-0.529354,-0.502604,-1.680041,-3.223991,-4.359849,-4.906848,1.000000,62.809723
-0.295151,0.449753,-0.576253,0.168947,0.168939,-0.522838,-0.449749,-1.423280,-2.897397,-4.145043,-4.924336,0.000000,62.915833
0.564576,0.663376,-0.409315,-0.421650,-0.421639,0.025401,0.105857,-0.684075,-2.055753,-3.365987,-4.326984,0.000000,62.650555
0.379050,0.477323,-0.252703,0.536351,0.536354,-0.511031,-0.266751,-0.890084,-2.149386,-3.540654,-4.542573,0.000000,62.986584
-0.056259,0.253166,-0.942332,-0.182514,-0.182521,-0.039377,-0.140643,-0.526953,-1.672290,-3.054287,-4.028596,0.000000,62.871620
0.408452,0.507044,-0.507044,-0.140644,-0.140649,0.092962,-0.197179,-0.276051,-1.205629,-2.527884,-3.584034,0.000000,62.783192
0.183741,0.551235,-0.339220,-0.352113,-0.352104,0.333566,0.186568,0.186570,-0.566081,-1.812019,-2.947001,0.000000,62.562130
0.228664,0.300127,-0.943266,-1.102472,-1.102493,1.200528,1.241974,1.310101,0.723897,-0.419022,-1.592097,-1.000000,61.872387
-0.525796,0.298421,-0.540010,0.571676,0.571677,0.380850,0.542854,0.761699,0.336092,-0.686645,-1.904684,1.000000,62.226097
-0.099234,0.226816,-0.326060,0.241577,0.241580,-0.019843,0.367176,0.428136,0.192100,-0.717313,-1.907182,0.000000,62.376423
0.345769,0.576277,-0.475439,-1.601924,-1.601929,1.149694,1.767765,1.775931,1.793701,1.075937,-0.054256,-1.000000,61.377197
-0.314782,0.701099,-0.486473,0.691536,0.691537,0.208904,0.888552,1.015896,1.116772,0.567766,-0.468339,1.000000,61.801643
-0.329517,0.171913,-0.888256,-0.128768,-0.128746,0.289380,0.868180,1.088811,1.239960,0.833227,-0.098865,0.000000,61.722076
-0.808625,0.482344,-0.865372,0.988531,0.988531,-0.658258,-0.224153,0.028367,0.278050,0.000564,-0.822815,1.000000,62.332218
-0.910512,0.270312,-0.995881,-0.283724,-0.283744,-0.446714,-0.055478,0.333865,0.477320,0.349421,-0.377946,0.000000,62.155354
0.284867,0.384566,-0.156674,-0.113817,-0.113805,-0.105398,-0.054126,0.370318,0.435837,0.485973,-0.080707,0.000000,62.084618
0.978276,1.007045,-0.503522,-0.997005,-0.997002,0.791250,0.773980,1.223798,1.373897,1.493882,1.063153,-1.000000,61.465633
-0.254381,0.339172,-0.353307,1.798302,1.798293,-0.717917,-0.894572,-0.572826,-0.391461,-0.250419,-0.565286,1.000000,62.570965
-0.363996,0.251996,-0.601988,0.946860,0.946856,-1.385966,-1.675760,-1.486763,-1.312465,-1.110447,-1.327162,1.000000,63.163422
-0.013897,0.597473,-0.097261,0.755986,0.756001,-1.659031,-2.214819,-2.145346,-1.920945,-1.826321,-1.937386,1.000000,63.640938
0.545224,0.712990,-0.391443,-0.611369,-0.611361,-0.685036,-1.316940,-1.494024,-1.282689,-1.271085,-1.254494,-1.000000,63.251862
0.084743,0.254237,-0.423733,-1.020545,-1.020549,0.703380,-0.170914,-0.473649,-0.289560,-0.237865,-0.178918,-1.000000,62.606346
0.042856,0.371431,-0.385710,-1.129948,-1.129956,1.637146,0.998573,0.666666,0.789286,0.879429,0.966668,-1.000000,61.898922
1.241599,1.504527,-0.043820,-2.200001,-2.200009,3.055813,2.974009,2.745164,2.854230,2.986279,3.159033,-1.000000,60.537140
0.188374,0.188374,-0.565134,0.803393,0.803418,1.376599,1.967814,1.778468,1.883041,2.104024,2.216569,1.000000,61.023506
-0.100315,0.243620,-0.214964,1.115776,1.115763,-0.243620,0.781027,0.690742,0.671393,0.905702,0.963503,1.000000,61.704384
-0.514655,0.285926,-0.643312,0.243620,0.243610,-0.729082,0.599011,0.451764,0.369559,0.591862,0.690504,0.000000,61.854702
-0.014259,0.199753,-0.370943,0.200142,0.200156,-0.901700,0.302468,0.278688,0.177626,0.347551,0.474625,0.000000,61.978508
0.130146,0.274756,-0.188004,-1.341124,-1.341128,0.644971,1.336222,1.512647,1.451185,1.591315,1.739689,-1.000000,61.147297
-0.629564,0.243238,-0.672487,1.070133,1.070114,-0.168824,-0.034323,0.399692,0.330534,0.446430,0.653900,1.000000,61.801643
0.412503,0.589278,-0.427226,-2.875951,-2.875940,2.227463,2.388045,3.143791,3.188722,3.236894,3.479677,-1.000000,60.024265
-0.161386,0.366784,-0.322773,0.412503,0.412502,1.282273,1.580103,2.588026,2.637909,2.660794,2.908350,0.000000,60.271866
-0.311017,0.177728,-0.755324,-0.938977,-0.938967,1.481038,2.175649,3.240520,3.441941,3.488741,3.719389,-1.000000,59.705933
0.476616,0.595773,-0.104258,-0.562793,-0.562802,1.456657,2.557346,3.398873,3.777930,3.882040,4.103369,-1.000000,59.369907
-0.620564,0.265959,-0.842197,0.804291,0.804281,-0.005902,1.542562,2.151312,2.757104,2.884172,3.104325,1.000000,59.847408
0.000000,0.338489,-0.412066,0.398932,0.398940,-0.382630,0.869761,1.394170,2.182495,2.389412,2.545015,0.000000,60.086163
0.014689,0.323105,-0.058736,0.206032,0.206041,-0.608022,0.389189,0.920350,1.868116,2.073140,2.203945,0.000000,60.209965
-0.353354,0.117789,-0.618372,-0.249667,-0.249683,-0.241454,0.320976,0.968799,1.914030,2.217917,2.359161,0.000000,60.059631
-0.191974,0.251031,-0.280570,-0.294460,-0.294442,0.224441,0.406072,1.194124,1.941073,2.356164,2.531001,0.000000,59.882790
0.585936,0.946520,-0.150239,-1.712940,-1.712948,1.634616,1.655651,2.712342,3.311303,3.915870,4.118594,-1.000000,58.857029
-0.269543,0.104820,-0.554051,0.330530,0.330533,0.949384,1.156032,2.074471,2.615303,3.368074,3.644305,0.000000,59.051571
0.566821,0.730904,-0.134254,0.389341,0.389334,0.244631,0.596660,1.389222,1.936906,2.819813,3.100641,0.000000,59.281479
-0.602582,0.075328,-1.265435,-0.984493,-0.984493,0.777351,1.425134,2.024713,2.677773,3.578196,3.954012,-1.000000,58.697857
-1.806606,0.222125,-1.821407,1.732453,1.732462,-0.995119,-0.244342,0.127345,0.860355,1.583294,2.037610,1.000000,59.714775
0.043794,0.496345,-0.496345,1.436400,1.436398,-1.830661,-1.537231,-1.425795,-0.605114,-0.057812,0.505594,1.000000,60.572517
0.058860,0.603302,-0.191285,-0.788323,-0.788318,-0.703361,-0.753391,-0.634694,0.050758,0.526186,1.193834,-1.000000,60.095013
-0.288773,0.259890,-0.591978,1.912894,1.912896,-1.926084,-2.447311,-2.393890,-1.876997,-1.449622,-0.717597,1.000000,61.244568
0.970012,1.190472,-0.117581,-1.761480,-1.761488,0.320403,-0.680482,-0.592791,-0.268227,0.202233,0.929355,-1.000000,60.165752
-0.308777,0.235254,-0.426409,-0.044090,-0.044077,0.505799,-0.594044,-0.463673,-0.308060,0.219952,0.806239,0.000000,60.139233
-0.597401,0.160281,-0.888824,0.911623,0.911618,-0.364268,-1.190442,-1.270584,-1.300455,-0.707566,-0.266649,1.000000,60.687473
-0.551600,0.014520,-0.609665,0.378846,0.378846,-0.470314,-1.257079,-1.552237,-1.599657,-1.133988,-0.770799,0.000000,60.917385
-0.701236,0.087663,-0.891163,-0.638702,-0.638714,-0.067190,-0.416351,-0.884334,-0.945937,-0.586113,-0.247374,-1.000000,60.528297
-0.433519,0.433530,-0.476870,1.095690,1.095699,-0.815026,-1.088146,-1.835258,-1.898121,-1.715029,-1.367052,1.000000,61.191505
-0.911809,0.455905,-0.940309,1.430643,1.430630,-1.592815,-2.104280,-2.985224,-3.064534,-3.042024,-2.676064,1.000000,62.066929
-0.562659,0.281341,-0.984663,1.282225,1.282243,-2.146579,-2.979322,-3.788627,-4.051909,-4.202001,-3.810666,1.000000,62.862778
-0.254453,0.395814,-0.339268,-0.492331,-0.492339,-1.139384,-2.106300,-2.939399,-3.379980,-3.566297,-3.289509,0.000000,62.553280
0.582960,0.725144,-0.142185,-0.579582,-0.579591,-0.028434,-1.383472,-2.061702,-2.657466,-2.880700,-2.707706,-1.000000,62.190727
-0.340471,0.241177,-0.510712,0.227493,0.227511,0.110646,-1.259759,-1.895309,-2.696133,-2.932621,-2.909640,0.000000,62.332218
-0.487391,0.516056,-0.559058,-1.035602,-1.035611,1.034974,0.024365,-0.655583,-1.531683,-1.766633,-1.864492,-1.000000,61.686699
-0.792411,0.113205,-0.863167,1.304467,1.304474,-0.384891,-0.974959,-1.730110,-2.508848,-2.862323,-3.091369,1.000000,62.491386
0.056005,0.196050,-0.406107,1.047129,1.047117,-1.229519,-1.648231,-2.426364,-3.194931,-3.675117,-3.930824,1.000000,63.145744
0.321280,0.852076,-0.586671,0.252054,0.252047,-1.125839,-1.456892,-2.454703,-3.120531,-3.721733,-4.012650,0.000000,63.304901
-1.110347,0.137088,-1.137757,1.899708,1.899717,-2.294719,-2.779982,-3.824532,-4.476347,-5.240844,-5.554028,1.000000,64.507515
0.559678,1.315241,-0.111938,-2.028781,-2.028768,0.207067,-0.587672,-1.510204,-2.222622,-3.068712,-3.396310,-1.000000,63.198807
-0.374632,0.013878,-0.485638,0.839512,0.839502,-0.238660,-1.279313,-2.011935,-2.788955,-3.569863,-3.997504,1.000000,63.729362
-0.402388,0.180376,-0.457891,0.000000,0.000000,-0.055504,-1.094770,-1.717776,-2.503816,-3.276260,-3.806948,0.000000,63.729362
-0.368405,0.231953,-0.382043,1.692800,1.692815,-1.255299,-2.337304,-2.913555,-3.851837,-4.545246,-5.171708,1.000000,64.808182
-0.122738,0.313645,-0.463663,0.054579,0.054576,-1.205515,-2.003285,-2.591040,-3.543583,-4.218204,-4.977512,0.000000,64.843552
0.450023,0.531841,-0.163648,0.000000,0.000000,-0.698219,-1.516443,-2.305571,-3.180839,-3.901826,-4.722500,0.000000,64.843552
0.368697,0.436979,-0.191188,-0.136368,-0.136379,-0.245796,-1.032365,-1.977334,-2.734539,-3.512225,-4.288775,0.000000,64.755119
0.164040,0.478466,-0.437457,-0.109246,-0.109265,0.158601,-0.686244,-1.650473,-2.336964,-3.122882,-3.893810,0.000000,64.684364
0.122444,0.557829,-0.149661,0.478466,0.478480,-0.261218,-0.899312,-1.831287,-2.458499,-3.353465,-4.058499,0.000000,64.993866
0.497788,0.677541,-0.857305,-1.605442,-1.605441,1.086838,0.630537,-0.060837,-0.651269,-1.539820,-2.219300,-1.000000,63.950428
0.759602,1.251944,-0.014058,-1.700780,-1.700770,2.205650,2.318190,1.793032,1.130960,0.337036,-0.360576,-1.000000,62.862778
-0.155040,0.606061,-0.521487,-0.196932,-0.196946,1.764628,2.362241,2.020214,1.320660,0.665832,-0.048849,0.000000,62.738972
-1.070184,0.138994,-1.320357,1.409443,1.409441,0.016686,0.922877,0.652318,-0.003461,-0.563157,-1.253172,1.000000,63.623241
0.807938,0.850459,-0.637853,-1.945787,-1.945780,1.165123,2.537204,2.551380,1.996454,1.529125,0.767301,-1.000000,62.385273
-1.404927,0.472950,-1.502297,1.899356,1.899360,-0.840177,0.425647,0.541568,0.192655,-0.213661,-0.932444,1.000000,63.570194
1.258661,1.258661,-0.692968,-1.641397,-1.641395,0.707107,1.731008,2.147738,1.931832,1.480976,0.848062,-1.000000,62.526756
-0.788285,0.070376,-1.097972,0.466698,0.466695,0.264636,0.950163,1.576575,1.484373,1.006754,0.492677,0.000000,62.818565
0.000000,0.322575,-0.210380,0.365994,0.365983,-0.283303,0.322584,1.134182,1.106598,0.669852,0.238902,0.000000,63.048470
-0.447676,0.139898,-0.685513,0.252454,0.252460,-0.274202,-0.212648,0.710689,0.844293,0.480695,0.127775,0.000000,63.207642
-0.168589,0.252881,-0.491708,-0.419702,-0.419693,-0.053389,0.047760,0.933777,1.144982,0.942958,0.642498,0.000000,62.942364
-0.210825,0.196766,-0.618416,-0.042144,-0.042151,0.112439,0.098382,0.772076,1.165145,1.063669,0.729914,0.000000,62.915833
0.110424,0.193235,-1.214627,1.827119,1.827138,-1.294696,-1.490694,-1.107904,-0.623889,-0.651495,-1.014964,1.000000,64.065392
-0.261135,0.000000,-0.783397,0.427888,0.427869,-1.313905,-1.799063,-1.564963,-0.999861,-1.000549,-1.344144,0.000000,64.339508
0.371272,0.956730,-0.157077,-3.752066,-3.752063,2.119097,1.954880,1.942027,2.626734,2.769674,2.487508,-1.000000,61.925449
-0.380117,0.718009,-0.450514,1.427959,1.427965,0.639165,0.398421,0.385749,1.019988,1.214696,1.069968,1.000000,62.809723
-0.042516,0.070866,-0.581060,-0.661694,-0.661694,1.142291,1.045918,1.004344,1.496596,1.837301,1.780989,-1.000000,62.394115
0.272562,0.387325,-0.516427,-1.204647,-1.204652,1.589444,2.087221,2.117345,2.481710,2.943626,2.976141,-1.000000,61.642483
0.345580,0.359971,-0.230376,-0.372977,-0.372977,1.016563,2.203029,2.259665,2.598996,3.178119,3.267583,0.000000,61.412571
0.318242,0.506301,-0.144652,-0.460763,-0.460757,1.223780,2.336178,2.596075,2.757846,3.415014,3.626983,0.000000,61.129608
0.100531,0.359041,-0.373394,0.723275,0.723275,0.094785,1.378716,1.642970,1.826797,2.459858,2.723922,1.000000,61.571743
0.263815,0.351748,-0.512980,-2.010619,-2.010624,1.465626,3.030921,3.486243,3.706575,4.263221,4.673404,-1.000000,60.333767
-0.247702,0.072859,-0.641112,0.586244,0.586249,0.559521,1.873815,2.648987,2.933119,3.387437,3.896255,1.000000,60.687473
0.938415,1.011733,-0.278585,-0.626548,-0.626556,0.826986,1.847514,2.993165,3.307192,3.748980,4.362177,-1.000000,60.307232
0.476190,0.877982,-0.252973,-1.466276,0.358425,0.266562,1.252115,2.329659,2.784421,3.082991,3.753468,0.000000,60.523388
1.017659,1.032628,-0.239443,-0.565472,-0.565479,0.374634,1.391152,2.605723,3.087379,3.418689,4.085265,-1.000000,60.181141
-0.344574,0.194752,-0.704121,-0.104759,-0.104754,0.408143,1.118884,2.403071,2.995153,3.344519,3.932404,0.000000,60.118099
0.866261,1.033435,-0.227965,-1.423216,-1.423215,1.376893,2.177199,3.341231,4.182132,4.601919,5.123998,-1.000000,59.262489
0.121177,0.272645,-0.454402,0.334337,0.334330,0.754325,1.508452,2.449866,3.533281,3.973344,4.480868,0.000000,59.460621
0.030338,0.106204,-0.971032,-0.166606,-0.166598,0.531019,1.380001,2.332890,3.382099,3.943101,4.338950,0.000000,59.361561
-0.506293,0.107395,-0.582996,-1.107577,-1.107584,1.153733,2.026952,3.012754,4.178980,4.775683,5.209636,-1.000000,58.704082
0.046037,0.475747,-0.445060,-0.030678,-0.030678,0.696745,1.777497,2.623136,3.850578,4.546058,5.004688,0.000000,58.686073
0.294075,0.448848,-0.402419,-0.844081,-0.844072,1.185569,2.214822,3.101270,4.229836,5.117898,5.638011,-1.000000,58.190720
-1.970370,0.687333,-1.970370,1.331063,1.331063,-0.311595,0.644566,1.470260,2.404984,3.460103,3.987056,1.000000,58.965275
1.610888,1.720366,-0.078198,-2.336951,-2.336960,1.457624,2.543017,3.488241,4.478753,5.545391,6.197620,-1.000000,57.587280
-0.031156,0.405114,-0.342787,0.375353,0.375368,0.766588,1.748201,2.666621,3.654997,4.795076,5.467930,0.000000,57.803444
0.773966,1.089874,-0.394882,-1.355561,-1.355570,1.566895,2.603065,3.690010,4.608162,5.821560,6.595340,-1.000000,57.019878
1.484987,1.501309,-0.620100,-3.206448,-3.206452,3.844655,5.264367,6.461060,7.489075,8.683951,9.665855,-1.000000,55.191563
0.325357,0.634456,-0.309097,0.310055,0.310067,2.222214,4.198790,5.536568,6.610431,7.699417,8.864115,0.000000,55.362694
0.321545,0.627008,-0.852095,1.187571,1.187569,0.463020,2.379417,3.762053,4.903182,6.013769,7.158780,1.000000,56.020164
1.750874,1.800897,-0.283478,-3.585209,-3.585211,2.794729,5.317657,6.858983,8.104186,9.304359,10.592355,-1.000000,54.011723
0.350993,0.651845,-0.384429,-0.233448,-0.233451,1.871971,4.673241,6.337957,7.758830,8.928532,10.292535,0.000000,53.885632
-0.254189,0.643960,-0.457543,-1.370557,-1.370556,2.518225,5.178789,7.048528,8.546861,9.802819,11.140378,-1.000000,53.147099
0.000000,0.764268,-0.526496,-0.220297,-0.220296,1.864810,4.291780,6.476450,8.100373,9.412957,10.674870,0.000000,53.030018
0.359280,0.906756,-0.479047,-0.730299,-0.730288,1.331043,4.119751,6.408886,8.147123,9.573000,10.901282,-1.000000,52.642746
-0.187140,0.272201,-1.701259,0.564582,0.564581,0.357260,2.616531,5.085624,6.856067,8.305650,9.657225,1.000000,52.939957
0.838719,1.153240,-0.733879,-2.636950,-2.636965,2.166704,4.333400,7.007988,8.918407,10.556861,11.925487,-1.000000,51.543949
0.759149,1.949622,-1.052452,1.275553,1.275554,0.517607,2.446524,4.895338,6.870263,8.514155,9.912937,1.000000,52.201420
1.383297,1.768513,-0.332697,-1.466525,-1.466521,1.393802,3.207845,5.480652,7.680792,9.439327,10.902278,-1.000000,51.435875
-1.833448,0.205619,-2.827282,2.188758,2.188754,-0.808771,0.339277,2.583966,4.727557,6.489380,7.983534,1.000000,52.561680
2.217179,2.496508,-0.209495,-1.850586,-1.850578,0.537705,1.761522,3.715083,6.012570,7.831005,9.374513,-1.000000,51.588985
0.484479,1.471378,-0.251211,-2.706004,-2.706002,2.795616,3.856088,5.692920,8.115015,10.039113,11.743053,-1.000000,50.192986
0.455498,1.927116,-0.175196,2.422397,2.422388,0.056063,1.061669,2.702642,4.898390,6.825509,8.498599,1.000000,51.408855
-0.359834,1.062370,-0.496917,2.242465,2.242464,-1.710072,-1.243999,0.094818,1.988524,3.957510,5.627717,1.000000,52.561680
-1.090845,0.340891,-2.028291,0.531181,0.531187,-2.123741,-1.728310,-0.835178,1.000514,2.914610,4.584969,0.000000,52.840881
-2.264990,1.192093,-2.758861,0.085228,0.085231,-1.716627,-1.822215,-1.061541,0.449585,2.386915,4.036097,0.000000,52.885918
0.033875,0.660567,-0.558946,0.544959,0.544947,-1.128044,-2.047760,-1.686987,-0.456464,1.417350,3.036930,0.000000,53.174118
-0.826025,0.033715,-0.960890,0.474253,0.474265,-0.839519,-2.280854,-2.116210,-1.091541,0.581925,2.186442,0.000000,53.426304
0.284135,0.568270,-0.835701,0.859747,0.859741,-1.193382,-2.659203,-2.844728,-2.071704,-0.652517,0.970527,1.000000,53.885632
0.355991,0.830646,-0.322094,-1.403978,-1.403979,0.322089,-1.166299,-1.400238,-0.949314,0.426513,2.017291,-1.000000,53.129089
0.646810,0.800002,-0.170209,-0.406852,-0.406856,0.742134,-0.512334,-1.000845,-0.648504,0.467071,2.069228,0.000000,52.912930
-0.473449,0.270544,-0.473449,0.663828,0.663840,0.111597,-0.591819,-1.438398,-1.362025,-0.477513,1.056812,1.000000,53.264187
-0.323126,0.340138,-0.646260,-0.574907,-0.574910,0.513605,0.275510,-0.773243,-0.809524,-0.070748,1.311792,-1.000000,52.957966
-0.285095,0.083849,-0.804962,1.411568,1.411565,-0.952542,-0.907261,-1.872659,-2.127285,-1.585108,-0.424842,1.000000,53.705502
2.023118,2.057122,-0.374026,-1.358378,-1.358384,0.353626,0.482836,-0.469221,-0.748038,-0.459700,0.656247,-1.000000,52.975975
-0.833478,0.527295,-1.122640,-0.051001,-0.050997,0.418438,0.546011,-0.247207,-0.696547,-0.489198,0.401997,0.000000,52.948959
-0.841184,0.100944,-1.312246,1.105627,1.105636,-0.578741,-0.486210,-0.921944,-1.596574,-1.603639,-0.912970,1.000000,53.534382
1.277683,1.294715,-0.477007,-1.244950,-1.244959,0.640545,0.662692,0.511074,-0.293015,-0.384326,0.189666,-1.000000,52.867901
0.339328,0.373263,-0.678653,0.408855,0.408868,-0.003401,0.101790,0.167394,-0.543782,-0.785892,-0.361393,0.000000,53.084061
0.531552,0.840194,-0.497258,-1.051916,-1.051930,0.888209,1.051101,1.192277,0.510121,0.259949,0.476113,-1.000000,52.525654
0.792282,0.826731,-0.223908,-0.445814,-0.445805,1.088525,1.384768,1.569634,1.027379,0.659310,0.816390,0.000000,52.291492
-0.601204,0.701399,-0.868403,3.134688,3.134682,-1.837006,-1.573147,-1.423959,-1.696728,-2.223114,-2.245047,1.000000,53.930664
1.671452,1.857170,-0.236367,-1.085506,-1.085503,-0.580786,-0.420396,-0.352301,-0.436436,-1.064328,-1.159887,-1.000000,53.345245
-0.610480,0.067826,-1.000509,-0.438965,-0.438969,-0.132270,-0.093267,-0.010175,0.054265,-0.501950,-0.719010,0.000000,53.111076
0.189070,0.756272,-0.635956,-1.339666,-1.339662,1.175662,1.153317,1.254725,1.370744,0.836712,0.613611,-1.000000,52.399567
0.364392,1.058478,-0.294989,-0.945340,-0.945340,1.992016,1.917402,2.091500,2.243619,1.823352,1.507312,-1.000000,51.904213
-2.361802,0.102690,-2.464484,1.388164,1.388165,0.099263,0.349135,0.612697,0.791543,0.614065,0.185974,1.000000,52.624729
0.567109,0.567109,-0.790512,-0.410750,-0.410757,0.154673,0.675382,0.957789,1.110163,1.105351,0.612368,0.000000,52.408569
0.556135,0.816818,-0.469241,-1.117027,-1.117014,0.789009,1.569335,1.856091,2.053344,2.190466,1.773828,-1.000000,51.823158
1.557749,1.700987,-0.393907,-2.937092,-2.937100,3.004481,4.200542,4.583711,4.860344,5.080756,4.703674,-1.000000,50.301060
-1.359927,0.344511,-1.450597,-1.253350,-1.253355,3.412513,4.995469,5.471142,5.864916,6.155577,5.903900,-1.000000,49.670609
0.401116,1.133593,-0.401114,3.970984,3.970990,-0.917336,0.542379,1.198698,1.664632,1.982560,1.952679,1.000000,51.643024
1.533518,1.729666,-0.178320,-2.197415,-2.197422,0.556351,2.239660,3.160964,3.706315,4.042799,4.183906,-1.000000,50.508209
0.018123,0.706655,-0.308025,-1.587024,-1.587025,1.326333,3.203488,4.371574,4.976455,5.384318,5.672535,-1.000000,49.706631
0.668237,0.722415,-0.433444,0.326146,0.326148,0.823554,2.360490,3.677089,4.323649,4.780213,5.130343,0.000000,49.868748
1.685065,2.033699,-0.116213,-6.754557,-6.754555,6.763507,8.613209,10.357029,11.187296,11.818712,12.288077,-1.000000,46.500336
-0.759492,0.272647,-1.947420,-0.542326,-0.542323,5.012658,7.826682,9.851351,11.005847,11.821621,12.401173,-1.000000,46.248154
1.548414,1.764010,-0.254804,-0.642645,-0.642644,3.708345,7.118775,9.489088,10.971187,11.934927,12.585913,-1.000000,45.950943
-0.444700,0.850733,-1.276102,1.372013,1.372009,0.962876,4.543696,7.072700,8.771270,9.808200,10.539445,1.000000,46.581394
-0.253710,0.448866,-0.390322,-0.928072,-0.928070,0.296640,4.623336,7.172778,9.099334,10.245119,11.070775,-1.000000,46.149086
0.138944,0.674871,-0.555782,-1.678378,-1.678384,1.512509,5.462488,8.042879,10.199489,11.459316,12.413001,-1.000000,45.374527
1.406734,1.569829,-0.040775,-2.639940,-2.639933,3.327218,6.632007,9.697587,12.083589,13.634253,14.775401,-1.000000,44.176670
-1.585343,1.091204,-1.873585,-0.978591,-0.978589,3.339506,6.139587,9.461254,12.093881,13.922995,15.207601,-1.000000,43.744362
0.859717,1.048438,-0.524219,-1.811820,-1.811827,3.556306,6.525481,10.104149,12.979666,15.081575,16.498923,-1.000000,42.951790
-0.106155,1.507437,-0.276002,-1.237159,-1.237145,3.095535,6.104027,10.244861,13.218677,15.570270,17.128798,-1.000000,42.420414
0.974450,1.689041,-0.216540,-1.953287,-1.953291,3.330441,7.037672,11.146231,14.234510,16.843648,18.552036,-1.000000,41.591820
1.151708,1.771869,-0.553710,-2.230398,-2.230405,3.960132,8.106309,11.881870,15.369873,18.204204,20.201547,-1.000000,40.664154
0.397869,4.641905,-0.552608,0.199336,0.199338,2.281164,6.613611,10.061885,13.709100,16.732089,18.970669,0.000000,40.745213
-2.030233,1.382289,-2.613389,2.343053,2.343051,-0.660901,3.002164,6.262061,9.892011,12.965014,15.336936,1.000000,41.699894
-0.492505,0.171302,-1.734480,0.863935,0.863925,-1.683075,1.147760,4.114212,7.971099,11.014141,13.519638,1.000000,42.060150
-2.665842,0.309986,-2.934487,3.618839,3.618853,-4.203349,-2.796033,0.031686,3.501754,6.373216,8.888888,1.000000,43.582245
1.729237,1.876852,-0.442849,-2.004549,-2.004548,-1.286377,-1.151412,1.525377,4.572964,7.620413,10.240405,-1.000000,42.708618
-0.422744,0.866624,-0.993450,-0.231963,-0.231963,-0.181787,-1.187915,1.238633,3.889234,6.950743,9.656866,0.000000,42.609550
0.149093,0.255589,-0.830671,-0.760938,-0.760942,0.860487,-0.587860,1.337591,3.808304,6.868580,9.644299,-1.000000,42.285316
-0.820534,0.904692,-0.904694,1.235352,1.235356,-0.021039,-1.710499,-0.419385,1.716809,4.864294,7.559434,1.000000,42.807690
0.166040,1.141553,-0.269824,1.367559,1.367553,-1.457032,-2.621417,-2.067245,-0.013489,2.870903,5.454548,1.000000,43.393108
0.000000,1.212370,-0.041806,-0.705687,-0.705681,-0.581105,-1.367060,-1.539857,0.330265,2.807688,5.466133,-1.000000,43.086891
0.697384,1.098901,-0.147929,-1.086957,-1.086962,0.515641,0.156384,-0.633979,1.041845,3.196958,5.859399,-1.000000,42.618553
-0.378629,0.147244,-0.946573,0.464922,0.464922,0.298696,-0.046277,-1.114850,0.134624,2.075725,4.668348,0.000000,42.816696
0.588879,1.090513,-1.134124,-3.554907,-3.554910,3.262821,3.452572,2.348246,3.237741,5.007643,7.799354,-1.000000,41.294601
-0.197542,1.602283,-0.658479,-0.632491,-0.632499,2.769981,3.489913,2.908995,3.365902,5.143119,7.783885,-1.000000,41.033413
-0.195695,0.413129,-1.065453,0.943813,0.943814,1.004568,2.211356,2.068572,2.066760,3.693853,5.953474,1.000000,41.420692
-0.578406,0.449869,-1.221078,1.500322,1.500325,-0.762638,0.565558,0.765502,0.355620,1.789211,3.716088,1.000000,42.042137
0.383552,0.745789,-0.277010,0.535561,0.535565,-1.551250,0.025571,0.318207,-0.259958,0.838699,2.576891,0.000000,42.267300
0.479505,0.632077,-0.893636,-2.237373,-2.237368,0.714900,1.955094,2.494910,1.889709,2.679159,4.234957,-1.000000,41.321625
1.189168,1.343316,-0.836822,-1.024414,-1.024408,1.691249,2.400343,3.118248,2.859495,3.304111,4.857219,-1.000000,40.898323
-1.675729,0.113222,-2.807976,-2.752698,-2.752709,3.740946,4.465582,5.544992,5.658972,5.785332,7.282614,-1.000000,39.772511
0.871506,1.072626,-0.424579,1.336051,1.336046,1.510623,2.513973,3.772075,4.211182,4.049172,5.401127,1.000000,40.303890
-1.517122,0.411797,-1.798869,3.106143,3.106162,-1.889906,-0.877773,0.528817,1.054392,0.780228,1.822707,1.000000,41.555794
-0.021896,0.612958,-0.569181,-0.996964,-0.996961,-0.989501,0.083175,1.271149,1.960365,1.670742,2.442341,-1.000000,41.141499
-1.246244,0.365273,-1.654493,1.882664,1.882661,-2.333484,-1.555661,-0.835134,-0.122485,-0.177062,0.274306,1.000000,41.916054
-0.042274,0.655248,-0.782080,1.654491,1.654488,-2.591420,-2.878889,-2.523787,-1.759677,-1.619115,-1.480313,1.000000,42.609550
1.802198,1.934068,-0.175829,-3.825832,-3.825837,1.613194,0.725278,1.087180,1.949451,2.317363,2.213921,-1.000000,40.979378
-1.217120,0.586831,-1.956090,1.120875,1.120874,0.430352,-0.591167,-0.255012,0.717241,1.158015,0.959219,1.000000,41.438705
-0.370940,0.610951,-1.112813,-0.391211,-0.391221,0.890255,-0.211642,0.133835,0.927347,1.479388,1.263373,0.000000,41.276588
1.365634,1.784134,-0.220271,-0.938250,-0.938244,1.343612,0.731280,1.058739,1.577093,2.177094,2.165200,-1.000000,40.889313
0.328302,0.328302,-1.641497,0.638760,0.638759,-0.008750,0.426799,0.373541,0.697097,1.377116,1.556148,1.000000,41.150497
-1.100803,1.057626,-1.877839,1.400751,1.400761,-1.031739,-0.619474,-1.063392,-0.800785,-0.107929,0.231664,1.000000,41.726917
-0.739806,0.190237,-1.500746,2.115258,2.115261,-2.532242,-2.430781,-3.059260,-2.879949,-2.146700,-1.773417,1.000000,42.609550
-2.602601,0.260262,-3.403405,5.580215,5.580216,-6.034039,-6.732739,-7.639645,-7.602610,-7.124732,-6.748088,1.000000,44.987255
0.081944,0.860477,-0.430246,-2.282282,-2.282293,-2.442117,-4.089323,-5.018093,-5.111654,-4.903910,-4.541416,-1.000000,43.960514
-1.571636,0.483574,-1.793268,1.679984,1.679992,-2.466250,-5.206533,-5.852646,-6.312718,-6.330853,-5.970183,1.000000,44.699047
1.035411,1.097534,-0.455583,-2.699980,-2.699984,1.051980,-1.998344,-2.751431,-3.546282,-3.651274,-3.293298,-1.000000,43.492180
-0.975015,1.076575,-1.137522,1.946571,1.946573,-0.097500,-3.215519,-4.189856,-5.154377,-5.353647,-4.985443,1.000000,44.338787
0.413653,0.599795,-0.889349,-1.787532,-1.787536,1.058952,-0.932773,-2.077896,-3.172691,-3.424191,-3.199579,-1.000000,43.546215
-0.083431,0.375469,-1.710471,-0.847981,-0.847980,1.560287,0.444310,-1.045748,-2.080722,-2.399662,-2.388399,-1.000000,43.176952
-0.553165,0.348287,-1.147308,1.814773,1.814769,-0.585945,-0.706818,-2.604655,-3.349720,-3.908212,-4.062007,1.000000,43.960514
-1.562805,0.781405,-1.719082,4.876046,4.876055,-4.075019,-4.373902,-6.391876,-7.214300,-8.023443,-8.270498,1.000000,46.104053
0.353003,0.509900,-0.392236,-0.390695,-0.390695,-3.008442,-3.277121,-5.373611,-6.374786,-7.344192,-7.685175,0.000000,45.923927
-1.155503,1.077164,-1.194673,0.137280,0.137266,-2.079900,-3.192317,-4.820466,-5.976296,-7.065406,-7.471596,0.000000,45.986965
0.178324,0.594411,-0.495344,-1.155503,-1.155493,0.067364,-1.731726,-3.038112,-4.487818,-5.577970,-6.065653,-1.000000,45.455589
-0.019808,0.475438,-0.376385,0.019812,0.019806,0.709196,-1.582802,-2.424718,-4.192747,-5.095875,-5.787767,0.000000,45.464592
0.544906,0.746718,-0.585269,-1.842316,-1.842315,1.937441,0.518672,-0.160103,-1.985869,-2.927139,-3.826433,-1.000000,44.626991
-0.611736,1.280824,-1.510229,5.570135,5.570143,-2.936348,-4.196145,-4.790676,-6.555157,-7.577141,-8.557960,1.000000,47.112778
0.152240,0.399618,-0.589909,0.458799,0.458797,-2.812559,-3.834443,-4.895655,-6.342530,-7.476308,-8.552489,0.000000,47.328930
1.176244,1.291936,-0.269958,-1.313031,-1.313034,-0.983418,-1.799075,-3.238206,-4.473583,-5.834941,-6.921198,-1.000000,46.707485
-0.399846,0.171365,-0.552171,1.272655,1.272648,-1.450869,-2.326725,-4.087325,-5.023792,-6.621471,-7.560287,1.000000,47.301907
-0.114717,0.076484,-1.108983,-0.418890,-0.418890,0.015304,-1.703624,-3.172713,-4.053528,-5.708596,-6.690239,0.000000,47.103764
0.365451,1.134834,-0.192350,-0.592729,-0.592721,0.488549,-0.925183,-2.241461,-3.031356,-4.686289,-5.758802,-1.000000,46.824570
-0.058115,0.193727,-1.142968,-0.711681,-0.711671,0.848500,-0.106556,-1.118437,-2.174552,-3.554443,-4.699735,-1.000000,46.491333
1.335168,1.472609,-0.176713,-1.336689,-1.336705,1.849601,1.337135,0.612612,-0.641070,-1.813463,-3.121271,-1.000000,45.869881
1.600813,2.066871,-0.303945,-3.102301,-3.102288,3.825731,4.352580,3.906785,2.511648,1.626746,0.118200,-1.000000,44.446865
0.404531,0.606802,-0.364080,0.182373,0.182364,2.479779,4.140376,3.481665,2.441347,1.693370,0.201595,0.000000,44.527920
1.517380,1.728133,-0.273975,-4.025077,-4.025075,4.864065,7.483663,7.324198,6.550050,5.970071,4.505091,-1.000000,42.735638
0.723997,0.767876,-0.570430,-3.940988,-1.363335,4.255104,7.741391,8.201254,7.857506,7.165819,6.018843,-1.000000,42.153008
1.392816,1.719262,-0.391732,0.811757,0.811762,1.827346,5.882590,6.865562,6.908794,6.164964,5.291118,1.000000,42.495190
1.369250,1.503933,-1.077439,-3.046794,-3.046799,3.451403,7.729078,9.533877,9.933496,9.161581,8.603981,-1.000000,41.200447
-0.685540,0.066340,-1.437419,1.503933,1.503938,0.623614,4.869472,7.463505,7.792470,7.384250,7.002270,1.000000,41.820076
-0.498481,0.455134,-0.953615,2.034494,2.034492,-1.413088,1.805033,4.626789,5.261992,5.086740,4.873517,1.000000,42.670902
-3.175275,0.127005,-4.254873,2.384055,2.384051,-3.005927,-1.207158,1.634952,2.547840,2.652755,2.332383,1.000000,43.688198
0.708159,0.815455,-0.193133,-1.354792,-1.354794,-1.394843,-0.493911,2.472186,3.682511,4.055104,3.670974,-1.000000,43.096313
-0.665832,1.102786,-1.081981,3.133054,3.133048,-2.929666,-3.516849,-1.069070,0.418246,0.937786,0.502647,1.000000,44.446541
-0.202386,0.364299,-0.910749,2.808987,2.808986,-3.885848,-5.897583,-3.977624,-2.208552,-1.855878,-2.082631,1.000000,45.695038
1.242618,1.487065,-0.142595,-0.647642,-0.647635,-2.057448,-4.697493,-3.561020,-1.759827,-1.262360,-1.366499,-1.000000,45.399101
1.585996,1.874356,-0.082391,-1.100022,-1.100024,-0.428425,-3.025743,-2.724693,-0.937659,-0.261003,-0.168957,-1.000000,44.899700
0.374612,1.186264,-0.707596,-1.029866,-1.029864,1.211237,-1.579603,-1.927387,-0.162273,0.685200,0.964407,-1.000000,44.437294
0.806798,0.997881,-0.318465,-1.977109,-1.977110,2.845012,0.946925,-0.085205,1.421770,2.540992,2.970099,-1.000000,43.558720
-0.127175,0.529886,-0.805428,0.169856,0.169853,1.725307,1.191183,-0.391406,0.852035,2.275967,2.606698,0.000000,43.632706
1.527865,1.527865,-0.559505,-1.504873,-1.504873,2.151924,2.808262,1.167779,1.945172,3.453585,3.945749,-1.000000,42.976089
-0.195312,0.629334,-0.195312,-0.839249,-0.839255,1.944446,3.426651,2.096358,2.353238,3.886749,4.561783,-1.000000,42.615410
-0.131697,0.175588,-1.294996,-1.128474,-1.128474,2.014929,4.378845,3.204571,3.078183,4.638333,5.492467,-1.000000,42.134506
-1.182539,0.731026,-1.225541,2.085156,2.085167,-0.322513,1.913566,1.377482,0.806064,2.102176,3.147721,1.000000,43.013081
-0.920377,0.791950,-1.113014,0.451522,0.451521,-0.967471,0.879704,1.135840,0.200125,1.282512,2.574555,0.000000,43.207294
1.840360,2.246948,-0.492189,0.021402,0.021401,-0.877383,0.353090,1.198371,0.234324,0.926892,2.252087,0.000000,43.216541
0.458113,1.374348,-0.283597,-1.904558,-1.904560,0.942409,1.710296,2.959568,2.208770,2.499774,3.849281,-1.000000,42.393456
-0.109123,0.305541,-0.414664,-0.043630,-0.043625,1.099953,1.268000,2.891017,2.239192,2.214605,3.553796,0.000000,42.374962
1.936214,2.505690,-0.159453,-4.190306,-4.190312,4.332574,4.968106,6.759298,6.636671,6.305965,7.532499,-1.000000,40.599319
-1.249452,0.372648,-1.359051,3.917988,3.917987,-0.083291,0.668572,2.180335,2.660022,2.076288,3.090009,1.000000,42.189995
-0.932555,0.715676,-1.431360,1.074095,1.074101,-1.414013,-0.479293,0.663625,1.565815,0.982863,1.667633,1.000000,42.643158
-0.085436,0.875694,-1.260145,1.539794,1.539783,-2.490381,-1.830406,-1.109205,-0.019216,-0.442538,-0.119784,1.000000,43.299770
-0.839793,0.215336,-1.162784,-0.811621,-0.811619,-1.425490,-0.837633,-0.531145,0.781660,0.414305,0.470748,-1.000000,42.948341
-0.937365,0.894764,-1.022582,1.076658,1.076666,-1.180233,-1.802301,-1.613408,-0.411164,-0.451640,-0.679023,1.000000,43.410751
1.297293,1.491890,-0.475678,-1.469960,-1.469963,0.566486,-0.438918,-0.279639,0.732974,1.122595,0.665948,-1.000000,42.772629
-1.108785,0.167368,-1.359826,3.351349,3.351358,-1.987455,-3.443520,-3.327760,-2.668416,-2.017579,-2.487452,1.000000,44.206093
-2.194234,0.284437,-2.478669,2.970716,2.970704,-3.839901,-5.542461,-5.691451,-5.408369,-4.683461,-5.054176,1.000000,45.519325
-0.803292,0.215519,-1.116771,3.697684,3.697680,-5.466296,-7.887927,-8.338553,-8.488436,-7.734321,-8.107361,1.000000,47.202484
-1.552492,0.679220,-1.649523,0.960027,0.960032,-4.583735,-7.283134,-8.560705,-8.928775,-8.342321,-8.529655,1.000000,47.655643
0.076528,0.363495,-0.420893,1.436059,1.436071,-3.631155,-7.323522,-9.147384,-9.731212,-9.421092,-9.375049,1.000000,48.340012
-1.060137,0.481881,-1.676953,-0.746124,-0.746131,-1.333851,-5.514654,-7.802625,-8.531229,-8.525061,-8.324984,-1.000000,47.979332
-1.345297,0.701893,-1.637746,-1.137240,-1.137246,0.608308,-3.556247,-6.033663,-6.971142,-7.259113,-7.007212,-1.000000,47.433689
0.789684,1.040064,-0.982277,1.228304,1.228304,-0.273490,-3.671025,-6.390595,-7.487474,-8.086280,-7.794036,1.000000,48.016319
0.076689,0.191714,-0.594329,0.462253,0.462255,-0.490795,-3.113496,-5.765592,-7.371547,-8.121164,-7.956287,0.000000,48.238277
-0.211418,0.595812,-0.345956,-0.249235,-0.249229,-0.334425,-1.760525,-4.708824,-6.629831,-7.518741,-7.558462,0.000000,48.118053
1.069829,1.556116,-0.622447,-1.191618,-1.191626,0.684693,0.126437,-2.872331,-5.048626,-6.019060,-6.293196,-1.000000,47.544666
-0.039785,0.099463,-1.432268,-2.217467,-2.217466,2.562164,2.605929,-0.212186,-2.454743,-3.554404,-4.054106,-1.000000,46.490379
-0.807087,0.354333,-1.889762,1.054305,1.054306,1.051182,1.488191,-0.681100,-2.982282,-4.148029,-4.874670,1.000000,46.980530
-0.489333,0.430615,-0.567628,0.570868,0.570866,0.058721,0.825995,-0.703332,-2.829319,-4.333527,-5.154301,1.000000,47.248726
-1.138117,0.694446,-1.446759,1.467998,1.467999,-1.462193,-0.715664,-1.421039,-3.635224,-5.322531,-6.226851,1.000000,47.942337
0.250870,1.003474,-0.192974,-0.038580,-0.038582,-1.265920,-0.688923,-0.865817,-3.047085,-4.893090,-5.846518,0.000000,47.923840
0.675941,1.255313,-0.444187,-0.077192,-0.077195,-0.606407,-0.517570,-0.459631,-2.493235,-4.360751,-5.406843,0.000000,47.886845
-0.290974,0.193992,-1.144520,-0.444187,-0.444189,0.128036,-0.145483,0.050444,-1.562553,-3.489420,-4.597470,0.000000,47.674137
0.888981,1.095727,-0.310105,-6.168768,-6.168760,5.586103,5.635722,6.192542,5.056852,3.225138,1.802770,-1.000000,44.733234
0.957144,1.044159,-0.696104,-4.961749,-4.961749,8.544696,9.832493,10.822994,10.511198,8.644763,7.063297,-1.000000,42.513683
-0.086978,0.456619,-0.391392,0.043509,0.043501,5.962164,8.606218,9.920997,10.266362,8.587084,6.963109,0.000000,42.532177
0.237684,0.583405,-0.345722,0.630565,0.630572,2.921348,7.063525,8.510515,9.257779,7.859983,6.324547,1.000000,42.800373
0.763030,1.090037,-0.283403,-0.885912,-0.885911,1.364727,6.945714,8.601117,9.670808,8.774361,7.278540,-1.000000,42.421200
0.929610,1.438694,-0.951749,-1.504249,-1.504255,1.500667,7.270918,9.229750,10.642987,10.279773,9.011365,-1.000000,41.783077
-0.575226,0.575217,-1.106195,0.044270,0.044262,1.115050,5.754431,8.174048,9.811955,10.138062,8.932162,0.000000,41.801571
0.291678,0.291678,-1.009650,-1.393807,-1.393799,1.907112,5.622616,8.679980,10.544089,11.404982,10.356744,-1.000000,41.218941
0.806635,1.187540,-0.179256,0.134622,0.134618,1.030698,3.878559,7.691391,9.649342,10.843831,10.044817,0.000000,41.274429
1.295169,1.522386,-0.772552,-1.389207,-1.389197,1.608722,3.628720,8.179958,10.295387,11.766417,11.411043,-1.000000,40.701046
-2.175844,0.444052,-2.220249,2.340384,2.340382,-0.777093,0.519533,4.810533,6.982676,8.634098,8.722612,1.000000,41.653606
0.067581,1.058802,-0.315384,-1.443166,-1.443167,0.310881,1.635503,5.226402,7.688668,9.514756,10.174965,-1.000000,41.052475
1.044086,1.670538,-0.162411,-2.906062,-2.906066,2.631096,4.006966,7.027074,9.947802,11.977733,13.109056,-1.000000,39.859463
-0.582615,1.025397,-0.932188,-0.440831,-0.440821,2.283843,3.682117,6.122884,9.577013,11.692370,13.119699,0.000000,39.683754
0.023343,0.303519,-1.120719,-0.186432,-0.186439,1.923882,3.165999,4.963805,8.851266,11.052060,12.692033,0.000000,39.609768
1.445158,1.729448,-0.142139,-1.447590,-1.447590,2.080078,3.977731,5.532656,9.398248,11.740347,13.611310,-1.000000,39.036381
-3.032392,0.895932,-3.032392,3.127221,3.127216,-1.410516,0.441081,1.958808,5.126355,7.570877,9.496905,1.000000,40.257133
-0.045948,0.229731,-0.735125,0.000000,0.000000,-1.212951,0.202165,1.582056,4.174138,6.846778,8.857499,0.000000,40.257133
0.300233,0.669748,-0.415704,-0.528371,-0.528361,-0.508088,0.427248,1.662813,3.748263,6.770434,8.820626,-1.000000,40.044430
-0.233150,0.396367,-0.536253,-0.946882,-0.946891,0.470974,1.126141,2.171450,3.730478,7.053396,9.159093,-1.000000,39.665253
-0.812060,0.139216,-1.136884,0.489622,0.489622,0.394434,0.183300,1.351900,2.613695,5.790261,7.926534,0.000000,39.859463
-0.367150,0.550707,-1.560349,1.113698,1.113693,-0.688389,-1.106011,-0.012236,1.209272,3.866913,6.091481,1.000000,40.303375
0.248419,1.761522,-0.903338,1.606234,1.606243,-1.919603,-2.402890,-1.636555,-0.583785,1.543812,3.877598,1.000000,40.950745
0.502164,0.935859,-0.091306,-1.061423,-1.061417,-0.634569,-1.150432,-0.706089,0.200857,1.905491,4.500484,-1.000000,40.516087
0.705189,1.000917,-0.090994,0.342383,0.342375,-0.486804,-1.230663,-1.052469,-0.358278,0.867155,3.625268,0.000000,40.654804
-1.188072,0.134492,-1.546745,1.478622,1.478625,-1.259810,-2.131815,-2.558475,-1.874025,-0.939704,1.631169,1.000000,41.255936
0.585724,1.261550,-0.202748,-0.493167,-0.493168,-0.405495,-1.453030,-2.075543,-1.478937,-0.591124,1.575429,0.000000,41.052475
1.661285,1.915085,-0.230729,-2.365395,-2.365397,1.573606,0.890632,0.333794,0.766035,1.572680,3.384094,-1.000000,40.081421
1.522607,1.522607,-0.655889,-1.499772,-1.499767,2.595454,2.283905,1.827123,2.073083,2.782850,4.248455,-1.000000,39.480293
0.551160,1.629523,-0.311531,-2.248768,-2.248780,3.886900,4.358982,3.993936,4.148103,4.750546,5.862297,-1.000000,38.592468
2.087944,2.259892,-0.540400,-2.444287,-2.444285,4.573821,6.386645,6.353892,6.225751,6.935896,7.887505,-1.000000,37.649158
0.716219,1.136080,-0.370467,-0.540400,-0.540400,3.215606,6.201531,6.431217,6.321313,7.051617,8.022556,-1.000000,37.445702
-0.121092,0.992976,-0.363289,1.975794,1.975792,0.222816,3.419719,4.007431,4.042145,4.659728,5.550178,1.000000,38.185551
4.294016,4.294016,-1.414501,-4.117222,-4.117207,2.960332,6.794635,7.848773,8.090417,8.644597,9.519229,-1.000000,36.613373
-1.154737,0.487552,-2.848345,-1.566050,-1.566051,3.181925,7.213231,8.894010,9.314846,9.855776,10.671445,-1.000000,36.039989
1.470982,2.193100,-0.882584,-4.054406,-4.054396,5.766238,9.812770,12.477475,13.289633,13.679577,14.653634,-1.000000,34.578785
1.484372,2.187500,-0.364594,2.701265,2.701249,1.895834,5.364579,8.619787,9.641921,10.065618,11.047736,1.000000,35.512844
1.064094,1.114768,-0.304036,2.786456,2.786462,-1.788701,1.527735,4.862757,6.155298,6.713950,7.606611,1.000000,36.502396
-1.826705,1.234263,-2.641321,2.634905,2.634893,-3.855823,-1.616874,1.627592,3.085668,3.737359,4.505071,1.000000,37.464195
1.276591,1.276591,-0.100128,-1.382367,-1.382363,-2.017520,-0.683355,2.382977,4.162701,4.903126,5.631203,-1.000000,36.946304
1.730720,1.857977,-0.789007,-1.652065,-1.652068,0.595573,0.623572,3.200137,5.427591,6.368032,6.917791,-1.000000,36.335926
1.230223,1.305538,-0.225960,1.374398,1.374400,-0.050216,-0.906353,1.037741,3.527489,4.554352,5.086614,1.000000,36.835327
0.960561,1.314462,-0.429732,-0.677883,-0.677887,0.677453,-0.667335,1.090330,3.637516,4.866534,5.505563,-1.000000,36.585625
0.587784,0.868899,-0.178891,-1.086956,-1.086949,1.078453,0.306668,1.594680,4.178375,5.592634,6.342953,-1.000000,36.187958
-1.033266,1.184481,-1.209675,1.405569,1.405561,-0.458665,-0.904732,-0.157925,2.195065,3.805448,4.604338,1.000000,36.696602
1.352780,1.936337,-0.265260,-4.989917,-4.989909,3.925724,4.381957,4.553488,6.645882,8.684343,9.699373,-1.000000,34.865475
2.681479,2.925249,-0.650049,-2.068973,-2.068981,4.544971,6.186358,6.117743,7.887334,10.258948,11.420197,-1.000000,34.144115
0.688705,0.716259,-1.404953,-1.679304,-1.679303,4.534439,7.126725,7.013781,8.760336,11.262816,12.659325,-1.000000,33.570732
0.495595,1.459246,-0.523125,0.055099,0.055111,2.929505,5.914088,6.354618,7.823504,10.376642,11.956671,0.000000,33.589233
-0.855158,0.454308,-1.229287,3.028629,3.028616,-1.304109,2.124540,2.952085,4.078042,6.432932,8.178345,1.000000,34.606522
-2.088770,0.600522,-2.088770,2.351686,2.351681,-3.258480,-0.480408,0.745006,1.372074,3.328470,5.275033,1.000000,35.420357
0.760548,1.049037,-0.629431,-0.443859,-0.443846,-2.192508,-0.482568,1.146946,1.514549,3.132434,5.267936,0.000000,35.263145
2.215278,2.267404,-0.104240,0.629420,0.629402,-1.725294,-1.415155,0.323183,0.499105,1.969263,4.096099,1.000000,35.485092
0.589962,0.911773,-0.563151,-2.814694,-2.814667,1.641171,0.946616,2.653061,3.101351,4.343238,6.528095,-1.000000,34.486305
-0.338897,0.938478,-0.495315,2.869402,2.869394,-0.703866,-2.213252,-0.486627,0.145977,1.081326,3.070029,1.000000,35.475853
2.462167,2.667343,-0.461659,1.642338,1.642328,-1.954346,-3.462429,-2.145851,-1.266993,-0.728393,0.924167,1.000000,36.058483
-1.644396,0.128476,-2.081185,-0.179543,-0.179528,-1.372049,-2.774929,-2.125735,-1.022617,-0.711209,0.637197,0.000000,35.993748
-0.776395,0.879920,-0.983439,-0.719422,-0.719439,-0.517586,-1.464796,-1.575217,-0.412778,-0.266037,0.961015,-1.000000,35.734795
-3.499494,0.025174,-3.952666,2.795036,2.795041,-1.998992,-3.288018,-4.152402,-3.220042,-2.964754,-2.033402,1.000000,36.733597
0.713908,0.793228,-1.269170,-4.783487,-4.783493,2.638822,1.676369,0.334926,1.360398,1.788479,2.543635,-1.000000,34.976448
-2.228055,0.183484,-2.857145,0.872559,0.872561,1.310615,0.757537,-0.454348,0.334207,0.987680,1.432940,1.000000,35.281639
-0.053022,0.583240,-1.086956,-1.127132,-1.127133,1.829268,1.797458,0.821848,1.198306,2.066811,2.344472,-1.000000,34.883968
-0.739184,0.237592,-0.923976,0.424178,0.424183,0.997885,1.238120,0.674056,0.549100,1.467790,1.612107,0.000000,35.031940
-0.215175,0.080686,-1.613765,-1.847943,-1.847939,1.533078,3.114575,2.723682,2.179931,3.019899,3.309124,-1.000000,34.384571
-0.680828,0.054469,-1.388894,-1.237222,-1.237226,2.205882,3.959694,3.883441,3.056915,3.958604,4.399055,-1.000000,33.959156
-0.083123,0.858969,-1.246886,-1.715689,-1.715690,2.848438,4.970909,5.288634,4.632865,5.418678,6.101416,-1.000000,33.376522
1.700588,1.700588,-0.055760,-0.609590,-0.609593,2.447736,4.764434,5.514367,5.128250,5.623650,6.517061,-1.000000,33.173061
2.450978,3.085352,-0.115343,-3.317533,-3.317526,4.117645,7.217414,8.425606,8.502017,8.685120,9.711648,-1.000000,32.072536
-0.932259,4.070858,-1.833437,-7.208766,-7.208760,9.098810,13.203844,15.790338,16.288058,16.264751,17.372065,-1.000000,29.760504
3.857840,4.252740,-0.091127,2.299559,2.299558,4.337787,9.170716,12.085864,12.990583,12.829890,14.021870,1.000000,30.444864
1.085678,1.085678,-2.992961,3.523706,3.523704,-0.393201,4.260553,7.310239,8.525518,8.564542,9.631248,1.000000,31.517651
-3.472222,0.611114,-3.638892,5.633797,5.633789,-5.633328,-1.777774,1.046298,2.441670,2.672225,3.429632,1.000000,33.293289
-2.234941,0.626871,-2.452979,1.916664,1.916660,-6.312337,-3.949296,-1.208313,0.286192,0.783874,1.223776,1.000000,33.931408
-2.389359,0.461575,-3.339679,0.381584,0.381599,-4.143373,-4.409462,-2.106992,-0.157494,0.456135,0.630812,0.000000,34.060890
0.997641,2.494125,-0.762917,-7.466739,-7.466743,4.272294,2.529334,5.060632,7.271116,8.170177,8.203236,-1.000000,31.517651
1.002297,1.260032,-2.233674,2.464777,2.464778,2.245135,-0.272048,1.916764,4.107962,5.180987,5.335052,1.000000,32.294491
-0.171431,1.771426,-0.542854,0.229101,0.229098,1.440001,-0.748571,1.165714,3.309998,4.582856,4.911426,0.000000,32.368477
0.000000,0.711117,-0.740741,-3.571429,-3.571428,3.454818,2.651853,4.096789,6.411850,7.908740,8.545183,-1.000000,31.212460
-0.512528,0.797275,-1.594527,4.059256,4.059257,-1.554667,-0.515374,-0.354972,1.605923,3.452165,4.197039,1.000000,32.479454
3.877791,4.112802,-0.117512,-3.075165,0.472265,-1.333926,-0.312512,-1.094305,0.769243,2.617409,3.505661,0.000000,32.632843
0.294643,1.208011,-0.589266,-0.293778,-0.293787,-0.894155,0.294500,-0.974897,0.644385,2.486849,3.515248,0.000000,32.536972
0.088048,0.322865,-1.320813,0.383032,0.383029,-1.092820,-0.281596,-1.457141,-0.079852,1.687711,2.854762,0.000000,32.661598
-0.674289,0.263852,-2.345353,0.117408,0.117413,-0.299035,-0.775135,-1.444795,-0.553609,1.197221,2.450229,0.000000,32.699947
-1.550158,0.321732,-1.696397,0.234529,0.234542,-0.350987,-1.399132,-1.061934,-1.031592,0.477527,2.036633,0.000000,32.776642
-1.633337,0.619549,-1.774140,3.860775,3.860768,-3.227259,-4.322817,-4.035249,-4.698320,-3.367268,-1.896720,1.000000,34.042072
-0.084802,2.148101,-0.621823,-0.366086,-0.366094,-2.057658,-3.492760,-3.210943,-4.268403,-3.173085,-1.746666,0.000000,33.917446
0.520234,1.820815,-0.346815,-2.204644,-2.204638,0.456652,-1.075611,-1.053833,-2.110797,-1.197007,0.184497,-1.000000,33.169689
0.439230,1.142018,-0.234266,-1.300567,-1.300561,1.803796,0.693985,0.007020,-0.719233,-0.175322,1.199530,-1.000000,32.738297
-0.426177,0.517510,-1.035008,-3.806746,-3.806747,5.016743,4.365297,3.420882,3.484614,3.407735,4.649592,-1.000000,31.492033
1.866246,2.270603,0.000000,-2.130886,-2.130895,5.213062,6.049763,5.521960,5.798789,5.251943,6.478696,-1.000000,30.820971
-1.393623,0.464534,-2.105915,0.435456,0.435457,2.842986,5.078971,4.776010,5.249226,4.482720,5.551154,0.000000,30.955183
0.596172,1.160970,-0.376533,-1.300712,-1.300706,2.485093,5.773449,5.760556,6.187722,5.516560,6.469592,-1.000000,30.552547
1.443570,1.574800,-1.082677,-4.361471,-4.361476,4.750659,9.406171,10.129048,10.224086,9.938021,10.661997,-1.000000,29.220005
0.227787,0.423043,-1.008786,0.820210,0.820205,2.518718,7.390179,8.549741,8.546441,9.002793,9.204477,1.000000,29.459669
-1.707783,0.158125,-1.739409,2.896196,2.896200,-0.702088,3.137254,4.984185,5.292482,5.917295,5.729759,1.000000,30.312880
1.059520,1.932063,-1.028358,1.486398,1.486401,-2.281085,0.601433,3.062219,3.501495,4.267933,3.898073,1.000000,30.763451
-3.357532,0.030245,-3.841500,3.022752,3.022753,-4.428317,-2.816095,-0.165360,0.358188,1.006720,0.694010,1.000000,31.693354
-1.839760,0.860537,-2.077154,1.935874,1.935870,-4.332344,-4.795252,-2.142433,-1.378339,-1.112639,-1.194094,1.000000,32.306896
-2.072990,0.175185,-2.189781,1.632044,1.632048,-3.813138,-5.915328,-3.702190,-2.908030,-2.850058,-2.468721,1.000000,32.834160
0.813011,2.130648,-1.373698,4.145980,4.145969,-5.371448,-8.673943,-7.505827,-6.544702,-6.404285,-5.985761,1.000000,34.195454
-2.679528,0.509105,-3.108253,4.625742,4.625755,-6.752416,-11.363883,-11.248663,-10.223744,-10.152993,-9.745492,1.000000,35.777252
0.344282,0.900424,-0.556141,1.178987,1.178981,-5.349572,-10.836859,-11.724922,-10.781243,-10.776649,-10.529603,1.000000,36.199059
1.807876,1.969779,-0.242849,-1.853806,-1.853813,-1.748513,-7.377221,-9.534083,-8.698051,-8.605499,-8.689864,-1.000000,35.527996
-0.469878,1.630735,-0.912112,-2.374530,-2.374522,1.708122,-3.618022,-6.720103,-6.202321,-6.128247,-6.409029,-1.000000,34.684376
-0.109073,0.409059,-1.090805,1.354334,1.354342,0.894461,-3.528773,-7.144807,-7.297520,-7.095721,-7.314821,1.000000,35.154121
-0.682128,0.218276,-1.200554,-0.054530,-0.054526,0.583886,-2.231940,-6.301061,-7.073684,-6.749265,-6.994776,0.000000,35.134953
0.998328,1.220186,-0.471442,-1.609825,-1.609830,1.286739,0.199659,-3.993352,-5.350811,-5.002781,-5.260835,-1.000000,34.569340
0.425776,0.766392,-0.425768,-2.301722,-2.301730,2.634126,2.994609,-0.832621,-2.967638,-2.637522,-2.776040,-1.000000,33.773647
-1.488269,0.715512,-1.488269,-0.823165,-0.823160,2.776193,4.046937,0.793742,-1.863193,-1.743560,-1.867964,-1.000000,33.495636
1.585011,1.757925,-0.230553,-0.686886,-0.686895,2.351593,4.487036,2.082617,-0.816999,-1.157345,-1.125837,-1.000000,33.265556
-0.932736,0.847934,-0.989265,1.959654,1.959655,-0.333519,1.930473,0.740535,-2.286599,-3.057091,-2.890519,1.000000,33.917446
0.587410,1.146853,-0.699301,1.045786,1.045792,-1.538464,0.313287,0.199533,-2.755245,-3.931748,-3.738928,1.000000,34.272152
1.896948,1.896948,-0.056628,-1.202797,-1.202807,-0.288782,1.041913,1.725188,-0.886174,-2.629662,-2.452803,-1.000000,33.859924
0.203666,1.280192,-0.349139,-2.689697,-2.689693,2.135587,3.308127,4.560186,2.382900,0.238588,0.260895,-1.000000,32.949196
-1.728684,1.552883,-1.728684,-0.698278,-0.698263,2.519763,3.290349,4.994616,3.470541,1.175493,0.831124,-1.000000,32.719124
0.275061,2.139355,-0.122252,-4.131263,-4.131269,5.311730,6.540336,8.581901,8.025666,5.588014,4.905251,-1.000000,31.367409
0.638489,0.972940,-0.395260,0.519554,0.519549,3.028280,5.025848,7.033552,7.441477,5.166317,4.189729,0.000000,31.530378
-0.580150,0.274809,-1.343508,-0.425658,-0.425653,1.899235,4.717553,6.613738,7.755721,5.893126,4.492618,0.000000,31.396168
-1.634955,0.772898,-2.140312,2.717554,2.717548,-1.230670,1.560646,3.289741,4.814215,3.437580,1.806387,1.000000,32.249374
2.393060,2.722106,-0.448702,-0.624254,-0.624248,-1.029019,1.818721,3.292449,5.137598,4.303915,2.573533,-1.000000,32.048058
1.263869,1.356356,-0.709001,-2.961415,-2.961427,1.818752,4.019740,5.579544,7.594033,7.530223,5.719290,-1.000000,31.098978
-0.195119,0.910572,-1.528452,-5.209615,-5.209605,6.022761,8.110567,10.230892,12.367479,13.139511,11.408129,-1.000000,29.478844
1.169005,1.937204,-1.269212,-2.634143,-2.634140,7.014019,9.238469,12.035172,14.218429,15.698054,14.362049,-1.000000,28.702330
-0.535475,0.234277,-1.037480,-0.200407,-0.200416,4.712188,7.955163,11.131198,13.393583,15.345390,14.496885,0.000000,28.644806
3.283785,3.318351,-0.172834,-3.179381,-3.179372,5.039744,9.702725,13.450852,15.779463,18.201170,17.946762,-1.000000,27.734081
-0.319266,1.489890,-1.241579,-2.557895,-2.557903,4.781839,10.975522,14.728627,17.318198,20.008514,20.581767,-1.000000,27.024670
0.668779,1.055963,-0.879972,0.780415,0.780417,2.323128,8.539248,12.117801,15.063360,17.762763,19.102431,1.000000,27.235575
-0.732725,0.453597,-2.093514,0.879972,0.879974,0.537333,6.165386,9.590602,12.913467,15.563155,17.477320,1.000000,27.475241
1.782531,1.782531,-0.285205,-2.128405,-2.128404,1.418897,6.481284,10.471779,14.140821,16.916937,19.295308,-1.000000,26.890457
-0.454549,0.349654,-1.468531,1.960788,1.960785,-0.762238,2.744755,7.058276,10.879371,13.539862,16.177158,1.000000,27.417721
-0.515117,0.446425,-0.755498,1.818185,1.818189,-1.895610,-0.230088,4.322337,7.824512,10.478015,13.163913,1.000000,27.916227
1.099656,1.580753,-0.515460,-0.068685,-0.068684,-1.353954,-0.728525,3.525770,6.756010,9.597247,12.249711,0.000000,27.897053
0.949705,1.371790,-0.562786,-2.302405,-2.302415,0.809011,1.079852,4.952521,8.060155,11.223362,13.883230,-1.000000,27.254747
-1.424600,0.138982,-1.424600,1.231097,1.231103,0.090339,-0.531621,2.550380,5.774842,9.014590,11.641184,1.000000,27.590281
2.542677,2.615325,-0.435892,-4.343294,-4.343294,3.857609,3.476206,5.777936,9.378857,12.922627,15.603582,-1.000000,26.391954
-1.779096,0.222391,-2.149741,-1.997824,-1.997825,4.388438,5.137141,6.585127,10.544850,13.979246,16.765508,-1.000000,25.864689
-2.586207,0.337331,-2.886057,-1.111935,-1.111925,3.748119,5.670908,6.766609,10.624055,13.901041,16.906538,-1.000000,25.577093
-1.354808,0.073237,-1.537898,2.361316,2.361308,0.534607,2.738928,3.661666,7.076166,10.100333,13.243016,1.000000,26.181047
0.111569,1.747869,-0.223128,-1.537898,-1.537895,0.699146,3.912236,4.539482,7.493492,10.707327,14.013883,-1.000000,25.778410
1.942857,2.438091,-0.533330,-2.380063,-2.380065,2.179047,5.550476,6.407618,8.746665,12.205713,15.720633,-1.000000,25.164867
-0.490937,0.037764,-1.737160,0.876190,0.876190,0.913898,3.636706,5.052870,6.676737,10.288518,13.595165,1.000000,25.385359
1.372015,1.607213,-0.431203,-3.663142,-3.663147,3.833794,6.170134,8.289565,9.706003,13.324975,16.576511,-1.000000,24.455456
-1.391166,1.104738,-2.168580,-4.194430,-4.194430,6.031097,9.185762,11.879434,13.383798,16.926350,20.196400,-1.000000,23.429689
1.082590,3.087402,-0.761832,2.045826,2.045832,2.341616,5.457093,8.805128,10.120284,13.186843,16.526325,1.000000,23.909021
-0.835651,1.034620,-1.193788,0.761820,0.761817,0.676488,3.704742,7.061952,8.531643,11.009955,14.451526,1.000000,24.091164
0.755989,1.637976,-0.335989,-5.252686,-5.252677,4.015116,8.122635,11.510567,13.628724,15.714403,19.549205,-1.000000,22.825733
-0.380228,0.549214,-1.943392,-0.587984,-0.587994,3.075626,7.490497,10.640758,13.299539,15.202370,18.957897,-1.000000,22.691519
0.839987,1.805968,-0.419992,0.591462,0.591472,1.940358,5.388489,8.696623,11.614865,13.495167,17.006856,1.000000,22.825733
-0.447522,0.244097,-2.359642,3.233940,3.233933,-1.545974,1.147273,4.152427,7.412530,9.077298,12.112828,1.000000,23.563902
2.963586,3.217604,-0.084678,-3.905610,-3.905614,1.176968,4.144791,7.281963,10.723961,12.611345,15.285067,-1.000000,22.643587
-1.295441,1.796912,-1.295441,1.312443,1.312442,-0.033428,1.730049,5.042488,8.205185,10.440455,12.606216,1.000000,22.940771
1.070840,1.441507,-1.029654,1.462603,1.462597,-0.971989,-0.242993,2.869307,5.652806,8.168045,10.094734,1.000000,23.276302
-1.222498,0.285249,-1.507746,1.070840,1.070853,-1.426250,-1.259176,1.026887,3.740824,6.350441,8.194776,1.000000,23.525557
-5.469946,0.885986,-5.469946,5.786463,5.786460,-5.755005,-6.267332,-4.738056,-2.476885,0.211097,1.773244,1.000000,24.886854
-0.420803,0.306044,-0.994644,0.693374,0.693378,-4.475900,-6.526397,-5.422087,-3.414308,-0.855394,0.716653,1.000000,25.059414
0.464760,0.697134,-0.852053,-1.224174,-1.224179,-1.828040,-4.589465,-4.420346,-2.441905,-0.137877,1.658921,-1.000000,24.752642
-0.912197,0.228058,-1.026218,1.897750,1.897757,-2.113266,-5.362982,-5.997722,-4.329155,-2.421896,-0.500446,1.000000,25.222387
-0.461542,0.423081,-1.153842,-1.178255,-1.178267,0.176927,-3.392303,-4.476919,-3.440380,-1.632303,0.344877,-1.000000,24.925200
0.038820,1.436332,-0.155283,-0.923077,-0.923074,0.954970,-2.034160,-3.374740,-2.760092,-1.184781,0.983439,-1.000000,24.695122
