-0.440191,0.038278,-0.899523,0.868728,0.868725,-0.159504,0.847929,1.835482,2.326449,2.422510,2.133835,1.000000,43.299858
0.924675,0.982466,-0.308226,-0.650718,-0.650702,0.195771,1.027350,2.232004,2.820195,2.967256,2.781906,-1.000000,43.018105
0.604526,0.858038,-0.234007,-1.213641,-1.213654,1.199300,1.666305,3.061060,3.797557,4.015808,3.995928,-1.000000,42.496014
0.078280,0.195701,-0.841487,-0.351016,-0.351012,1.111547,1.620385,2.950470,3.829032,4.188416,4.264596,0.000000,42.346848
0.196583,0.334189,-0.334181,-0.450096,-0.450107,1.203075,1.842298,3.037006,3.949835,4.438284,4.587585,0.000000,42.156242
-0.294410,0.235523,-0.628067,0.157268,0.157289,0.533844,1.460886,2.458658,3.458823,4.056617,4.285492,0.000000,42.222549
-0.276023,0.256303,-0.512622,-0.451423,-0.451429,0.520498,1.533540,2.438614,3.603067,4.290164,4.572660,0.000000,42.031944
1.576219,1.596167,-0.079802,-1.182969,-1.182965,1.260969,2.401229,3.099858,4.399996,5.212099,5.562815,-1.000000,41.534721
-1.061067,0.200196,-1.501501,-0.339182,-0.339186,1.145142,2.292286,3.021703,4.276803,5.204612,5.680138,0.000000,41.393841
-0.304200,0.385315,-0.648954,-1.281281,-1.281294,1.825200,3.114994,3.984556,5.178854,6.155797,6.756157,-1.000000,40.863464
-0.717705,0.179426,-1.016742,1.723786,1.723797,-0.215310,0.950957,1.967474,3.000437,4.027554,4.710347,1.000000,41.567867
-0.258451,0.139165,-0.516895,0.279105,0.279103,-0.660036,0.349904,1.367551,2.305472,3.442514,4.190816,0.000000,41.683884
1.167076,1.556097,0.000000,-2.902583,-2.902580,1.785420,2.850122,3.985119,4.797785,6.065979,6.938825,-1.000000,40.473976
1.340593,1.675741,0.000000,-2.252248,-2.252240,3.204846,4.516116,5.753372,6.644325,7.924185,8.929790,-1.000000,39.562405
-0.363636,0.383836,-1.373737,3.686632,3.686619,-0.387874,0.523238,1.683505,2.592096,3.742531,4.725625,1.000000,41.020920
-0.489992,0.755406,-0.979992,-1.050505,-1.050505,0.187836,1.188245,2.317957,3.364977,4.423065,5.476084,-1.000000,40.589993
0.243900,0.609754,-0.630085,0.449165,0.449182,-0.707328,0.426816,1.493210,2.548576,3.532750,4.678139,0.000000,40.772316
-0.160349,0.140309,-0.701539,1.402435,1.402422,-1.659646,-1.008216,-0.096209,0.932552,1.741816,2.918130,1.000000,41.344116
-0.336238,0.494462,-0.553801,1.342959,1.342955,-1.847308,-2.199366,-1.491296,-0.570609,0.187512,1.279360,1.000000,41.899349
-0.135212,0.714698,-0.888544,2.393194,2.393199,-3.264439,-4.010045,-3.677806,-2.897433,-2.177965,-1.216036,1.000000,42.902084
0.504173,0.853205,-0.232691,-0.386324,-0.386331,-1.884810,-3.364354,-3.224091,-2.586771,-1.838020,-0.998613,0.000000,42.736340
0.972763,1.809338,-0.505842,-0.329645,-0.329642,-0.704283,-2.830740,-2.815825,-2.314205,-1.613377,-0.866214,0.000000,42.595463
-0.293941,0.548701,-0.470308,-0.719850,-0.719856,0.462480,-1.697031,-1.992283,-1.630404,-0.965306,-0.365477,-1.000000,42.288837
0.507313,0.507313,-0.663415,0.431121,0.431130,0.300484,-1.434149,-2.243905,-2.038050,-1.467320,-0.917716,0.000000,42.471157
0.507612,0.605228,-0.253809,-0.058535,-0.058534,0.144469,-1.040613,-1.938049,-1.946509,-1.454905,-0.915551,0.000000,42.446297
-1.434857,0.019130,-1.702696,2.049978,2.049979,-1.599390,-2.399083,-3.638801,-3.789939,-3.432947,-2.893742,1.000000,43.316437
0.908566,1.082546,-0.444616,-1.033097,-1.033109,-0.444609,-0.891158,-2.448602,-2.687987,-2.438809,-1.941602,-1.000000,42.868931
-0.585239,0.018877,-0.830663,2.397064,2.397072,-2.042666,-2.629792,-4.212448,-4.696999,-4.595055,-4.167455,1.000000,43.896530
0.764822,0.956023,-0.516252,-1.264871,-1.264877,-0.386226,-1.049706,-2.404071,-3.251426,-3.281062,-2.935620,-1.000000,43.341293
0.019062,0.591033,-0.190663,0.286811,0.286826,-0.202108,-1.203061,-2.308240,-3.228799,-3.437187,-3.171920,0.000000,43.465607
0.076323,0.457932,-0.305285,-0.076265,-0.076286,-0.072496,-0.967362,-1.797355,-2.940267,-3.252039,-3.087821,0.000000,43.432449
-0.264698,0.113447,-0.680658,0.915854,0.915864,-0.540743,-1.584418,-2.223480,-3.576286,-3.965963,-3.905586,1.000000,43.830231
0.380445,0.380445,-0.361421,-0.605027,-0.605023,-0.087507,-0.692413,-1.288444,-2.634584,-3.194980,-3.238858,-1.000000,43.565048
-0.227832,0.360742,-0.322761,0.190219,0.190214,-0.136696,-0.611349,-1.208780,-2.351428,-3.172199,-3.323201,0.000000,43.647915
-0.898370,0.037434,-1.085536,1.442951,1.442960,-1.190352,-1.611463,-2.406896,-3.372644,-4.241070,-4.538655,1.000000,44.277737
0.055677,0.111355,-0.482558,0.842225,0.842222,-1.469938,-2.134380,-2.936161,-3.724950,-4.764668,-5.154670,1.000000,44.650654
1.016568,1.016568,-0.508285,-1.410546,-1.410546,0.026356,-0.472517,-1.331579,-1.978541,-3.189760,-3.647090,-1.000000,44.020836
-0.037420,0.093543,-0.804492,0.621239,0.621233,-0.261925,-0.997194,-1.638915,-2.250702,-3.442469,-4.034300,1.000000,44.294308
0.318468,0.412134,-0.543276,-0.130964,-0.130974,0.134893,-0.665033,-1.243902,-1.858365,-2.893209,-3.694258,0.000000,44.236294
0.961899,1.093923,0.000000,-0.674412,-0.674399,0.660127,0.116935,-0.347041,-1.074125,-1.968315,-2.807118,-1.000000,43.937965
0.508283,0.696542,-0.263552,0.188606,0.188609,0.184485,0.062121,-0.427965,-1.114460,-1.841116,-2.804344,0.000000,44.020836
0.226763,0.623587,-0.944822,-0.376508,-0.376515,0.487532,0.445963,0.098267,-0.597122,-1.188958,-2.271976,0.000000,43.855091
-0.670641,0.167660,-0.707901,1.436134,1.436134,-0.849479,-0.769372,-1.230749,-1.757636,-2.305512,-3.355065,1.000000,44.484909
-0.092987,0.055791,-0.595126,0.167660,0.167664,-0.870376,-0.730892,-1.213813,-1.687746,-2.230241,-3.143018,0.000000,44.559494
0.299624,0.299624,-0.486897,-0.688112,-0.688109,-0.041206,-0.048697,-0.410745,-0.802443,-1.430720,-2.228472,-1.000000,44.252876
0.338155,0.601163,-0.281792,-0.318356,-0.318352,0.319363,0.148405,0.010012,-0.395462,-0.991178,-1.650079,0.000000,44.111996
-0.169877,0.698373,-0.169877,-0.469660,-0.469677,0.815413,0.594573,0.493278,0.192535,-0.404672,-0.948147,0.000000,43.904812
-0.836122,0.074324,-1.189149,1.585504,1.585514,-0.706056,-0.906727,-0.920352,-1.292271,-1.751766,-2.250713,1.000000,44.600929
-0.224633,0.168476,-0.467990,-0.743222,-0.743218,-0.093597,-0.157245,-0.084862,-0.448335,-0.853614,-1.340323,-1.000000,44.269447
-1.089365,0.073857,-1.089365,1.385253,1.385244,-1.177988,-1.310927,-1.360164,-1.650662,-1.991134,-2.541233,1.000000,44.882687
-0.641970,0.000000,-1.027148,0.664697,0.664708,-1.357308,-1.705803,-1.933243,-2.106573,-2.473228,-3.004409,1.000000,45.181026
-0.036637,0.348047,-0.274777,0.128393,0.128388,-0.893937,-1.525921,-1.879467,-2.076389,-2.388718,-2.933995,0.000000,45.239033
-0.258119,0.442474,-1.272129,-0.641139,-0.641134,-0.099565,-0.787250,-1.149223,-1.290570,-1.665202,-2.110384,-1.000000,44.948990
0.277268,0.351207,-0.129388,-0.258119,-0.258124,0.410355,-0.469498,-0.804681,-0.902955,-1.277633,-1.681453,0.000000,44.832966
0.352501,0.890536,-0.037108,-0.369678,-0.369677,0.686454,-0.007427,-0.327774,-0.491658,-0.803718,-1.150904,0.000000,44.667229
0.691587,0.728970,-0.018688,-0.742119,-0.742123,1.057948,0.790656,0.464799,0.216824,0.019440,-0.335202,-1.000000,44.335743
0.718474,0.737379,-0.378143,-1.140189,-1.140191,1.580646,1.936100,1.619720,1.350922,1.173006,0.887381,-1.000000,43.830231
-0.579111,0.149453,-0.952735,1.210059,1.210060,0.100881,0.663184,0.386081,0.146650,0.035124,-0.283950,1.000000,44.360603
0.000000,0.279437,-0.335320,0.280219,0.280217,-0.335318,0.430332,0.094390,-0.105250,-0.169147,-0.476897,0.000000,44.484909
0.506189,0.562428,-0.037495,-0.633383,-0.633377,0.089984,0.916759,0.724907,0.561489,0.460439,0.213095,-1.000000,44.203152
-0.337586,0.337584,-0.337586,-0.037495,-0.037506,0.060020,0.729565,0.773951,0.617975,0.456121,0.307584,0.000000,44.186573
-0.391789,0.279854,-0.634328,0.525128,0.525137,-0.197762,0.018659,0.324629,0.155786,-0.032834,-0.172262,0.000000,44.418613
0.149473,0.653959,-0.112109,-0.149250,-0.149241,-0.052327,0.033622,0.437210,0.290536,0.121813,0.036114,0.000000,44.352322
-0.407636,0.259403,-0.741154,0.840809,0.840806,-0.778217,-0.824540,-0.332291,-0.527152,-0.669269,-0.717691,1.000000,44.725239
0.219064,0.547651,-0.438112,1.500830,1.500813,-1.719595,-2.130329,-1.730546,-1.872022,-2.009481,-2.103554,1.000000,45.396481
-1.405110,0.054750,-1.532847,0.036510,2.075044,-2.788722,-3.687687,-3.561706,-3.626586,-3.801430,-3.972240,1.000000,46.338478
-0.688035,0.289696,-1.013945,0.784673,0.784648,-2.567667,-3.822588,-4.103669,-4.077412,-4.306532,-4.528483,1.000000,46.702072
-0.519894,0.358553,-0.663318,0.995834,0.995862,-2.334832,-4.175914,-4.735728,-4.751213,-5.022642,-5.266846,1.000000,47.167160
-0.426367,0.000000,-0.479661,0.914310,0.914297,-2.012437,-4.389975,-5.211506,-5.264488,-5.627770,-5.889691,1.000000,47.598408
-1.202096,0.000000,-1.289202,1.971933,1.971936,-2.613244,-5.345985,-6.513004,-6.720037,-7.099681,-7.393753,1.000000,48.537018
0.590660,0.680152,-0.644355,-2.665510,-2.665510,0.436728,-2.106870,-3.542568,-3.947304,-4.290483,-4.630362,-1.000000,47.243259
0.449964,1.079912,-0.035997,-0.554856,-0.554860,1.115914,-1.015235,-2.557263,-3.225969,-3.494547,-3.876448,-1.000000,46.981125
0.195897,0.605521,-0.320572,1.061917,1.061926,0.185210,-1.396593,-3.143162,-3.976302,-4.266042,-4.676212,1.000000,47.480030
0.335991,0.636607,-0.389031,0.712372,0.712371,-0.431477,-1.447218,-3.363536,-4.343358,-4.646341,-5.123304,1.000000,47.818264
0.088277,0.247175,-0.335448,0.159151,0.159142,-0.858044,-1.082268,-3.003282,-4.158445,-4.546321,-5.020614,0.000000,47.894363
-1.453078,0.017511,-2.083332,0.847458,0.847473,-1.253508,-1.507362,-3.250602,-4.553449,-5.090148,-5.529732,1.000000,48.300255
-0.662362,0.034861,-0.958687,0.437675,0.437668,-1.052814,-1.563535,-3.109717,-4.486863,-5.233886,-5.624851,0.000000,48.511650
1.091548,1.091548,-0.211266,-0.993551,-0.993557,0.169019,-0.396122,-1.626970,-3.146405,-4.026318,-4.439811,-1.000000,48.029659
-0.648673,0.157784,-0.806450,0.422539,0.422535,-0.080641,-0.683726,-1.556097,-3.165421,-4.148197,-4.567995,0.000000,48.232601
0.229279,0.264545,-0.811286,-0.596073,-0.596074,0.539688,-0.211635,-0.611400,-2.194522,-3.299955,-3.782828,-1.000000,47.945099
0.601770,0.814158,-0.212388,-0.352735,-0.352739,0.676113,0.253107,-0.058988,-1.472653,-2.669618,-3.261181,0.000000,47.775978
-0.334209,0.263856,-0.773963,0.619465,0.619481,-0.126655,-0.137205,-0.484316,-1.699268,-2.915902,-3.660335,1.000000,48.071941
0.070437,0.123261,-0.299352,-0.105536,-0.105556,-0.024645,0.081012,-0.260596,-1.213389,-2.508401,-3.345281,0.000000,48.021198
-0.903778,0.141765,-1.134147,-0.633916,-0.633897,0.396944,0.698204,0.392222,-0.269719,-1.615540,-2.527227,-1.000000,47.716793
-0.598592,0.264088,-0.651407,0.655678,0.655673,-0.221832,0.070424,-0.332157,-0.645244,-1.937739,-2.928808,1.000000,48.029659
-0.159292,0.088494,-0.707968,-0.528167,-0.528176,0.307970,0.492041,0.271395,0.032752,-1.116528,-2.173354,-1.000000,47.775978
0.996924,1.141927,-0.525643,-2.353986,-2.353974,2.117089,2.515857,2.641532,2.438826,1.458717,0.386549,-1.000000,46.651344
-0.928120,0.181980,-1.455867,-0.398762,-0.398760,1.856226,2.589617,2.906877,2.773423,2.046812,0.939441,0.000000,46.465317
-0.203254,0.369551,-0.517367,-1.510468,-1.510475,2.564674,3.623431,4.185763,4.149117,3.702591,2.580617,-1.000000,45.763470
-0.147117,0.625230,-0.239060,0.480418,0.480427,1.184250,2.701350,3.410558,3.373474,3.257807,2.219194,0.000000,45.983330
0.258024,0.258024,-0.442311,-0.220675,-0.220678,0.582383,2.515664,3.287872,3.453741,3.446369,2.568431,0.000000,45.881855
-0.837123,0.000000,-1.073703,1.271661,1.271662,-0.760695,0.882613,1.697292,2.099174,2.127018,1.427312,1.000000,46.465317
-0.325792,0.000000,-0.633481,0.545949,0.545949,-1.190952,0.056105,0.958063,1.463343,1.534113,1.045436,0.000000,46.718994
-0.652884,0.290170,-0.797965,-0.199097,-0.199107,-0.623857,0.021770,0.929761,1.537910,1.653254,1.382912,0.000000,46.625973
0.494777,0.659703,-0.036652,-1.033731,-1.033722,0.483781,0.657869,1.723776,2.408830,2.507602,2.495874,-1.000000,46.143990
-0.146551,0.256457,-0.494596,0.036650,0.036637,0.567879,0.271123,1.453267,2.139595,2.376269,2.445513,0.000000,46.160896
-0.858285,0.036525,-0.949591,0.311409,0.311417,0.186269,-0.115042,0.883861,1.584189,2.000005,2.098861,0.000000,46.304649
-0.886393,0.379890,-1.013021,0.949600,0.949609,-0.745305,-0.994940,-0.247232,0.491129,0.977563,1.108292,1.000000,46.744362
1.585504,1.679877,-0.679504,-4.160635,-4.160643,2.748206,3.087959,3.649176,4.470555,5.091733,5.289418,-1.000000,44.799496
0.417937,0.474924,-0.911852,-0.641753,-0.641755,2.678573,3.423256,3.791797,4.759692,5.466569,5.668064,-1.000000,44.511993
0.522954,0.929692,-0.232429,-1.918689,-1.918678,3.540567,4.937041,5.193353,6.337389,7.104385,7.461413,-1.000000,43.657951
-0.749710,0.211459,-0.749710,0.755373,0.755356,1.710889,3.587089,4.001034,5.075940,5.890049,6.428946,1.000000,43.987724
-0.346080,0.192276,-0.711400,-0.019227,-0.019235,0.473001,2.984058,3.644190,4.636628,5.542030,6.184087,0.000000,43.979263
0.038410,0.537734,-0.364891,0.115366,0.115379,0.007680,2.275782,3.262277,4.097370,5.038603,5.774920,0.000000,44.030006
0.000000,0.076718,-0.402760,0.134432,0.134438,-0.318378,1.672416,2.837230,3.510738,4.547753,5.345222,0.000000,44.089199
-0.342075,0.646142,-0.513115,0.920598,0.920597,-0.851393,0.370579,1.691371,2.197833,3.299125,4.099200,1.000000,44.495083
1.172628,1.287964,-0.057666,-1.140249,-1.140259,0.292197,1.001543,2.488792,3.073825,4.119191,4.957074,-1.000000,43.987724
-0.287581,0.268403,-0.498462,0.269127,0.269134,0.080520,0.132283,1.818761,2.529716,3.484662,4.378833,0.000000,44.106110
-0.248473,0.076455,-0.707185,0.306748,0.306749,-0.129971,-0.300079,1.148061,2.044151,2.853975,3.758918,0.000000,44.241405
0.327360,0.346622,-0.404389,-0.745413,-0.745401,0.539177,0.311946,1.568765,2.574607,3.251288,4.231966,-1.000000,43.911629
-1.022923,0.132601,-1.041862,1.656077,1.656069,-1.034290,-1.102489,-0.313197,0.764343,1.288117,2.299672,1.000000,44.638836
0.919715,0.919715,-0.057480,-1.136583,-1.136578,0.168613,0.067056,0.504560,1.658356,2.224174,3.178124,-1.000000,44.131481
-0.191935,0.000000,-1.266793,-0.172449,-0.172464,0.318631,0.257209,0.271283,1.531679,2.181968,3.056313,0.000000,44.055370
-0.209886,0.419769,-0.209886,0.595013,0.595022,-0.240411,-0.270941,-0.394329,0.670671,1.447051,2.191056,1.000000,44.317509
0.542213,0.580945,-0.445389,-1.469187,-1.469189,1.134782,1.119290,0.961788,1.888073,2.747485,3.381748,-1.000000,43.666401
-0.309717,0.193569,-0.406502,0.038732,0.038744,0.658139,0.894299,0.926559,1.565029,2.506376,3.029412,0.000000,43.683319
-0.596156,0.250002,-0.826923,0.658149,0.658125,-0.073067,0.230783,0.264114,0.635589,1.609242,2.152577,1.000000,43.970810
-1.813766,0.617055,-1.925952,2.846154,2.846179,-2.322373,-2.296195,-2.327361,-2.317701,-1.335091,-0.766030,1.000000,45.222298
-0.204197,0.464080,-0.297011,0.729243,0.729227,-2.487464,-2.715790,-2.811701,-2.942263,-2.143674,-1.499902,1.000000,45.552071
1.301394,1.301394,-0.226326,-1.577871,-1.577858,-0.403627,-0.950592,-1.142973,-1.350443,-0.691824,-0.006296,-1.000000,44.833324
0.530903,0.606748,-0.075846,-0.528099,-0.528103,0.534692,-0.434213,-0.602965,-0.721473,-0.304901,0.428508,-1.000000,44.596558
0.710444,0.787250,-0.364829,-1.251422,-1.251428,1.839481,0.806450,0.664362,0.542433,0.752686,1.517535,-1.000000,44.038464
-0.363634,0.095692,-0.650718,0.326417,0.326426,1.037317,0.507173,0.348321,0.238272,0.192912,0.995846,0.000000,44.182217
0.267378,0.821238,-0.038199,0.210528,0.210521,0.248285,0.286479,0.142603,0.055385,-0.064937,0.606695,0.000000,44.275230
-0.227099,0.454205,-0.510977,0.916728,0.916720,-0.730497,-0.397416,-0.652274,-0.787274,-0.957600,-0.416344,1.000000,44.681110
-1.548387,0.184328,-1.751154,2.668433,2.668448,-2.753921,-2.508760,-3.054997,-3.215673,-3.338624,-3.025505,1.000000,45.873402
-0.055315,0.239670,-0.682159,-0.018429,-0.018438,-1.939528,-2.077801,-2.785153,-2.993178,-3.157081,-3.039579,0.000000,45.864944
0.708693,1.044388,-0.055947,-1.143073,-1.143078,-0.294659,-0.919424,-1.472078,-1.735350,-1.917186,-2.021626,-1.000000,45.340672
0.055812,0.744190,-0.669769,0.242449,0.242456,-0.018607,-1.181394,-1.544185,-1.839999,-2.029395,-2.210853,0.000000,45.450603
-0.563325,0.145379,-1.726326,2.381393,2.381390,-1.548242,-3.114659,-3.423581,-3.841535,-4.098123,-4.340658,1.000000,46.532959
0.803358,1.241557,-0.255613,-0.472468,-0.472459,-0.891006,-2.284102,-2.586579,-3.204314,-3.485855,-3.695460,0.000000,46.313110
-0.472559,0.327156,-0.763362,0.456454,0.456450,-1.057800,-2.193749,-2.663273,-3.386951,-3.706289,-3.951292,0.000000,46.524506
0.639383,0.675921,-0.091346,-0.508902,-0.508917,-0.142484,-1.238574,-2.011925,-2.651616,-3.025200,-3.293743,-1.000000,46.287735
0.632205,0.799554,-0.613607,-1.753750,-1.753735,1.651169,0.788395,-0.273956,-0.786538,-1.185571,-1.461510,-1.000000,45.475971
1.555600,1.709236,-0.019203,-3.179619,-3.179624,3.852508,3.950453,2.879460,2.512967,2.070293,1.770056,-1.000000,44.030006
0.616214,0.770272,-0.038513,-0.268869,-0.268855,3.038695,3.783928,3.052817,2.815318,2.279212,2.000118,0.000000,43.911629
0.249092,0.421539,-0.536499,0.500672,0.500669,1.440884,2.874107,2.553485,2.321321,1.769682,1.502837,0.000000,44.131481
-0.038234,0.363217,-0.324989,0.229933,0.229920,0.279111,2.387693,2.325881,1.974770,1.552289,1.279556,0.000000,44.232948
0.868728,0.926641,-0.038610,-0.974961,-0.974954,0.501933,3.019306,3.261261,2.778959,2.505021,2.243245,-1.000000,43.801697
-1.330547,0.209086,-1.596656,1.563710,1.563711,-0.840145,0.973196,1.642270,1.157572,1.000567,0.712156,1.000000,44.486629
-0.713593,0.308582,-1.215038,-1.444598,-1.444591,0.582447,1.890064,2.823525,2.554480,2.495657,2.127929,-1.000000,43.843979
0.329262,0.426103,-0.484215,-0.424295,-0.424295,0.794105,1.667627,2.924646,2.947889,2.903729,2.526945,0.000000,43.657951
-0.457406,0.914808,-0.514580,1.626961,1.626950,-0.758524,-0.392602,1.130807,1.320756,1.179343,0.909093,1.000000,44.368244
-0.323190,0.323198,-0.532316,0.247755,0.247772,-0.699624,-0.863124,0.735099,1.093146,0.832691,0.671727,0.000000,44.478176
0.571427,0.609524,-0.571427,-0.190110,-0.190125,-0.552376,-0.592377,0.605717,1.253335,0.985145,0.918097,0.000000,44.393612
-0.265351,0.000000,-0.777104,0.495234,0.495242,-0.697497,-0.924944,-0.144050,0.613151,0.489004,0.490268,0.000000,44.613468
-0.268146,0.287305,-0.497985,-1.042455,-1.042457,0.570771,0.122581,0.549063,1.478641,1.557554,1.562279,-1.000000,44.148392
-0.267736,0.114739,-0.497231,0.153231,0.153224,0.348062,-0.034421,0.082874,1.196215,1.405241,1.331039,0.000000,44.216038
1.013045,1.013045,-0.077929,-1.835913,-1.835904,1.729974,1.743612,1.636462,2.853097,3.221497,3.061228,-1.000000,43.404274
0.809475,0.967418,-0.256667,-1.324761,-1.324766,2.365250,2.722604,2.814081,3.801575,4.434348,4.288905,-1.000000,42.829269
0.396434,0.515358,-0.257683,-0.394869,-0.394870,1.855304,2.852330,3.026099,3.784935,4.547074,4.551039,0.000000,42.660149
-0.197625,0.395259,-0.335964,0.297318,0.297313,0.917007,2.343885,2.511210,3.040524,3.949417,4.143620,0.000000,42.786983
0.856062,0.975515,-0.179178,-0.731221,-0.731218,0.840138,2.651805,2.990248,3.350590,4.445154,4.776695,-1.000000,42.474117
0.642441,0.662514,-0.501907,-0.836152,-0.836152,1.080103,2.957238,3.592319,3.823530,5.009436,5.489526,-1.000000,42.118969
-0.693065,0.039604,-0.871285,1.385262,1.385262,-0.360396,1.154458,1.898353,2.249508,3.215844,3.893731,1.000000,42.702427
1.121348,1.421712,0.000000,-1.108913,-1.108916,0.552666,1.724076,2.786018,3.196844,3.986391,4.771065,-1.000000,42.228893
-0.772583,0.138667,-0.891444,1.081300,1.081298,-0.570520,0.293191,1.534608,1.923541,2.514270,3.402014,1.000000,42.685513
-0.754120,0.793812,-0.793802,-0.178290,-0.178290,-0.329427,0.095264,1.440770,1.915071,2.352063,3.373032,0.000000,42.609409
0.079731,0.358780,-0.039856,-0.436597,-0.436577,0.251134,0.302959,1.562677,2.199513,2.513047,3.588456,0.000000,42.423386
0.279105,0.279105,-0.418658,-0.019928,-0.019937,0.135560,0.225273,1.271926,1.975674,2.381177,3.285482,0.000000,42.414928
-0.059850,0.099739,-0.538600,-0.059807,-0.059816,0.271297,0.221425,0.982781,1.865155,2.298827,3.038769,0.000000,42.389557
-0.297672,0.277833,-0.535821,0.518648,0.518647,-0.281795,-0.337363,0.220951,1.216519,1.628109,2.200842,0.000000,42.609409
0.423898,0.524824,-0.504643,-1.686839,-1.686841,1.085997,1.233351,1.570453,2.657455,3.148170,3.604502,-1.000000,41.890656
0.926882,1.050468,-0.288360,-1.998389,-1.998384,2.479919,3.038107,3.259872,4.333681,4.983733,5.358055,-1.000000,41.053520
-0.020625,0.680695,-0.453800,-0.144179,-0.144192,1.934827,2.770226,3.110574,4.069734,4.794570,5.263355,0.000000,40.994324
-0.393870,0.414587,-0.476791,-0.495045,-0.495032,1.658366,2.929099,3.318126,4.118985,5.016581,5.532059,0.000000,40.791389
0.251940,0.629853,-0.104974,-1.264513,-1.264502,1.801372,3.648948,4.225615,4.971644,6.025602,6.564479,-1.000000,40.275581
0.062641,0.229695,-0.396738,0.545870,0.545872,0.559608,2.564201,3.334020,3.942359,5.067438,5.678282,0.000000,40.495434
-0.480667,0.313484,-0.961335,-0.083527,-0.083538,0.351102,2.165103,3.147339,3.665625,4.758207,5.491472,0.000000,40.461605
2.287300,2.287300,-0.064128,-2.236153,-2.236157,1.919633,3.779398,4.976491,5.623135,6.665249,7.488963,-1.000000,39.556820
-0.997871,0.191085,-1.061571,0.684051,0.684059,0.743102,2.430997,3.861287,4.549893,5.459873,6.422507,1.000000,39.827412
0.192061,0.512157,-0.192064,-0.509548,-0.509554,0.930431,2.202304,3.878218,4.686299,5.543320,6.628255,-1.000000,39.624470
-0.887007,0.359033,-1.161561,1.045662,1.045659,-0.342129,0.682161,2.375228,3.298846,4.033799,5.164388,1.000000,40.038807
-0.357748,0.000000,-1.094276,0.359033,0.359034,-0.837543,0.105220,1.637206,2.688343,3.340911,4.431821,0.000000,40.182560
0.717148,0.801521,-0.232021,-0.231481,-0.231488,-0.341695,0.111800,1.486332,2.600725,3.307327,4.316258,0.000000,40.089542
-0.767005,0.248754,-0.767005,1.750690,1.750698,-1.583754,-1.610700,-0.521011,0.659199,1.346595,2.209090,1.000000,40.791389
0.272710,0.734219,-0.146843,-1.181600,-1.181597,-0.067130,-0.425844,0.288092,1.568073,2.312566,3.113770,-1.000000,40.309399
-0.126416,0.252851,-0.758536,-0.440527,-0.440530,0.421408,-0.075853,0.439670,1.708810,2.531818,3.230794,0.000000,40.131824
-0.561566,0.207983,-0.644763,1.306370,1.306370,-0.640604,-1.316561,-0.920692,0.179904,1.065719,1.674289,1.000000,40.656094
0.189115,0.399241,-0.294177,-1.019139,-1.019129,0.458072,-0.130289,-0.025224,0.941364,1.861726,2.506819,-1.000000,40.241756
-0.273054,0.273054,-0.546110,0.042028,0.042024,0.151225,-0.065119,-0.155436,0.634313,1.623181,2.264923,0.000000,40.258667
-0.189314,0.336559,-0.504842,-0.147028,-0.147032,0.244006,0.225071,-0.021038,0.482748,1.525449,2.200950,0.000000,40.199474
-0.376018,0.271571,-0.543133,0.694148,0.694151,-0.275744,-0.357218,-0.713044,-0.384376,0.614998,1.332078,1.000000,40.478519
0.146874,0.377675,-0.293747,-0.438686,-0.438687,-0.012587,0.111203,-0.302143,-0.038819,0.847668,1.628197,0.000000,40.300945
0.785894,0.828375,-0.106209,-1.216949,-1.216954,1.002550,1.274427,0.968563,1.043967,1.828375,2.638060,-1.000000,39.810501
-0.232168,0.316585,-0.590973,0.637211,0.637204,0.265943,0.451676,0.368658,0.313431,0.951463,1.808084,1.000000,40.064175
-0.688508,0.104319,-1.126645,1.160825,1.160838,-0.721888,-0.646777,-0.634261,-0.806387,-0.412271,0.462477,1.000000,40.529255
0.399586,0.525762,-0.231335,-0.792825,-0.792827,-0.063090,0.166145,0.187875,-0.049420,0.216195,1.066248,-1.000000,40.207928
-0.962945,0.062799,-1.235085,0.462673,0.462672,-0.477288,-0.360057,-0.238643,-0.518108,-0.310655,0.433326,0.000000,40.393959
0.000000,0.167010,-0.542804,0.272142,0.272140,-0.405013,-0.565763,-0.441198,-0.671192,-0.629647,0.003477,0.000000,40.503887
-0.020993,0.104930,-0.503677,-0.521921,-0.521923,0.230850,-0.035676,-0.001398,-0.092340,-0.157817,0.354669,-1.000000,40.292488
-0.334029,0.647175,-0.688939,0.524659,0.524661,-0.304803,-0.482256,-0.491302,-0.505221,-0.656369,-0.342382,0.000000,40.503887
1.428567,1.428567,-0.149254,-2.087683,-2.087691,1.543716,1.432842,1.550825,1.568237,1.377405,1.594889,-1.000000,39.658291
0.653032,0.653032,-0.609488,-2.046915,-2.046906,2.868963,3.178062,3.362362,3.518725,3.329564,3.528520,-1.000000,38.846523
1.051476,1.270532,-0.043814,-0.631252,-0.631253,2.536690,3.520261,3.735670,3.983571,3.886965,3.979554,-1.000000,38.601303
-0.110495,0.022095,-0.994477,-0.876237,-0.876242,2.382327,3.964650,4.304982,4.572386,4.641777,4.678463,-1.000000,38.263062
1.426988,1.806025,-0.222961,-0.883982,-0.883980,1.935346,4.205138,4.835388,5.190648,5.395775,5.405438,-1.000000,37.924824
-0.089140,0.668596,-0.512592,0.044595,0.044609,0.985060,3.561393,4.342911,4.855133,5.127698,5.134086,0.000000,37.941742
-0.201162,0.245856,-0.357622,-0.289719,-0.289718,0.742052,3.185056,4.210983,4.786532,5.184610,5.207854,0.000000,37.831818
-0.749064,0.220319,-0.793126,1.452832,1.452811,-0.815147,1.154451,2.470454,3.043636,3.500346,3.599192,1.000000,38.381443
0.717006,0.985882,-0.448131,-1.674373,-1.674348,0.595997,2.200297,3.804599,4.464470,4.939263,5.178862,-1.000000,37.738804
1.608012,1.654624,-0.046612,-3.853912,-3.853927,3.724079,5.134002,7.185584,8.112330,8.701937,9.088016,-1.000000,36.284378
0.649822,1.058972,-0.481350,-3.169427,-3.169411,5.521051,7.287593,9.731235,10.890481,11.690963,12.193329,-1.000000,35.134377
-0.255164,0.278355,-0.672700,3.754518,3.754505,0.946414,2.748779,5.039816,6.350030,7.188120,7.792465,1.000000,36.453499
-0.274095,0.342624,-0.730927,1.554159,1.554164,-1.333940,0.749198,2.804930,4.345587,5.199631,5.866450,1.000000,37.020046
0.573395,0.917436,-0.045862,-0.411149,-0.411156,-1.399075,0.786704,2.610097,4.342895,5.266061,5.948783,0.000000,36.867836
-0.247416,1.057132,-0.359874,1.972479,1.972481,-2.609083,-1.250558,0.109463,1.934324,2.952768,3.658721,1.000000,37.595047
-0.352113,0.660218,-1.012322,2.204229,2.204221,-2.997352,-3.254832,-2.263783,-0.496251,0.518494,1.274950,1.000000,38.423725
0.307085,0.592237,-0.153542,0.330108,0.330124,-2.228569,-3.386716,-2.636552,-1.062743,0.006132,0.759660,0.000000,38.550571
0.175319,0.306813,-0.547885,0.087741,0.087734,-1.503402,-3.418806,-2.724820,-1.398208,-0.208640,0.528156,0.000000,38.584393
0.240387,0.305953,-0.393348,0.284894,0.284892,-0.839158,-3.446238,-2.926861,-1.884832,-0.633739,0.107811,0.000000,38.694317
0.021692,0.238666,-0.629206,0.721158,0.721173,-0.841844,-3.447615,-3.442553,-2.783700,-1.504898,-0.713837,1.000000,38.973370
0.920443,1.161514,-0.175328,-0.998045,-0.998058,0.241071,-1.580103,-2.358100,-1.942805,-0.680259,0.123452,-1.000000,38.584393
0.456917,0.652739,-0.087034,0.723204,0.723197,-0.317657,-1.666659,-2.882208,-2.644684,-1.550907,-0.718734,1.000000,38.863434
0.021432,0.878883,-0.192928,1.501312,1.501321,-1.354774,-2.505902,-4.138626,-3.977499,-3.114263,-2.217943,1.000000,39.446899
-0.084372,0.021088,-1.033541,1.629149,1.629134,-2.240022,-3.265123,-5.284388,-5.288958,-4.687609,-3.783299,1.000000,40.089542
0.333333,1.229167,-0.166671,1.244463,1.244479,-2.645839,-3.716670,-5.741670,-6.125004,-5.850839,-4.961117,1.000000,40.588448
0.020942,0.251263,-0.314064,-0.500004,-0.500009,-1.264654,-2.747063,-4.401168,-5.350707,-5.305692,-4.468869,-1.000000,40.385502
0.168665,0.337339,-0.527093,-0.690951,-0.690943,0.042161,-1.682485,-3.128828,-4.408608,-4.521196,-3.828105,-1.000000,40.106461
0.364811,0.708159,-0.901283,-1.749952,-1.749952,1.802573,0.276824,-1.000001,-2.576180,-2.739057,-2.208157,-1.000000,39.404617
-0.214266,0.128567,-0.535676,0.150215,0.150208,1.332768,0.321411,-0.709944,-2.503745,-2.763226,-2.424823,0.000000,39.463806
-0.746275,0.298505,-0.959490,0.492831,0.492819,0.366744,0.002139,-0.850028,-2.556495,-3.065237,-2.974407,0.000000,39.658291
0.214275,0.535676,-0.364255,-0.490414,-0.490402,0.394261,0.717809,-0.185696,-1.527744,-2.433250,-2.512674,0.000000,39.463806
-0.582401,0.345123,-0.668684,-0.664232,-0.664231,0.603964,1.477564,0.592463,-0.518769,-1.641072,-1.830604,-1.000000,39.201675
0.443560,0.532273,-0.576620,-2.739433,-2.739447,2.767807,3.989810,3.345915,2.428490,1.102698,0.893042,-1.000000,38.127766
0.022180,0.443461,-0.776049,0.022173,0.022191,2.048776,3.454544,3.225425,2.572062,1.121952,0.859572,0.000000,38.136227
-0.446728,0.111682,-0.625414,-0.731703,-0.731706,1.849449,3.495641,3.789738,3.362742,2.033504,1.597051,-1.000000,37.857182
-0.264898,0.132455,-0.463574,1.183826,1.183823,0.052982,1.741724,2.526861,2.137974,1.170865,0.440034,1.000000,38.305344
-0.042646,0.831554,-0.149254,3.532016,3.532006,-3.130062,-1.842214,-0.837237,-1.206817,-1.957350,-2.832971,1.000000,39.658291
-0.527093,0.274090,-0.822262,1.130060,1.130079,-3.225814,-2.764084,-1.835697,-2.121028,-2.745106,-3.775395,1.000000,40.106461
0.934974,0.934974,-0.191245,-0.780095,-0.780099,-1.631964,-1.916710,-1.113479,-1.213350,-1.686364,-2.846726,-1.000000,39.793591
0.148652,0.637076,-0.297301,0.063746,0.063746,-0.709283,-1.938845,-1.305307,-1.170104,-1.525593,-2.612731,0.000000,39.818958
0.021290,0.404423,-0.212854,-0.233595,-0.233610,0.238410,-1.643243,-1.184892,-0.795010,-1.163889,-1.999422,0.000000,39.725937
0.277247,0.447855,-0.063975,-0.191573,-0.191570,0.426539,-1.341430,-1.072005,-0.505430,-0.863288,-1.542608,0.000000,39.649834
-0.697529,0.211370,-0.739806,0.895718,0.895721,-0.515748,-1.748044,-1.850209,-1.318960,-1.601352,-2.167969,1.000000,40.004986
0.062258,0.435781,-0.269761,1.860068,1.860071,-1.863458,-2.901015,-3.432247,-3.040048,-3.196511,-3.636990,1.000000,40.749107
-0.560633,0.228405,-0.851329,-0.062252,-0.062252,-1.357977,-2.136629,-3.197675,-2.963040,-2.964286,-3.320874,0.000000,40.723740
-0.388306,0.122628,-0.858373,1.598837,1.598839,-2.113226,-2.934807,-4.413109,-4.370531,-4.221543,-4.604538,1.000000,41.374847
-0.612495,0.347085,-0.898324,0.102187,0.102185,-1.359739,-2.609228,-4.154078,-4.309923,-4.072683,-4.471212,0.000000,41.417126
0.000000,0.551125,-0.612376,0.020421,0.020419,-0.694021,-2.310679,-3.642923,-4.085531,-3.901207,-4.262096,0.000000,41.425583
-0.040850,0.306377,-0.367647,-0.061243,-0.061238,-0.318628,-1.862748,-3.058281,-3.792895,-3.715688,-3.985568,0.000000,41.400215
-0.886209,0.523662,-0.886209,1.409320,1.409321,-1.103732,-2.710986,-3.750260,-4.852980,-4.920855,-5.080908,1.000000,41.983677
-1.028890,0.217651,-1.444400,1.792546,1.792523,-2.208137,-3.719812,-4.753976,-6.145614,-6.375135,-6.428558,1.000000,42.736244
-0.158475,0.316955,-0.554673,-0.118720,-0.118707,-1.497620,-2.894212,-4.167983,-5.625987,-6.022184,-6.018882,0.000000,42.685513
-0.059191,0.513021,-0.256513,0.396197,0.396200,-1.219417,-2.612470,-4.118653,-5.446921,-6.071034,-6.124704,0.000000,42.854633
0.202304,0.748531,-0.526000,-2.466456,-0.419038,-0.206283,-1.751357,-3.265043,-4.517252,-5.374785,-5.527722,0.000000,42.675056
0.163403,0.306377,-0.306368,-0.950842,-0.950844,0.886844,-0.442556,-1.949952,-3.078741,-4.219328,-4.488266,-1.000000,42.269283
-0.102206,0.081768,-0.511038,-0.081701,-0.081683,0.731843,-0.157565,-1.473785,-2.534321,-3.878594,-4.264234,0.000000,42.234756
0.081869,0.286531,-0.245598,-0.122643,-0.122655,0.617271,0.146595,-0.952450,-2.115376,-3.477852,-3.982579,0.000000,42.182953
0.305503,0.305503,-0.346228,0.491193,0.491191,-0.093682,-0.115366,-1.061472,-2.324461,-3.547438,-4.217137,0.000000,42.390152
0.081527,0.285365,-0.142680,-0.081460,-0.081460,-0.163067,0.191634,-0.727950,-1.942387,-3.070330,-3.911466,0.000000,42.355621
0.020305,0.446614,-0.203000,0.407658,0.407665,-0.446610,-0.087095,-0.848126,-2.021977,-3.024533,-4.076647,0.000000,42.528290
0.020202,0.525355,-0.505153,0.466918,0.466922,-0.678936,-0.553637,-1.097981,-2.126157,-3.061295,-4.267885,0.000000,42.726864
0.142624,0.346369,-0.183374,-0.828450,-0.828465,0.240427,0.203343,-0.121395,-0.987212,-1.995225,-3.218684,-1.000000,42.372887
0.202961,0.365336,-0.223260,0.387119,0.387123,-0.077122,-0.257761,-0.332380,-1.071419,-2.144610,-3.246386,0.000000,42.536922
0.306564,0.490493,-0.020441,-0.690075,-0.690076,0.564076,0.333132,0.493247,-0.207127,-1.232672,-2.249986,-1.000000,42.243385
0.020367,0.244447,-0.264822,0.326998,0.326996,0.167045,0.032599,0.228290,-0.336804,-1.312727,-2.212741,0.000000,42.381519
0.507614,0.730966,-0.162441,0.325932,0.325949,-0.255849,-0.225391,-0.131299,-0.525978,-1.370535,-2.200060,0.000000,42.519661
0.247166,0.247166,-0.494332,-1.421322,-1.421326,0.963951,1.149327,1.186126,0.967686,0.267720,-0.610471,-1.000000,41.915318
0.616776,0.740134,-0.164470,0.185376,0.185376,0.518089,0.867596,0.862112,0.848425,0.271559,-0.644622,0.000000,41.993019
-0.081969,0.020496,-0.327869,0.328947,0.328945,0.135247,0.483606,0.445353,0.604523,0.074016,-0.785432,0.000000,42.131153
0.082085,0.082085,-0.554076,-0.143441,-0.143438,0.131335,0.519183,0.558172,0.759380,0.345834,-0.464506,0.000000,42.070721
-0.184351,0.122902,-0.348214,0.184691,0.184682,-0.229409,0.196644,0.359146,0.503906,0.234269,-0.456408,0.000000,42.148418
-0.306127,0.000000,-0.551020,0.368701,0.368707,-0.412245,-0.187757,0.009522,0.089589,-0.050103,-0.612962,0.000000,42.303822
0.266561,0.348573,-0.123029,-0.469388,-0.469393,0.110727,0.180442,0.436064,0.472629,0.485836,0.022025,0.000000,42.105251
0.368779,0.430238,-0.389269,0.082020,0.082021,0.032780,0.073756,0.319607,0.326777,0.473686,0.050058,0.000000,42.139786
0.041704,0.166810,-0.771474,-1.741450,-1.741445,1.484568,1.611760,1.916874,2.000624,2.198578,1.878174,-1.000000,41.405945
-0.083492,0.584427,-0.125239,-0.104251,-0.104253,1.210601,1.438112,1.803379,2.001667,2.172413,1.983523,0.000000,41.362778
-0.249227,0.124604,-0.373834,0.500943,0.500931,0.353068,0.849435,1.167192,1.419528,1.555810,1.487459,0.000000,41.569977
-0.144330,0.350511,-0.247421,0.726891,0.726902,-0.482475,0.092783,0.331271,0.625772,0.729070,0.790619,1.000000,41.872150
0.061646,0.061646,-0.657489,0.350511,0.350512,-0.887609,-0.283540,-0.054788,0.234233,0.314775,0.487650,0.000000,42.018917
-0.432008,0.102857,-0.596587,-0.123273,-0.123278,-0.497840,-0.185147,0.002745,0.291093,0.409793,0.610367,0.000000,41.967117
-0.061638,0.267107,-0.102731,0.123425,0.123430,-0.308198,-0.339016,-0.199984,0.083215,0.265463,0.429432,0.000000,42.018917
0.061060,0.223898,-0.223898,0.945147,0.945139,-0.842660,-1.245672,-1.055699,-0.848765,-0.651329,-0.532054,1.000000,42.416054
-0.142305,0.182964,-0.426914,0.122121,0.122124,-0.683063,-1.280744,-1.101845,-0.977836,-0.765191,-0.683739,0.000000,42.467854
-0.081303,0.121945,-0.243900,0.020333,0.020326,-0.487800,-1.221538,-1.067743,-0.970520,-0.773975,-0.719504,0.000000,42.476486
0.081452,0.305431,-0.407251,-0.182927,-0.182920,-0.101815,-0.806354,-0.834860,-0.787007,-0.604356,-0.527386,0.000000,42.398788
-0.406506,0.101624,-0.406506,0.183262,0.183255,-0.069103,-0.725605,-0.964763,-0.973570,-0.809749,-0.690372,0.000000,42.476486
-0.912594,0.000000,-1.034277,0.223577,0.223594,-0.219034,-0.711834,-1.143794,-1.117429,-1.012380,-0.881507,0.000000,42.571461
-0.704080,0.341988,-1.025947,0.811190,0.811184,-0.812714,-1.267351,-1.813183,-1.805471,-1.773485,-1.638167,1.000000,42.916794
-0.957035,0.390627,-1.054689,2.997389,2.997384,-2.917967,-3.646484,-4.359374,-4.428709,-4.454685,-4.361326,1.000000,44.203175
-0.628695,0.266716,-0.628695,2.519533,2.519538,-4.016007,-5.275297,-6.134507,-6.419323,-6.543727,-6.506640,1.000000,45.316891
-0.509628,0.245378,-0.528499,0.933507,0.933502,-3.476778,-5.337861,-6.364663,-6.892220,-7.126459,-7.151751,1.000000,45.739925
0.323313,0.513496,-0.190190,-0.754998,-0.754984,-1.498680,-3.961596,-5.090669,-5.843490,-6.113364,-6.223545,-1.000000,45.394596
-0.151770,0.493269,-0.208691,0.247237,0.247228,-0.603298,-3.530638,-4.792259,-5.701954,-6.036045,-6.237272,0.000000,45.506824
-0.698251,0.000000,-0.905839,0.531214,0.531213,-0.452916,-3.325158,-4.751843,-5.805816,-6.216270,-6.477325,0.000000,45.748562
-0.611228,0.463049,-0.722363,1.887148,1.887146,-1.741061,-4.211890,-5.851702,-6.992036,-7.563623,-7.907019,1.000000,46.611904
-0.440849,0.183692,-0.440849,0.833482,0.833478,-2.016889,-4.041136,-5.923333,-7.161087,-7.914761,-8.350469,1.000000,47.000404
-0.127619,0.364633,-0.273468,0.753121,0.753121,-1.921597,-3.748395,-5.931319,-7.244294,-8.176472,-8.652680,1.000000,47.354374
-0.183719,0.073491,-0.624656,-0.765721,-0.765712,-0.532800,-2.138529,-4.563663,-5.983836,-7.051996,-7.593242,-1.000000,46.991776
-0.436996,0.418798,-0.436996,0.900235,0.900221,-0.717399,-2.334292,-4.720793,-6.253630,-7.436259,-8.046236,1.000000,47.414806
0.036438,0.692296,-0.163964,-0.054623,-0.054612,-0.335221,-1.843688,-3.966721,-5.630352,-6.880670,-7.621910,0.000000,47.388912
0.707160,0.979142,-0.417052,0.473680,0.473666,-0.547594,-1.912957,-3.700203,-5.487753,-6.794553,-7.674818,0.000000,47.613377
1.119464,1.211231,-0.110116,-1.196736,-1.196727,0.524863,-0.374384,-1.900044,-3.851167,-5.200221,-6.220714,-1.000000,47.043575
0.366705,0.843416,-0.293363,0.091758,0.091768,0.473036,-0.130190,-1.399593,-3.448854,-4.844160,-5.954048,0.000000,47.086746
-0.400433,0.109212,-0.473242,0.733403,0.733397,-0.251183,-0.502368,-1.663633,-3.629413,-5.080451,-6.266836,1.000000,47.432079
0.510574,0.638218,-0.492341,-0.182015,-0.182008,-0.087534,-0.165948,-1.198647,-2.931263,-4.452962,-5.677737,0.000000,47.345749
0.110512,0.386810,-0.276298,-1.002916,-1.002924,0.607849,0.817827,-0.036841,-1.479095,-3.070917,-4.330449,-1.000000,46.870907
0.473075,0.873362,-0.345704,1.234109,1.234109,-0.447593,-0.391191,-0.966762,-2.166118,-3.828237,-5.083695,1.000000,47.449345
-0.289122,0.036142,-0.668592,0.691414,0.691413,-0.842065,-0.910733,-1.329960,-2.329236,-4.044090,-5.323454,1.000000,47.777416
-0.090552,0.162984,-0.579498,-0.216840,-0.216845,-0.525167,-0.641067,-0.846308,-1.752983,-3.399488,-4.722318,0.000000,47.673813
-0.415536,0.090341,-0.632336,0.235417,0.235425,-0.574525,-0.791326,-0.915387,-1.725382,-3.175427,-4.540197,0.000000,47.786049
-0.990269,0.035369,-1.043325,2.168024,2.168026,-1.885061,-2.648984,-2.769234,-3.495139,-4.710170,-6.101388,1.000000,48.822063
-2.502141,0.856898,-2.502141,3.183022,3.183028,-3.749792,-4.990579,-5.368758,-5.977727,-7.029997,-8.471300,1.000000,50.376083
0.066813,1.018876,-0.701517,2.604972,2.604972,-4.680146,-6.512450,-7.165533,-7.766836,-8.711549,-10.200442,1.000000,51.688366
-0.096885,0.435978,-0.355241,3.440790,3.440782,-5.683835,-8.493461,-9.498898,-10.113033,-11.055064,-12.502289,1.000000,53.466850
1.012911,1.012911,-0.473780,-1.162605,-1.162604,-2.659693,-6.376409,-7.746011,-8.465938,-9.438981,-10.814137,-1.000000,52.845242
-0.523132,0.147131,-0.670263,-0.065350,-0.065351,-1.085495,-5.190450,-7.029587,-7.855974,-8.844203,-10.103534,0.000000,52.810707
0.876319,1.091268,-0.016533,-1.128001,-1.128004,0.747358,-3.196095,-5.308639,-6.339284,-7.281744,-8.462299,-1.000000,52.215000
0.180505,0.443059,-0.213321,0.760580,0.760588,0.338034,-3.007879,-5.323271,-6.512147,-7.441421,-8.539003,1.000000,52.612141
-0.065532,0.000000,-0.376802,0.164099,0.164095,-0.117958,-2.213304,-4.812147,-6.163993,-7.065534,-8.151488,0.000000,52.698475
-0.049567,0.396560,-0.462654,-0.851902,-0.851903,0.512228,-0.518835,-3.368583,-4.892597,-5.835427,-6.920026,-1.000000,52.249535
-1.085199,0.161966,-1.085199,2.015866,2.015857,-1.289273,-1.643985,-4.473594,-6.238251,-7.223190,-8.286357,1.000000,53.302811
-0.887956,0.516627,-1.162412,0.323934,0.323945,-1.136584,-1.381983,-4.030783,-5.939619,-7.064903,-8.078787,0.000000,53.475483
-0.064221,0.016060,-0.706485,0.548918,0.548919,-1.245987,-1.533399,-3.811819,-5.831729,-7.068081,-8.068403,0.000000,53.769020
-0.064114,0.977722,-0.128222,0.176622,1.801376,-2.248385,-3.043612,-4.653547,-6.830714,-8.177392,-9.147731,1.000000,54.737602
1.167679,1.167679,-1.120979,2.949197,2.949210,-3.592708,-5.198861,-6.371581,-8.700655,-10.171638,-11.174254,1.000000,56.351929
0.139498,0.573469,-0.185981,0.451493,0.451500,-2.858830,-4.954430,-5.875638,-8.251094,-9.939916,-11.007842,0.000000,56.606358
-0.600843,0.323523,-0.677866,0.604475,0.604466,-2.222775,-4.694303,-5.671767,-7.968338,-9.785315,-10.980968,1.000000,56.948524
0.416096,1.017112,-0.046229,-0.030820,-0.030826,-1.081823,-3.906307,-5.028767,-7.136042,-9.065836,-10.371575,0.000000,56.930969
0.000000,0.231447,-0.432031,-0.123287,-0.123283,-0.212924,-3.055677,-4.513617,-6.213568,-8.290308,-9.707193,0.000000,56.860783
-0.015657,0.187851,-1.033187,-1.434959,-1.434961,1.130245,-0.967118,-2.742875,-4.111374,-6.334284,-7.877841,-1.000000,56.044853
-0.062159,0.466278,-0.155421,0.720092,0.720095,0.351263,-1.117895,-3.008590,-4.121410,-6.325269,-8.014747,1.000000,56.448429
0.031319,0.595047,-0.297531,-0.746029,-0.746031,0.776696,0.080802,-1.825940,-2.896421,-5.008761,-6.788865,-1.000000,56.027306
0.839675,0.839675,-0.110900,-1.158788,-1.158783,1.397335,1.544675,-0.342003,-1.424872,-3.346112,-5.197013,-1.000000,55.378071
-1.465857,0.289942,-2.110184,-1.647651,-1.647652,2.216490,3.195873,1.543825,0.318202,-1.228117,-3.178364,-1.000000,54.465633
0.700098,0.993163,-0.097683,-1.063151,-1.063151,2.513841,3.847284,2.837520,1.492820,0.286104,-1.733337,-1.000000,53.886581
-0.405910,0.081180,-0.974181,0.276786,0.276787,1.337879,3.084914,2.644089,1.326030,0.395234,-1.562595,0.000000,54.035732
0.748818,1.253461,-0.048833,-0.259782,-0.259786,0.810681,2.786912,2.963375,1.745836,0.917918,-0.907528,0.000000,53.895355
0.245657,0.524075,-0.262036,-0.602310,-0.602314,0.746810,2.782512,3.562619,2.451848,1.669996,0.053413,-1.000000,53.570736
0.411117,1.068900,0.000000,-0.409433,-0.409429,0.743297,2.547277,3.815161,2.934231,2.079318,0.819474,0.000000,53.351402
-0.970871,0.129453,-1.278319,1.628018,1.628023,-0.747575,0.567959,1.889965,1.466992,0.545484,-0.400052,1.000000,54.219975
1.336682,1.336682,-0.233916,-3.155341,-3.155359,1.904776,3.094420,4.689519,4.697380,3.798451,3.079140,-1.000000,52.509140
-0.928385,0.613394,-0.928385,0.785300,0.785305,0.742710,1.704251,3.366497,3.829253,3.043067,2.436288,1.000000,52.921497
-0.168552,0.657339,-0.235973,-1.641243,-1.641239,1.840549,2.762513,4.466542,5.396932,4.719496,4.168910,-1.000000,52.052929
-1.293614,0.255323,-1.548936,-0.977586,-0.977578,2.144672,3.210206,4.810207,6.127655,5.663732,5.072951,-1.000000,51.544071
1.403085,1.766846,-0.259827,-1.736170,-1.736171,2.539400,4.394590,5.951839,7.439801,7.404260,6.784900,-1.000000,50.649178
0.069822,0.942575,-1.553498,-0.762167,-0.762176,2.433237,4.445803,5.945194,7.633970,7.987256,7.436092,-1.000000,50.263142
0.404308,0.589619,-0.252699,3.613196,3.613208,-1.462270,0.454842,1.745274,3.413063,4.114277,3.680883,1.000000,52.079254
0.270270,0.760137,-0.135139,-0.269542,-0.269553,-1.239860,0.412164,1.578831,3.211995,4.254732,3.917904,0.000000,51.938873
0.996453,1.165349,0.000000,0.016889,0.016893,-1.101163,0.124979,1.238530,2.721669,4.022295,3.852174,0.000000,51.947647
-1.596015,0.033244,-1.845388,1.587575,1.587573,-1.842063,-1.714052,-0.484348,0.806315,2.125351,2.262234,1.000000,52.772354
1.012450,1.195022,-0.365147,0.166248,0.166244,-1.022402,-1.810784,-0.797784,0.299589,1.672369,2.064593,0.000000,52.860085
1.591650,1.608761,0.000000,-3.020747,-3.020744,1.742256,0.924185,1.949912,2.959098,4.395688,5.099893,-1.000000,51.263317
0.282953,1.464709,-0.016648,2.823895,2.823906,-0.758999,-1.722713,-0.958734,-0.121517,1.208376,2.146570,1.000000,52.710945
0.453326,1.024172,-0.167901,-0.865514,-0.865524,0.224984,-0.728676,-0.233939,0.538952,1.739422,2.880009,-1.000000,52.254719
0.084609,0.304570,-1.641281,-0.772335,-0.772332,0.649749,0.275806,0.238015,1.125213,2.207784,3.391428,-1.000000,51.851139
-1.306415,0.746525,-1.526973,-0.270726,-0.270731,0.478458,0.827966,0.407199,1.174928,2.118769,3.356525,0.000000,51.710762
-0.915902,0.366363,-0.982515,1.883271,1.883271,-0.839296,-0.920896,-1.478763,-0.810155,-0.022644,1.176246,1.000000,52.684616
0.100649,0.570374,-0.318743,-0.732719,-0.732715,-0.265061,-0.120789,-0.720240,-0.199635,0.479781,1.627799,-1.000000,52.298588
0.510289,0.629357,-0.187108,-1.375608,-1.375605,0.864086,1.200878,0.669042,1.020575,1.657417,2.703967,-1.000000,51.579166
0.928475,0.928475,-0.034390,-1.071613,-1.071615,1.633423,1.954950,1.808801,1.801923,2.534385,3.488649,-1.000000,51.026436
0.315838,0.965080,-0.561509,-2.011688,-2.011681,3.035610,3.476037,3.863823,3.640976,4.316532,5.183351,-1.000000,49.999947
-1.079508,0.565452,-1.679232,2.403929,2.403917,0.037702,1.034958,1.311401,1.040097,1.657299,2.400046,1.000000,51.201904
0.052298,0.505581,-0.366107,-1.713502,-1.713503,0.997215,2.322177,2.863786,2.629883,3.171548,3.850535,-1.000000,50.324558
-0.741486,0.000000,-0.994270,3.451881,3.451883,-2.187392,-1.129085,-0.553869,-0.744859,-0.370071,0.231434,1.000000,52.061703
-0.626031,0.691924,-0.840201,2.291879,2.291879,-3.542008,-3.080725,-2.721582,-2.724053,-2.674795,-2.053818,1.000000,53.254894
-0.706077,0.377667,-0.837443,0.329491,0.329496,-2.574719,-3.077181,-2.969902,-2.747133,-2.925459,-2.413254,0.000000,53.430367
-0.128848,0.773071,-0.483168,1.954020,1.954012,-3.240454,-4.606212,-4.436567,-4.391203,-4.671925,-4.248132,1.000000,54.474403
0.064727,0.210358,-0.954693,-0.467066,-0.467060,-1.349515,-3.804206,-3.802590,-3.732202,-4.064726,-3.758902,0.000000,54.219975
-0.515132,0.096589,-0.627816,0.517799,0.517791,-0.962646,-3.763675,-4.023388,-3.993876,-4.341912,-4.184368,0.000000,54.500721
-0.064643,0.290886,-0.371686,-0.386346,-0.386344,-0.197155,-2.789267,-3.351646,-3.481737,-3.702649,-3.808446,0.000000,54.290161
0.048004,0.320046,-0.480082,0.985781,0.985790,-0.662515,-2.858066,-3.916368,-4.244687,-4.309818,-4.606613,1.000000,54.825348
-0.064352,0.032175,-0.627413,-0.528088,-0.528099,-0.112608,-1.731012,-3.179960,-3.436288,-3.621617,-4.001496,-1.000000,54.535816
-0.909379,0.877473,-0.909379,0.836551,0.836557,-0.660499,-1.697512,-3.656668,-4.029994,-4.199107,-4.619762,1.000000,54.992039
0.688860,0.738063,-0.164018,-2.728141,-2.728146,1.748403,1.326884,-0.716196,-1.222730,-1.396750,-1.823299,-1.000000,53.491776
-0.227456,0.324941,-0.487407,0.951284,0.951288,0.682374,0.510156,-1.284591,-1.954507,-2.234929,-2.541564,1.000000,54.000637
-0.878479,0.097605,-0.943553,-0.129972,-0.129967,0.481528,0.733684,-0.670253,-1.621122,-2.028313,-2.188066,0.000000,53.930454
-1.123950,0.000000,-1.123950,2.765572,2.765565,-1.902798,-1.806234,-2.835731,-4.021683,-4.364726,-4.619278,1.000000,55.421936
-0.261395,0.343080,-0.539124,-3.102737,-3.102737,0.758048,1.241629,0.694878,-0.817674,-1.228555,-1.455642,-1.000000,53.702339
0.342464,0.358775,-0.472931,0.179711,0.179709,0.691456,0.929552,0.729509,-0.789299,-1.290930,-1.517719,0.000000,53.798847
-0.410981,0.263028,-0.608257,-0.799083,-0.799082,1.265821,1.569947,1.555151,0.229326,-0.382050,-0.687163,-1.000000,53.368950
-0.905050,0.246829,-1.003785,-0.098639,-0.098640,1.135429,1.387199,1.641162,0.639297,-0.163236,-0.560581,0.000000,53.316307
-0.751394,0.479615,-0.751394,2.929075,2.929078,-1.940847,-1.435651,-1.202238,-1.889687,-2.844443,-3.170795,1.000000,54.877983
0.063950,0.255795,-0.383690,0.000000,0.000000,-1.512390,-1.456434,-1.122302,-1.474819,-2.656433,-3.039168,0.000000,54.877983
0.290465,0.822977,-0.048414,-0.927255,-0.927246,-0.380839,-0.372771,-0.213017,-0.340498,-1.540110,-2.002054,-1.000000,54.369129
-0.401994,0.032160,-0.514552,0.355007,0.354997,-0.295865,-0.622284,-0.532773,-0.573241,-1.629198,-2.183092,0.000000,54.562138
-0.064810,0.210624,-0.421261,-0.755745,-0.755751,0.771230,0.174988,0.141504,0.250328,-0.573553,-1.288070,-1.000000,54.149784
0.705530,0.923909,-0.386360,-3.548286,-3.548275,3.463797,3.248779,3.530989,3.723329,3.162771,2.314236,-1.000000,52.228401
0.583921,0.583921,-0.233567,0.688728,0.688719,1.885225,2.330670,2.518079,2.858697,2.629302,1.632750,1.000000,52.588108
0.305758,0.662475,-0.016983,-1.785118,-1.785109,2.683874,3.774414,4.143589,4.452179,4.462710,3.484510,-1.000000,51.649353
-0.082398,0.164797,-0.642714,3.074573,3.074567,-0.876731,0.654252,0.941551,1.237640,1.345418,0.536146,1.000000,53.237347
-0.390819,0.000000,-0.960756,1.203032,1.203035,-2.156003,-0.438042,-0.264889,-0.053740,0.173910,-0.419044,1.000000,53.877811
0.730894,1.245847,-0.033224,-1.970362,-1.970370,0.033226,1.172762,1.410856,1.792362,2.061797,1.684389,-1.000000,52.816219
-0.152775,0.067902,-0.984549,-2.142859,-2.142855,1.874047,2.770330,3.371246,3.701410,4.100493,3.998757,-1.000000,51.684444
1.615401,1.615401,-0.103107,-1.222205,-1.222207,2.900846,3.392340,4.291693,4.745666,5.118411,5.219688,-1.000000,51.052753
0.136983,0.410954,-0.205485,0.360892,0.360901,1.749991,2.371566,3.639260,4.099306,4.502046,4.710036,0.000000,51.237003
0.744589,0.987013,-0.069266,-1.113017,-1.113020,1.627703,2.836361,4.457140,4.948915,5.349954,5.706779,-1.000000,50.666725
0.893956,1.209471,-0.753725,-1.212123,-1.212123,1.770377,3.663452,5.096114,5.700262,6.284311,6.709318,-1.000000,50.052582
-0.844773,1.091163,-1.390357,-0.403153,-0.403156,1.446675,3.533968,4.849232,5.741816,6.302006,6.849114,0.000000,49.850792
-1.353467,0.711435,-1.579039,1.425556,1.425550,-0.173515,1.863617,2.873507,3.935455,4.576093,5.087632,1.000000,50.561440
-0.615807,0.051322,-0.786861,1.440219,1.440226,-1.570304,0.037633,0.987570,2.257099,2.879918,3.400616,1.000000,51.289639
-0.085835,1.098711,-0.085835,-0.359218,-0.359221,-1.043777,-0.144205,0.954508,2.409443,3.029700,3.530759,0.000000,51.105396
-1.234565,0.834168,-1.234565,2.901286,2.901283,-2.869533,-3.002998,-1.846286,-0.695690,-0.090752,0.488272,1.000000,52.588108
0.185907,0.354915,-0.642212,-1.284620,-1.284617,-0.811220,-1.696802,-0.655733,0.310973,1.071494,1.598225,-1.000000,51.912552
-0.388849,0.118342,-0.676250,-0.033794,-0.033795,-0.263739,-1.501269,-0.590590,0.106508,0.958917,1.530008,0.000000,51.895008
0.772849,2.016131,-0.100808,0.625525,0.625530,-0.527558,-1.925407,-1.338489,-0.740090,0.243277,0.785168,1.000000,52.219627
-0.133895,0.217575,-0.451883,0.386425,0.386418,-0.408366,-1.968198,-1.903483,-1.287025,-0.210875,0.301259,0.000000,52.421413
-0.358238,0.136476,-0.375293,-1.891215,-1.891206,1.061068,0.189351,-0.192202,0.538209,1.444555,1.976000,-1.000000,51.430016
-0.306020,0.697042,-0.374026,0.341182,0.341170,0.598442,0.188716,-0.541760,0.101163,0.845977,1.493830,0.000000,51.605480
0.871940,0.871940,-0.188068,-0.561030,-0.561026,0.940330,0.901006,0.053569,0.633440,1.176951,1.905168,-1.000000,51.315960
0.833042,0.989240,-0.225611,-1.487439,-1.487432,1.804925,2.278718,1.474021,1.887362,2.387362,3.258125,-1.000000,50.552670
0.987649,1.587296,-0.211638,-1.596664,-1.596671,2.380953,3.664902,2.997060,3.125220,3.694533,4.694298,-1.000000,49.745510
-1.242233,0.285382,-1.292599,5.061727,5.061729,-2.232668,-1.391641,-1.683175,-1.896089,-1.298641,-0.516479,1.000000,52.263493
-0.346419,0.379411,-0.445399,1.762631,1.762636,-3.332236,-2.860445,-2.968222,-3.454309,-2.963382,-2.345764,1.000000,53.184708
0.475801,0.820345,-0.016410,0.544378,0.544367,-3.048396,-3.091054,-3.130432,-3.750611,-3.352252,-2.930267,0.000000,53.474228
0.589779,0.704456,-0.163830,0.147662,0.147660,-2.070769,-2.984923,-2.991476,-3.676273,-3.471161,-3.136189,0.000000,53.553188
-0.869426,0.679736,-0.995885,3.636954,3.636960,-3.433446,-5.834647,-5.867843,-6.621084,-6.741697,-6.454311,1.000000,55.500896
-0.289482,0.305563,-0.771951,-1.707237,-1.707237,-0.916694,-3.626567,-3.992708,-4.586683,-4.994530,-4.687464,-1.000000,54.553364
0.829612,1.068918,-0.015957,0.804117,0.804121,-1.049781,-3.779517,-4.385239,-4.880347,-5.511808,-5.302065,1.000000,54.992039
-0.079363,0.031746,-0.730157,0.510530,0.510528,-0.901590,-3.552382,-4.463493,-4.937303,-5.686349,-5.564551,0.000000,55.272789
0.220610,0.346677,-0.204849,0.730157,0.730153,-0.857230,-3.331229,-4.742091,-5.232426,-6.051051,-6.103052,1.000000,55.676365
-2.232541,0.164819,-2.292477,5.168609,5.168615,-4.686845,-6.577765,-8.725402,-9.253821,-10.129458,-10.451503,1.000000,58.554062
-0.549618,0.252522,-0.816998,0.869047,0.869033,-3.980978,-6.231424,-8.650219,-9.487513,-10.293514,-10.870460,1.000000,59.062916
0.283331,0.462280,-0.402620,-0.386218,-0.386205,-2.302418,-4.907547,-7.476886,-8.548315,-9.334924,-10.119792,0.000000,58.834812
0.615425,0.630438,-0.225161,-0.656121,-0.656129,-0.570402,-3.428402,-6.052237,-7.383669,-8.196337,-9.104372,-1.000000,58.448780
-0.030366,0.349285,-0.531508,-1.155817,-1.155809,1.318145,-1.568719,-4.120477,-5.820046,-6.673957,-7.664389,-1.000000,57.773224
1.343109,1.572048,-0.274727,-0.501140,-0.501139,1.456041,-0.728024,-2.740132,-4.905373,-5.760074,-6.804030,-1.000000,57.483700
0.014899,0.193794,-1.147889,2.380960,2.380946,-0.974951,-2.306198,-4.255611,-6.486281,-7.525934,-8.472963,1.000000,58.852356
0.826701,1.301283,-0.183716,-2.623736,-2.623727,1.160439,0.730249,-1.196165,-3.469077,-4.657686,-5.573077,-1.000000,57.308231
-0.476331,0.253049,-0.625183,2.847520,2.847519,-1.473654,-1.436442,-3.313488,-5.494940,-6.819292,-7.713606,1.000000,58.940094
-0.373525,0.537877,-0.582697,-0.372135,-0.372130,-0.782912,-0.549834,-2.365661,-4.446442,-6.028392,-6.947064,0.000000,58.720760
0.527783,1.172853,-0.190583,1.912444,1.912438,-1.856030,-2.200555,-3.714018,-5.395834,-7.295702,-8.206516,1.000000,59.843758
0.374265,0.388653,-0.244707,1.847239,1.847245,-2.948039,-3.664896,-4.760814,-6.399171,-8.352387,-9.414140,1.000000,60.949219
0.827298,0.930711,-0.118187,-2.562256,-2.562264,0.304332,-1.038556,-1.762938,-3.415570,-5.418228,-6.612496,-1.000000,59.387539
0.104540,0.373357,-0.104540,-1.078450,-1.078443,1.332139,0.091099,-0.297692,-1.913831,-3.881124,-5.205596,-1.000000,58.747078
0.344471,0.404379,-0.314511,-0.283754,-0.283757,1.572567,0.513709,0.316514,-1.205627,-3.059454,-4.573906,0.000000,58.580379
-1.080758,0.105072,-1.275902,-0.224643,-0.224647,1.323927,0.905133,0.530370,-0.731012,-2.245572,-4.015311,0.000000,58.448780
-0.870572,0.072552,-2.234476,3.452409,3.452416,-2.217064,-2.195298,-2.669761,-3.554846,-4.965177,-6.720352,1.000000,60.466675
0.553137,0.553137,-0.262009,-0.319212,-0.319204,-1.609904,-1.390107,-2.198938,-2.807867,-4.190399,-5.942267,0.000000,60.273663
0.407508,0.494839,-0.203753,0.014559,0.014544,-1.114825,-1.181772,-2.010376,-2.406486,-3.752578,-5.460141,0.000000,60.282429
0.792488,1.144701,-0.264162,-0.829574,-0.829568,0.114471,-0.177575,-0.966636,-1.246697,-2.530672,-4.154681,-1.000000,59.782345
0.147078,0.294167,-0.220624,-0.220136,-0.220144,0.738351,0.010304,-0.505948,-0.936894,-2.037350,-3.389706,0.000000,59.650738
-0.672515,0.029234,-1.096491,0.603036,0.603040,-0.017547,-0.745616,-0.973685,-1.451756,-2.260820,-3.538501,1.000000,60.010456
0.296523,0.563388,-0.177902,-1.388896,-1.388905,1.020024,0.616765,0.631593,-0.034827,-0.601321,-1.842339,-1.000000,59.176968
-0.786371,0.262123,-0.917427,1.808749,1.808766,-0.786377,-0.921806,-1.011606,-1.661574,-2.036993,-3.211499,1.000000,60.247341
0.777809,0.777809,-0.381570,-0.771806,-0.771812,-0.014679,0.049896,-0.123276,-0.728647,-1.000294,-2.111340,-1.000000,59.782345
-0.043724,0.306076,-0.247776,0.689759,0.689757,-0.518877,-0.345433,-0.768597,-1.183502,-1.569452,-2.521985,1.000000,60.194698
0.383767,0.428046,-0.236168,-1.253463,-1.253459,0.552025,0.746859,0.321767,0.120292,-0.294616,-1.010581,-1.000000,59.440182
-0.118697,0.148365,-0.430269,-0.516602,-0.516607,1.059348,1.077148,0.814043,0.794509,0.243322,-0.263107,-1.000000,59.133110
1.976832,2.254825,-0.741317,-3.931754,-3.931745,3.984551,4.602308,4.712476,4.732039,4.230417,3.908872,-1.000000,56.808147
-0.766636,0.122665,-0.766636,0.725870,0.725864,2.339773,3.400794,3.799445,3.846210,3.440660,3.250023,1.000000,57.220497
0.333893,0.758841,-0.151765,1.027289,1.027293,0.473517,2.030655,2.670103,2.614202,2.411288,2.157127,1.000000,57.808319
1.196389,1.211930,-0.310747,-2.322049,-2.322050,1.808575,3.828461,4.638487,4.656614,4.676813,4.432355,-1.000000,56.465981
-0.106967,0.626522,-0.397314,1.678062,1.678072,-0.470670,1.807750,2.579446,2.757472,2.956586,2.626308,1.000000,57.413521
1.056119,1.245277,-0.047287,-3.056239,-3.056249,2.254102,4.192940,5.259562,5.719576,5.966582,5.694618,-1.000000,55.658821
-0.801262,0.581296,-1.256880,0.331026,0.331027,1.423408,3.143752,4.441994,5.125680,5.410833,5.230681,0.000000,55.843067
0.516193,0.782105,-0.156418,0.439903,0.439895,0.366034,1.959963,3.561192,4.454876,4.681374,4.686901,0.000000,56.088718
0.219675,0.517806,-0.235365,-0.312842,-0.312840,0.483294,1.649150,3.397670,4.375492,4.649617,4.840213,0.000000,55.913250
-1.052311,0.210474,-1.082372,4.377839,4.377846,-3.406494,-2.746540,-1.032269,-0.166116,0.190017,0.503106,1.000000,58.361046
-0.379478,0.379478,-0.576802,-0.962117,-0.962123,-1.727378,-1.630229,-0.353160,0.588955,1.097759,1.413687,-1.000000,57.799541
-1.632287,0.237430,-1.810359,2.292049,2.292058,-2.819416,-3.512394,-2.660141,-1.720587,-1.130737,-0.835936,1.000000,59.124340
0.108460,0.759216,-0.526811,-4.229111,-4.229120,1.660985,0.539203,1.217852,2.352031,3.106291,3.353476,-1.000000,56.623901
-0.251099,0.643434,-0.517894,-1.270530,-1.270525,2.966098,1.732578,2.098763,3.301942,4.106712,4.382711,-1.000000,55.904480
0.359211,0.577859,0.000000,0.486500,0.486496,1.689836,1.019838,1.253584,2.534754,3.310951,3.686816,0.000000,56.176453
0.727218,0.835527,0.000000,0.937058,0.937063,0.358968,0.266131,0.301204,1.270310,2.099335,2.604054,1.000000,56.702862
0.890654,1.581694,-0.046080,0.758171,0.758172,-1.093373,-0.262601,-0.463766,0.276405,1.145568,1.747534,1.000000,57.132767
0.726545,0.850202,-0.061833,-0.660321,-0.660325,-0.389551,0.517852,0.074199,0.639974,1.613848,2.324416,-1.000000,56.755505
0.529177,0.762643,-0.280156,-0.680170,-0.680161,0.457582,1.287152,0.748113,1.056803,2.051354,2.782871,-1.000000,56.369476
-0.645456,0.230523,-0.691558,1.276265,1.276255,-0.488700,-0.212076,-0.559395,-0.395724,0.619028,1.301676,1.000000,57.088894
0.123023,0.338307,-0.184523,-0.061474,-0.061474,-0.304468,-0.281403,-0.335226,-0.312928,0.457024,1.175358,0.000000,57.053799
-0.107165,0.214328,-0.413345,0.445950,0.445951,-0.685853,-1.041027,-0.607266,-0.747855,-0.161664,0.582262,0.000000,57.308231
-0.226201,1.176290,-0.241285,1.515612,1.515610,-1.679982,-2.251539,-1.851901,-2.198002,-1.790975,-1.003864,1.000000,58.176800
0.014992,0.840079,-0.075012,0.527833,0.527844,-1.473161,-2.323744,-2.074220,-2.539016,-2.372049,-1.610674,0.000000,58.483883
0.209990,0.929958,-0.059999,0.014992,0.014982,-1.007945,-1.942396,-2.073890,-2.461371,-2.430472,-1.664410,0.000000,58.492645
-1.431746,0.125100,-1.765366,7.904611,7.904611,-6.338615,-8.109534,-8.685941,-9.015846,-9.178203,-8.716522,1.000000,63.116261
-0.733775,0.069218,-1.965949,0.403115,0.403123,-4.801336,-7.494123,-8.605849,-8.787215,-9.154652,-8.894280,0.000000,63.370697
-0.013981,0.265774,-0.321718,-1.024512,-1.024515,-2.366761,-5.585395,-7.011701,-7.314308,-7.900963,-7.816942,-1.000000,62.721455
1.319712,1.717041,-0.127720,-1.426769,-1.426769,0.127711,-3.336174,-5.027201,-5.494539,-6.221089,-6.354006,-1.000000,61.826565
-0.481376,0.056635,-1.415829,0.227041,0.227043,1.022231,-2.767945,-4.619376,-5.417669,-6.139600,-6.413704,0.000000,61.966938
-0.579533,0.159374,-1.057659,-2.279485,-2.279475,2.532594,0.078231,-1.970450,-2.983925,-3.626783,-4.024445,-1.000000,60.554417
-0.656175,0.335369,-0.889474,-0.637489,-0.637496,2.125979,1.195677,-1.005160,-2.274723,-2.720918,-3.245366,-1.000000,60.168385
0.709226,0.753549,-0.930847,-1.312339,-1.312337,2.358153,2.743790,0.605786,-0.743210,-1.205681,-1.870574,-1.000000,59.378773
-2.873970,1.556147,-3.070241,5.393029,5.393018,-2.638437,-1.858963,-3.880554,-5.288798,-5.834852,-6.566194,1.000000,62.581081
-0.107515,0.577869,-0.376303,4.317961,4.317965,-5.652466,-4.881067,-7.022357,-8.511628,-9.308431,-10.031811,1.000000,65.283310
-0.484589,0.053844,-0.861487,-0.161273,-0.161276,-4.081298,-4.411087,-6.041187,-7.713687,-8.709111,-9.399649,0.000000,65.178024
-0.726882,0.067297,-1.426838,0.000000,0.000000,-2.544081,-4.133796,-5.236233,-7.096511,-8.337594,-8.922240,0.000000,65.178024
-0.893331,0.013336,-0.906667,0.955713,0.955716,-1.514667,-4.573332,-5.360887,-7.288666,-8.647467,-9.292445,1.000000,65.800941
0.013348,0.787398,-0.186840,-0.093333,-0.093348,-0.461752,-3.888949,-4.536665,-6.489377,-7.963686,-8.709449,0.000000,65.739517
-0.013489,0.256449,-0.580364,-1.121052,-1.121021,0.580363,-2.332307,-2.786710,-4.820498,-6.377119,-7.333883,-1.000000,65.002563
0.698250,1.040528,-0.670863,-1.417189,-1.417215,1.684015,-0.377866,-1.288782,-2.903879,-4.570637,-5.674964,-1.000000,64.081337
0.475986,0.489989,-0.965983,-2.204273,-2.204269,3.175139,2.266560,0.861456,-0.287688,-2.066353,-3.360394,-1.000000,62.668812
-0.721917,0.013886,-0.874631,0.839982,0.839979,1.491050,2.018611,0.071276,-0.721217,-2.474515,-3.818770,1.000000,63.195217
-0.591553,0.316407,-0.894210,0.916289,0.916297,-0.046778,1.279401,-0.633744,-1.207871,-2.895587,-4.280738,1.000000,63.774273
1.137478,1.530690,-0.294901,-2.036048,-2.036058,1.221744,2.934990,1.485758,1.164174,-0.532498,-1.955238,-1.000000,62.475792
0.707014,1.131216,-0.424212,-0.688103,-0.688078,1.266950,3.143364,2.349154,1.778830,0.478491,-0.988892,-1.000000,62.045910
-0.857140,0.128566,-1.357139,-1.018101,-1.018133,1.900014,3.591443,3.537160,2.666446,1.779446,0.261922,-1.000000,61.414200
-0.184640,0.582298,-0.269852,0.585720,0.585738,0.846464,2.336307,3.192721,1.991899,1.419680,-0.051135,1.000000,61.773926
1.537789,1.537789,-0.072542,-2.101980,-2.101982,1.920790,3.663138,5.176267,4.070074,3.729003,2.321198,-1.000000,60.475449
0.671826,0.671826,-0.628012,-0.667342,-0.667332,1.805163,3.538765,5.304502,4.611500,4.531027,3.174130,-1.000000,60.071877
0.176683,0.515311,-0.323912,-0.803276,-0.803291,1.805072,3.623389,5.532007,5.377661,5.140765,4.151464,-1.000000,59.589325
0.264628,0.749782,-0.029399,0.147231,0.147244,1.073213,2.969711,4.762321,5.181561,4.738604,4.130646,0.000000,59.677067
-0.850700,0.170145,-0.964130,3.690094,3.690089,-2.489721,-0.907416,0.611558,1.640436,0.956756,0.624321,1.000000,61.879204
1.552570,1.626506,-0.192218,-4.111728,-4.111721,1.307108,2.593518,4.206214,5.725263,5.117842,4.986934,-1.000000,59.334904
-0.102850,0.058772,-0.764027,0.635814,0.635798,0.546584,1.482525,2.957202,4.590810,4.302684,4.391723,1.000000,59.712154
0.269380,0.463928,-0.059864,-1.821919,-1.821922,2.083216,2.782108,4.247239,5.972771,6.106565,6.073541,-1.000000,58.624245
0.329147,0.478767,-0.388980,0.029925,0.029938,1.699581,2.278577,3.758229,5.383753,5.970678,5.772993,0.000000,58.641796
-0.043743,0.408281,-0.335381,2.603241,2.603244,-1.449413,-0.583270,0.790308,2.241896,3.334489,2.947886,1.000000,60.168385
0.630499,0.967748,-0.557180,-0.554105,-0.554120,-0.733130,-0.136352,0.913013,2.318194,3.726698,3.410571,-1.000000,59.834980
-0.425658,0.132106,-0.616466,-0.102639,-0.102617,-0.610608,-0.083674,0.715290,1.985898,3.464542,3.394482,0.000000,59.773579
-0.359008,0.164549,-0.747943,-1.878760,-1.878778,1.301429,1.669416,2.257798,3.475699,5.000456,5.266027,-1.000000,58.650566
0.927898,1.064807,-0.030418,-1.660434,-1.660434,2.677220,3.039252,3.552386,4.790089,6.253126,6.899410,-1.000000,57.676712
0.347964,0.711047,-0.090767,0.547612,0.547627,1.367616,1.807859,2.553699,3.770794,5.135847,6.237511,0.000000,57.992565
-0.774255,0.227712,-0.789441,-0.347950,1.010557,-0.075464,0.660218,1.311830,2.289145,3.595041,4.946907,1.000000,58.578613
0.180264,0.465671,-0.090128,1.062695,1.062704,-1.319591,-0.484573,0.148452,0.936974,2.113728,3.500901,1.000000,59.201130
0.666064,0.666064,-0.227057,-0.766114,-0.766115,-0.524721,0.304710,0.826107,1.435518,2.538912,3.935096,-1.000000,58.747581
-0.469765,0.136390,-0.772837,-0.105964,-0.105965,-0.075462,0.418529,0.820399,1.310618,2.376168,3.676562,0.000000,58.685329
-0.182679,0.274016,-0.395801,-0.454608,-0.454608,0.526713,0.577588,0.885902,1.486102,2.516638,3.728800,0.000000,58.418541
-0.727106,0.030948,-1.144797,-1.598421,-1.598419,1.779083,1.802513,2.310110,2.874497,3.744254,4.935091,-1.000000,57.484768
-1.154089,0.202740,-1.232066,-0.804449,-0.804451,1.840295,2.145620,2.825344,3.441385,4.203045,5.319591,-1.000000,57.022331
-0.443562,0.168249,-0.688279,1.965056,1.965058,-0.330374,0.089760,0.788510,1.323485,1.926342,2.949431,1.000000,58.142853
-0.532316,0.060838,-0.562742,0.565927,0.565923,-0.964256,-0.337489,0.201963,0.650243,1.151483,2.130839,1.000000,58.471897
-0.139011,0.015449,-0.602410,-1.536125,-1.536124,0.287307,1.144582,1.464755,1.846564,2.437721,3.398703,-1.000000,57.573696
-0.419379,0.155337,-0.590241,-0.556072,-0.556073,0.767324,1.478726,1.731543,2.234306,2.785437,3.597250,-1.000000,57.253544
0.231771,0.370825,-0.633503,0.528121,0.528121,0.423359,0.659764,0.940229,1.509904,2.070604,2.768072,0.000000,57.555912
-0.527629,0.093107,-0.620734,-0.432631,-0.432630,0.567965,0.845744,1.222512,1.836037,2.354799,2.938959,0.000000,57.306908
0.170993,0.606247,-0.031096,-0.170701,-0.170702,0.298457,0.760140,1.341103,1.884954,2.357260,2.869964,0.000000,57.209084
0.091656,0.259698,-0.320805,1.756563,1.756569,-1.212958,-1.014364,-0.382935,-0.041694,0.338479,0.890334,1.000000,58.214001
0.089216,0.550190,-0.163570,2.734496,2.734493,-2.988848,-3.260969,-2.897648,-2.704728,-2.300741,-1.832394,1.000000,59.805859
0.420988,0.420988,-0.375883,-1.100369,-1.100369,-1.371225,-1.825295,-1.823290,-1.675111,-1.251895,-0.792248,-1.000000,59.147774
0.198136,0.350549,-0.259105,-1.353181,-1.353195,0.338374,-0.443520,-0.522268,-0.352312,0.083710,0.497691,-1.000000,58.347389
0.154832,0.619294,-0.263196,-1.554649,-1.554635,2.003410,0.949067,0.904169,1.200731,1.580549,1.954934,-1.000000,57.440300
0.912240,1.509907,-0.047189,-1.563700,-1.563712,3.032405,2.370248,2.285840,2.680094,2.937672,3.259903,-1.000000,56.542099
0.312069,0.343270,-0.358863,0.802130,0.802137,1.226405,1.510384,1.414685,1.724146,1.919275,2.301399,1.000000,56.995644
0.266038,0.485128,-0.250391,-0.296449,-0.296445,0.710476,1.683876,1.693265,1.817679,2.014878,2.436313,0.000000,56.826683
-0.061854,1.082426,-0.092774,1.205002,1.204999,-0.779341,0.508740,0.409260,0.497916,0.721008,1.152156,1.000000,57.511444
0.047876,0.478773,-0.654325,-3.108084,-3.108087,1.787425,3.466329,3.301418,3.455957,3.811750,4.222360,-1.000000,55.723938
1.016392,1.065577,-2.000002,-2.649218,-2.649221,3.711479,5.550824,5.703831,5.886892,6.360662,6.694772,-1.000000,54.247688
0.623702,2.200279,-0.311850,-5.377048,-5.377046,7.397783,9.897782,10.941328,11.304576,11.839920,12.205562,-1.000000,51.330765
0.852370,1.568363,-0.085235,1.628550,1.628546,3.890218,6.798504,8.474835,9.055582,9.508362,9.921463,1.000000,52.166710
0.358601,0.456403,-0.977992,4.585745,4.585758,-1.747356,1.421349,3.382774,3.945393,4.399673,4.851770,1.000000,54.558949
1.008791,1.008791,-0.097620,0.179301,0.179300,-2.313704,0.730552,2.886427,3.410346,3.917994,4.479931,0.000000,54.656773
-0.307049,0.323208,-0.307049,0.683375,0.683370,-2.692309,-0.227863,1.802411,2.477375,2.966386,3.591359,1.000000,55.030281
0.545922,0.995509,-0.048168,0.646409,0.646410,-1.852921,-1.159280,0.616571,1.650612,2.153503,2.733893,1.000000,55.386002
0.047789,0.159290,-0.446000,0.802826,0.802831,-1.322079,-2.124885,-0.580869,0.686521,1.254537,1.714450,1.000000,55.830658
0.000000,0.063588,-0.604137,0.191148,0.191149,-1.017494,-2.593014,-1.057773,0.372011,0.903648,1.352933,0.000000,55.937378
-0.189303,0.425936,-0.836091,0.779010,0.779014,-1.173691,-3.230801,-1.948791,-0.478001,-0.025248,0.432763,1.000000,56.373138
0.122159,0.626056,-0.198499,3.312824,3.312817,-3.240186,-5.648190,-4.898458,-3.666972,-3.185219,-2.797882,1.000000,58.240677
0.479426,0.479426,-0.340244,-1.267360,-1.267356,-1.261992,-3.363759,-3.618941,-2.630696,-1.925159,-1.549141,-1.000000,57.502560
0.745579,0.947501,-0.170861,-0.433045,-0.433052,-0.335498,-2.054978,-3.150041,-2.372627,-1.519721,-1.107481,0.000000,57.253544
1.286275,1.349021,-0.376474,-0.978560,-0.978568,0.916088,-0.710578,-2.289142,-1.553718,-0.589795,-0.215416,-1.000000,56.693279
0.193484,0.677199,-0.596579,-2.713725,-2.713715,3.289259,2.149306,0.367621,0.985163,2.034180,2.367514,-1.000000,55.154785
-0.395946,0.095030,-0.871079,1.805867,1.805865,0.712704,0.536905,-1.186778,-0.840987,0.077290,0.467218,1.000000,56.150806
-0.172551,0.878428,-0.219606,0.966109,0.966100,-0.536466,-0.194500,-1.501691,-1.816462,-1.099914,-0.527050,1.000000,56.693279
0.171769,0.452844,-0.203000,0.454904,0.454911,-1.093071,-0.449719,-1.387674,-2.250157,-1.702063,-1.012909,0.000000,56.951183
0.461543,1.199998,-0.246160,1.499062,1.499061,-2.169231,-1.596922,-2.469742,-3.668461,-3.191384,-2.446153,1.000000,57.804916
0.407399,0.485736,-0.595426,-1.815385,-1.815384,0.203696,0.289877,-0.419930,-1.796459,-1.449703,-0.669069,-1.000000,56.755535
0.549622,0.722360,-0.408295,-0.219367,-0.219362,0.593587,0.226125,-0.012567,-1.370136,-1.226764,-0.543870,0.000000,56.631035
0.308637,0.601850,-0.231483,1.758799,1.758790,-0.820988,-1.484570,-1.481481,-2.528550,-2.890124,-2.388890,1.000000,57.627056
0.795374,1.076099,-0.280730,-1.049383,-1.049377,0.255766,-0.480357,-0.297365,-1.069095,-1.846544,-1.477965,-1.000000,57.022331
-0.230877,0.046174,-0.615670,1.325636,1.325637,-1.065108,-1.594585,-1.389362,-2.084811,-3.112209,-2.799758,1.000000,57.778240
-0.575491,0.181740,-0.651221,1.631519,1.631516,-1.983942,-2.567012,-2.705838,-3.310613,-4.463423,-4.287443,1.000000,58.720901
-0.015228,0.289286,-0.609015,-0.530061,-0.530067,-0.852611,-1.661077,-2.168081,-2.506083,-3.669299,-3.670822,-1.000000,58.409641
-0.154941,0.061979,-1.115589,-1.735687,-1.735681,0.818097,0.198327,-0.452434,-0.608924,-1.545088,-1.946080,-1.000000,57.395836
0.376645,0.737604,0.000000,-1.270530,-1.270533,1.989957,1.437542,0.759575,0.743883,0.039551,-0.693657,-1.000000,56.666603
-0.031265,0.265746,-0.328284,0.392341,0.392344,1.278722,0.880101,0.388724,0.433798,-0.187587,-1.118232,0.000000,56.888931
-0.936445,0.030711,-1.013196,1.828979,1.828978,-0.813630,-0.729194,-1.095073,-1.235796,-1.754370,-2.767368,1.000000,57.929417
-0.062007,0.387537,-0.294531,-0.967143,-0.967144,-0.207720,0.368936,0.012402,-0.347232,-0.631839,-1.636438,-1.000000,57.369156
0.539940,0.539940,-0.984601,-2.387228,-2.387224,1.734156,2.532949,2.375732,1.955690,1.842145,1.047057,-1.000000,55.999626
-0.159412,1.052127,-0.318828,-0.381135,-0.381138,1.807748,2.703651,2.628197,2.214253,2.228601,1.649931,0.000000,55.786190
2.497221,3.133445,-0.063619,0.223177,0.223174,1.231117,2.140931,2.173805,1.916660,1.999053,1.504170,0.000000,55.910690
-0.984796,3.714578,-4.958540,-7.937010,-7.937003,7.449891,9.538695,10.298314,10.345538,10.411882,10.048948,-1.000000,51.473057
4.743286,4.743286,-0.068006,1.624048,1.624044,3.798029,6.621898,7.984814,8.214894,8.193813,8.116856,1.000000,52.309002
-0.288041,0.152492,-2.880380,0.340020,0.340026,2.107756,5.325309,6.965996,7.447472,7.444930,7.566359,0.000000,52.486866
-0.864035,0.048906,-2.103034,3.930871,3.930863,-2.207366,0.953704,2.618197,3.163519,3.182918,3.419741,1.000000,54.550053
-0.167397,0.318042,-0.401744,-2.608409,-2.608404,-0.636093,2.949443,4.782943,5.486270,5.677933,6.013276,-1.000000,53.127167
0.167165,0.601805,-1.069876,0.133910,0.133913,-0.120363,1.922431,3.950737,5.010863,5.389498,5.672570,0.000000,53.198311
0.152698,0.729555,-0.559888,-1.471082,-1.471086,1.411609,2.499155,4.740417,6.176624,6.677981,6.879881,-1.000000,52.415718
0.429332,0.463679,-1.030395,-1.204613,0.472778,1.001504,1.383368,3.648495,5.205757,5.869929,6.070668,0.000000,52.663528
-0.272201,1.071795,-0.442326,0.944529,0.944528,-0.466160,-0.059096,2.239038,3.858178,4.594125,4.821558,1.000000,53.160950
1.317870,1.440872,-0.650148,-3.181353,-3.181356,2.160363,2.362021,4.896573,6.658006,7.538630,7.927587,-1.000000,51.469711
-0.386880,0.672829,-0.605553,4.463189,4.463192,-1.992938,-1.584771,-0.101254,1.640349,2.721700,3.230336,1.000000,53.766903
1.475521,1.727027,-0.201206,0.319593,0.319596,-1.740444,-1.596154,-0.843499,0.902103,2.194795,2.764764,0.000000,53.938740
-0.101165,0.741863,-0.708147,-0.553317,-0.553315,-0.829545,-0.833612,-0.585028,1.113447,2.466104,3.146821,-1.000000,53.640289
-1.238704,0.066952,-1.255440,0.725006,0.725009,-1.221970,-1.643807,-1.517404,0.141569,1.506968,2.224107,1.000000,54.029186
0.649463,0.905833,-0.341817,-2.058929,-2.058930,1.401471,0.384088,0.175722,1.871436,3.273379,4.065161,-1.000000,52.916763
-0.222369,0.325014,-0.940813,-0.085454,-0.085453,1.149504,0.408139,0.437737,1.480245,2.919172,3.909294,0.000000,52.871544
-0.923182,0.181339,-1.038577,3.763259,3.763251,-2.182652,-2.787667,-2.894762,-2.428776,-1.072186,0.033214,1.000000,54.861233
-0.556677,1.855604,-0.708499,-2.274977,-2.274978,0.084352,-0.347499,-0.494161,-0.379943,0.948572,2.112366,-1.000000,53.613152
0.633994,1.353669,-0.171355,-1.551953,-1.551953,1.189171,1.151475,0.851035,0.905811,2.245482,3.454234,-1.000000,52.781101
-0.049923,0.349474,-0.615741,2.964357,2.964358,-1.198202,-1.231484,-1.902999,-2.143264,-0.885367,0.265236,1.000000,54.345722
0.244295,0.537456,-0.618896,2.180067,2.180074,-2.348543,-3.021180,-3.715969,-3.865762,-3.172838,-2.065495,1.000000,55.530499
0.999838,1.032619,-0.360592,-0.635186,-0.635193,-1.609568,-2.176686,-2.766754,-2.991263,-2.712726,-1.634684,-1.000000,55.177773
-0.639974,0.098459,-1.493272,-0.114734,-0.114736,-0.951751,-1.796843,-2.358598,-2.641455,-2.665216,-1.659672,0.000000,55.114464
1.559129,1.575719,-0.199043,-1.066620,-1.066617,0.756343,-0.646874,-1.138940,-1.593967,-1.708236,-0.730272,-1.000000,54.526604
1.743102,1.743102,-0.440003,-1.990381,-1.990377,2.464035,1.468942,1.114681,0.433853,0.103042,1.070655,-1.000000,53.441319
-0.084308,0.573261,-0.792448,0.372315,0.372315,1.379189,1.235874,0.723877,0.102508,-0.106661,0.429213,0.000000,53.640289
0.151261,2.033612,-0.873950,0.320349,0.320343,0.547902,0.717650,0.386559,-0.087392,-0.313910,-0.111814,0.000000,53.812122
0.437419,0.891659,-0.874833,-0.100842,-0.100847,0.144693,0.846240,0.502477,0.115252,-0.118707,-0.149982,0.000000,53.757854
-2.089794,0.000000,-2.579595,3.045089,3.045097,-2.501225,-1.662041,-2.303130,-2.641633,-3.009310,-3.124211,1.000000,55.394833
-0.291783,0.000000,-0.713242,0.718366,0.718365,-2.353704,-2.104067,-2.656291,-2.948611,-3.509980,-3.822214,1.000000,55.792770
0.564503,0.796943,-0.116221,-2.366670,-2.366669,0.318774,0.074711,-0.100727,-0.531297,-1.077471,-1.307293,-1.000000,54.472340
-0.049195,0.951133,-0.918337,1.245227,1.245223,-0.429649,-1.161035,-1.294412,-1.644799,-2.095767,-2.349372,1.000000,55.150642
-0.724994,0.230685,-1.351129,-0.475567,-0.475561,0.458063,-0.729942,-0.667878,-1.061132,-1.465812,-1.736923,0.000000,54.888367
0.949632,1.577075,-0.254368,-2.834072,-2.834074,2.614886,1.941662,2.298341,1.759366,1.421059,1.053072,-1.000000,53.332790
0.083771,0.318315,-0.251295,1.220956,1.220954,0.706989,0.812533,1.019715,0.630761,0.383987,-0.112953,1.000000,53.983959
0.592723,0.880611,-0.016931,-1.072206,-1.072213,1.398822,1.861142,1.849288,1.771389,1.444887,0.982566,-1.000000,53.405136
-1.300432,0.733575,-1.350453,1.574938,1.574948,-0.506838,0.361784,0.155604,0.136709,-0.105370,-0.470715,1.000000,54.246239
-0.606456,0.081959,-1.212913,1.717236,1.717232,-2.081624,-1.075230,-1.527615,-1.412060,-1.680376,-1.999122,1.000000,55.177773
-0.667318,0.162764,-0.732417,0.704804,0.704806,-1.962892,-1.736653,-2.092013,-1.851399,-2.257812,-2.540689,1.000000,55.566669
0.065138,0.455950,-0.162838,-0.048826,-0.048830,-1.354828,-1.734244,-1.792323,-1.695976,-2.021167,-2.248817,0.000000,55.539536
-0.613400,1.404357,-0.758678,0.879337,0.879338,-1.278451,-2.313156,-2.364273,-2.508475,-2.649879,-2.966370,1.000000,56.027916
1.097824,1.212520,-0.540714,-1.485072,-1.485070,0.553826,-0.832376,-0.725325,-1.037193,-1.158117,-1.427711,-1.000000,55.195862
-1.085705,0.641551,-1.348906,-0.393246,-0.393247,0.878433,-0.424413,-0.185338,-0.658826,-0.668531,-0.957394,0.000000,54.978806
-0.342632,0.424209,-0.717903,0.822504,0.822501,0.006528,-0.858214,-0.995266,-1.387663,-1.287646,-1.681076,1.000000,55.431007
-0.329051,0.526487,-1.052978,-0.832113,-0.832108,0.638368,0.153010,-0.264341,-0.421191,-0.413951,-0.731599,-1.000000,54.969761
-0.491240,0.000000,-0.523989,0.477132,0.477133,-0.127724,0.008185,-0.646255,-0.749961,-0.908468,-1.060533,0.000000,55.232040
0.874592,1.188122,-0.792078,-0.769612,-0.769609,0.504950,0.886137,0.082507,0.110560,-0.166998,-0.296480,-1.000000,54.806969
0.515974,0.515974,-0.765651,-0.858079,-0.858086,1.138481,1.604527,0.881047,1.030292,0.639813,0.610852,-1.000000,54.336678
-0.530590,0.464266,-0.795886,0.382821,0.382826,0.427787,1.029676,0.644444,0.567066,0.257334,0.334933,0.000000,54.544693
-0.842833,0.181790,-0.925462,0.331615,0.331614,0.006613,0.547019,0.402139,0.137169,0.019833,0.026444,0.000000,54.725571
-0.858653,0.429325,-1.073317,0.082636,0.082636,-0.244388,0.234476,0.485466,0.081734,0.019812,-0.102381,0.000000,54.770794
0.325681,0.863050,-0.195406,1.403565,1.403562,-1.361339,-1.091025,-0.750148,-1.268521,-1.240187,-1.463386,1.000000,55.539536
0.491399,0.671581,-0.376739,-0.586225,-0.586222,-0.461916,-0.465192,-0.160524,-0.656839,-0.552334,-0.876331,-1.000000,55.213951
0.671023,0.855558,-0.301964,-2.358719,-2.358717,1.707763,1.657436,2.046632,1.796673,1.739971,1.480172,-1.000000,53.911610
1.079323,1.387701,-0.565356,-2.080191,-2.080190,3.135171,3.404144,3.867281,3.846151,3.673802,3.594880,-1.000000,52.790146
0.497856,0.497856,-0.257514,-0.205583,-0.205584,2.554504,3.133045,3.657794,3.991413,3.751412,3.747635,0.000000,52.681618
0.000000,0.546726,-0.136679,0.480685,0.480674,1.079797,2.286016,2.877166,3.370075,3.087656,3.196090,0.000000,52.934845
0.422654,0.963650,-0.033814,1.059291,1.059298,-0.622150,1.056632,1.613972,2.129328,1.902954,2.098052,1.000000,53.495583
1.061239,1.217815,-0.504525,-2.823334,-2.823330,1.524005,3.500345,4.124330,4.752084,4.759912,4.845739,-1.000000,51.985226
-1.752295,0.000000,-1.786320,2.261654,2.261650,-0.581829,0.916981,1.594649,2.211639,2.381083,2.361916,1.000000,53.160950
-0.238906,0.273038,-0.511944,-0.306228,-0.306225,-0.156997,0.892492,1.625712,2.239761,2.664846,2.583618,0.000000,52.998158
-0.527482,0.017014,-0.918836,0.290106,0.290106,-0.364133,0.151435,1.124153,1.751741,2.285516,2.161530,0.000000,53.151909
-0.525330,0.525338,-0.542279,0.408368,0.408362,-0.816805,-0.601586,0.591997,1.187093,1.733949,1.651138,0.000000,53.368961
0.321814,0.948504,-0.067752,0.050844,0.050842,-0.338752,-0.748643,0.397473,0.945125,1.519650,1.603435,0.000000,53.396095
1.300038,1.436880,-0.085527,-0.982388,-0.982377,0.540535,0.251449,1.159763,1.748199,2.325003,2.541333,-1.000000,52.871544
-0.391290,0.051041,-0.595439,0.547383,0.547376,0.054442,-0.204150,0.407170,0.999492,1.552231,1.967791,0.000000,53.160950
0.720286,0.720286,-0.377295,-0.799588,-0.799587,0.703135,0.562508,0.862057,1.617216,2.184185,2.694217,-1.000000,52.735882
0.000000,0.501558,-0.847454,-0.840338,-0.840341,1.144934,1.184713,1.344404,2.282949,2.844692,3.380608,-1.000000,52.292721
-0.452413,0.261002,-0.783019,-0.605325,-0.605331,1.214552,1.799204,1.713363,2.658784,3.205156,3.779949,-1.000000,51.976177
-1.462336,0.136028,-1.564363,2.331651,2.331659,-0.972626,-0.515220,-0.554329,0.175139,0.719604,1.267923,1.000000,53.188084
0.136849,0.769759,-0.256582,-0.595140,-0.595133,-0.489228,0.056444,0.064996,0.595274,1.144025,1.675214,-1.000000,52.871544
0.866852,0.988211,-0.225383,-1.334244,-1.334239,0.637994,1.220516,1.319916,1.632271,2.309282,2.856554,-1.000000,52.166111
-1.294722,0.153322,-1.396934,1.768379,1.768368,-0.810903,-0.591142,-0.491768,-0.333903,0.437477,0.950594,1.000000,53.088600
0.496152,0.598799,-0.376392,-0.425894,-0.425894,-0.051324,-0.266896,0.044480,-0.006846,0.739775,1.220414,0.000000,52.862499
-0.501991,0.311582,-0.865501,-1.163389,-1.163392,0.765108,0.787609,1.105536,1.118229,1.735851,2.238188,-1.000000,52.247501
0.470467,1.167454,-0.575010,-0.657783,-0.657786,1.059427,1.212763,1.634439,1.712849,2.188542,2.701407,-1.000000,51.903824
-0.259652,0.259647,-0.501991,0.662138,0.662142,0.425827,0.453524,0.850501,0.978018,1.264326,1.862560,1.000000,52.247501
0.703850,0.932604,-0.070387,-1.627139,-1.627130,1.428813,1.940867,2.262880,2.444122,2.642256,3.356785,-1.000000,51.397366
-0.439599,0.052757,-1.705639,0.070380,0.070367,0.801835,1.763681,1.936589,2.318453,2.377360,3.082477,0.000000,51.433533
-0.331420,1.046569,-0.331420,0.808868,0.808871,-0.160477,0.688994,0.987266,1.371009,1.483341,2.070468,1.000000,51.849564
-0.396140,0.327246,-1.205649,1.273328,1.273340,-1.184989,-0.645892,-0.365149,0.049938,0.194271,0.643577,1.000000,52.509785
1.085820,1.173384,-0.035019,-1.653467,-1.653477,0.241688,0.922947,1.168715,1.585819,1.778639,2.084068,-1.000000,51.641548
0.406287,0.865566,-0.264974,-0.858138,-0.858148,1.031627,1.427318,1.901911,2.253145,2.480136,2.706245,-1.000000,51.198387
0.528448,0.528448,-0.739831,0.282634,0.282648,0.711641,0.845513,1.532497,1.765014,2.141269,2.250012,0.000000,51.343098
0.070449,0.246564,-0.387457,0.017613,0.017609,0.500179,0.653401,1.276275,1.599158,1.982391,2.138667,0.000000,51.352139
-0.661907,0.034837,-0.748998,1.109547,1.109551,-0.829128,-0.447659,0.042964,0.364917,0.780350,0.969051,1.000000,51.921917
0.017500,0.770172,0.000000,-0.487718,-0.487723,-0.332576,-0.071765,0.469106,0.753546,1.159462,1.382229,0.000000,51.668682
0.532953,0.621777,-0.266481,-1.470331,-1.470332,1.041039,1.323504,1.682953,2.121160,2.475752,2.725767,-1.000000,50.908981
-0.228633,0.175867,-0.580376,1.012613,1.012621,0.059791,0.306009,0.477189,1.043787,1.295105,1.659626,1.000000,51.424496
-0.017708,0.797026,-0.283386,-0.703486,-0.703484,0.655329,0.862554,1.034356,1.551537,1.871055,2.242882,-1.000000,51.062733
0.000000,0.443813,-0.230785,-0.230246,-0.230260,0.504177,0.788216,1.142084,1.596845,1.932190,2.344522,0.000000,50.945156
