-0.519031,0.000000,-2.348003,0.721937,0.721935,0.934261,2.197240,3.682658,4.349984,4.172030,3.629929,1.000000,18.825533
-0.977512,0.464326,-1.490704,1.136920,1.136929,-0.640271,0.901762,2.147285,2.949662,2.945263,2.501631,1.000000,19.039566
1.915905,1.940791,-0.323454,-1.783969,-1.783964,0.865882,2.226920,3.481795,4.463797,4.704651,4.304551,-1.000000,18.699907
0.049692,0.248504,-1.565611,0.124419,0.124396,0.387679,1.717205,2.775029,3.956274,4.413530,4.139342,0.000000,18.723169
-1.602720,0.242831,-2.064104,2.335979,2.335988,-1.413306,-0.760073,0.155422,1.367176,1.939783,1.796996,1.000000,19.160540
1.254001,1.327765,-0.417994,-1.238470,-1.238467,-0.073761,0.169663,1.088443,2.342030,3.034186,3.016155,-1.000000,18.923243
0.771917,1.045822,-0.572709,-1.253991,-1.253992,0.816732,1.028389,2.146418,3.264448,4.081679,4.213983,-1.000000,18.685947
2.125506,2.201417,-0.657900,-1.593625,-1.593625,2.110322,2.343118,3.343457,4.454712,5.409924,5.751523,-1.000000,18.388163
-0.880498,0.377364,-2.113208,0.581984,0.581956,1.272977,1.449081,2.405059,3.349718,4.444813,4.962716,1.000000,18.495174
-0.327131,0.352290,-1.509819,-0.025152,-0.025120,0.573715,1.366370,2.081857,2.981876,4.146949,4.790297,0.000000,18.490528
0.224541,1.247505,-0.948109,0.855561,0.855552,-0.573856,0.411675,0.904857,1.788925,2.964075,3.696777,1.000000,18.648724
-0.420891,0.792275,-0.569448,0.773448,0.773452,-1.223078,-0.490222,-0.105636,0.867791,1.896514,2.703644,1.000000,18.792963
0.746078,1.517036,-0.198951,-0.445655,-0.445672,-0.437691,-0.039778,0.245394,1.068161,2.042299,2.927983,0.000000,18.709208
2.261629,2.261629,-0.411205,-3.233027,-3.233018,2.456957,2.958112,3.245101,4.076081,4.956064,5.992473,-1.000000,18.104336
-1.382947,0.125723,-2.212723,2.210229,2.210233,0.256473,0.377168,0.945438,1.567768,2.374660,3.433081,1.000000,18.504484
-1.030669,0.553047,-1.131212,0.025140,0.025151,0.080435,0.128199,0.806096,1.269479,2.061337,3.130552,0.000000,18.509138
-0.348519,0.398317,-1.194922,0.980392,0.980386,-1.000749,-0.841425,-0.297070,0.080909,0.936027,1.878689,1.000000,18.690599
0.746464,1.094810,-0.223936,0.049788,0.049800,-1.059974,-0.724073,-0.346698,-0.043553,0.682749,1.567549,0.000000,18.699907
0.620347,1.414387,-0.099261,0.273705,0.273691,-0.640198,-0.858561,-0.608770,-0.397024,0.261043,1.006620,0.000000,18.751087
-3.952101,0.574855,-3.952101,3.598015,3.598026,-3.142522,-3.820370,-3.969672,-3.667077,-3.227794,-2.590826,1.000000,19.425756
3.025086,3.123463,-0.073778,-2.610778,-2.153769,-0.486265,-1.514598,-1.826367,-1.498785,-1.205296,-0.592672,-1.000000,19.007370
-0.760741,1.153379,-1.202459,0.221348,0.221367,-0.329316,-1.597490,-1.915999,-1.713759,-1.509368,-0.859363,0.000000,19.049446
-1.774007,0.315908,-1.798304,0.981600,0.981588,-0.740338,-2.279931,-2.575440,-2.529691,-2.413229,-1.894562,1.000000,19.236433
0.143880,0.527573,-1.103113,1.336569,1.336563,-1.287765,-2.856146,-3.518971,-3.617664,-3.610045,-3.179305,1.000000,19.493540
-1.084650,0.235789,-1.344023,1.702638,1.702631,-2.537127,-3.816162,-4.685296,-5.063537,-4.994768,-4.738480,1.000000,19.825443
0.468713,0.960872,-0.070302,0.613058,0.613041,-2.188865,-3.681383,-4.832151,-5.385375,-5.348754,-5.247363,1.000000,19.946981
-0.466092,0.279650,-1.002097,0.562461,0.562461,-1.729187,-3.537838,-4.943614,-5.572274,-5.674832,-5.677482,1.000000,20.059175
-2.249213,0.427355,-2.676563,3.612212,3.612217,-3.666214,-5.898151,-7.592112,-8.287980,-8.562223,-8.676398,1.000000,20.783756
-0.559534,0.044763,-1.320501,0.494827,0.494848,-2.806642,-5.339085,-7.159083,-8.167101,-8.598153,-8.833541,0.000000,20.886604
0.928652,1.087203,-0.249155,-1.186209,-1.186234,-0.851641,-3.614938,-5.355122,-6.544217,-7.214389,-7.424455,-1.000000,20.638840
0.386447,0.795631,-0.545583,-0.362401,-0.362380,0.109102,-2.507397,-4.344718,-5.738623,-6.557770,-6.805954,0.000000,20.564049
0.638259,0.843410,-0.455892,-0.272798,-0.272801,0.820608,-1.529519,-3.492276,-5.062646,-5.946786,-6.312355,0.000000,20.507950
-0.654037,0.654041,-0.676590,1.071352,1.071365,-0.302221,-1.853874,-3.863075,-5.582091,-6.492283,-6.979357,1.000000,20.727665
-0.201930,0.134624,-0.987207,0.518719,0.518713,-0.866058,-1.716412,-3.692325,-5.413976,-6.525575,-7.121485,0.000000,20.835182
0.756733,1.157356,-0.934792,0.807718,0.807706,-1.313145,-1.943021,-3.963197,-5.576934,-6.795948,-7.573179,1.000000,21.003469
-0.420913,0.598139,-0.753212,0.467394,0.467399,-1.262736,-1.852018,-3.748339,-5.401924,-6.764584,-7.659060,0.000000,21.101639
0.400356,1.490218,-0.711744,-0.398759,-0.398770,-0.382551,-1.003104,-2.738723,-4.469624,-5.967934,-6.919579,0.000000,21.017492
1.177270,1.448956,-0.452787,-1.757122,-1.757103,1.322159,0.701830,-0.543362,-2.289254,-3.910520,-4.889961,-1.000000,20.648193
0.182945,0.388754,-0.731763,-0.996147,-0.996155,1.957464,1.497827,0.766823,-0.892408,-2.486177,-3.615455,-1.000000,20.442505
0.207373,0.599074,-0.161290,-0.754626,-0.754629,2.027647,2.096773,1.685094,0.073730,-1.393032,-2.587217,-1.000000,20.288240
1.357996,1.849684,-0.117069,-1.589866,-1.589862,2.538045,3.446498,3.334110,1.930459,0.491820,-0.793597,-1.000000,19.965685
-1.841176,0.687662,-2.551025,5.549056,5.549041,-2.799460,-1.723594,-1.777573,-2.948086,-4.339029,-5.648446,1.000000,21.073589
-0.152705,1.068940,-0.327229,1.685887,1.685902,-3.682375,-3.025744,-3.205353,-4.045597,-5.415641,-6.789695,1.000000,21.428869
0.371824,0.371824,-0.721789,-0.261776,-0.261782,-2.559055,-2.519686,-2.799650,-3.354114,-4.676727,-6.035296,0.000000,21.372772
-0.197243,0.723204,-0.197243,-0.196850,-0.196849,-1.389439,-2.174010,-2.391702,-2.810654,-4.131494,-5.408312,0.000000,21.330700
0.977991,1.422538,-0.622365,-1.402586,-1.402584,1.026891,-0.815740,-0.855008,-1.170264,-2.382755,-3.662933,-1.000000,21.031519
-0.907481,0.287742,-1.217348,0.422312,0.422309,0.646308,-1.184148,-1.078644,-1.334658,-2.401060,-3.684587,0.000000,21.120337
1.335118,1.757904,-0.133502,-0.531213,-0.531208,0.783270,-0.485088,-0.461353,-0.754335,-1.542499,-2.803974,-1.000000,21.008144
0.358584,1.075751,-0.179287,-0.712061,-0.712062,1.013002,0.428063,0.259977,-0.049301,-0.574627,-1.770128,-1.000000,20.858553
-0.893247,0.200983,-1.138897,0.358584,0.358592,0.272439,0.377397,-0.120593,-0.336090,-0.718183,-1.881051,0.000000,20.933350
-0.423630,0.334453,-1.159411,0.156320,0.156315,0.053511,0.697882,-0.319583,-0.395762,-0.678706,-1.722778,0.000000,20.966072
2.120383,2.143183,-0.159599,-2.207353,-2.207371,1.709997,2.692672,1.763200,1.851360,1.649809,0.731888,-1.000000,20.503273
1.581028,1.604283,-0.906766,-1.937989,-1.937974,2.822599,4.064173,3.594515,3.709605,3.523835,2.866777,-1.000000,20.105925
0.822755,0.893272,-0.517160,-1.092765,-1.092753,2.980710,4.466370,4.552564,4.616817,4.466371,4.069096,-1.000000,19.886217
0.924399,1.351031,-0.165916,-0.822760,-0.822761,2.607245,4.517650,5.228719,5.159982,5.147184,4.915058,-1.000000,19.722601
-0.655887,0.327955,-1.264924,1.185115,1.185097,0.393543,2.754752,3.993138,3.641378,3.793873,3.687837,1.000000,19.956333
1.506091,1.530002,-1.219225,-2.014514,-2.014503,1.486964,4.066448,5.613185,5.398029,5.732717,5.733514,-1.000000,19.554312
-0.142789,0.356968,-0.356978,0.454215,0.454207,0.556884,2.901002,4.529591,4.665638,5.033796,5.061878,0.000000,19.643129
0.334448,0.692790,-0.812231,-0.380771,-0.380774,0.616346,2.634979,4.314387,4.842337,5.176307,5.238897,0.000000,19.568333
1.230700,1.568538,-0.361964,-1.003349,-1.003340,1.274131,2.869209,4.697556,5.668437,5.905407,6.087518,-1.000000,19.371996
-1.507182,0.933010,-1.770330,0.868731,0.868713,-0.023912,1.253601,3.287094,4.649535,4.673698,4.999217,1.000000,19.540283
-0.357820,0.691799,-1.121178,0.287077,0.287094,-0.267179,0.500955,2.472964,3.973045,4.083971,4.543577,0.000000,19.596382
-1.460881,0.636197,-1.696503,1.240458,1.240453,-1.291234,-0.864745,0.824698,2.298544,2.645623,3.113420,1.000000,19.839466
1.140413,1.140413,-0.332621,-0.824689,-0.824679,-0.361142,-0.147313,1.262365,2.717976,3.343303,3.774442,-1.000000,19.675854
-0.304169,0.982681,-0.678526,1.544315,1.544299,-1.268134,-1.537202,-0.595850,0.817736,1.709875,2.025427,1.000000,19.979708
-0.418021,0.418021,-1.091505,0.748713,0.748725,-1.416635,-2.183010,-1.611714,-0.155607,0.986521,1.106199,1.000000,20.129301
1.034321,1.551481,-0.517160,-1.207622,-1.207613,0.079916,-0.820418,-0.615903,0.754570,1.982121,2.152470,-1.000000,19.886217
0.729755,0.918074,-0.823912,-0.141044,-0.141057,0.240119,-0.572034,-0.558693,0.607345,1.809793,2.164156,0.000000,19.858166
0.614662,0.945626,-0.496454,-0.423729,-0.423730,0.765963,-0.044915,-0.173363,0.761231,1.919623,2.486211,0.000000,19.774021
-0.910364,0.000000,-1.003735,1.276596,1.276594,-0.457510,-0.978055,-1.330530,-0.735291,0.374419,1.150796,1.000000,20.026455
-2.442922,0.205479,-2.442922,2.240896,2.240896,-2.301365,-2.691776,-3.324198,-3.030819,-1.934244,-0.983254,1.000000,20.475227
0.827767,1.011722,-0.183955,-0.707758,-0.707763,-1.168083,-1.637154,-2.380621,-2.382153,-1.390662,-0.399322,-1.000000,20.330311
-0.727769,0.363884,-0.977944,1.103702,1.103702,-1.569251,-2.362970,-3.150630,-3.338636,-2.555376,-1.628380,1.000000,20.554697
0.382715,0.607834,-0.427731,1.023416,1.023425,-1.611887,-2.827552,-3.747559,-4.106256,-3.560556,-2.722495,1.000000,20.765059
0.269966,0.719910,-0.112481,0.067542,0.067556,-0.953896,-2.508449,-3.361094,-3.916775,-3.655358,-2.876655,0.000000,20.779087
0.519539,0.609894,-0.948728,-0.404949,-0.404955,-0.338836,-1.838724,-2.596197,-3.347648,-3.316024,-2.535963,0.000000,20.694941
0.225170,0.833141,-0.405314,0.316241,0.316217,-0.238670,-1.727075,-2.529445,-3.361842,-3.571254,-2.900985,0.000000,20.760382
0.157658,0.945941,-0.157658,-0.022513,-0.022490,-0.022532,-1.272535,-2.213224,-3.072085,-3.424336,-2.919682,0.000000,20.755713
0.318625,0.910337,-0.546195,-1.036045,-1.036047,0.805647,0.134273,-0.908815,-1.820666,-2.285846,-1.954940,-1.000000,20.540674
0.984207,1.510643,-0.183104,-0.568958,-0.568954,1.034559,0.901804,-0.196844,-1.001378,-1.589385,-1.477078,-1.000000,20.423807
1.248555,1.387279,-0.115607,-1.007091,-1.007109,1.590759,1.801166,0.847794,0.173420,-0.536407,-0.598065,-1.000000,20.218117
-1.496599,0.068036,-1.678000,1.965313,1.965326,-0.507934,-0.022674,-0.860166,-1.510203,-2.247619,-2.495842,1.000000,20.615469
-1.609303,0.290559,-1.788118,1.451256,1.451245,-1.779167,-1.280730,-1.941586,-2.662044,-3.402770,-3.761732,1.000000,20.914650
-1.972513,0.421108,-1.972513,0.849343,1.290837,-2.422939,-2.340743,-2.747322,-3.546406,-4.328610,-4.783879,1.000000,21.184624
-1.008546,0.328871,-1.249726,1.085997,1.085986,-2.545808,-3.093110,-3.359952,-4.247579,-4.974876,-5.543420,1.000000,21.414686
-0.330033,0.000000,-0.770081,-0.350800,-0.350815,-1.151674,-2.449872,-2.749705,-3.626911,-4.303074,-4.994819,0.000000,21.339560
0.311051,0.644306,-0.866474,-0.968101,-0.968071,0.304366,-1.319976,-1.545839,-2.389852,-3.076761,-3.817106,-1.000000,21.132978
-1.599474,0.460118,-1.950044,1.399693,1.399689,-0.600359,-2.368031,-2.632936,-3.370759,-4.117991,-4.867020,1.000000,21.428774
0.066528,1.751667,-0.110860,-1.183177,-1.183175,0.580926,-0.899372,-1.337983,-1.882915,-2.686722,-3.475000,-1.000000,21.175234
0.963698,1.142994,-0.134460,-1.064302,-1.064319,1.219195,0.417823,-0.222264,-0.607018,-1.454623,-2.185560,-1.000000,20.949862
1.150458,1.894870,-0.541399,-0.649924,-0.649909,1.376036,1.360870,0.468484,0.124483,-0.678448,-1.341757,-1.000000,20.813707
-1.256891,0.154355,-1.609702,2.300916,2.300902,-0.754124,-0.600873,-1.624565,-1.901498,-2.648137,-3.295188,1.000000,21.292610
-1.953977,0.369079,-2.040825,1.565610,1.565628,-2.101620,-1.804183,-2.872740,-3.165997,-3.821832,-4.510522,1.000000,21.625973
-1.097718,0.193715,-1.377529,0.868428,0.868423,-2.359023,-2.361177,-3.319872,-3.759306,-4.275843,-5.005942,1.000000,21.813778
0.129338,1.034701,-0.732917,-0.150667,-0.150666,-1.448589,-2.045705,-2.758607,-3.384107,-3.809201,-4.586947,0.000000,21.780912
-0.532141,0.319289,-1.106854,1.271826,1.271792,-1.558086,-2.950166,-3.423733,-4.288476,-4.730179,-5.493717,1.000000,22.057920
-1.221828,0.063194,-1.453558,1.043001,1.043022,-1.681061,-3.433747,-3.920371,-4.933766,-5.362264,-6.110060,1.000000,22.287989
0.510200,0.956637,-0.191327,-0.905839,-0.905829,-0.365654,-2.253407,-2.688498,-3.763575,-4.219821,-4.915554,-1.000000,22.086098
-0.382247,0.021232,-0.552130,0.106293,0.106280,-0.203862,-1.934588,-2.512913,-3.510946,-4.078263,-4.664385,0.000000,22.109571
0.105574,0.570106,-0.316723,0.573370,0.573381,-0.363184,-1.915121,-2.822357,-3.653480,-4.362984,-4.876632,1.000000,22.236343
0.362014,1.426750,-0.340716,-0.844595,-0.844604,0.477007,-0.519586,-1.780232,-2.417714,-3.302784,-3.828518,-1.000000,22.048534
-1.046901,0.481583,-1.570352,1.703573,1.703574,-1.084583,-1.681315,-3.041588,-3.648966,-4.625718,-5.128179,1.000000,22.424147
-0.435952,0.041520,-1.100266,0.858459,0.858472,-1.457345,-2.080138,-3.516716,-4.092800,-5.108383,-5.631796,1.000000,22.616652
0.248804,0.248804,-0.539079,0.124563,0.124541,-1.107185,-1.834947,-3.204079,-3.889683,-4.854737,-5.472475,0.000000,22.644819
1.027038,1.089918,-0.356319,-1.078167,-1.078154,0.117371,-0.488371,-1.717320,-2.622092,-3.464743,-4.200914,-1.000000,22.400673
1.635167,1.635167,-0.467195,-1.299518,-1.299523,1.490763,0.845194,-0.032558,-1.165847,-1.851531,-2.726316,-1.000000,22.109571
-2.142849,1.281517,-2.142849,1.083028,1.083029,0.336139,-0.207977,-0.788508,-1.952723,-2.592849,-3.531586,1.000000,22.349024
-1.644407,0.226097,-1.891063,2.205891,2.205886,-1.632067,-2.030831,-2.574852,-3.759503,-4.357652,-5.309187,1.000000,22.842018
1.017015,1.494400,-0.373599,-0.966088,-0.966075,-0.693241,-0.848907,-1.386474,-2.501043,-3.170615,-4.078885,-1.000000,22.621347
1.024252,1.107855,-1.024252,-0.705687,-0.705692,0.066887,-0.043899,-0.483559,-1.471572,-2.295987,-3.094741,-1.000000,22.461710
0.146413,0.836641,-0.313746,-0.062705,-0.062711,0.430872,0.196611,-0.305375,-1.045805,-2.037228,-2.702864,0.000000,22.447624
1.862820,2.138014,-0.254030,-1.192219,-1.192206,1.490253,1.295500,0.865074,0.348211,-0.666395,-1.293759,-1.000000,22.180002
-1.743462,0.124537,-2.635949,1.989835,1.989833,-0.684933,-0.678711,-0.945073,-1.389586,-2.393529,-2.968041,1.000000,22.621347
1.267164,1.752908,-0.633576,-1.722711,-1.722709,0.705386,0.876450,0.827875,0.432943,-0.492505,-1.110174,-1.000000,22.231647
0.723712,0.766284,-0.851422,-0.781411,-0.781440,1.132419,1.515560,1.568064,1.286739,0.492147,-0.234119,-1.000000,22.057920
-1.139485,0.042203,-1.624820,0.872712,0.872725,0.080193,0.700577,0.749814,0.453690,-0.119004,-0.960812,1.000000,22.250425
-0.356465,0.188719,-0.943586,0.633041,0.633067,-0.360677,0.085960,0.106229,-0.155182,-0.551071,-1.396531,1.000000,22.391285
0.020955,0.544735,-0.691385,0.083879,0.083863,-0.632729,-0.190655,-0.039110,-0.166563,-0.494449,-1.333193,0.000000,22.410063
0.548751,1.139713,-0.084428,-0.733287,-0.733287,0.113964,0.377792,0.579705,0.601514,0.318272,-0.443933,-1.000000,22.245733
-0.252845,0.231774,-0.758538,0.168843,0.168832,0.147502,0.128539,0.375062,0.442487,0.239368,-0.412267,0.000000,22.283291
1.814305,2.134472,-0.192102,-1.285297,-1.285277,1.220914,1.227315,1.647806,1.738520,1.533398,1.063672,-1.000000,21.996889
-0.653319,0.547945,-1.116969,1.280687,1.280663,-0.160157,-0.008418,0.341425,0.419401,0.247853,-0.066723,1.000000,22.278595
-4.099350,0.868336,-4.099350,4.362487,4.362497,-3.610662,-3.917608,-3.735861,-3.641960,-3.742324,-4.011171,1.000000,23.250498
-0.861551,1.683029,-1.142056,0.787561,0.787566,-3.350035,-4.155484,-4.256998,-4.226610,-4.268485,-4.530824,1.000000,23.433611
0.522302,1.024512,-0.441937,-0.260473,-0.260476,-2.165525,-3.342704,-3.747149,-3.768577,-3.824021,-4.054502,0.000000,23.372572
-0.261141,0.482125,-0.883885,0.000000,0.000000,-0.988348,-2.862591,-3.483322,-3.498388,-3.597424,-3.867010,0.000000,23.372572
-0.280726,0.561468,-0.421091,0.180796,0.180815,-0.196524,-2.600776,-3.305943,-3.444970,-3.602179,-3.880101,0.000000,23.414833
1.425086,1.587956,-0.101787,-1.503910,-1.503918,1.164492,-0.830624,-1.701960,-1.922846,-2.052937,-2.271313,-1.000000,23.062693
1.025220,1.189252,-1.086730,-0.712537,-0.712536,1.423000,0.166076,-0.802416,-1.158508,-1.305730,-1.455139,-1.000000,22.898363
-0.347795,0.756952,-1.288875,0.225553,0.225531,0.826524,0.231186,-0.766495,-1.274542,-1.432071,-1.573234,0.000000,22.950006
-0.835379,0.020371,-1.772620,0.409165,0.409181,0.130397,0.277091,-0.941327,-1.547481,-1.671564,-1.830353,0.000000,23.043913
0.446523,0.690075,-0.771260,0.387119,0.387109,-0.499282,0.259800,-1.109526,-1.721123,-1.915155,-2.106752,0.000000,23.133118
0.610497,0.773301,-0.447705,-0.263852,-0.263851,-0.227915,0.447706,-0.656622,-1.363447,-1.615786,-1.781979,0.000000,23.072081
-0.303701,0.364446,-0.566916,0.508751,0.508762,-0.481886,-0.166031,-0.888176,-1.656213,-2.015798,-2.200856,0.000000,23.189463
1.335804,1.500206,-0.020547,-1.478032,-1.478020,0.920660,1.101506,0.763102,-0.008237,-0.478439,-0.668602,-1.000000,22.846718
-0.308194,1.006785,-0.349287,0.020547,0.020519,0.731470,0.852698,0.991727,0.102747,-0.428176,-0.580768,0.000000,22.851406
-0.306056,0.938592,-0.652928,0.698582,0.698605,-0.073460,-0.022451,0.503291,-0.457058,-0.974503,-1.174598,1.000000,23.011047
0.406166,0.771722,-0.568647,0.469300,0.469301,-0.499604,-0.465083,-0.004076,-0.768700,-1.350951,-1.596279,0.000000,23.119038
1.141692,1.141692,-0.632004,-0.385869,-0.385885,-0.252795,-0.022421,0.266400,-0.214063,-0.830170,-1.155959,0.000000,23.029825
-2.009155,0.059678,-3.123135,2.487258,2.487266,-2.033024,-2.172271,-2.101984,-2.356279,-2.975138,-3.393678,1.000000,23.602638
-1.063403,0.059086,-1.575420,1.014518,1.014509,-2.185889,-2.819999,-2.953909,-2.949972,-3.682544,-4.168956,1.000000,23.842089
-0.530035,0.706718,-0.628190,0.315085,0.315107,-1.735384,-2.797419,-3.118713,-2.912262,-3.729891,-4.227863,0.000000,23.917217
0.019608,0.902134,-0.215729,0.098163,0.098147,-1.145326,-2.529909,-2.969213,-2.863310,-3.568548,-4.138072,0.000000,23.940691
-0.721525,0.019505,-1.092036,0.568731,0.568730,-0.834628,-2.712553,-3.191624,-3.279052,-3.809669,-4.424725,1.000000,24.076849
-0.640648,0.058245,-0.640648,0.448518,0.448514,-0.795955,-2.593664,-3.283497,-3.542993,-3.924668,-4.558331,0.000000,24.184837
-0.096540,0.019309,-0.907511,0.543588,0.543605,-0.942276,-2.517871,-3.457565,-3.870450,-4.062573,-4.791156,0.000000,24.316307
-0.597640,0.289188,-0.616923,0.154466,0.532980,-1.034895,-2.447723,-3.611376,-4.169195,-4.216560,-5.015751,0.000000,24.445908
-0.173177,0.230899,-0.500292,0.192797,0.192793,-0.774302,-2.074459,-3.410084,-4.061605,-4.197947,-4.915043,0.000000,24.493038
0.680272,0.874639,-0.349854,-1.000581,-1.000574,0.369699,-0.582370,-2.142841,-2.813676,-3.095350,-3.678788,-1.000000,24.247967
1.096538,1.253182,-0.430785,-0.738581,-0.738582,1.020169,0.351084,-1.076191,-1.858104,-2.258586,-2.714795,-1.000000,24.068876
0.215606,1.176005,-0.686009,-0.097905,-0.097890,0.893753,0.533931,-0.648244,-1.553706,-2.050901,-2.335502,0.000000,24.045315
-2.820371,0.700356,-3.255730,3.547632,3.547631,-2.199519,-2.516390,-3.546784,-4.572073,-5.168389,-5.330845,1.000000,24.898354
-0.113748,1.327014,-0.436019,-0.151433,-0.151452,-1.755440,-1.998482,-2.933450,-4.067608,-4.735262,-4.971359,0.000000,24.860645
0.037821,0.548404,-1.077912,0.246449,0.246438,-1.456111,-1.900317,-2.665933,-3.955865,-4.644671,-5.005908,0.000000,24.921911
-0.971236,0.336201,-1.793048,1.248105,1.248123,-1.748223,-2.694246,-3.435065,-4.666993,-5.458249,-5.931173,1.000000,25.232967
2.588186,2.933278,-0.306748,-2.577512,-2.577513,1.288344,-0.011502,-0.679422,-1.792647,-2.706585,-3.278313,-1.000000,24.582584
-0.530210,0.075736,-1.571676,1.246169,1.246167,0.034080,-1.064192,-1.641610,-2.624159,-3.621917,-4.271369,1.000000,24.888924
-1.516553,1.072687,-1.664513,2.385908,2.385905,-1.808764,-2.981314,-3.530236,-4.429527,-5.489421,-6.185577,1.000000,25.482750
0.989914,1.419499,-0.579006,-0.980211,-0.980204,-0.590214,-1.630556,-2.269823,-3.046908,-4.229912,-4.948495,-1.000000,25.232967
-0.410908,0.224131,-0.859167,0.000000,0.000000,-0.590214,-1.169219,-1.992902,-2.723853,-3.851637,-4.646910,0.000000,25.232967
1.388103,1.875821,-0.468955,-0.429582,-0.429581,0.270113,-0.313267,-1.355598,-2.048945,-3.074917,-3.959479,0.000000,25.124571
-0.874585,0.074425,-1.377004,0.806603,0.806613,-0.186093,-0.941585,-1.912927,-2.554350,-3.484670,-4.439187,1.000000,25.327229
0.282589,0.941974,-0.470987,-1.228135,-1.228145,0.681989,0.352294,-0.553884,-1.127738,-1.981238,-2.991924,-1.000000,25.016174
0.610687,0.916030,-0.419851,-1.281085,-1.281075,1.553428,1.562965,0.857494,0.280622,-0.439425,-1.529745,-1.000000,24.695698
0.038095,2.629064,-1.219287,0.171756,0.171742,0.979240,1.188799,0.864928,0.220519,-0.426521,-1.443714,0.000000,24.738111
1.218373,1.462051,-1.012176,1.638400,1.638411,-0.633549,-0.219308,-0.469856,-1.230557,-1.824620,-2.728583,1.000000,25.143423
0.414617,0.753860,-1.036570,-0.543573,-0.543589,-0.346769,0.373170,0.103033,-0.578584,-1.113754,-1.930914,-1.000000,25.006746
-1.623909,0.295257,-2.232881,2.129657,2.129669,-2.015129,-1.697727,-1.807221,-2.446945,-2.925412,-3.660022,1.000000,25.539307
-2.865014,0.459137,-2.865014,0.479797,0.479782,-1.730019,-1.999987,-2.083857,-2.637270,-3.141877,-3.778152,0.000000,25.661840
3.733186,4.150085,-0.454808,-3.085399,-3.085387,1.504639,0.974039,0.936137,0.623459,0.051922,-0.544946,-1.000000,24.870073
-1.121080,0.149473,-2.485056,1.421262,1.421250,0.145745,-0.401708,-0.308909,-0.553055,-1.206269,-1.756083,1.000000,25.223539
-0.524549,0.524537,-1.030348,-0.261581,-0.261577,0.528286,-0.207941,0.023732,-0.240726,-0.834018,-1.334082,0.000000,25.157560
-0.536731,0.222106,-1.166012,1.217677,1.217694,-0.740339,-1.232655,-1.184533,-1.322420,-1.874520,-2.321681,1.000000,25.463902
-0.475838,0.347734,-0.823576,1.129006,1.128998,-1.778919,-1.925333,-2.153491,-2.262996,-2.736459,-3.195399,1.000000,25.751389
0.772773,0.772773,-0.257586,-0.530750,-0.530740,-0.673421,-1.059807,-1.532052,-1.666981,-1.976089,-2.492802,-1.000000,25.614716
-1.254542,0.090909,-1.309095,1.195956,1.195957,-1.309099,-1.929104,-2.490920,-2.570921,-2.845103,-3.438800,1.000000,25.921057
-0.018106,0.072404,-0.380167,0.436367,0.436348,-1.064438,-1.960533,-2.733523,-2.774254,-3.092684,-3.654957,0.000000,26.034163
1.038320,2.491973,-0.377576,-4.109341,-4.109339,2.775160,2.010573,1.420931,1.288467,1.076836,0.536783,-1.000000,24.964331
-1.284920,0.763501,-1.303538,1.378135,1.378130,1.027944,0.484180,0.203608,-0.073547,-0.236118,-0.690246,1.000000,25.308372
0.803292,0.821976,-0.635158,-0.316577,-0.316575,1.042415,0.945274,0.651357,0.242865,0.079965,-0.221673,0.000000,25.228252
3.296490,3.490398,-0.698080,-3.661495,-3.661498,3.552457,4.403733,4.246663,3.884052,3.837900,3.606111,-1.000000,24.304520
0.038640,0.734162,-0.830750,0.368427,0.368425,1.827673,3.707511,3.696562,3.311453,3.375595,3.156893,0.000000,24.394064
1.978456,1.978456,-0.097943,-1.371712,-1.371703,2.491668,4.566112,4.728697,4.549462,4.576692,4.480576,-1.000000,24.059450
1.114369,1.388070,-0.039101,0.195890,0.195886,1.294228,3.679375,4.093843,4.222875,4.185340,4.163574,0.000000,24.106579
0.965133,1.359070,-1.142411,-0.742917,-0.742905,0.965127,3.750238,4.610327,4.833556,4.746893,4.761336,-1.000000,23.927490
0.473556,0.473556,-0.947119,-0.177270,-0.177281,0.793214,3.082085,4.422526,4.756318,4.725342,4.850046,0.000000,23.885071
-0.841817,0.567729,-1.135478,0.789270,0.789271,-0.262334,1.460450,3.304620,3.742168,3.696946,3.916080,1.000000,24.073589
-0.754494,0.754506,-1.102728,1.194197,1.194193,-1.191710,0.015484,1.783722,2.276080,2.365654,2.536287,1.000000,24.361074
0.156867,0.529412,-0.764706,-1.334877,-1.334847,0.086254,0.839191,2.684944,3.321546,3.640761,3.757494,-1.000000,24.035891
0.077886,0.447819,-0.253115,0.705882,0.705869,-0.385521,-0.290119,1.577093,2.460076,2.826314,2.888751,1.000000,24.205553
-1.002124,0.713043,-1.464633,1.031931,1.031924,-0.936595,-1.246870,0.140036,1.256503,1.663517,1.746643,1.000000,24.455336
0.019186,0.402994,-0.537321,0.423974,0.423985,-0.959515,-1.596633,-0.683184,0.707146,1.161376,1.212807,0.000000,24.559023
1.336428,1.433267,-0.368011,-0.921125,-0.921148,-0.061965,-0.569427,0.067150,1.411009,1.903551,2.060179,-1.000000,24.332798
0.291145,0.718168,-0.407605,-0.213058,-0.213054,0.353269,-0.285318,-0.001289,1.324735,1.893640,2.221150,0.000000,24.280956
0.956654,1.054268,-0.429524,-0.582294,-0.582283,0.886366,0.386562,0.283735,1.612643,2.369379,2.737203,-1.000000,24.139572
0.039231,0.411922,-0.725775,-0.468571,-0.468571,1.004314,0.918006,0.678694,1.696739,2.652017,3.065904,0.000000,24.026461
1.288149,1.446686,-0.574717,-1.020008,-1.020025,1.391212,1.835132,1.544472,2.271118,3.478413,3.956282,-1.000000,23.781385
-0.631912,0.296209,-0.908373,0.356718,0.356724,0.639815,1.265808,1.129550,1.677533,2.842819,3.353087,0.000000,23.866219
0.393860,0.413557,-0.334774,0.276457,0.276458,0.070901,0.943295,0.802164,1.109698,2.255229,2.827239,0.000000,23.932199
1.015528,1.015528,-0.497810,-1.102789,-1.102770,0.788512,1.841879,1.853163,1.907589,3.066490,3.804576,-1.000000,23.668282
0.661584,0.821969,-0.761832,-0.677021,-0.677037,1.034479,2.133119,2.440525,2.432838,3.358459,4.268912,-1.000000,23.508039
-1.205295,0.671804,-1.402881,1.463508,1.463508,-0.363562,0.363567,0.901013,0.841735,1.501682,2.582498,1.000000,23.852081
1.379996,2.620004,-0.180000,-1.205295,-1.205299,0.596007,1.262006,1.906676,1.967008,2.502407,3.565341,-1.000000,23.564592
-0.099404,0.397614,-1.928425,0.600000,0.600019,-0.194839,0.415496,1.206086,1.274344,1.620664,2.660029,1.000000,23.705984
1.369036,1.650904,-0.563717,-1.252489,-1.252515,0.849623,1.377106,2.262954,2.448177,2.598771,3.648096,-1.000000,23.409063
0.241846,1.491338,-0.100762,-0.100664,-0.100649,0.846432,1.205160,2.060999,2.444583,2.544945,3.391108,0.000000,23.385502
0.631369,0.997967,-0.203662,-1.047965,-1.047957,1.299382,1.999994,2.733192,3.327899,3.414253,4.069241,-1.000000,23.140432
-0.343023,0.564968,-1.109774,0.936872,0.936867,0.181591,0.835344,1.501202,2.153949,2.334134,2.873949,1.000000,23.357227
-0.399680,0.699440,-0.519588,0.968519,1.428992,-1.242477,-0.687096,-0.094821,0.641953,0.822223,1.197035,1.000000,23.691000
0.821150,0.901266,-0.600837,-0.219824,-0.219813,-0.830440,-0.480731,-0.015926,0.743815,0.995503,1.195858,0.000000,23.638924
-1.728884,0.137525,-1.728884,1.942724,1.942711,-2.128841,-2.132376,-1.901476,-1.250158,-0.893787,-0.761165,1.000000,24.098160
-0.704225,0.371682,-0.762907,0.432212,0.432216,-1.672528,-2.408844,-2.207701,-1.748826,-1.299021,-1.214654,0.000000,24.202316
1.992826,2.849741,-0.019932,-1.838807,-1.838799,0.506172,-0.499614,-0.406381,-0.029465,0.448230,0.593441,-1.000000,23.757284
2.098610,2.302359,-0.896500,-2.192104,-2.192102,2.367554,1.528375,1.626144,1.986362,2.561898,2.723159,-1.000000,23.236500
0.696008,0.696008,-1.187304,-0.468631,-0.468651,2.407385,1.884729,1.948804,2.247793,2.858383,3.091552,0.000000,23.127602
-2.028524,0.200844,-2.249452,1.924262,1.924294,0.028102,0.040572,0.042319,0.221133,0.766672,1.101042,1.000000,23.572645
2.602235,3.118550,-0.061954,-2.751561,-2.751575,1.743086,2.776748,2.603053,2.869818,3.332503,3.794468,-1.000000,22.924026
0.437861,1.542952,-0.104254,-0.950017,-0.950016,1.793161,3.475811,3.335132,3.601041,4.037056,4.547057,-1.000000,22.706244
-0.945335,0.369914,-1.150847,1.459550,1.459559,0.156176,1.703648,1.655190,1.916527,2.324545,2.898647,1.000000,23.037655
0.702334,1.115472,-1.384007,-0.513769,-0.513785,0.491643,1.914899,2.037714,2.279466,2.640018,3.242984,-1.000000,22.919291
-0.854175,0.101696,-1.382949,1.569919,1.569913,-1.313796,-0.012188,0.430100,0.649413,0.925148,1.478786,1.000000,23.279104
-0.285128,0.814668,-0.712827,-0.142363,-0.142334,-0.896143,-0.281072,0.603516,0.662506,0.976873,1.435147,0.000000,23.245970
-0.982362,0.020044,-1.122698,1.588603,1.588585,-1.676025,-1.900565,-0.896824,-0.900871,-0.644656,-0.252322,1.000000,23.615252
-0.472166,1.554192,-0.649227,1.904571,1.904566,-2.659847,-3.389730,-2.645418,-2.678407,-2.479500,-2.146486,1.000000,24.065020
-0.468655,0.410072,-0.917786,0.747586,0.747591,-2.288616,-3.645771,-3.201198,-3.228196,-3.108008,-2.858117,1.000000,24.244928
-0.038933,1.090134,-0.467191,0.312435,0.312432,-1.736414,-3.638305,-3.441692,-3.337342,-3.276133,-3.120350,0.000000,24.320677
0.568954,0.843633,-0.196202,-0.778657,-0.778658,-0.231509,-2.381793,-2.703551,-2.373455,-2.470791,-2.311733,-1.000000,24.131302
-0.328824,0.212770,-1.798839,1.432211,1.432227,-0.936181,-3.036761,-3.881377,-3.523222,-3.698816,-3.607929,1.000000,24.476917
0.872939,0.872939,-0.640151,-0.290135,-0.290151,-0.368570,-2.193983,-3.282246,-3.096019,-3.303872,-3.262735,0.000000,24.405897
-0.444359,0.444366,-0.850073,0.407368,0.407365,-0.560269,-1.943576,-3.299834,-3.312394,-3.517238,-3.541352,0.000000,24.505318
-0.556515,0.000000,-0.748413,0.676202,0.676221,-0.944167,-2.038006,-3.652541,-3.845722,-3.956865,-4.032111,1.000000,24.671028
0.749568,0.749568,-0.672685,-0.153525,-0.153532,-0.384393,-1.324236,-3.041835,-3.610417,-3.566789,-3.778850,0.000000,24.633150
-1.200911,0.038124,-1.391536,0.826450,0.826443,-0.911169,-1.641248,-3.264707,-4.183185,-4.118946,-4.396811,1.000000,24.836729
0.559730,1.003667,-0.405335,-1.239035,-1.239032,0.432345,-0.218109,-1.645762,-2.717627,-2.779391,-3.085554,-1.000000,24.528994
0.560487,0.869726,-0.869737,-0.135109,-0.135122,0.560504,0.019335,-1.083616,-2.306718,-2.507917,-2.806537,0.000000,24.495850
1.076329,1.291585,-0.626223,-1.236962,-1.236952,1.424662,1.219184,0.407051,-0.954985,-1.271227,-1.478006,-1.000000,24.192848
0.137255,0.254906,-1.784314,-0.195691,-0.195702,1.219617,1.423542,0.852300,-0.507830,-1.087046,-1.146066,0.000000,24.145502
0.908190,1.105623,-0.355380,-0.686271,-0.686260,1.204339,1.917075,1.650541,0.445211,-0.366438,-0.376441,-1.000000,23.979801
1.476747,1.516659,-0.159653,-1.066144,-1.066135,1.616433,2.727991,2.650162,1.672314,0.789456,0.701783,-1.000000,23.724144
0.682312,0.842862,-0.301027,-0.558767,-0.558781,1.420832,2.917924,3.042347,2.386116,1.434481,1.260957,-1.000000,23.591578
-1.033596,0.079499,-2.285832,0.963275,0.963276,0.139138,1.578216,1.918773,1.522563,0.508053,0.255750,1.000000,23.818830
0.059781,0.239099,-0.697346,-0.238529,-0.238517,0.055787,1.454470,2.058841,1.873878,0.889419,0.433684,0.000000,23.762018
-1.296660,0.078578,-2.200401,1.414632,1.414619,-1.241647,-0.267188,0.530455,0.553049,-0.286833,-0.920101,1.000000,24.098160
0.276403,0.572549,-0.414618,-0.491159,-0.491154,-0.540970,-0.003952,0.908191,1.031587,0.362486,-0.327741,0.000000,23.979801
-1.460565,0.058430,-1.596884,1.382026,1.382030,-1.304770,-1.443038,-0.520608,-0.332033,-0.776629,-1.524178,1.000000,24.311209
-0.831721,0.560932,-0.889745,0.681601,0.681612,-1.435213,-1.994209,-1.246950,-0.974867,-1.252623,-2.067710,1.000000,24.476917
-0.192426,0.288620,-0.365603,0.522248,0.522227,-1.262262,-2.316716,-1.767683,-1.393107,-1.544733,-2.348786,0.000000,24.604742
0.019205,0.422582,-0.403388,0.173177,0.173178,-0.987318,-2.214749,-1.988729,-1.529002,-1.547442,-2.255087,0.000000,24.647352
0.617165,0.617165,-0.540015,-0.403388,-0.403370,-0.123439,-1.483131,-1.586636,-1.101261,-1.070017,-1.654138,0.000000,24.547932
-0.019201,0.211254,-0.556946,0.424305,0.424280,-0.268856,-1.469164,-1.960170,-1.489329,-1.421920,-1.835337,0.000000,24.652084
-0.038314,0.172414,-0.689655,0.249664,0.249683,-0.325678,-1.352496,-2.063863,-1.726060,-1.603837,-1.886340,0.000000,24.713636
-0.856168,0.380510,-0.913242,0.689659,0.689648,-0.783865,-1.577243,-2.536781,-2.348743,-2.156772,-2.338913,1.000000,24.884073
0.076453,0.305810,-0.133792,-0.456625,-0.456621,-0.229356,-0.854356,-1.876909,-1.914181,-1.660549,-1.735472,0.000000,24.770447
-0.019128,0.229489,-0.669348,-0.057339,-0.057343,-0.003823,-0.483836,-1.542674,-1.812006,-1.547519,-1.586022,0.000000,24.756243
-0.512241,0.113830,-1.176247,0.803213,0.803224,-0.557774,-1.018787,-1.962947,-2.502378,-2.259918,-2.275349,1.000000,24.955091
0.018896,0.170100,-0.982801,0.379435,0.379438,-0.665288,-1.164250,-2.005930,-2.699876,-2.568899,-2.547731,0.000000,25.049780
-0.358833,0.509919,-0.434368,0.075600,0.075601,-0.593019,-1.053833,-1.732461,-2.589244,-2.573003,-2.496704,0.000000,25.068718
0.132371,0.359300,-0.680790,-0.132196,-0.132205,-0.249622,-0.767779,-1.352752,-2.249437,-2.412259,-2.293248,0.000000,25.035576
-0.246629,0.151774,-0.322519,-0.321486,-0.321483,0.231457,-0.284580,-0.774050,-1.687540,-2.029222,-1.904767,0.000000,24.955091
-0.322761,0.227837,-0.493636,-0.075891,-0.075892,0.292392,-0.094928,-0.531610,-1.343268,-1.884184,-1.772672,0.000000,24.936152
0.343053,0.533634,-0.323998,-0.379715,-0.379726,0.506963,0.337341,-0.054630,-0.761383,-1.405752,-1.375386,0.000000,24.841463
0.057314,0.248332,-0.458449,-0.228710,-0.228722,0.508139,0.527244,0.222882,-0.327579,-1.076577,-1.128917,0.000000,24.784645
0.153253,0.287352,-0.383142,-0.286529,-0.286504,0.536390,0.793099,0.528730,0.083328,-0.673569,-0.861436,0.000000,24.713636
-0.740600,0.208887,-1.272309,0.881226,0.881218,-0.360807,-0.017087,-0.246865,-0.600073,-1.347510,-1.673628,1.000000,24.931417
-0.547782,0.037782,-0.831126,0.531709,0.531719,-0.785803,-0.502458,-0.664906,-0.975636,-1.634306,-2.118125,0.000000,25.063982
1.004926,1.004926,-0.265461,-0.377779,-0.377793,-0.307168,-0.157373,-0.219943,-0.501514,-1.076978,-1.643278,0.000000,24.969292
0.648484,0.648484,-0.133511,-0.587793,-0.587774,0.312789,0.333767,0.353476,0.130639,-0.321201,-0.970829,-1.000000,24.822529
-0.379943,0.683891,-0.759875,0.400534,0.400515,0.079795,-0.112076,-0.006325,-0.213708,-0.586619,-1.239861,0.000000,24.921947
-1.033640,0.263105,-1.409509,1.082827,1.082829,-0.785562,-1.088139,-0.962219,-1.154853,-1.459119,-2.103610,1.000000,25.191809
-0.783578,0.074631,-1.026116,0.732941,0.732945,-1.261191,-1.634326,-1.572134,-1.731338,-2.008204,-2.581463,1.000000,25.376451
-0.831336,0.240155,-1.108450,0.988813,0.988818,-1.714398,-2.290790,-2.385622,-2.515248,-2.788109,-3.300086,1.000000,25.627378
0.409840,0.409840,-0.204918,-0.831336,-0.417401,-0.755514,-1.592937,-1.858475,-1.981967,-2.237126,-2.665097,0.000000,25.520409
-0.462022,0.425060,-0.776200,0.801043,0.801033,-0.919965,-1.981863,-2.459751,-2.575386,-2.846476,-3.227807,1.000000,25.724836
-0.659828,0.073306,-0.953083,0.831643,0.831648,-1.161219,-2.401945,-3.011429,-3.150986,-3.433306,-3.774229,1.000000,25.938776
-0.291439,0.127505,-0.710390,0.623167,0.623167,-1.218580,-2.609282,-3.314706,-3.531372,-3.809388,-4.141660,1.000000,26.100418
0.682909,1.052049,-0.590624,-1.311479,-1.311473,0.195641,-1.008812,-1.792607,-2.111901,-2.368911,-2.701998,-1.000000,25.758118
1.144243,1.706997,-0.112553,-1.605755,-1.605766,1.691993,0.812648,-0.042624,-0.459988,-0.702932,-1.016829,-1.000000,25.344503
-2.137764,0.018275,-2.411840,2.663662,2.663658,-0.719889,-1.381131,-2.301458,-2.853510,-3.087211,-3.409199,1.000000,26.019594
-0.073584,0.772623,-0.515081,-0.676046,-0.676048,-0.117725,-0.457643,-1.401143,-2.020365,-2.259263,-2.584627,-1.000000,25.843689
-0.439960,0.164986,-0.696612,0.349522,0.349532,-0.593953,-0.589368,-1.520922,-2.169256,-2.448721,-2.759170,0.000000,25.934021
-0.472298,0.363306,-1.235244,0.916590,0.916591,-1.180750,-1.284289,-2.109080,-2.803678,-3.163271,-3.456667,1.000000,26.171730
-0.054655,0.510107,-0.546548,-0.290645,-0.290653,-0.316995,-0.776092,-1.498480,-2.269156,-2.723580,-3.020480,0.000000,26.095661
0.108992,0.871931,-0.308807,0.291492,0.291501,-0.490467,-0.893735,-1.466424,-2.274651,-2.832671,-3.123882,0.000000,26.171730
0.608852,1.771218,-0.184506,-1.544051,-1.544048,1.011066,0.594090,0.227818,-0.579801,-1.182699,-1.473776,-1.000000,25.767626
0.366707,0.366707,-0.586722,0.627306,0.627307,0.377701,-0.099016,-0.254863,-1.032728,-1.645518,-1.962749,1.000000,25.929268
0.557410,1.189149,-0.594575,-1.320132,-1.320138,1.263472,1.170568,1.068996,0.411956,-0.213190,-0.581227,-1.000000,25.586966
0.219656,1.116603,-0.750503,1.505020,1.505020,-0.333150,-0.087868,-0.313628,-0.855557,-1.509859,-1.939377,1.000000,25.972055
-0.329011,0.530068,-0.840797,0.146436,0.146438,-0.603179,-0.237618,-0.386280,-0.791353,-1.454498,-1.957876,0.000000,26.010088
-0.308366,0.217664,-0.761839,0.767688,0.767694,-1.023044,-0.857981,-1.076255,-1.352976,-2.010168,-2.545238,1.000000,26.209766
1.378930,1.507630,-0.294172,-1.342285,-1.342294,0.268435,0.461484,0.207147,0.082278,-0.554141,-1.100482,-1.000000,25.857954
-0.383702,0.164444,-1.169377,0.625115,0.625107,-0.021917,-0.221076,-0.348370,-0.464088,-1.010459,-1.563941,1.000000,26.019594
0.545550,2.727769,-0.090933,0.475063,0.475073,-0.363706,-0.674671,-0.615875,-0.815608,-1.276440,-1.856152,0.000000,26.143206
-0.397044,0.072189,-0.884321,0.763772,0.763770,-0.866268,-1.362568,-1.287373,-1.450099,-1.808986,-2.393905,1.000000,26.342880
2.345062,2.456728,-0.186112,-3.031944,-3.031946,1.712266,1.634100,1.720954,1.554069,1.316377,0.737952,-1.000000,25.544178
0.280951,0.917779,-0.449519,-0.632794,-0.632786,1.985385,2.065926,2.223883,2.059370,1.962535,1.421301,-1.000000,25.382538
-0.835647,0.427120,-0.835647,0.861581,0.861573,0.787379,1.199636,1.202112,1.156924,1.087472,0.637227,1.000000,25.601227
1.278676,1.278676,-0.507710,-1.244193,-1.244183,1.376450,2.201949,2.262749,2.419135,2.323422,1.965782,-1.000000,25.282701
0.132325,0.945180,-0.207943,-0.526510,-0.526522,0.964084,2.400758,2.533084,2.788281,2.773536,2.535667,-1.000000,25.149582
0.816249,0.968106,-0.303721,-0.415883,-0.415872,0.987088,2.363320,2.768914,3.058081,3.059979,2.944324,0.000000,25.044992
-1.514022,0.112153,-1.514022,1.556568,1.556551,-0.519617,0.628047,1.064186,1.380385,1.375711,1.374154,1.000000,25.434830
-0.316275,0.800000,-0.390698,0.467290,0.467296,-1.019531,-0.022322,0.585431,0.787911,0.872190,0.893027,0.000000,25.553686
-0.390335,0.613387,-0.390335,0.093023,0.093032,-0.881046,-0.336436,0.389092,0.592933,0.814865,0.806687,0.000000,25.577459
-0.036962,0.480499,-0.351140,0.576208,0.576199,-1.001660,-1.147658,-0.259959,-0.070222,0.191467,0.229168,1.000000,25.724836
-0.331065,0.091962,-0.533375,0.480499,0.480501,-0.853409,-1.502661,-0.830109,-0.532456,-0.286916,-0.261780,0.000000,25.848444
0.311181,0.475925,-0.878638,0.478212,0.478214,-0.911591,-1.744467,-1.272808,-0.997623,-0.755631,-0.752947,0.000000,25.972055
0.438520,0.676042,-0.456788,0.183046,0.183039,-0.734510,-1.763195,-1.453187,-1.095370,-0.960343,-0.900778,0.000000,26.019594
0.348620,0.715596,-0.165138,-0.420245,-0.420237,-0.058719,-1.106424,-1.097249,-0.689908,-0.571009,-0.409786,0.000000,25.910250
-0.603949,0.274524,-0.603949,0.256881,0.256875,-0.120789,-1.041359,-1.444603,-0.950764,-0.855778,-0.670444,0.000000,25.976807
0.367381,0.716392,-0.165320,-0.366036,-0.366034,0.271863,-0.354515,-0.995586,-0.650251,-0.473909,-0.300630,0.000000,25.881723
0.166113,0.756737,-0.479886,-0.477586,-0.477576,0.586923,0.249161,-0.423288,-0.192883,-0.022893,0.155033,0.000000,25.758118
-0.548955,0.146382,-0.823425,0.867482,0.867478,-0.307416,-0.448314,-1.182074,-1.058560,-0.821963,-0.730716,1.000000,25.981564
0.348237,0.348237,-0.421554,-0.164684,-0.164686,-0.120971,-0.144800,-0.850445,-0.934755,-0.663493,-0.587124,0.000000,25.938776
0.238262,0.623167,-0.366573,0.000000,0.000000,-0.150295,-0.062321,-0.647610,-1.012651,-0.674490,-0.617061,0.000000,25.938776
-0.366838,0.256787,-0.440209,-0.073317,-0.073311,-0.047690,0.038512,-0.349726,-0.867578,-0.646375,-0.524584,0.000000,25.919760
0.292398,0.383768,-0.529974,0.366842,0.366836,-0.215643,-0.310676,-0.565307,-1.108374,-0.985385,-0.877197,0.000000,26.014843
-0.127780,0.346849,-0.784958,0.109642,0.109637,-0.277464,-0.410726,-0.548855,-1.131793,-1.090172,-0.927338,0.000000,26.043365
-0.236916,0.328052,-0.455622,0.164294,0.164295,-0.328042,-0.506646,-0.581977,-1.139962,-1.261158,-1.075263,0.000000,26.086153
0.655977,0.929297,-0.091108,0.018232,0.018228,-0.229590,-0.481047,-0.506558,-0.977586,-1.317782,-1.082967,0.000000,26.090908
-1.256732,0.161580,-1.490129,1.494165,1.494164,-1.274682,-1.719920,-1.812082,-2.164267,-2.629078,-2.505080,1.000000,26.480749
-0.662140,0.214742,-0.823200,0.323163,0.323174,-1.177533,-1.732290,-1.979249,-2.266472,-2.764503,-2.730263,0.000000,26.566328
-1.536827,0.282636,-1.713478,1.306367,1.306360,-1.805334,-2.653239,-3.021843,-3.274154,-3.823350,-3.873871,1.000000,26.913380
-0.650149,0.246002,-1.528730,0.529942,0.529941,-1.606043,-2.753467,-3.250744,-3.510804,-4.068175,-4.268140,0.000000,27.056005
-0.193054,0.263254,-0.737097,0.123001,0.123004,-0.989822,-2.448228,-3.095822,-3.377501,-3.899614,-4.293904,0.000000,27.089285
-0.315347,0.105112,-0.718297,0.175504,0.175516,-0.679760,-2.170652,-2.957266,-3.309404,-3.759650,-4.265957,0.000000,27.136831
0.245528,0.824276,-0.245524,-0.105119,-0.105126,-0.175379,-1.664333,-2.523094,-2.998074,-3.411438,-3.953003,0.000000,27.108303
-0.297044,0.069893,-0.786304,0.368292,0.368286,-0.325000,-1.597062,-2.580229,-3.135591,-3.522626,-4.108566,0.000000,27.208139
0.262747,0.490450,-0.490450,-0.244627,-0.244625,-0.017513,-0.966893,-2.045891,-2.671220,-3.055526,-3.645121,0.000000,27.141581
0.439754,0.897101,-0.211078,-0.420392,-0.420396,0.358848,-0.202279,-1.363816,-2.065956,-2.453467,-3.006736,0.000000,27.027479
0.916454,0.934082,-0.422986,-0.193485,-0.193477,0.433550,0.174474,-0.911769,-1.673429,-2.097293,-2.580198,0.000000,26.975187
1.235231,1.485854,-0.841389,-1.550938,-1.550948,1.600434,1.749022,0.785302,0.025965,-0.466875,-0.904637,-1.000000,26.556816
1.855558,1.855558,-0.036387,-1.593265,-1.593237,2.423117,3.098030,2.440094,1.674525,1.162063,0.773730,-1.000000,26.133703
0.492166,0.510390,-1.312432,-0.200113,-0.200136,1.815535,2.931102,2.644309,1.905763,1.391180,1.040225,0.000000,26.081400
1.631446,1.668524,-0.333704,-1.677000,-1.676988,2.473118,4.123097,4.278823,3.586387,3.068589,2.753053,-1.000000,25.644018
-0.848090,0.073739,-1.014019,0.556181,0.556161,0.984523,3.023607,3.522624,2.987654,2.483783,2.176752,1.000000,25.786640
-0.904730,0.313888,-1.384786,-0.147496,0.268449,0.171957,2.263389,3.062277,2.681182,2.224525,1.888214,0.000000,25.855864
0.836746,1.320201,-0.185939,-0.701629,-0.701628,0.522008,2.388608,3.468798,3.334868,2.898982,2.563332,-1.000000,25.674452
1.435855,1.511430,-0.340072,-1.580510,-1.580509,1.493006,3.291655,4.658837,4.832553,4.445348,4.125751,-1.000000,25.268665
-0.018921,0.246030,-2.271007,-0.170036,-0.170041,1.334218,2.753328,4.344592,4.839621,4.510179,4.203857,0.000000,25.225698
-1.435228,0.726930,-1.435228,1.532933,1.532933,-0.331781,0.669886,2.372412,3.087245,2.884293,2.595547,1.000000,25.612391
0.655557,0.955239,-0.262221,-0.484626,-0.484605,-0.134871,0.740883,2.447197,3.377763,3.302666,3.059861,0.000000,25.488272
-0.075163,0.563694,-1.108606,-0.318408,-0.318429,-0.026303,0.776716,2.301882,3.411572,3.532493,3.313715,0.000000,25.407110
-2.519628,0.803360,-2.994336,2.912435,2.912445,-2.183679,-2.050169,-0.846850,0.311192,0.611821,0.416470,1.000000,26.147078
2.719430,2.738181,-0.056264,-2.647435,-2.647443,0.656421,0.539201,1.437685,2.718047,3.247947,3.083863,-1.000000,25.454849
1.539343,2.356522,-0.057009,-1.312832,-1.312830,1.603961,1.611561,2.294943,3.683205,4.404882,4.349149,-1.000000,25.120670
1.336177,2.691708,-0.135554,-1.862406,-1.862395,2.854368,3.051889,3.721352,5.152829,6.075740,6.145263,-1.000000,24.652824
1.126866,1.709726,-0.213721,-0.329198,-0.329216,2.514090,2.943468,3.640141,4.963665,6.044906,6.296216,0.000000,24.571663
-0.176991,0.845624,-2.989176,-1.204593,-1.204583,2.222223,3.789580,4.407901,5.653172,6.879754,7.343654,-1.000000,24.275677
1.028429,1.351075,-0.120996,-2.477872,-2.477875,3.315185,5.771327,6.506017,7.629419,9.018369,9.730799,-1.000000,23.674156
-1.381215,1.617995,-1.381215,2.198024,2.198021,0.327549,2.910423,3.776641,4.739934,6.187216,7.055787,1.000000,24.194519
-1.208577,0.311891,-2.085770,1.223362,1.223360,-1.017541,1.259264,2.150753,3.052214,4.476303,5.479404,1.000000,24.490505
-0.977195,1.130485,-1.092163,1.734889,1.734913,-2.429598,-0.664892,0.205646,1.050348,2.326555,3.413332,1.000000,24.915394
1.359479,2.155751,-0.271905,-1.341246,-1.341263,-0.854537,0.048549,1.381495,2.118976,3.301044,4.483640,-1.000000,24.581213
-1.954156,0.563694,-2.461484,3.359876,3.359871,-2.713263,-3.222472,-1.866464,-1.247180,-0.312019,0.866543,1.000000,25.407110
-1.050498,0.755621,-1.529668,1.954145,1.954142,-3.258375,-4.775146,-3.672430,-3.117387,-2.388199,-1.225448,1.000000,25.903601
0.296022,0.906568,-0.425532,-0.387022,-0.387020,-1.864935,-3.959293,-3.216770,-2.751151,-2.125756,-1.010263,0.000000,25.803349
-1.059744,0.584688,-1.059744,1.258094,1.258100,-2.156042,-4.556917,-4.235338,-3.872648,-3.342689,-2.377983,1.000000,26.127981
-0.564667,0.054641,-1.001829,0.310619,0.310602,-1.216751,-4.114744,-4.516079,-3.990880,-3.622484,-2.798850,0.000000,26.209135
0.128795,1.011967,-0.496773,-1.001829,-1.001811,0.198708,-2.268629,-3.423489,-2.880403,-2.600550,-1.954088,-1.000000,25.946569
0.614273,0.614273,-1.065944,1.839926,1.839927,-1.217708,-3.190606,-4.839506,-4.481480,-4.263775,-3.795004,1.000000,26.423967
-0.611511,0.377705,-0.611511,0.451671,0.451677,-1.104323,-2.852523,-4.792572,-4.712235,-4.590652,-4.229281,0.000000,26.543318
1.812184,2.013542,-0.787117,-1.744597,-1.744612,0.615047,-0.680944,-2.716454,-2.891266,-2.834337,-2.535620,-1.000000,26.080240
-0.399350,0.272285,-1.143583,0.842024,0.842044,-0.156118,-0.856793,-3.015683,-3.673092,-3.488848,-3.321773,1.000000,26.299847
-0.198631,0.126396,-1.408458,0.526415,0.526395,-0.306964,-0.985913,-2.826528,-3.991509,-3.810757,-3.727876,0.000000,26.438288
0.543967,0.543967,-1.359927,-0.415312,-0.415295,0.036257,-0.411617,-1.880943,-3.361752,-3.300827,-3.257793,0.000000,26.328491
4.324839,4.343720,-2.190746,-3.989124,-3.989123,3.191686,3.518405,2.403517,0.777139,0.683655,0.685544,-1.000000,25.278215
-0.151054,0.245468,-2.643501,0.018886,0.018866,2.541555,3.164664,2.481128,0.898802,0.645026,0.614940,0.000000,25.282984
-1.119399,0.727619,-1.343276,1.208455,1.208449,0.761212,1.690319,1.519919,-0.049421,-0.644011,-0.544756,1.000000,25.588516
-1.104972,0.570902,-1.639042,1.305974,1.305996,-0.935549,0.370161,0.343762,-0.904242,-1.852676,-1.737267,1.000000,25.922701
0.702407,0.702407,-0.609978,-0.368328,-0.368326,-0.957492,0.510164,0.695005,-0.221815,-1.380410,-1.346276,0.000000,25.827221
-0.258548,0.369337,-0.849500,0.092429,0.092422,-0.605732,0.149581,0.614339,-0.050789,-1.286062,-1.390586,0.000000,25.851091
-0.404259,0.294017,-1.194410,0.498608,0.498621,-0.562303,-0.385895,0.077168,-0.341796,-1.558996,-1.806331,0.000000,25.979990
-0.091946,0.055164,-0.864292,-0.073495,-0.073510,-0.202277,-0.443179,0.087041,-0.002761,-1.226923,-1.758001,0.000000,25.960892
-0.018396,0.165502,-0.606844,0.000000,0.000000,-0.172855,-0.627069,0.090719,0.103896,-0.874588,-1.693026,0.000000,25.960892
1.423809,2.052507,-0.406808,-0.551673,-0.551672,0.373522,-0.273671,0.489397,0.642564,-0.073228,-1.057695,-1.000000,25.817673
-1.272265,0.036350,-1.381320,1.738162,1.738170,-1.025084,-1.601242,-1.297715,-0.988738,-1.510003,-2.543324,1.000000,26.266428
-1.730834,0.123631,-2.154709,2.908030,2.908016,-3.044850,-3.735419,-3.852574,-3.619736,-3.980210,-4.994104,1.000000,27.030260
-0.158284,0.087935,-0.721069,0.423882,0.423880,-2.581774,-3.568405,-4.050878,-3.854196,-4.007732,-5.042788,0.000000,27.144836
0.420754,0.420754,-0.455824,0.316567,0.316583,-1.956530,-3.392363,-4.159661,-3.921816,-4.042786,-4.907091,0.000000,27.230772
0.653717,0.653717,-0.565371,-0.771392,-0.771385,-0.303897,-2.199656,-3.243827,-3.064498,-3.131460,-3.819211,-1.000000,27.020718
-0.929495,0.245528,-1.262715,0.742053,0.742038,-0.336724,-2.416694,-3.480651,-3.653981,-3.636619,-4.193266,1.000000,27.221222
-0.140004,0.192510,-1.085054,0.210452,0.210442,-0.364008,-2.145598,-3.195650,-3.636672,-3.670274,-4.105697,0.000000,27.278507
0.833622,1.507623,-0.496637,-1.330063,-1.330062,0.808803,-0.471794,-1.562014,-2.223301,-2.266756,-2.523941,-1.000000,26.915686
-0.053245,0.692226,-0.301743,-0.070951,-0.070944,0.631879,-0.053247,-1.250737,-2.068689,-2.056086,-2.270145,0.000000,26.896591
-0.141948,0.585518,-0.603265,0.035499,0.035514,0.510987,0.315814,-1.018465,-1.996110,-2.019175,-2.180638,0.000000,26.906143
-0.444919,0.640687,-0.961018,-0.301636,-0.301652,0.519670,0.827555,-0.476946,-1.411277,-1.680719,-1.757721,0.000000,26.824980
0.809789,1.385640,-0.449883,-1.103396,-1.103389,1.076118,1.763539,0.771396,-0.076483,-0.516108,-0.611245,-1.000000,26.528996
-0.304118,0.983896,-0.751345,0.593849,0.593845,0.307692,0.991055,0.357780,-0.460645,-1.045440,-1.138344,1.000000,26.686537
-0.632336,1.138215,-0.668470,-0.983907,-0.983904,0.946707,1.689253,1.471848,0.623310,-0.064315,-0.095752,-1.000000,26.423967
1.346928,1.474339,-0.200211,-0.740741,-0.740744,1.183113,2.145982,2.333460,1.450680,0.666187,0.624930,-1.000000,26.228233
0.000000,1.879215,-0.127714,-0.236614,-0.236619,0.919542,1.985041,2.550632,1.751509,1.040688,0.815548,0.000000,26.166172
-1.084203,0.271055,-1.084203,0.966973,0.966978,-0.130105,0.683052,1.414289,0.860139,0.245033,-0.107213,1.000000,26.419193
-1.581094,0.444129,-2.327234,1.716661,1.716653,-1.677025,-1.032147,-0.364769,-0.672402,-1.255631,-1.722026,1.000000,26.872719
-1.766657,0.297362,-1.766657,1.563329,1.563336,-2.553786,-2.410351,-1.883268,-1.957316,-2.574772,-3.130425,1.000000,27.292830
0.000000,1.031108,-0.279622,0.087465,0.087474,-1.842025,-2.345345,-1.896783,-1.768622,-2.441813,-3.094499,0.000000,27.316704
-0.708117,0.518131,-1.001731,1.188396,1.188390,-1.927466,-3.196896,-2.947616,-2.673580,-3.328501,-3.947615,1.000000,27.641333
-0.172203,0.258312,-0.602717,0.293606,0.293593,-1.274314,-3.049758,-3.124953,-2.833637,-3.360071,-3.935468,0.000000,27.722486
-0.582291,0.274020,-0.959065,0.551059,0.551087,-1.096091,-3.154665,-3.426400,-3.235157,-3.615017,-4.188516,1.000000,27.875261
-1.273777,0.288719,-1.324735,0.839188,0.839171,-1.338313,-3.361075,-3.942483,-3.884172,-4.111414,-4.726563,1.000000,28.109182
-0.526577,0.560561,-0.611517,-0.016990,-0.016970,-0.761009,-2.677099,-3.641937,-3.675061,-3.769676,-4.440306,0.000000,28.104412
1.379080,2.223758,-0.310284,-1.460846,-1.460860,0.748150,-0.682640,-2.004252,-2.161697,-2.136874,-2.801816,-1.000000,27.693846
1.133395,1.743679,-0.889273,-1.137735,-1.137751,1.656514,0.810826,-0.669558,-1.017422,-0.959706,-1.512917,-1.000000,27.378759
1.590418,2.037166,-0.536097,-2.423711,-2.039373,2.986221,2.890030,1.431607,1.025463,1.053758,0.644239,-1.000000,26.820404
1.176900,1.285530,-0.669926,-1.304503,-1.304503,3.109342,3.939327,2.784002,2.280284,2.274550,2.038676,-1.000000,26.470531
0.525556,0.851762,-0.743023,-0.090531,-0.090527,1.949038,3.704489,2.932171,2.286072,2.280381,2.210398,0.000000,26.446568
-1.117421,1.188361,-1.383476,2.174705,2.174694,-0.718340,1.267925,0.952427,0.145408,0.073902,0.128113,1.000000,27.021700
0.568485,0.852727,-0.373064,-0.159635,-0.159616,-0.856289,1.154080,1.252048,0.388832,0.189421,0.281802,0.000000,26.978569
0.124629,0.961371,-0.712120,-0.213185,-0.213191,-0.569698,1.015746,1.480339,0.646866,0.404270,0.468343,0.000000,26.921053
0.000000,1.970443,-0.721323,1.192811,1.192799,-1.175221,-0.493228,0.271753,-0.389326,-0.728493,-0.714522,1.000000,27.242167
0.035829,0.824074,-1.469008,-1.794511,-1.794505,0.859908,0.820030,1.963621,1.528988,1.062640,1.066399,-1.000000,26.753305
0.017854,0.767857,-1.000004,0.322465,0.322472,0.399996,0.177672,1.436725,1.328087,0.739964,0.694137,0.000000,26.839577
-1.691030,0.352302,-2.008099,1.375000,1.375003,-0.792680,-1.243622,-0.065022,0.098790,-0.526513,-0.680193,1.000000,27.208622
1.684282,1.684282,-0.627131,-1.691030,-1.691052,0.784815,0.428249,1.373174,1.797412,1.193839,1.007414,-1.000000,26.748510
-0.627581,0.466197,-1.075851,-0.071675,-0.071660,0.473372,0.597094,1.101719,1.765006,1.312105,1.058991,0.000000,26.729342
-1.095987,0.194449,-1.608626,1.434463,1.434469,-0.682345,-0.579819,-0.571876,0.288254,0.009864,-0.344765,1.000000,27.112766
0.497244,0.603800,-0.372943,-0.459604,-0.459614,-0.113656,-0.133191,-0.287103,0.630308,0.593474,0.135533,0.000000,26.988152
-0.670305,0.282237,-1.076021,0.674829,0.674833,-0.811429,-0.732050,-1.006642,-0.145846,0.029760,-0.457011,1.000000,27.170277
-0.212913,0.833928,-0.603265,-0.582110,-0.582114,-0.035483,-0.117102,-0.379699,0.279052,0.636099,0.166013,-1.000000,27.012115
3.480495,3.755267,-0.109914,-3.140525,-3.140517,2.773397,2.709282,2.772175,3.158672,3.726457,3.380592,-1.000000,26.163795
1.837761,2.209029,-0.649709,-1.318927,-1.318926,3.144605,3.720065,3.983662,4.094800,4.880738,4.709458,-1.000000,25.818714
0.225772,1.411101,-0.244595,-1.336544,-1.336546,3.352769,4.588893,4.987136,5.069135,5.961124,6.037285,-1.000000,25.473635
-1.226538,0.241583,-2.527415,1.241769,1.241754,1.014689,2.756000,3.392189,3.472410,4.361751,4.655383,1.000000,25.789955
-2.761231,0.270713,-2.797329,2.973421,2.973437,-2.245084,-0.283346,0.315221,0.434935,1.149639,1.593726,1.000000,26.556803
-2.548334,1.898063,-3.637961,2.689049,2.689040,-3.992968,-2.695956,-2.304627,-2.048330,-1.622042,-1.069309,1.000000,27.270926
-0.315959,0.754783,-0.579256,0.123023,0.123025,-3.022644,-2.745305,-2.290095,-2.011586,-1.860110,-1.192361,0.000000,27.304476
0.333805,0.895998,-0.281096,-0.087773,-0.087766,-1.612791,-2.552706,-2.096510,-1.878075,-1.834506,-1.149653,0.000000,27.280512
-0.472937,0.245227,-0.910843,0.298668,0.298660,-0.756696,-2.772811,-2.350671,-2.100189,-2.129266,-1.487918,0.000000,27.361988
-0.470301,0.104515,-1.236718,0.560518,0.560515,-0.613128,-3.131851,-2.709161,-2.537879,-2.573761,-2.080616,1.000000,27.515356
-0.709588,0.259609,-1.246099,0.644484,0.644484,-0.944957,-3.200060,-3.100256,-3.080641,-3.021105,-2.757782,1.000000,27.692688
-0.873594,0.051384,-1.147657,1.038429,1.038429,-1.479961,-3.422404,-3.889458,-3.857483,-3.798559,-3.771986,1.000000,27.980257
-1.631078,0.067254,-1.765603,1.867078,1.867084,-2.428123,-4.129819,-5.296793,-5.327900,-5.353964,-5.441123,1.000000,28.502672
0.646259,0.765306,-0.714282,-1.126622,-1.126628,-0.734693,-2.188772,-3.978454,-4.076526,-4.104757,-4.268703,-1.000000,28.181553
0.875984,0.875984,-0.274820,-0.986391,-0.986386,0.532458,-0.731712,-2.808889,-2.913950,-3.008591,-3.185621,-1.000000,27.903574
0.570444,0.570444,-0.293860,-0.635527,-0.635524,1.199655,0.067415,-1.811581,-2.113223,-2.318409,-2.415441,-1.000000,27.726240
-0.957268,0.136756,-1.675214,1.123599,1.123611,0.116228,-0.782921,-2.374942,-3.035911,-3.220526,-3.310555,1.000000,28.037775
0.085892,0.858959,-0.360763,-0.495726,-0.495753,0.182111,-0.066989,-1.309043,-2.389612,-2.586485,-2.724033,0.000000,27.898777
-1.301328,0.338009,-1.521038,1.649198,1.649219,-1.318239,-1.336833,-2.306355,-3.763737,-4.004738,-4.140054,1.000000,28.358889
-1.123781,0.452872,-1.123781,0.760521,0.760520,-1.593428,-1.710840,-2.572967,-4.216710,-4.473671,-4.670697,1.000000,28.574564
0.355026,0.591713,-0.507192,-0.788319,-0.788337,-0.371928,-0.698218,-1.545218,-3.070154,-3.486046,-3.783031,-1.000000,28.349300
-0.101047,0.168403,-0.707312,0.388842,0.388856,-0.461442,-0.914455,-1.656009,-2.981651,-3.670603,-3.955884,0.000000,28.459538
-0.601303,0.367466,-0.618002,0.825187,0.825179,-0.721555,-1.658586,-2.132392,-3.214458,-4.221139,-4.526467,1.000000,28.694380
-0.383589,0.083386,-0.867248,0.150329,0.150343,-0.607080,-1.612750,-1.960206,-2.846907,-4.146774,-4.492449,0.000000,28.737520
-1.042529,0.016545,-1.538971,0.783856,0.783839,-1.112025,-2.012238,-2.389535,-3.187153,-4.622863,-4.980412,1.000000,28.962776
-0.033151,0.165752,-0.911659,-0.165477,-0.165474,-0.556936,-1.438752,-1.945963,-2.742417,-4.084203,-4.570970,0.000000,28.914850
-0.380981,0.414113,-0.712274,0.066295,0.066295,-0.294843,-1.194296,-1.791169,-2.525254,-3.717071,-4.424376,0.000000,28.934019
-0.346706,0.214628,-0.379726,0.331294,0.331299,-0.392935,-1.130923,-1.994387,-2.545816,-3.544991,-4.505532,0.000000,29.029877
2.487223,2.606474,-0.119247,-3.087337,-3.087330,2.350927,1.938663,1.116404,0.695903,-0.139020,-1.349241,-1.000000,28.133629
0.947292,1.257317,-0.223910,-1.090286,-1.090297,2.662762,2.793660,2.212653,1.861866,1.144332,-0.164199,-1.000000,27.826889
-1.516942,0.168545,-1.634927,2.187392,2.187399,0.128092,0.623624,0.191016,-0.187938,-0.856909,-2.034953,1.000000,28.435574
0.050808,0.406435,-0.575783,-0.471940,-0.471944,0.155804,1.044878,0.728197,0.342084,-0.245893,-1.278013,0.000000,28.301374
-0.635987,0.217577,-0.887026,1.185436,1.185434,-1.292045,-0.158992,-0.280052,-0.810039,-1.225102,-2.066385,1.000000,28.636868
-0.963978,0.490438,-1.488250,-1.037654,-1.037655,-0.111617,0.747506,0.761037,0.257908,-0.051411,-0.739612,-1.000000,28.339716
0.016949,0.457698,-1.423970,-0.236766,-0.236760,0.440749,0.742494,0.928966,0.561107,0.292926,-0.301752,0.000000,28.272619
0.493617,0.748933,-0.527663,-0.406852,-0.406853,0.653616,0.885106,1.295886,1.048510,0.768680,0.210495,0.000000,28.157591
-0.571909,0.117746,-0.975613,1.191489,1.191505,-0.396985,-0.457540,0.111003,-0.061411,-0.345852,-0.830405,1.000000,28.493090
0.067662,0.693505,0.000000,-0.555092,-0.555114,-0.054116,-0.147147,0.585261,0.573420,0.186749,-0.152787,-1.000000,28.334921
1.841240,2.067045,-0.399514,-2.621783,-2.621775,2.094842,2.344971,3.016616,3.142261,2.798679,2.563255,-1.000000,27.592043
0.955249,2.034322,-0.141514,-1.806500,-1.806503,3.102783,3.957197,4.451919,4.766501,4.570322,4.398260,-1.000000,27.093592
0.250402,0.983724,-0.429265,-1.096759,-1.096746,3.230182,4.498290,5.083159,5.638515,5.591117,5.444453,-1.000000,26.796444
-0.196632,1.036829,-0.268141,0.053654,0.053656,1.919905,3.886299,4.498860,5.274391,5.351438,5.242512,0.000000,26.810822
-1.059887,0.653595,-1.059887,1.197715,1.652005,-0.529873,1.690482,2.366119,3.299216,3.544640,3.379402,1.000000,27.253738
-0.460425,0.796876,-1.221895,-0.247303,-0.247309,-0.581728,1.518346,2.387612,3.270030,3.628830,3.513679,0.000000,27.186337
-0.473190,0.035051,-1.770070,1.044803,1.044790,-1.335378,0.176621,1.242417,1.930594,2.396539,2.390796,1.000000,27.470377
-1.467031,0.414225,-2.312737,1.542229,1.542236,-2.046937,-1.439358,-0.424692,0.199479,0.776043,0.855723,1.000000,27.894035
-0.979213,0.738705,-1.219722,0.466003,0.466006,-1.635458,-2.063907,-0.952547,-0.427651,0.246436,0.386274,0.000000,28.024023
-0.257205,0.617284,-0.857339,0.188971,0.188959,-1.234560,-2.340488,-1.272295,-0.785142,-0.030591,0.218098,0.000000,28.076977
-1.047648,0.016894,-1.605272,1.474623,1.474632,-1.753974,-3.444152,-2.671607,-2.164216,-1.517957,-1.222816,1.000000,28.491009
-0.671257,0.151032,-0.889408,0.692802,0.692801,-1.580804,-3.552584,-3.244641,-2.687211,-2.233804,-1.889211,1.000000,28.688395
-0.016723,0.601899,-0.585190,0.369193,0.369198,-1.317513,-3.213515,-3.453128,-2.982873,-2.610172,-2.198585,0.000000,28.794312
1.565162,1.735288,-0.085060,-1.722127,-1.722135,0.605654,-0.991826,-1.807182,-1.283349,-0.993438,-0.503776,-1.000000,28.298435
-0.474737,0.593425,-0.695151,0.340255,0.340256,0.488304,-0.925735,-2.126116,-1.660739,-1.418646,-0.876347,0.000000,28.394722
-0.984811,0.634285,-1.352031,1.576806,1.576818,-0.827916,-1.889510,-3.356430,-3.100146,-2.850661,-2.402956,1.000000,28.842455
0.083801,0.636839,-0.167585,-0.400604,-0.400614,-0.402207,-1.057479,-2.588660,-2.631319,-2.334581,-2.037764,0.000000,28.726908
1.163985,1.472099,-2.173906,-2.094855,-2.094851,1.252995,1.141733,-0.189430,-0.553719,-0.289012,-0.035288,-1.000000,28.125122
0.222329,0.803824,-0.632810,0.085594,0.085593,1.060369,1.099705,0.042184,-0.699849,-0.395909,-0.213714,0.000000,28.149195
-0.067981,1.240653,-0.849762,0.632800,0.632803,0.377292,0.552342,-0.334244,-1.325613,-1.065953,-0.923865,1.000000,28.327324
0.340371,0.340371,-0.527566,-0.135965,-0.135964,0.122531,0.617766,0.061264,-1.068117,-0.938453,-0.770688,0.000000,28.288809
-1.080534,2.735097,-1.283130,0.799867,0.799857,-0.820524,-0.241426,-0.488487,-1.603899,-1.690505,-1.477635,1.000000,28.515079
0.402418,0.603622,-1.291083,0.692217,0.692223,-1.093226,-0.955736,-0.982563,-1.946680,-2.289047,-2.122796,1.000000,28.712467
1.664399,2.445649,-0.305710,-1.274309,-1.274324,0.322699,0.339684,0.371387,-0.410145,-1.048494,-0.854108,-1.000000,28.346577
-0.016946,0.118644,-1.033898,0.203801,0.203816,0.172878,0.138982,0.244066,-0.410171,-1.239986,-1.083059,0.000000,28.404352
0.737059,1.165581,-0.205687,-1.118644,-1.118642,1.162147,1.002738,1.282136,0.876753,-0.052283,0.005947,-1.000000,28.086609
1.038785,2.060253,-0.779079,-0.994176,-0.994182,1.668979,1.686294,2.087956,1.950317,1.054033,0.954402,-1.000000,27.807377
-1.044342,0.136966,-1.866119,1.125350,1.125360,0.116411,0.552981,0.792094,0.856011,0.117782,-0.173474,1.000000,28.120310
2.160602,2.245662,-0.255182,0.633450,0.633439,-0.547798,-0.027214,0.157657,0.269656,-0.302136,-0.824763,1.000000,28.298435
1.431532,1.828217,-0.120731,-1.361004,-1.360990,0.472568,1.203853,1.424620,1.623826,1.167979,0.493277,-1.000000,27.913296
0.745751,1.109955,-0.589664,-0.551914,-0.551920,0.794309,1.574744,1.727363,2.056014,1.811997,1.071074,-1.000000,27.759237
-0.725135,0.535224,-0.984116,0.450916,0.450906,0.397109,0.892619,1.069300,1.453738,1.414373,0.711919,0.000000,27.884405
0.154083,0.582092,-0.445126,0.845998,0.846011,-0.445135,-0.164362,0.220275,0.482787,0.595781,0.023962,1.000000,28.120310
1.488665,1.765622,-0.051927,-1.095703,-1.095703,0.308115,0.749519,1.249777,1.508562,1.679758,1.252085,-1.000000,27.812195
0.279086,0.662826,-0.191872,-0.761638,-0.761651,0.851217,1.231472,1.851274,2.143734,2.391073,2.071055,-1.000000,27.600363
2.078895,2.327651,-0.142143,-1.831509,-1.831494,2.242356,2.754084,3.457707,3.726897,4.095234,3.964104,-1.000000,27.094864
0.300672,0.884330,-0.459855,0.461979,0.461969,1.284051,2.065798,2.664783,2.973119,3.400781,3.455373,0.000000,27.220034
0.229520,0.423732,-0.582624,0.176866,0.176866,0.480229,1.573096,2.130416,2.634183,2.994352,3.196212,0.000000,27.268177
-0.491494,0.368612,-0.561699,0.582631,0.582632,-0.382660,0.667017,1.315311,1.908020,2.270667,2.525888,1.000000,27.427050
-0.384417,0.331990,-0.611564,0.456377,0.456378,-0.870172,0.078631,0.648845,1.304386,1.683733,1.996622,0.000000,27.552221
0.208438,1.007473,-0.468994,0.594094,0.594105,-1.007478,-0.528062,-0.034749,0.602735,0.920609,1.301015,1.000000,27.715910
0.034762,1.147028,-0.173796,-0.052110,-0.052114,-0.608275,-0.542235,-0.008114,0.508337,0.825160,1.235077,0.000000,27.701466
-0.570240,0.432003,-0.794882,0.573511,0.573508,-0.749953,-1.202693,-0.640514,-0.217728,0.212201,0.546052,1.000000,27.860336
-1.143543,1.075272,-1.280082,1.244171,1.244177,-1.416628,-2.276846,-1.883149,-1.468688,-1.011102,-0.700355,1.000000,28.206968
-1.247054,0.404452,-1.516687,1.280082,1.280063,-1.951454,-3.173228,-2.970442,-2.685362,-2.228504,-1.935166,1.000000,28.568035
0.152465,0.440457,-0.575978,-0.522417,-0.522409,-0.941889,-2.198876,-2.306166,-2.115867,-1.696759,-1.469868,-1.000000,28.418793
1.077660,1.385563,-0.256582,-0.965607,-0.965600,0.338688,-0.916870,-1.292055,-1.101611,-0.790972,-0.578177,-1.000000,28.144381
-0.119085,0.374280,-0.612453,0.547379,0.547370,0.102081,-1.092200,-1.787448,-1.608532,-1.389581,-1.099005,0.000000,28.298435
-0.782047,0.612037,-0.833047,0.068054,0.068064,0.112198,-0.844955,-1.735243,-1.672055,-1.460733,-1.146441,0.000000,28.317696
-0.404582,0.236008,-0.623736,0.850051,0.850037,-0.738363,-1.328380,-2.339844,-2.387888,-2.269716,-1.952678,1.000000,28.558407
0.101778,1.238338,-0.305344,-0.623736,-0.623725,-0.142497,-0.474982,-1.424939,-1.665821,-1.614930,-1.326551,-1.000000,28.380281
0.170390,0.391890,-1.107511,-0.441055,-0.441056,0.378259,0.161868,-0.744020,-1.164591,-1.115690,-0.920087,0.000000,28.255108
1.399692,1.624337,-0.259195,-1.397172,-1.397170,1.486090,1.581130,0.804102,0.189218,0.248143,0.381891,-1.000000,27.860336
-0.276577,0.345725,-1.331022,-0.034560,-0.034565,1.185828,1.488335,0.940369,0.230775,0.218502,0.357252,0.000000,27.850706
-0.394985,0.463679,-0.635411,0.656875,0.656885,0.151118,0.635403,0.396123,-0.346049,-0.418348,-0.341755,1.000000,28.033653
-0.816882,0.068077,-1.123213,0.910180,0.910177,-0.816883,-0.318245,-0.374406,-1.033868,-1.241662,-1.216815,1.000000,28.288809
0.223141,0.566430,-0.394782,-0.850919,-0.850920,-0.113285,0.502917,0.562992,-0.036904,-0.370752,-0.340428,-1.000000,28.048094
-0.805626,0.308536,-1.422698,0.137319,0.137318,-0.089134,0.289679,0.478799,-0.028285,-0.512173,-0.481090,0.000000,28.086609
-0.934103,0.254749,-1.562503,0.925612,0.925594,-0.655559,-0.619895,-0.409864,-0.782937,-1.349174,-1.388123,1.000000,28.346577
-1.257967,0.067095,-1.257967,1.256787,1.256808,-1.422345,-1.803089,-1.614674,-1.813991,-2.419996,-2.520410,1.000000,28.702839
-0.942460,0.611769,-1.041670,1.442472,1.442464,-2.255290,-2.946427,-2.853834,-2.969575,-3.529760,-3.751100,1.000000,29.116867
-0.363573,0.627999,-0.661044,0.049600,0.049614,-1.560081,-2.693777,-2.676150,-2.772278,-3.315162,-3.656153,0.000000,29.131313
-0.475647,0.442841,-0.770874,0.760212,0.760196,-1.440052,-2.919467,-3.170958,-3.251599,-3.760537,-4.243069,1.000000,29.352768
0.296248,0.526669,-0.510201,-0.344438,-0.344427,-0.480580,-2.105005,-2.623440,-2.738648,-3.178410,-3.748083,0.000000,29.251669
0.712392,1.043741,-0.182240,-0.658325,-0.658335,0.424127,-1.103376,-1.863261,-2.009606,-2.329353,-2.942894,-1.000000,29.059095
-0.361370,0.952691,-0.689885,0.861501,0.861507,-0.302236,-1.599873,-2.490149,-2.694650,-2.946128,-3.520044,1.000000,29.309441
-0.048960,0.603884,-0.750772,0.640601,0.640609,-0.688762,-1.734952,-2.830105,-3.084716,-3.320394,-3.876838,1.000000,29.497200
1.083698,1.767256,-0.166719,-2.105435,-1.704369,0.786060,0.281998,-0.884488,-1.284255,-1.487586,-2.011677,-1.000000,28.994459
0.714998,0.714998,-0.814762,0.266756,0.266751,0.394187,0.264666,-0.868157,-1.417182,-1.630677,-2.083782,0.000000,29.071802
-3.004013,0.096389,-3.004013,3.508480,3.508479,-2.322374,-2.672293,-3.772321,-4.503920,-4.762414,-5.121395,1.000000,30.091780
-0.112287,1.940969,-0.368944,0.144578,0.144591,-1.915309,-2.474867,-3.502770,-4.350611,-4.672082,-4.990770,0.000000,30.135290
-0.499114,0.788920,-0.611818,-0.368944,-0.368953,-1.201094,-1.816354,-2.706661,-3.701807,-4.068636,-4.381068,0.000000,30.024105
-0.207960,0.319952,-1.919687,0.644015,0.644026,-1.023842,-2.158477,-2.859129,-3.927996,-4.428475,-4.732920,1.000000,30.217468
0.810504,1.783112,-0.097254,-1.311790,-1.311801,0.794299,-0.666990,-1.238264,-2.320605,-2.956449,-3.286173,-1.000000,29.821075
0.822451,1.112727,-0.161261,0.518723,0.518720,0.196750,-0.873788,-1.464817,-2.500727,-3.268103,-3.628717,0.000000,29.975763
-0.949514,0.348160,-1.345146,1.902919,1.902924,-1.405285,-2.319985,-2.992906,-3.951916,-4.790841,-5.196194,1.000000,30.546179
0.015691,0.847458,-0.094165,0.838747,0.838743,-1.720027,-2.708727,-3.438104,-4.303722,-5.251970,-5.697101,1.000000,30.802383
0.964573,1.059453,-0.553450,-0.753296,-0.753292,-0.743206,-1.454780,-2.439663,-3.171144,-4.178229,-4.733607,-1.000000,30.570351
-1.050977,0.062745,-1.113725,0.806448,0.806448,-0.890982,-1.676864,-2.881537,-3.544967,-4.559793,-5.225408,1.000000,30.816885
-0.264300,0.513063,-0.481962,0.894118,0.894117,-1.050994,-2.226368,-3.306219,-4.015474,-5.012070,-5.793629,1.000000,31.092424
-0.295619,0.046691,-1.042474,-0.077743,-0.077736,-0.637933,-1.850008,-2.853586,-3.626753,-4.580323,-5.431945,0.000000,31.068254
-0.077743,0.155470,-0.513057,0.077803,0.077796,-0.528606,-1.582712,-2.587065,-3.386302,-4.262849,-5.201278,0.000000,31.092424
-0.233381,0.202281,-0.669046,-0.077743,-0.077736,-0.130699,-1.232302,-2.066283,-3.035056,-3.804486,-4.783348,0.000000,31.068254
0.387597,0.759687,-0.558140,0.357872,0.357870,-0.254268,-1.148842,-1.964863,-3.071686,-3.784087,-4.767017,0.000000,31.179438
3.889867,3.889867,-0.368177,-3.147284,-3.147286,2.394745,2.137021,1.244325,0.266650,-0.459430,-1.433446,-1.000000,30.198132
0.369960,1.158118,-0.321692,-0.480237,-0.480242,2.213293,2.465826,1.714659,0.874221,0.145524,-0.762117,0.000000,30.053108
1.881849,1.996403,-0.425466,-1.704999,-1.704998,2.935692,3.816071,3.369881,2.631321,1.938055,1.127660,-1.000000,29.540703
-1.442080,0.064092,-2.050950,2.127311,2.127316,0.195480,1.520587,1.206000,0.688188,-0.077081,-0.748739,1.000000,30.169127
-0.448143,0.320102,-0.768246,0.112162,0.112148,-0.563371,1.203596,1.176920,0.762654,-0.063030,-0.655043,0.000000,30.202961
0.064147,0.465045,-0.529189,-0.192061,-0.192054,-0.407313,1.084031,1.409026,0.965365,0.273357,-0.304415,0.000000,30.144955
0.608877,0.929341,-0.432623,0.080180,0.080186,-0.410195,0.705012,1.244456,0.890078,0.306999,-0.268031,0.000000,30.169127
-0.711916,0.174023,-0.917573,1.281846,1.281847,-1.006175,-0.745139,-0.090707,-0.299799,-0.823925,-1.374860,1.000000,30.555849
0.207198,1.004138,-0.286898,-0.743550,-0.743553,-0.159393,-0.245461,0.604608,0.465408,0.094991,-0.528779,-1.000000,30.328650
4.982441,5.266674,-0.317679,-4.670067,-4.670069,3.838823,3.857213,5.093907,5.229893,4.976424,4.305037,-1.000000,28.912281
2.093268,2.467669,-2.705922,-1.755566,-1.755565,4.469033,5.081692,6.341053,6.833736,6.614709,6.092108,-1.000000,28.404707
0.017004,1.326076,-0.850051,0.102114,0.102120,3.141785,4.404959,5.614865,6.353276,6.266570,5.881214,0.000000,28.433714
0.336421,0.538267,-0.470987,1.071064,1.071056,0.783856,3.019347,3.949541,4.867119,4.961483,4.671155,1.000000,28.738255
0.476271,0.952540,-0.612349,-1.110177,-1.110179,0.571530,3.560134,4.495101,5.665935,5.886720,5.778765,-1.000000,28.419209
-1.380239,0.336644,-2.087194,1.054601,1.054607,-0.612694,1.962632,2.833416,4.197945,4.628176,4.633899,1.000000,28.718920
-0.301811,0.905433,-0.922200,0.387140,0.387142,-0.700874,1.113345,2.120497,3.403753,4.065725,4.084504,0.000000,28.830103
0.951080,1.290757,-0.713319,-1.274309,-1.274321,0.601227,1.818960,3.066128,4.280746,5.116174,5.232116,-1.000000,28.462715
-2.731339,0.132432,-2.830657,2.598502,2.598512,-1.628871,-1.223308,0.378524,1.316007,2.234729,2.473100,1.000000,29.202322
1.357015,1.675323,-0.083763,-1.191859,-1.191861,-0.140724,-0.542801,1.285534,2.154469,3.230026,3.551688,-1.000000,28.854271
-0.100130,1.351806,-0.116822,0.385324,0.385326,-0.353804,-0.906207,0.611929,1.380176,2.578107,3.055743,0.000000,28.965454
1.199250,1.696080,-0.531088,-2.586782,-2.586781,1.857117,1.658387,2.827938,3.721090,4.894297,5.584491,-1.000000,28.216181
1.849250,2.289546,-0.317013,-2.724002,-2.724004,3.969709,4.145828,5.046381,6.150937,7.303984,8.164851,-1.000000,27.447571
-1.948175,3.473626,-8.105128,-4.174002,-4.173998,6.292955,7.755922,8.543768,10.158974,11.249399,12.305945,-1.000000,26.301910
3.714021,3.974009,-0.018566,-1.029226,-1.029241,5.229352,7.959159,8.571973,10.509764,11.632328,12.892619,-1.000000,26.031200
-0.415170,0.252704,-2.743682,2.878373,2.878384,0.653424,4.214796,5.003605,6.778877,7.851981,9.231645,1.000000,26.780478
-1.532496,0.158534,-2.325172,2.472920,2.472924,-2.339269,1.194287,2.235918,3.709702,4.847626,6.152306,1.000000,27.442739
-0.334621,0.105675,-1.056707,0.017611,0.017608,-2.356461,0.806624,1.978398,3.195671,4.449457,5.693910,0.000000,27.447571
0.710098,0.745603,-0.656847,-0.792526,-0.792526,-0.894732,0.887621,2.423807,3.409369,4.944430,6.065444,-1.000000,27.230042
0.000000,2.053802,-0.399855,-2.325585,-2.325582,1.890221,2.440927,4.405667,5.169935,6.905849,8.030410,-1.000000,26.596785
0.161059,0.518962,-1.127419,1.563072,1.563080,0.493905,0.141361,2.377699,3.199699,4.788103,5.853600,1.000000,27.012514
-0.053371,1.191962,-0.338018,0.590548,0.590523,-0.295307,-0.830800,1.369876,2.367030,3.735293,4.860952,1.000000,27.172029
-0.627461,0.501979,-1.039796,-0.764992,-0.764978,0.114740,-0.245605,1.780808,2.883652,4.059523,5.287442,-1.000000,26.964169
-0.665383,0.087550,-1.120641,2.384371,2.384375,-1.943621,-2.095960,-0.974732,0.282782,1.208890,2.601991,1.000000,27.607096
2.205753,2.664553,-0.211749,-0.770447,-0.770454,-0.599959,-0.838179,-0.561138,0.874366,1.566267,3.061002,-1.000000,27.394396
-0.070746,0.707460,-0.955076,-0.229395,-0.229397,-0.137955,-0.408555,-0.731041,0.852498,1.568452,2.947771,0.000000,27.331554
-0.283638,0.390005,-0.833189,-0.229926,-0.229921,0.163090,-0.242865,-0.733913,0.798617,1.635880,2.833422,0.000000,27.268713
0.782219,0.782219,-0.817778,-0.283638,-0.283640,0.615112,-0.053331,-0.514368,0.851558,1.742224,2.760892,0.000000,27.191368
-1.645082,0.245009,-2.205107,1.582222,1.582219,-0.941545,-1.468319,-1.745416,-1.005421,-0.004195,0.806212,1.000000,27.621595
-0.883273,0.588847,-1.333564,1.050056,1.050059,-1.600280,-2.021131,-2.317285,-2.202980,-1.116039,-0.529963,1.000000,27.911638
-0.547383,1.385563,-1.214506,1.246966,1.246967,-2.155320,-2.786522,-3.171398,-3.532329,-2.398905,-1.832021,1.000000,28.259687
1.010105,1.898293,-0.505044,-1.778998,-1.778990,-0.031352,-0.815051,-1.342161,-1.867820,-0.785793,-0.131781,-1.000000,27.756950
-0.483676,0.621869,-0.950078,0.818534,0.818527,-0.276386,-1.255831,-2.015316,-2.568665,-1.659699,-0.996142,1.000000,27.984148
-0.779764,0.242589,-1.646165,-0.310935,-0.310944,0.232204,-0.843867,-1.550272,-1.978851,-1.540106,-0.787838,0.000000,27.897133
1.359603,1.499045,-0.488056,-0.589156,-0.589139,0.697224,-0.134222,-0.693747,-1.091166,-1.118359,-0.282382,-1.000000,27.732780
0.299194,0.791975,-1.443154,-0.958686,-0.958689,1.094681,0.881727,0.377795,-0.008804,-0.379448,0.530912,-1.000000,27.466909
1.768659,1.768659,-0.689774,-0.492784,-0.492793,1.284050,1.404319,0.913811,0.466046,-0.015560,0.846013,0.000000,27.331554
3.138106,3.156355,-0.291918,-3.059777,-3.059767,3.357043,4.342264,3.981015,3.457389,2.996524,3.781539,-1.000000,26.495272
0.036271,1.070004,-0.652887,0.602076,0.602066,1.806318,3.355101,3.120545,2.730327,2.433084,2.841862,1.000000,26.654791
-2.144870,0.158228,-2.355840,3.155608,3.155617,-1.480314,0.042187,-0.009384,-0.248777,-0.487349,-0.468831,1.000000,27.495914
0.191604,0.557394,-1.532837,0.931783,0.931778,-2.184287,-1.064273,-0.831446,-1.036406,-1.265981,-1.533414,1.000000,27.752115
-3.201638,0.068113,-3.695507,2.281836,2.281833,-3.623976,-3.050068,-2.781563,-3.030485,-3.335832,-3.710264,1.000000,28.385372
-0.805096,0.150959,-1.241188,1.532691,1.966819,-3.791125,-4.588607,-4.253181,-4.558956,-4.993610,-5.395280,1.000000,28.943661
0.729184,1.543157,-1.237918,-1.090232,-1.090235,-1.352074,-3.281598,-2.963422,-3.328631,-3.751058,-4.081645,-1.000000,28.628107
-0.619762,0.502513,-1.122281,1.237914,1.237913,-1.532468,-4.033050,-3.903638,-4.236730,-4.598705,-4.915077,1.000000,28.982498
-2.591010,0.147589,-3.148570,2.144054,2.144063,-2.348316,-5.325590,-5.618046,-5.863064,-6.251092,-6.593053,1.000000,29.603901
0.776985,1.223339,-0.595140,-0.803539,-0.803546,-0.889404,-3.865879,-4.488209,-4.743405,-5.192826,-5.618094,-1.000000,29.366020
0.580717,1.327360,-0.116144,-0.363700,-0.363699,-0.311928,-2.570323,-3.849043,-4.042326,-4.533001,-5.067184,0.000000,29.259216
-0.033245,1.113700,-0.548534,-0.182512,-0.182507,0.265955,-1.518718,-3.374514,-3.595660,-4.139489,-4.668109,0.000000,29.205816
0.433770,0.867538,-0.200197,-0.365695,-0.365701,0.714054,-0.606338,-2.706849,-3.037792,-3.553321,-4.031566,0.000000,29.099010
-0.770362,0.098348,-1.573509,1.785119,1.785126,-1.042454,-1.719392,-3.928912,-4.508952,-4.935971,-5.421398,1.000000,29.618464
-0.163076,0.081536,-0.848010,0.508117,0.508112,-1.272016,-1.751468,-3.868743,-4.653764,-5.080607,-5.608747,0.000000,29.768959
-0.649776,0.081218,-1.023395,0.391393,0.391394,-1.237821,-1.819368,-3.487264,-4.707387,-5.090077,-5.650915,0.000000,29.885473
-0.584894,0.406174,-0.584894,-0.016248,-0.016255,-0.770101,-1.384235,-2.751859,-4.359993,-4.772241,-5.381953,0.000000,29.880615
1.096380,1.456390,-0.081816,-0.714866,-0.714865,0.327283,-0.443458,-1.563779,-3.345383,-3.849913,-4.445345,-1.000000,29.667009
-0.858998,0.486224,-0.858998,0.965472,0.965480,-0.408431,-1.278771,-2.015130,-3.854575,-4.543161,-5.067311,1.000000,29.953438
0.354953,0.354953,-0.613104,0.453809,0.453808,-0.645371,-1.484352,-2.080243,-3.830649,-4.664329,-5.183701,0.000000,30.089369
-0.241238,0.450306,-0.643297,0.322685,0.322689,-0.765525,-1.494055,-2.120730,-3.528580,-4.679149,-5.157946,0.000000,30.186464
1.332467,1.559961,-3.006178,-1.029270,-1.029279,0.263248,-0.245365,-0.824392,-1.986232,-3.422914,-3.920099,-1.000000,29.875761
-0.145302,1.033264,-1.469164,0.649981,0.649988,-0.116241,-0.566678,-1.223765,-2.191188,-3.735702,-4.301320,1.000000,30.069950
-1.538221,0.364729,-1.982239,1.808208,1.808211,-1.458935,-2.007620,-2.758229,-3.460999,-5.034289,-5.744708,1.000000,30.613678
0.782501,1.213676,-0.047905,-0.697754,-0.697760,-0.562117,-1.111463,-1.848182,-2.451291,-3.963249,-4.792596,-1.000000,30.400068
-0.175327,0.828811,-0.382534,0.191638,0.191638,-0.573798,-1.112531,-1.773459,-2.389228,-3.626484,-4.703929,0.000000,30.458326
-0.207804,0.287724,-0.911125,-0.286898,-0.286900,0.038364,-0.666560,-1.235082,-1.821452,-2.859757,-4.158227,0.000000,30.370941
1.692158,2.554504,-0.504390,-1.758315,-1.758309,1.672631,1.168237,0.697469,0.078910,-0.807321,-2.207799,-1.000000,29.836926
-0.533897,0.161783,-1.294295,0.569479,0.569469,0.692448,0.613174,0.213561,-0.420641,-1.068432,-2.479392,1.000000,30.006838
0.016228,0.292160,-1.266025,-0.323575,-0.323566,0.691445,0.879726,0.570252,-0.006495,-0.543421,-1.875494,0.000000,29.909746
-0.195596,0.244502,-1.418090,-0.422013,-0.422016,0.665041,1.171969,0.973653,0.505302,-0.009124,-1.091621,0.000000,29.783522
-0.503495,0.682154,-0.665909,0.358601,0.358601,-0.016241,0.815334,0.615020,0.260680,-0.197497,-1.084217,0.000000,29.890326
0.438668,0.438668,-0.487409,-0.032483,-0.032489,0.045496,0.784735,0.695377,0.424052,-0.044835,-0.786044,0.000000,29.880615
-0.227686,1.008291,-0.634256,-0.097478,-0.097471,0.039026,0.627740,0.770854,0.561063,0.085864,-0.454821,0.000000,29.851490
1.776523,2.490453,-0.083015,-2.049117,-2.049114,1.673580,2.336042,2.685259,2.574295,2.162374,1.725050,-1.000000,29.239799
-1.466989,0.114099,-1.955984,1.859535,1.859531,-0.182556,0.241242,0.720461,0.684601,0.367730,-0.038029,1.000000,29.783522
-0.261737,0.572547,-0.850649,-0.358592,-0.358588,0.032711,0.368062,1.038219,1.012590,0.792403,0.439494,0.000000,29.676722
-2.237855,0.111893,-2.429671,2.339277,2.339271,-1.930945,-1.750321,-1.205243,-1.180467,-1.343990,-1.703965,1.000000,30.370941
-0.175663,0.590872,-0.622801,0.095902,0.095904,-1.664002,-1.715104,-1.346745,-1.201689,-1.335673,-1.710846,0.000000,30.400068
0.349755,0.492843,-0.620038,0.447148,0.447134,-1.252774,-1.947527,-1.756217,-1.568352,-1.674394,-2.020658,0.000000,30.535997
0.788662,1.368096,-0.466766,-1.224165,-1.224155,0.222114,-0.606793,-0.604110,-0.352487,-0.419121,-0.706583,-1.000000,30.162189
0.097311,0.454100,-0.891988,-0.756482,-0.756477,1.157959,0.165421,0.056220,0.416801,0.347063,0.131364,-1.000000,29.934019
0.228010,0.635176,-0.521173,-0.421664,-0.421671,1.208468,0.565148,0.473400,0.798048,0.790882,0.634638,0.000000,29.807796
-0.454616,0.373437,-0.893002,0.309443,0.309449,0.561777,0.271146,0.139631,0.367753,0.472803,0.355576,0.000000,29.900036
1.117318,1.314492,-0.312195,-1.185257,-1.185253,1.097597,1.577385,1.258620,1.427040,1.604333,1.534117,-1.000000,29.545645
-0.469636,0.048580,-0.825908,1.462373,1.462368,-0.482591,0.178137,-0.157626,-0.114981,0.112064,0.080971,1.000000,29.977711
1.736108,2.083337,-0.231481,-2.056680,-2.056678,1.216930,2.174269,1.818780,1.810513,2.144177,2.123564,-1.000000,29.361166
1.291516,1.995981,-0.503184,-1.421961,-1.421963,2.079843,3.154984,3.071679,3.124793,3.461929,3.513366,-1.000000,28.943661
-1.893007,0.543213,-2.074071,1.895341,1.895337,-0.095470,0.928397,1.073254,1.119344,1.385352,1.535805,1.000000,29.492241
0.331294,0.960745,-0.828226,-0.625518,-0.625510,0.371044,1.144607,1.724917,1.653137,1.874439,2.086024,-1.000000,29.307764
1.108498,1.226067,-1.276456,-1.374852,-1.374854,1.027878,2.119582,2.940318,2.918204,3.079608,3.361323,-1.000000,28.904825
1.075272,1.638505,-0.887523,-1.595566,-1.595564,2.020819,3.251405,4.320414,4.332646,4.479941,4.869427,-1.000000,28.443630
-2.463546,1.005534,-2.463546,1.843315,1.843320,0.191047,1.092672,2.109374,2.286738,2.468906,2.844528,1.000000,28.967937
1.518020,2.777299,-0.051758,-2.848996,-2.849005,2.170088,3.432808,4.569027,4.982747,5.208898,5.567819,-1.000000,28.142639
0.888973,1.098138,-2.056824,-1.035025,-1.035020,2.192786,3.906223,5.020045,5.831444,6.013595,6.366857,-1.000000,27.851357
0.536800,2.406926,-0.380956,0.662371,0.662366,0.900435,2.529871,3.823377,4.823377,5.066666,5.378932,1.000000,28.035835
-0.783642,0.289605,-1.499148,1.645022,1.645020,-0.695056,0.567294,1.806931,2.919934,3.170700,3.454289,1.000000,28.497030
1.881209,2.456018,-0.034837,-2.197615,-2.197615,0.749000,2.442086,3.631194,4.784011,5.200490,5.543751,-1.000000,27.870775
1.063826,1.453901,-0.124113,-1.759272,-1.759277,1.996456,3.505323,4.873526,6.109045,6.723407,7.114069,-1.000000,27.380451
0.637620,0.673043,-1.895147,0.106379,0.106379,1.565715,2.702806,4.242539,5.425973,6.342905,6.696193,0.000000,27.409578
0.439445,1.107400,-0.246089,0.761601,0.761610,0.495690,1.460712,2.885098,4.168570,5.225521,5.628404,1.000000,27.618332
-0.122442,0.157425,-0.542239,0.492174,0.492177,-0.531750,0.715410,1.995219,3.265699,4.433094,4.854527,0.000000,27.754263
0.226876,0.401393,-0.279232,0.227395,0.227381,-0.795805,0.073307,1.493902,2.673658,3.828980,4.369411,0.000000,27.817371
-0.122399,0.454628,-0.804333,-0.191976,-0.191966,-0.328728,0.129395,1.274120,2.486453,3.648894,4.319524,0.000000,27.763971
-0.104243,0.642804,-0.469079,0.646973,0.646979,-0.587222,-0.481247,0.297652,1.540993,2.611528,3.494316,1.000000,27.943598
1.393052,1.498857,-0.052901,-1.476723,-1.476728,0.839357,0.827013,1.468289,2.618586,3.767237,4.772821,-1.000000,27.530947
0.194932,1.364522,-0.407585,-0.493740,-0.493724,1.077427,0.925024,1.716566,2.768902,3.911379,5.015047,0.000000,27.395020
