-0.461627,0.519331,-1.269469,0.463768,0.463759,-0.173110,0.755914,1.334868,1.087705,0.170799,-0.546262,0.000000,12.195801
0.346632,1.039867,-0.751005,-0.115413,-0.115409,-0.173307,0.641251,1.190062,1.311378,0.390525,-0.263818,0.000000,12.181726
3.864747,4.106286,-3.381637,-4.332756,-4.332769,3.514505,4.510885,5.261686,5.739745,4.852670,4.253233,-1.000000,11.653920
-1.376415,0.119695,-1.376415,0.905797,0.905798,1.927000,3.052076,3.953732,4.560153,3.954529,3.339329,1.000000,11.759481
-1.349777,0.352107,-1.584513,1.974877,1.974875,-0.293429,0.751175,1.717530,2.367958,2.051644,1.406496,1.000000,11.991716
0.233514,0.350274,-0.758897,0.528157,0.528165,-1.050788,-0.029184,0.937932,1.625807,1.604208,0.941823,0.000000,12.055052
1.244082,1.481043,-0.118472,-1.459428,-1.459430,-0.094787,1.137447,2.105064,2.802139,3.094792,2.440766,-1.000000,11.879117
0.296554,0.593108,-0.355884,-0.118472,-0.118477,0.379592,1.026096,1.894031,2.636417,3.162513,2.552393,0.000000,11.865043
-1.806527,0.466200,-1.864802,1.779353,1.779361,-0.850820,-0.798371,-0.050507,0.708041,1.284380,0.881894,1.000000,12.076165
0.058485,1.111117,-0.584795,-0.349650,-0.349647,-0.432754,-0.538018,0.120853,0.912277,1.520462,1.339177,0.000000,12.033941
0.231610,1.215981,-0.347429,0.994152,0.994138,-1.250717,-1.551818,-0.976637,-0.222920,0.391438,0.442008,1.000000,12.153575
1.104015,1.510750,-0.522940,-0.347429,-0.347412,-0.522954,-1.266711,-0.708893,-0.020338,0.560137,0.844467,0.000000,12.111352
0.292398,0.877193,-0.233924,-0.639158,-0.639161,0.397657,-0.315796,-0.128661,0.447365,1.036252,1.495121,-1.000000,12.033941
2.402396,2.462456,-0.240234,-2.631579,-2.631590,2.498505,2.342348,2.326332,2.882890,3.533941,4.072078,-1.000000,11.717257
-0.533814,0.296554,-1.720053,1.261267,1.261268,0.937128,0.960853,0.897586,1.393831,2.066430,2.627520,1.000000,11.865043
0.418404,1.016139,-1.135678,-0.771062,-0.771072,1.075925,1.506290,1.442532,1.933667,2.613286,3.205833,-1.000000,11.773555
-2.153673,0.407451,-2.561118,2.689779,2.689799,-1.606526,-0.977886,-1.265044,-0.803264,-0.197908,0.345358,1.000000,12.090240
0.466200,1.981352,-0.233094,-0.116414,-0.116416,-1.421917,-0.687649,-0.916865,-0.713873,-0.207461,0.332165,0.000000,12.076165
0.524476,2.272721,-0.058275,0.000000,0.000000,-0.827509,-0.687649,-0.742039,-0.743010,-0.305363,0.242811,0.000000,12.076165
-1.711358,0.513406,-2.167718,2.156183,2.156189,-2.156316,-2.538519,-2.650708,-2.758143,-2.416443,-1.888205,1.000000,12.336550
1.785708,1.900922,-0.230420,-0.969766,-0.969777,-0.472348,-1.532260,-1.609066,-1.797239,-1.506916,-1.004227,-1.000000,12.216913
0.577034,0.577034,-0.923254,-0.172817,-0.172810,-0.126947,-1.292560,-1.265632,-1.621471,-1.354880,-0.905947,0.000000,12.195801
-0.057971,0.811588,-0.579710,-0.461627,-0.461618,0.440573,-0.747838,-0.657017,-0.965231,-0.897405,-0.533346,0.000000,12.139503
-0.690852,0.287847,-1.727121,0.695658,0.695638,-0.011507,-1.018995,-1.262712,-1.459412,-1.556706,-1.260793,1.000000,12.223950
-1.642123,0.226506,-1.642123,1.669539,1.669542,-1.506222,-2.191388,-2.672703,-2.902035,-3.080405,-2.863341,1.000000,12.428034
-2.005576,0.222836,-2.952652,1.642135,1.642150,-2.440122,-3.091934,-3.992586,-4.242355,-4.508095,-4.360276,1.000000,12.632121
-0.222464,0.111235,-0.945501,0.167125,0.167114,-1.879861,-2.808672,-3.867258,-4.096217,-4.518354,-4.414163,0.000000,12.653231
-2.702703,0.270265,-2.702703,2.892102,2.892091,-3.286476,-4.816203,-6.064854,-6.348638,-6.782693,-6.875666,1.000000,13.019174
-0.694074,0.213561,-1.227977,1.243243,1.243259,-3.021893,-5.146824,-6.478023,-7.079555,-7.496000,-7.757612,1.000000,13.181036
0.698169,0.698169,-0.429646,-0.587288,-0.587298,-1.417828,-4.001071,-5.295379,-6.122448,-6.610096,-6.967418,-1.000000,13.103624
1.028139,1.136369,-0.216445,-0.751885,-0.751884,-0.097400,-2.667743,-3.946602,-5.083869,-5.610385,-6.055191,-1.000000,13.005100
-0.484131,0.107590,-0.914470,0.595238,0.595236,-0.032272,-2.565888,-4.009315,-5.274334,-5.800961,-6.381561,1.000000,13.082511
-0.428036,1.337614,-0.428036,0.537929,0.537924,-0.363827,-2.316742,-3.977164,-5.355799,-5.913317,-6.502581,0.000000,13.152885
0.770920,1.872247,-0.275325,-2.835746,-0.927424,0.338445,-0.783063,-2.589841,-3.965780,-4.739497,-5.302114,-1.000000,13.030902
0.220745,0.607058,-0.386324,-0.220259,-0.220269,0.403935,-0.122446,-2.033503,-3.316486,-4.231330,-4.834009,0.000000,13.002199
0.277156,0.554313,-0.831497,-0.441501,-0.441487,0.756000,0.562000,-1.224210,-2.435349,-3.562158,-4.182888,0.000000,12.944796
1.803828,2.480271,-0.338219,-1.662977,-1.662993,1.905306,2.322555,0.725723,-0.534315,-1.737034,-2.339824,-1.000000,12.729525
-0.056454,0.338797,-0.959898,-0.169115,-0.169111,1.377762,2.251020,1.194584,-0.117226,-1.358411,-1.953281,0.000000,12.707998
-0.631827,0.344624,-1.493395,-1.693953,-1.693941,2.263060,3.461975,3.081732,1.770608,0.589608,-0.152660,-1.000000,12.492732
0.347820,1.043478,-0.173919,-0.919012,-0.919046,2.202921,3.835367,4.010896,2.731313,1.688387,0.866127,-1.000000,12.377918
-1.749430,0.169306,-2.370203,2.724632,2.724659,-0.869077,0.853233,1.295667,0.202409,-0.712567,-1.662010,1.000000,12.715174
0.340340,1.247879,-0.680652,-0.507901,-0.507905,-0.487803,1.026665,1.811389,0.893692,-0.028528,-1.017911,-1.000000,12.650593
-2.047587,0.387377,-2.268954,2.495752,2.495749,-2.512452,-1.577196,-0.694871,-1.244215,-2.188206,-3.188410,1.000000,12.966320
0.610427,1.220866,-0.166482,-0.276702,-0.276701,-1.564932,-1.381796,-0.548530,-0.697008,-1.652540,-2.607042,0.000000,12.930442
-0.276249,0.276243,-0.441989,0.443951,0.443945,-1.060769,-1.828722,-1.047517,-0.920396,-1.886632,-2.749334,0.000000,12.987846
0.891856,1.337787,0.000000,-0.883972,-0.883957,0.066876,-1.008933,-0.233410,0.056811,-0.807741,-1.597313,-1.000000,12.873039
-1.381215,0.276243,-1.381215,0.891856,0.891841,-0.298336,-1.685077,-1.163896,-0.698830,-1.440624,-2.236780,1.000000,12.987846
0.276866,1.052054,-0.775188,-0.221000,-0.220984,-0.088597,-1.273537,-1.044668,-0.502066,-0.969349,-1.793142,0.000000,12.959145
-0.495873,1.267212,-0.826446,0.498344,0.498335,-0.440771,-1.355374,-1.539026,-1.055835,-1.214770,-2.037593,0.000000,13.023725
0.443951,0.721421,-0.388452,-0.716253,-0.716254,0.188682,-0.216426,-0.865703,-0.408997,-0.346694,-1.177772,-1.000000,12.930442
1.642135,1.925255,-0.283120,-1.997780,-1.997766,1.913918,1.783679,1.011689,1.489774,1.697356,0.956450,-1.000000,12.672122
-0.732802,0.620068,-1.014662,0.453001,0.452986,1.048482,1.386699,0.556183,0.893464,1.262732,0.640953,0.000000,12.729525
0.569806,1.025647,-0.227915,-1.071032,-1.071030,1.561260,2.188040,1.584051,1.763540,2.223721,1.850604,-1.000000,12.593188
0.516944,0.746703,-0.631827,-0.797715,-0.797701,1.527847,2.659378,2.400904,2.366443,2.825332,2.741318,-1.000000,12.492732
1.998824,2.175185,-0.529101,-2.297530,-2.297536,2.727804,4.432681,4.714866,4.447377,4.949074,5.096629,-1.000000,12.205707
-1.849705,0.520231,-2.023110,1.704874,1.704866,0.589602,2.312145,2.797693,2.482664,2.999295,3.276283,1.000000,12.413798
0.289681,0.811124,-0.869056,-0.231208,-0.231202,0.266509,2.062568,2.893003,2.581106,3.012741,3.443448,0.000000,12.385097
-0.975890,0.459242,-0.975890,0.926999,0.926985,-0.803664,0.757759,1.699204,1.555690,1.857643,2.354877,1.000000,12.499905
0.230409,0.230409,-0.748854,-0.344426,-0.344403,-0.518450,0.650903,1.797215,1.892259,2.025325,2.514824,0.000000,12.456855
-0.402299,0.517241,-0.402299,0.230409,0.230379,-0.298837,0.063235,1.295035,1.701164,1.625302,2.114185,0.000000,12.485553
0.695658,1.101455,0.000000,-0.862069,-0.862076,0.510163,0.695673,1.909200,2.449296,2.325818,2.833244,-1.000000,12.377918
-0.404619,0.693647,-0.404619,0.289849,0.289871,0.265896,0.150293,1.306364,2.057808,1.928328,2.356460,0.000000,12.413798
-0.573723,0.458979,-0.975330,0.751451,0.751438,-0.470447,-0.665509,0.309822,1.113035,1.103855,1.420934,1.000000,12.507080
0.578692,1.562488,-0.057876,-0.860579,-0.860577,0.300918,0.121528,0.844910,1.776623,1.951390,2.131561,-1.000000,12.399447
-0.399766,0.342661,-1.027984,1.331013,1.331027,-0.890932,-0.908061,-0.673906,0.271268,0.671610,0.673895,1.000000,12.564487
-0.511364,0.284091,-0.568182,0.513992,0.513980,-0.999998,-1.244315,-1.204541,-0.338063,0.129551,0.075763,0.000000,12.629066
-0.283286,0.339938,-0.509921,0.284091,0.284107,-0.883863,-1.303128,-1.518424,-0.747885,-0.149585,-0.224751,0.000000,12.664946
-0.452233,0.678338,-0.621826,0.226635,0.226602,-0.814004,-1.373644,-1.688320,-1.076863,-0.461261,-0.454101,0.000000,12.693645
-0.393917,0.225093,-0.675295,0.452227,0.452250,-0.709061,-1.586950,-1.995875,-1.629151,-0.965673,-0.834741,0.000000,12.751052
0.224966,0.506187,-0.449944,0.056280,0.056286,-0.461204,-1.428585,-1.762292,-1.751979,-1.093374,-0.791162,0.000000,12.758229
0.510494,0.964266,-0.226880,-0.843656,-0.843659,0.419743,-0.374360,-0.801661,-0.924557,-0.322174,0.035927,-1.000000,12.650593
0.283120,0.792746,-0.396376,0.170170,0.170182,0.260463,-0.339764,-0.819191,-1.115528,-0.591179,-0.128363,0.000000,12.672122
-1.175817,0.223959,-1.175817,1.132508,1.132494,-0.671892,-1.215008,-1.765589,-2.136062,-1.749164,-1.285931,1.000000,12.815633
1.125487,1.125487,-0.281379,-0.503925,-0.503924,-0.168819,-0.438940,-1.114240,-1.539111,-1.337084,-0.832864,-1.000000,12.751052
-0.223970,0.559899,-0.671898,0.506477,0.506476,-0.582308,-0.744683,-1.440841,-1.797317,-1.870104,-1.377383,0.000000,12.815633
-0.502799,0.502793,-0.837989,0.223959,0.223969,-0.502796,-0.798888,-1.419002,-1.849170,-2.035762,-1.605222,0.000000,12.844336
0.840336,0.840336,-0.560224,-0.279330,-0.279322,-0.011214,-0.408977,-0.937456,-1.408979,-1.736710,-1.376299,0.000000,12.808459
0.506757,0.957207,0.000000,-0.504202,-0.504214,0.382885,0.135136,-0.311563,-0.813630,-1.191444,-0.932811,-1.000000,12.743877
-0.558960,0.223594,-0.782555,0.731976,0.731959,-0.212388,-0.525412,-0.808626,-1.386233,-1.802106,-1.701118,1.000000,12.837157
0.000000,0.504207,-0.504202,-0.223583,-0.223554,-0.000011,-0.263317,-0.459397,-1.039232,-1.393853,-1.512620,0.000000,12.808459
-0.723422,0.111302,-0.723422,0.672263,0.672251,-0.589867,-0.740117,-0.986826,-1.499719,-1.903170,-2.112778,1.000000,12.894564
0.560544,0.672640,-0.448430,-0.723422,-0.723421,0.123314,0.084079,-0.194323,-0.630609,-1.058301,-1.380797,-1.000000,12.801282
-0.391729,0.111908,-0.839407,0.168167,0.168147,0.078351,-0.078332,-0.294709,-0.674304,-1.123662,-1.486653,0.000000,12.822807
-0.673395,0.392811,-1.234568,-0.279804,-0.279806,0.280599,0.230096,0.003760,-0.244090,-0.742970,-1.133542,0.000000,12.786928
0.280752,0.393038,-0.617619,-0.056122,-0.056104,0.291970,0.258286,0.071126,-0.103870,-0.595168,-0.928314,0.000000,12.779754
0.967008,1.308299,-0.170654,-1.291404,-1.291402,1.160402,1.387937,1.361394,1.197381,0.780429,0.420929,-1.000000,12.614716
0.228577,0.571429,-0.285709,-0.455063,-0.455080,1.234292,1.651439,1.763823,1.617157,1.286871,0.925727,0.000000,12.557309
-0.114155,0.456621,-0.228311,0.114286,0.114292,0.719178,1.398405,1.518271,1.452633,1.191788,0.829535,0.000000,12.571661
-0.455575,0.398633,-0.455575,0.228305,0.228315,0.193620,0.979499,1.207291,1.161734,1.025060,0.637814,0.000000,12.600364
0.515169,1.030344,0.000000,-0.512529,-0.512533,0.320551,1.282200,1.579857,1.594168,1.536355,1.169630,-1.000000,12.535783
0.172222,1.148111,-2.583243,-0.286199,-0.286205,0.424798,1.257177,1.687719,1.825494,1.786459,1.492543,0.000000,12.499905
-1.176476,0.392157,-2.128857,2.468427,2.468451,-1.602258,-1.176491,-0.761924,-0.574246,-0.620745,-0.849690,1.000000,12.808459
-0.223220,0.669648,-0.669648,0.392157,0.392131,-1.540171,-1.534594,-1.090024,-0.945863,-0.957580,-1.145825,0.000000,12.858685
-0.940265,0.055310,-2.488944,0.892857,0.892852,-1.836273,-2.262159,-1.895269,-1.736713,-1.765473,-1.873143,1.000000,12.973494
-0.275628,0.496147,-0.606384,0.331853,0.331892,-1.422289,-2.403549,-2.113216,-1.984584,-2.011044,-2.081974,0.000000,13.016552
-0.708066,0.163388,-0.871460,1.212801,1.212787,-1.579531,-3.148165,-3.144535,-3.033786,-3.026159,-3.117299,1.000000,13.174415
-0.917927,1.241901,-0.917927,0.871454,0.871447,-1.706264,-3.434128,-3.736506,-3.690609,-3.678189,-3.797699,1.000000,13.289223
-1.530348,0.263847,-2.216359,2.321820,2.321821,-2.849607,-4.870720,-5.540907,-5.562016,-5.633782,-5.759024,1.000000,13.597775
-0.054025,1.080492,-1.350621,-2.321905,-0.430357,-1.593971,-3.766095,-4.762196,-4.894556,-4.993050,-5.157644,0.000000,13.539256
-2.671556,0.261912,-4.976433,3.133441,3.133451,-3.227470,-5.667456,-7.090595,-7.370503,-7.550779,-7.751471,1.000000,13.963502
-1.406988,0.052110,-2.240755,0.523840,0.523816,-2.503196,-5.064204,-6.899392,-7.446361,-7.692748,-7.903015,0.000000,14.036645
0.471209,0.575911,-0.942408,-0.468999,-0.468972,-1.068069,-3.784894,-5.786213,-6.591701,-6.925017,-7.159211,0.000000,13.970817
0.313311,1.618794,-0.574407,0.261780,0.261767,-0.741512,-3.216026,-5.348871,-6.412733,-6.807208,-7.118002,0.000000,14.007388
0.473435,0.894266,-0.420831,-0.731070,-0.731057,0.515510,-1.833372,-4.026328,-5.321484,-5.813719,-6.157357,-1.000000,13.904986
-0.260563,0.364768,-0.990104,0.946875,0.946847,-0.323074,-2.027406,-4.213698,-5.761818,-6.347161,-6.747611,1.000000,14.036645
0.312495,0.416667,-0.781260,0.052110,0.052128,-0.364587,-1.459290,-3.530640,-5.302070,-6.068583,-6.511465,0.000000,14.043962
0.364964,1.355584,-0.417101,-0.104172,-0.104159,-0.177279,-0.828999,-2.849901,-4.678707,-5.620505,-6.123911,0.000000,14.029334
0.894737,0.894737,-1.052637,-0.938478,-0.938469,0.610512,0.326298,-1.431140,-3.298609,-4.417025,-4.957830,-1.000000,13.897673
0.052659,0.895208,-1.053181,-0.052632,-0.052635,0.642434,0.631899,-0.939183,-2.783335,-4.048935,-4.655037,0.000000,13.890358
1.498117,1.498117,0.000000,-1.579774,-1.579794,1.722856,2.033175,0.969997,-0.807695,-2.248027,-2.914315,-1.000000,13.670919
0.537046,1.450043,-0.590768,-0.374532,-0.374532,1.482286,2.110638,1.567553,-0.023692,-1.585377,-2.371854,0.000000,13.619717
0.813444,1.681122,-2.277663,-0.966702,-0.966694,1.670282,2.749453,2.657261,1.204133,-0.348701,-1.249153,-1.000000,13.488056
-2.064579,0.052943,-2.488084,2.440336,2.440337,-0.868178,0.164114,0.317632,-0.859896,-2.362019,-3.361704,1.000000,13.817210
0.212987,0.745469,-0.745485,-0.582308,-0.582296,-0.511198,0.628312,1.001047,-0.001410,-1.459242,-2.565204,-1.000000,13.736753
1.298696,1.677495,-0.432900,-1.597449,-1.597466,0.876630,1.877714,2.420639,1.807196,0.430919,-0.801568,-1.000000,13.517313
-0.596211,0.487805,-1.029816,-0.162332,-0.162318,0.856359,1.636846,2.319770,2.091630,0.889256,-0.422769,0.000000,13.495372
-0.378788,1.136369,-1.406932,0.162596,0.162582,0.735939,1.093083,1.930021,2.010286,0.935256,-0.347666,0.000000,13.517313
0.379004,0.541424,-0.378988,-0.054118,-0.054108,0.335685,0.860859,1.739761,2.033027,1.182739,-0.062200,0.000000,13.509999
0.433604,0.433604,-0.433604,-0.108273,-0.108268,0.086710,0.677494,1.647684,2.127357,1.447090,0.267183,0.000000,13.495372
0.326275,0.326275,-0.598140,-0.325214,-0.325237,0.315409,0.842870,1.689346,2.270275,1.907443,0.821267,0.000000,13.451480
0.270997,1.300813,-2.330629,0.326275,0.326299,-0.010854,0.422752,1.087613,1.737114,1.671133,0.739237,0.000000,13.495372
-0.322575,0.215048,-1.075269,0.813003,0.813005,-0.688179,-0.301083,0.064509,0.782248,0.944075,0.122007,1.000000,13.605090
-1.744186,0.000000,-1.744186,1.720430,1.720422,-1.892176,-1.971458,-1.656096,-0.983088,-0.693449,-1.335222,1.000000,13.839155
0.529101,0.529101,-0.529106,-0.105708,-0.105722,-1.312159,-1.804221,-1.583763,-0.907396,-0.505810,-1.025603,0.000000,13.824524
-0.158479,0.052831,-0.422610,0.158730,0.158747,-0.898047,-1.722138,-1.655225,-1.133126,-0.697312,-0.982683,0.000000,13.846470
-0.263153,0.000000,-0.631584,0.369783,0.369791,-0.684220,-1.794748,-1.884221,-1.550010,-1.103170,-1.174019,0.000000,13.897673
-0.471451,0.052383,-0.628607,0.473684,0.473669,-0.639075,-1.938184,-2.119780,-2.037712,-1.571501,-1.478958,0.000000,13.963502
-0.314131,0.366492,-0.523560,0.052383,0.052387,-0.502618,-1.659685,-2.097730,-2.062827,-1.633508,-1.441538,0.000000,13.970817
-0.524389,0.262197,-0.524389,-0.157068,-0.157063,-0.167804,-1.179868,-1.842339,-1.887786,-1.466182,-1.188609,0.000000,13.948874
-0.575620,0.627938,-1.465207,0.209759,0.209745,-0.188377,-1.009936,-1.828008,-1.983250,-1.689163,-1.391939,0.000000,13.978131
0.684205,1.052637,-0.526316,-0.575620,-0.575599,0.389464,-0.147378,-1.066677,-1.315800,-1.162115,-0.854398,-1.000000,13.897673
-0.313316,0.261102,-0.783290,0.789474,0.789449,-0.334191,-0.642285,-1.608342,-1.903381,-1.942545,-1.622268,1.000000,14.007388
2.178533,2.178533,-0.797024,-1.723238,-1.723226,1.115835,1.046760,0.240881,-0.201910,-0.261422,0.044281,-1.000000,13.766009
-1.102946,0.105032,-2.258403,1.168974,1.168966,-0.084031,-0.047264,-0.710780,-1.286760,-1.403357,-1.106438,1.000000,13.926929
1.173328,1.440000,-1.119995,-1.523114,-1.523100,1.077328,1.402662,0.952885,0.311995,0.134395,0.344884,-1.000000,13.714808
0.106998,0.642044,-0.267533,-0.319995,-0.320012,1.070093,1.562338,1.362589,0.698241,0.470847,0.576073,0.000000,13.670919
-0.796601,0.743489,-1.168343,0.749058,0.749079,-0.021251,0.669136,0.690379,0.042477,-0.193317,-0.233678,1.000000,13.773325
0.477200,0.636262,-0.477206,0.159326,0.159286,-0.137837,0.381783,0.509037,-0.013231,-0.358406,-0.417084,0.000000,13.795264
0.958982,0.958982,-0.106553,-0.477206,-0.477164,0.053264,0.703236,0.944758,0.551399,0.117196,0.021299,0.000000,13.729438
-0.477707,0.583869,-0.636948,0.372936,0.372921,-0.222930,0.185776,0.537865,0.297243,-0.178342,-0.323777,0.000000,13.780638
0.749058,0.802563,0.000000,-0.796173,-0.796182,0.577853,0.823973,1.234176,1.166405,0.674163,0.488681,-1.000000,13.670919
0.213898,1.229941,-0.588241,0.053505,0.053515,0.385019,0.529406,1.040993,1.139033,0.667375,0.481279,0.000000,13.678235
0.160691,1.124794,-0.214253,-0.160433,-0.160445,0.342808,0.610615,1.049824,1.234612,0.871999,0.603476,0.000000,13.656289
-0.587596,0.534193,-0.747858,0.267804,0.267818,0.021367,0.170942,0.655272,0.916136,0.660259,0.324077,0.000000,13.692863
0.426667,0.693328,-0.266661,0.160262,0.160266,-0.234675,0.010659,0.366215,0.706660,0.575994,0.211550,0.000000,13.714808
-2.534920,0.413864,-2.534920,3.093333,3.093328,-2.565961,-2.659081,-2.531474,-2.229697,-2.259701,-2.643560,1.000000,14.139052
2.370917,2.897792,0.000000,-1.810657,-1.810666,-0.474179,-0.785032,-0.793812,-0.455736,-0.377232,-0.760442,-1.000000,13.883041
-2.598054,1.069796,-3.158426,3.424652,3.424675,-2.791653,-3.678052,-3.803711,-3.616922,-3.531338,-3.849558,1.000000,14.358490
1.612914,1.612914,-0.364199,-2.088640,-2.088632,-0.197722,-1.389194,-1.689229,-1.521869,-1.406884,-1.664948,-1.000000,14.058594
-0.672525,0.258660,-1.707191,0.572326,0.572305,-0.165543,-1.696844,-2.048630,-2.025350,-1.885153,-2.062424,1.000000,14.139052
0.000000,0.723888,-0.517063,0.051733,0.051743,-0.206830,-1.411591,-1.875225,-1.988118,-1.865574,-1.959679,0.000000,14.146368
-0.205334,0.821350,-0.410678,0.723888,0.723868,-0.410663,-1.719702,-2.357965,-2.607794,-2.490750,-2.513680,1.000000,14.248769
1.564129,1.929088,0.000000,-1.540041,-1.540028,0.677790,0.083419,-0.719502,-0.990619,-0.948909,-0.943695,-1.000000,14.029334
0.000000,0.675319,-0.831169,0.364964,0.364950,0.342866,-0.005183,-0.914276,-1.296094,-1.271679,-1.243280,0.000000,14.080534
0.729161,1.770833,-0.260422,-0.259735,-0.259734,0.468752,0.489588,-0.531246,-0.921872,-0.995830,-0.939232,0.000000,14.043962
0.678856,0.887728,-0.261097,-0.260422,-0.260425,0.532643,0.657976,-0.111389,-0.543069,-0.705994,-0.654471,0.000000,14.007388
0.104063,1.040588,-0.364199,0.365530,0.365564,-0.104076,0.416219,-0.294848,-0.803867,-1.053086,-0.993773,0.000000,14.058594
-0.414508,0.207259,-0.569938,0.416233,0.416215,-0.393783,-0.170982,-0.490498,-1.101034,-1.363729,-1.369602,0.000000,14.117108
-0.971360,0.562377,-1.431483,1.347150,1.347139,-1.400808,-1.324120,-1.526913,-2.213689,-2.568495,-2.597125,1.000000,14.307285
-0.507877,0.304718,-0.812595,0.664632,0.664633,-1.554089,-1.792789,-1.858810,-2.643473,-3.020822,-3.142034,1.000000,14.402376
0.465357,0.775595,-0.723883,-1.777557,0.051735,-1.046432,-1.660737,-1.784284,-2.437424,-2.865856,-3.073644,0.000000,14.409827
0.469729,1.252610,-0.260955,-0.930714,-0.930719,0.187378,-0.718003,-0.678209,-1.311596,-1.812550,-2.100404,-1.000000,14.275712
1.159736,1.686885,-1.107006,-0.991654,-0.991649,1.214947,0.350543,0.210764,-0.154108,-0.733218,-1.033040,-1.000000,14.134147
1.020946,1.450822,-1.719506,-1.897723,-1.897716,2.536259,2.136973,2.056631,1.839741,1.226397,0.866737,-1.000000,13.865921
2.603884,3.047097,-0.055391,-3.009145,-3.009140,4.299164,4.863136,4.880709,4.900375,4.268210,3.930163,-1.000000,13.448676
-0.054945,0.384610,-0.879121,0.831036,0.831019,2.186814,3.669287,3.728255,3.822471,3.376274,3.046445,1.000000,13.560437
3.949634,4.178604,-1.259296,-4.011000,-4.011014,4.522062,7.200658,7.431546,7.827964,7.492630,7.158558,-1.000000,13.016526
-1.778766,0.166759,-2.334630,2.976537,2.976555,0.411341,3.569970,4.015185,4.355120,4.310241,3.963814,1.000000,13.403970
-0.445682,0.445682,-1.838440,-0.222340,-0.222352,-0.100275,3.103071,3.894875,4.331796,4.447376,4.106948,0.000000,13.374166
2.172676,2.858776,-1.372213,-2.562680,-2.562664,1.886784,4.762718,6.109382,6.650809,6.984647,6.653386,-1.000000,13.031431
0.974212,1.661885,-1.088831,-0.228696,-0.228701,1.260736,3.919766,5.836902,6.455050,6.879949,6.726271,0.000000,13.001628
0.459242,0.975890,-0.918485,-0.171925,-0.171932,1.377733,3.099893,5.464802,6.149349,6.785501,6.730577,0.000000,12.979274
-0.686101,1.200692,-0.686101,0.401837,0.401848,0.400225,1.841049,4.487275,5.341613,5.950762,6.143565,0.000000,13.031431
0.056722,1.361327,-0.623931,0.800452,0.800449,-0.760064,0.476463,3.062965,4.145476,4.828394,5.159311,1.000000,13.135741
0.000000,1.923077,-0.678739,0.283613,0.283623,-0.825801,-0.016981,2.149310,3.520344,4.238573,4.724797,0.000000,13.172997
0.000000,1.753394,-0.622172,0.000000,0.000000,-0.565619,-0.311098,1.523368,3.203638,3.943007,4.480344,0.000000,13.172997
-2.040811,0.992830,-2.426906,2.545243,2.545237,-2.250409,-2.421399,-1.375251,0.438365,1.143807,1.794599,1.000000,13.508281
-0.713888,0.054915,-1.098292,0.441258,0.441255,-1.889066,-2.729266,-2.086762,-0.205275,0.563425,1.153165,0.000000,13.567887
-1.246623,0.216797,-2.005425,1.317968,1.317980,-2.276434,-3.723592,-3.418265,-1.707334,-0.841875,-0.238298,1.000000,13.746709
-0.809072,0.755119,-1.510253,0.487805,0.487782,-1.823077,-3.624589,-3.710892,-2.397514,-1.389861,-0.801049,0.000000,13.813763
0.817439,1.198910,-0.054496,-1.024817,-1.024811,-0.076289,-2.136234,-2.659397,-1.656671,-0.466894,0.110475,-1.000000,13.672198
-0.753904,0.484653,-1.238557,1.198910,1.198907,-0.786208,-2.676352,-3.417692,-2.980607,-1.710385,-1.174953,1.000000,13.836115
0.756751,1.081086,-0.810811,-0.376952,-0.376956,-0.097288,-1.762152,-2.868459,-2.740531,-1.435153,-0.860355,0.000000,13.783959
0.379816,1.193706,-0.379810,-0.378378,-0.378367,0.260439,-0.954965,-2.325919,-2.419969,-1.228433,-0.568471,0.000000,13.731805
0.490731,0.490731,-0.763353,-0.488334,-0.488341,0.534352,-0.109046,-1.537617,-1.862046,-0.959646,-0.173028,0.000000,13.664747
-1.185340,0.161643,-1.885776,1.199558,1.199568,-0.431038,-0.818966,-2.306034,-2.928341,-2.301724,-1.399406,1.000000,13.828665
-2.315795,0.000000,-3.473684,2.370695,2.370684,-2.284209,-2.657891,-4.014030,-4.773679,-4.597890,-3.659731,1.000000,14.156499
1.280683,1.387407,-0.213442,-1.368421,-1.368424,-0.672353,-1.024540,-2.237630,-3.252393,-3.323364,-2.359939,-1.000000,13.962778
0.267374,1.069513,-0.534765,-0.213442,-0.213417,-0.171144,-0.679167,-1.647078,-2.844939,-3.097347,-2.240662,0.000000,13.932979
1.240555,1.510243,-0.755129,-0.855615,-0.855639,0.906153,0.177995,-0.489029,-1.723297,-2.155337,-1.539011,-1.000000,13.813763
0.813003,1.029799,-1.192417,-0.485437,-0.485414,1.279118,0.720848,0.274598,-0.972918,-1.623867,-1.219530,0.000000,13.746709
0.272326,1.198252,-0.326808,-0.487805,-0.487811,1.078427,1.100207,0.849662,-0.231492,-0.947724,-0.880549,0.000000,13.679651
-0.596853,0.651107,-0.813885,0.381258,0.381252,0.358120,0.678244,0.546211,-0.355398,-1.228432,-1.354676,0.000000,13.731805
0.328587,0.602415,-0.766698,-0.922409,-0.922428,0.810535,1.522473,1.412942,0.744816,-0.240945,-0.500165,-1.000000,13.605139
-0.382096,0.163755,-0.927948,0.328587,0.328589,0.240190,1.179055,1.000742,0.589535,-0.386447,-0.776914,0.000000,13.649844
1.796744,2.245929,-0.786070,-2.783848,-2.783834,2.391916,3.655256,3.690816,3.506463,2.546890,1.991396,-1.000000,13.269855
-1.054384,0.055499,-2.663701,1.179119,1.179124,0.821299,1.903437,2.278944,2.269696,1.485013,0.904546,1.000000,13.426323
1.120443,1.120443,-1.456583,-0.943396,-0.943415,1.131658,2.375366,3.010285,3.142872,2.532228,1.839417,-1.000000,13.299657
0.563380,1.295775,0.000000,-0.560224,-0.560210,1.126755,2.416900,3.335211,3.526759,3.136902,2.375587,-1.000000,13.225151
-0.224851,0.618319,-0.505902,0.225358,0.225343,0.303545,1.765044,2.896767,3.083200,2.929745,2.201621,0.000000,13.254953
-0.333519,1.612012,-0.889383,1.124221,1.124236,-0.611455,0.377984,1.541596,1.837130,1.854363,1.165462,1.000000,13.403970
-0.442723,0.940786,-0.885445,0.444691,0.444689,-0.996129,-0.226899,0.748941,1.247926,1.390151,0.837486,0.000000,13.463576
1.501669,1.501669,0.000000,-0.498063,-0.498062,-0.355952,0.022242,0.971451,1.610123,1.846497,1.433075,0.000000,13.396519
-0.709214,0.600115,-2.018554,1.946607,1.946603,-1.625748,-1.849426,-1.091104,-0.357333,-0.124382,-0.376426,1.000000,13.657296
0.000000,0.488865,-0.760456,0.436443,0.436448,-1.379686,-2.227053,-1.567990,-0.771320,-0.586639,-0.677168,0.000000,13.716903
-0.160600,0.321199,-0.856531,1.466594,1.466599,-2.066386,-3.174524,-2.908644,-2.173453,-1.952896,-1.934337,1.000000,13.918075
-0.851527,0.000000,-1.117621,0.588870,0.588853,-1.873331,-3.331555,-3.324460,-2.802016,-2.480036,-2.391336,1.000000,14.000032
0.479744,0.959494,-0.266530,-0.159665,-0.159635,-0.884876,-2.691914,-3.052613,-2.641274,-2.268673,-2.137543,0.000000,13.977683
-0.793231,1.110529,-1.216288,0.799574,0.799560,-1.057642,-2.850347,-3.592460,-3.358015,-2.942362,-2.832720,1.000000,14.089443
0.688200,0.688200,-0.635251,-0.105769,-0.105767,-0.444677,-2.165166,-3.289219,-3.163050,-2.723134,-2.668079,0.000000,14.074541
0.052966,1.218231,-0.476684,-0.052938,-0.052947,-0.180076,-1.641941,-2.860162,-2.997875,-2.603806,-2.522945,0.000000,14.067089
0.480256,1.334045,-0.853789,-0.741520,-0.741525,0.512282,-0.549619,-1.878329,-2.171820,-1.931690,-1.764490,-1.000000,13.962778
2.227051,2.661597,-0.217268,-1.760939,-1.760932,1.933730,1.466594,0.083288,-0.423685,-0.245518,-0.019917,-1.000000,13.716903
1.432507,1.432507,-0.716253,-1.412276,-1.412287,2.556480,2.820947,1.663922,0.972461,1.062269,1.360892,-1.000000,13.523181
-0.928962,0.491803,-0.928962,0.826441,0.826462,1.071029,1.918028,1.016388,0.139338,0.181415,0.522763,1.000000,13.634945
-0.705377,0.325556,-0.705377,0.710388,0.710381,-0.130228,1.063480,0.463010,-0.398810,-0.529576,-0.209806,1.000000,13.731805
0.382927,0.547035,-0.765875,-0.813885,-0.813870,0.185976,1.613764,1.363945,0.489582,0.269122,0.477730,-1.000000,13.620046
0.663722,1.714596,-0.165935,-1.094097,-1.094108,0.929202,2.361720,2.522118,1.664816,1.300876,1.467545,-1.000000,13.471028
-0.658250,0.603401,-1.151947,0.829646,0.829632,0.186518,1.146469,1.641990,0.959963,0.460784,0.546724,1.000000,13.582788
-0.272771,0.163672,-1.036558,0.548546,0.548547,-0.327322,0.289149,1.058381,0.556471,-0.085101,-0.040002,0.000000,13.657296
-0.862064,0.161643,-1.293098,1.254768,1.254780,-1.422411,-1.126078,-0.237069,-0.536099,-1.161639,-1.258981,1.000000,13.828665
-0.375134,0.482315,-0.857449,0.538799,0.538779,-1.543399,-1.698808,-0.818136,-0.911027,-1.554115,-1.734537,0.000000,13.903171
0.000000,0.054383,-1.196297,-1.446951,0.491816,-1.308768,-1.997642,-1.306468,-1.190191,-1.843558,-2.158259,0.000000,13.971549
0.601740,0.601740,-0.711165,-0.598140,-0.598144,-0.275396,-1.145248,-0.809295,-0.512558,-1.062001,-1.501617,-1.000000,13.887979
0.495595,0.936123,-0.220259,-0.656461,-0.656460,0.585822,-0.374697,-0.288046,0.173811,-0.251124,-0.815234,-1.000000,13.796810
-0.164558,0.274279,-0.877674,0.385463,0.385466,0.230384,-0.671911,-0.775425,-0.235421,-0.505331,-1.056466,0.000000,13.849992
-0.330028,0.385039,-0.825077,-0.274273,-0.274275,0.374037,-0.259750,-0.575302,-0.029106,-0.130786,-0.691264,0.000000,13.812005
0.441258,0.827369,-0.717038,-0.275033,-0.275029,0.364039,0.235293,-0.273458,0.172670,0.254267,-0.302587,0.000000,13.774018
0.220017,0.550061,-0.660072,0.275792,0.275787,-0.022003,0.125572,-0.408327,-0.203267,0.023343,-0.435154,0.000000,13.812005
-1.297999,0.000000,-1.730665,1.705171,1.705162,-1.341259,-1.275317,-1.882254,-1.886050,-1.559478,-1.916363,1.000000,14.047522
-0.430571,0.053821,-1.507002,0.486750,0.486748,-1.442405,-1.550047,-2.176127,-2.344015,-1.980257,-2.223356,0.000000,14.115898
-0.053879,0.969833,-0.431029,-0.107648,-0.107630,-0.926730,-1.303883,-1.843475,-2.189887,-1.846086,-1.967391,0.000000,14.100705
0.379209,0.379209,-0.704220,-0.538793,-0.538810,-0.032494,-0.731299,-1.048530,-1.550277,-1.300940,-1.287010,-1.000000,14.024729
0.550061,1.485154,-0.660072,-1.516788,-1.516778,1.507144,0.742571,0.586096,0.070540,0.138815,0.270644,-1.000000,13.812005
-0.218454,0.000000,-1.747673,0.715066,0.715081,0.589829,0.109218,-0.006592,-0.540823,-0.619266,-0.394826,1.000000,13.910772
3.246371,6.086951,-0.637687,-5.789181,-5.789197,5.228986,5.692753,5.770047,5.331916,5.194112,5.519163,-1.000000,13.105450
2.585689,3.607944,-2.585677,-3.594209,-3.594207,6.831032,8.701146,9.043901,8.868849,8.695411,9.092844,-1.000000,12.634413
-2.890867,0.884950,-3.362843,1.924245,1.924229,3.032458,5.952809,6.418888,6.583072,6.382624,6.748505,1.000000,12.877528
1.013111,1.907026,-0.476758,-1.002950,-1.002941,2.407628,6.191892,6.901071,7.335605,7.217281,7.479325,-1.000000,12.748374
-0.820627,0.175856,-1.817110,1.668641,1.668644,-0.738565,3.610792,4.716694,5.305379,5.249609,5.428958,1.000000,12.961099
-1.044089,0.058005,-2.842227,1.055106,1.055111,-1.786549,1.751736,3.240521,3.926910,3.957099,4.081514,1.000000,13.097853
-2.099892,0.170255,-3.007951,2.204182,2.204209,-2.780960,-0.976196,0.802085,1.492588,1.645318,1.693336,1.000000,13.386557
1.437608,1.495118,-0.402524,-1.305346,-1.305377,-0.989062,-0.281761,1.851647,2.547450,2.911242,2.910941,-1.000000,13.211812
1.337203,1.744180,-0.639541,-1.092571,-1.092583,0.593035,0.250010,2.596908,3.366288,3.890310,3.931501,-1.000000,13.067462
0.290861,1.337981,-0.232699,-0.058140,-0.058144,0.802808,-0.343210,2.152427,3.144284,3.767769,3.845186,0.000000,13.059864
0.408652,0.934046,-0.233503,-0.349052,-0.349039,1.027448,-0.064205,1.945915,3.184483,3.880922,4.025136,0.000000,13.014280
-0.116285,0.697669,-1.104657,0.408652,0.408643,0.127905,-0.139529,1.003883,2.479658,3.202334,3.460818,0.000000,13.067462
-1.202743,0.000000,-1.603660,1.511616,1.511610,-1.282920,-1.334457,-0.881992,0.761765,1.452488,1.868408,1.000000,13.264991
-1.415629,0.169881,-1.868630,1.145481,1.145496,-1.879962,-1.953567,-2.200828,-0.526611,0.163084,0.673521,1.000000,13.416941
1.787774,2.191459,0.000000,-1.812005,-1.811985,0.103785,0.017284,-0.768952,0.977492,1.822360,2.409044,-1.000000,13.173828
-1.595436,0.284906,-1.652416,1.211067,1.211038,-0.615373,-1.002834,-1.842339,-0.524199,0.449021,1.059848,1.000000,13.333368
3.032070,3.032070,-0.174921,-2.279197,-2.279184,1.644309,1.032063,0.649172,1.384839,2.551603,3.193392,-1.000000,13.029476
-0.290017,0.058005,-1.740133,0.524781,0.524787,0.858463,0.417622,0.235878,0.501734,1.809738,2.432323,0.000000,13.097853
-1.428571,0.285709,-1.714280,1.508121,1.508102,-0.822847,-0.902851,-0.979038,-1.185703,0.141726,0.761917,1.000000,13.295382
0.398180,0.398180,-0.625717,0.457143,0.457151,-1.001139,-1.131970,-1.232459,-1.843001,-0.521044,0.193405,0.000000,13.356162
0.056850,0.511654,-0.284247,0.056883,0.056903,-1.011953,-0.926681,-1.155977,-1.802177,-0.802745,0.015144,0.000000,13.363762
-0.227785,0.569482,-0.227785,-0.170557,-0.170596,-0.375830,-0.552369,-1.009849,-1.369564,-0.861021,0.068365,0.000000,13.340964
0.114286,0.400000,-0.114286,-0.341680,-0.341669,0.262861,-0.188563,-0.628566,-0.874276,-0.740561,0.291439,0.000000,13.295382
-0.286867,0.286862,-0.860579,-0.400000,-0.399989,0.585193,0.080318,-0.141524,-0.289733,-0.514057,0.550773,0.000000,13.242202
-0.799994,0.000000,-1.542857,0.401606,0.401595,0.091433,-0.228566,-0.422851,-0.562848,-1.097134,-0.039990,0.000000,13.295382
0.229352,0.516055,-0.516061,-0.342851,-0.342841,0.263747,0.051597,0.038217,-0.163425,-0.713310,0.086003,0.000000,13.249800
-0.343637,0.343648,-1.202743,0.114667,0.114651,0.034379,0.114565,0.022927,-0.323580,-0.636864,-0.238620,0.000000,13.264991
-0.682600,0.398180,-1.308305,0.687291,0.687305,-0.557455,-0.375430,-0.614336,-0.949946,-1.171786,-1.086461,1.000000,13.356162
-1.124233,0.056200,-1.854986,1.194545,1.194542,-1.326594,-1.388426,-1.738809,-1.953350,-2.111301,-2.327152,1.000000,13.515707
0.225867,0.451734,-1.072835,-0.449702,-0.449699,-0.643702,-0.869563,-1.155653,-1.363634,-1.522299,-1.998865,0.000000,13.454927
2.430555,2.430555,-0.057876,-2.427996,-2.427988,1.643502,1.417806,1.199831,1.134244,0.937486,0.445588,-1.000000,13.128243
-0.230288,0.805982,-1.036269,0.520833,0.520824,1.013240,0.782954,0.759926,0.659177,0.356931,0.067162,0.000000,13.196618
-2.202140,0.169401,-2.202140,1.957386,1.957388,-0.779213,-1.033310,-0.997550,-1.202706,-1.497456,-1.710892,1.000000,13.454927
-0.617966,0.112365,-1.516843,0.508187,0.508208,-1.269673,-1.325857,-1.385783,-1.662936,-1.860690,-2.016868,0.000000,13.523306
-0.445931,0.000000,-1.337793,0.786528,0.786509,-1.783724,-1.850618,-2.021560,-2.263106,-2.459316,-2.617992,1.000000,13.629668
-0.611456,0.000000,-1.000561,0.278701,0.278701,-1.267367,-1.817676,-2.145639,-2.412452,-2.539190,-2.749676,0.000000,13.667654
-1.046837,0.000000,-1.101923,0.889383,0.889370,-1.278224,-2.303017,-2.791541,-2.997234,-3.188970,-3.509632,1.000000,13.789210
-0.493697,0.274279,-0.603396,0.440771,0.440794,-1.140983,-2.375213,-2.951189,-3.151409,-3.444881,-3.779495,0.000000,13.849992
0.000000,0.880572,-0.165113,-0.329128,-0.329141,-0.407261,-1.843693,-2.359197,-2.647218,-3.013756,-3.283799,0.000000,13.804406
0.329495,0.768814,-0.604058,0.220138,0.220133,-0.329479,-1.784719,-2.313734,-2.688071,-3.035683,-3.309525,0.000000,13.834794
0.275325,0.385463,-0.715854,-0.274569,-0.274554,0.132149,-1.029742,-1.780477,-2.263224,-2.634368,-2.854266,0.000000,13.796810
-0.656814,0.054740,-1.423098,0.605727,0.605734,-0.339365,-1.133017,-2.076275,-2.657375,-2.975383,-3.243948,1.000000,13.880382
-0.921914,0.216914,-1.301518,0.930493,0.930486,-1.030378,-1.648599,-2.668122,-3.299903,-3.609557,-3.958797,1.000000,14.009537
-1.030928,0.108524,-1.030928,-0.054235,-0.054249,-0.694511,-1.253384,-2.383786,-2.976119,-3.355393,-3.767402,0.000000,14.001937
-0.377964,0.107997,-0.647948,0.488334,0.488340,-0.842327,-1.420085,-2.566591,-3.172244,-3.622029,-4.022678,0.000000,14.070314
-0.960518,0.320165,-0.960518,1.187905,1.187898,-1.387397,-2.177154,-3.191027,-3.962106,-4.507998,-4.937738,1.000000,14.237455
0.806885,0.860678,-0.484131,-0.800427,-0.800396,-0.247464,-1.151176,-1.972407,-2.883291,-3.515891,-3.912520,-1.000000,14.123499
-0.107244,0.214483,-0.536198,0.322754,0.322746,-0.343174,-1.243979,-1.951754,-2.908859,-3.579638,-3.969630,0.000000,14.169082
0.865795,1.190482,-0.270563,-0.911528,-0.911541,0.627710,-0.167747,-0.804472,-1.829003,-2.465368,-2.909453,-1.000000,14.039925
-0.216105,0.432199,-0.594273,0.162338,0.162323,0.453826,-0.167460,-0.759935,-1.772000,-2.405173,-2.899321,0.000000,14.062715
-2.077643,0.984133,-2.405692,-1.188541,0.771359,-0.408625,-0.667449,-1.282691,-2.155909,-2.892143,-3.452660,1.000000,14.171189
0.164198,0.437876,-0.383136,-0.109355,-0.109327,-0.254135,-0.364243,-1.002050,-1.710061,-2.534173,-3.155142,0.000000,14.155696
0.990644,0.990644,-0.110072,-0.547345,-0.547349,0.165738,0.232897,-0.349130,-0.947746,-1.792604,-2.436792,-1.000000,14.078215
0.387168,0.553097,-0.387168,-0.495322,-0.495340,0.619475,0.736532,0.244057,-0.281487,-1.163015,-1.768780,0.000000,14.008480
0.220867,0.220867,-0.386527,0.165935,0.165942,0.408611,0.542144,0.171550,-0.303420,-1.162329,-1.756594,0.000000,14.031726
1.063223,2.126463,-1.175159,-1.325235,-1.325225,1.287066,1.609560,1.540454,1.099851,0.372377,-0.293683,-1.000000,13.845774
0.000000,1.288515,-0.504202,-0.111925,-0.111940,0.929982,1.511414,1.630092,1.227995,0.668126,-0.045703,0.000000,13.830275
1.910112,2.528096,-0.337073,-0.280118,-0.280125,0.797769,1.522817,1.810202,1.491163,1.048542,0.340307,0.000000,13.791533
0.737792,1.305329,-0.681050,-1.011225,-1.011222,1.305338,2.275826,2.679397,2.472156,2.118532,1.398630,-1.000000,13.652070
-0.228056,1.140245,-0.741169,-0.454029,-0.454026,1.117444,2.394528,2.912138,2.849496,2.572642,1.894258,0.000000,13.590086
-0.455063,0.511945,-0.455063,0.228044,0.228049,0.557448,1.757682,2.376304,2.550976,2.325581,1.783024,0.000000,13.621078
-0.565611,0.169678,-0.735300,0.568828,0.568824,-0.203620,0.848421,1.590451,1.904574,1.720350,1.329472,1.000000,13.698558
-0.960452,0.169486,-1.412429,0.113128,0.113121,-0.429376,0.468931,1.254462,1.681699,1.565763,1.277959,0.000000,13.714054
1.258587,1.258587,-0.686493,-1.242943,-1.242937,0.663617,1.390163,2.284519,2.792235,2.767021,2.557617,-1.000000,13.543597
-1.139596,0.284906,-1.139596,0.400452,0.400455,0.273507,0.666671,1.648630,2.208506,2.287422,2.140754,0.000000,13.597833
-1.235256,0.280752,-1.515991,1.481482,1.481486,-0.932063,-0.836611,-0.014970,0.557641,0.794887,0.681440,1.000000,13.799283
0.112475,1.349826,-0.393712,-0.168433,-0.168444,-0.652421,-0.708665,-0.029996,0.601199,0.934659,0.848131,0.000000,13.776039
0.619015,0.619015,-0.393917,-0.056249,-0.056243,-0.517729,-0.669670,-0.123805,0.512263,0.921372,0.885102,0.000000,13.768291
-0.056249,0.674910,-0.449944,0.056280,0.056274,-0.236222,-0.635547,-0.292464,0.359955,0.799020,0.821498,0.000000,13.776039
1.021555,1.305329,-0.681050,-0.899887,-0.899889,0.749149,0.312145,0.427544,1.120887,1.591791,1.692403,-1.000000,13.652070
-0.450450,0.394144,-0.788283,0.794546,0.794553,-0.101352,-0.377255,-0.405408,0.174550,0.652322,0.881987,1.000000,13.760543
1.193854,1.193854,-0.170557,-0.957207,-0.957208,0.648095,0.534393,0.458592,0.949403,1.479901,1.795444,-1.000000,13.628826
-1.623746,0.167962,-1.623746,1.534969,1.534982,-0.772691,-0.895874,-1.037719,-0.663512,-0.149943,0.215211,1.000000,13.838026
-1.712702,0.441989,-2.596691,1.343779,1.343761,-1.734799,-1.867398,-2.173107,-1.975133,-1.478447,-1.108348,1.000000,14.023976
0.055132,0.330772,-0.771770,0.220989,0.220993,-1.378162,-1.758538,-2.168315,-2.183015,-1.697898,-1.330049,0.000000,14.054968
-1.467397,0.054348,-1.630435,1.433302,1.433287,-2.076073,-2.826072,-3.253609,-3.421182,-3.063027,-2.719856,1.000000,14.256416
0.271745,0.380429,-0.489136,0.000000,0.000000,-1.195641,-2.489117,-2.992740,-3.271726,-3.034768,-2.688778,0.000000,14.256416
0.600770,0.764620,-0.327684,-0.489136,-0.489113,-0.218470,-1.714914,-2.293832,-2.657021,-2.527583,-2.206340,0.000000,14.186686
-0.328762,0.219184,-0.602745,-0.327684,-0.327688,0.273962,-1.134252,-1.691329,-2.164389,-2.169867,-1.861191,0.000000,14.140198
-0.653244,0.435493,-1.143174,0.657540,0.657523,-0.130647,-1.371797,-2.035922,-2.577567,-2.752307,-2.462341,1.000000,14.233173
-0.486486,0.108108,-0.972973,0.707670,0.707692,-0.724335,-1.664875,-2.475685,-3.013523,-3.299469,-3.109918,1.000000,14.333900
0.054083,0.324494,-0.703077,-0.054054,-0.054075,-0.573272,-1.124923,-2.166927,-2.742013,-3.108698,-3.017836,0.000000,14.326149
0.815672,0.815672,-0.217504,-0.540838,-0.540815,0.054371,-0.299085,-1.410194,-2.025564,-2.453514,-2.450614,-1.000000,14.248671
-0.271161,0.325374,-0.759230,0.271898,0.271878,-0.010845,-0.385033,-1.438899,-2.030909,-2.540128,-2.650034,0.000000,14.287410
0.000000,0.054289,-0.705749,-0.108465,-0.108445,0.151999,-0.124878,-1.042358,-1.688394,-2.243226,-2.488249,0.000000,14.271916
0.108637,0.488865,-0.597507,-0.054289,-0.054302,0.108639,-0.065181,-0.753213,-1.472025,-2.009776,-2.337497,0.000000,14.264166
1.265127,1.430149,0.000000,-1.249321,-1.249312,1.034100,1.078102,0.718731,-0.115519,-0.660073,-1.041445,-1.000000,14.085962
0.334443,0.891856,-0.780390,-1.320127,-1.320137,1.884059,2.224080,2.095872,1.268114,0.722406,0.308433,-1.000000,13.900008
-1.106801,0.276707,-1.328168,0.724632,0.724625,0.741573,1.389053,1.350313,0.619822,0.128399,-0.330188,1.000000,14.000731
-1.315789,0.164474,-1.315789,0.940786,0.940801,-0.394741,0.372804,0.442246,-0.148031,-0.653514,-1.131219,1.000000,14.132450
-0.054795,0.767118,-0.328762,0.054825,0.054824,-0.624660,0.180819,0.332416,-0.068498,-0.611511,-1.063018,0.000000,14.140198
-0.218704,0.546736,-0.492072,0.219184,0.219169,-0.721702,-0.147616,0.072905,-0.095677,-0.717328,-1.168212,0.000000,14.171189
-1.669359,0.161551,-1.669359,1.530886,1.530895,-1.540119,-1.556272,-1.342666,-1.410878,-2.042003,-2.502243,1.000000,14.388135
0.163482,1.144409,-0.326970,-1.184707,-1.184698,-0.054501,-0.425074,-0.123531,-0.160771,-0.743332,-1.175303,-1.000000,14.217679
1.723174,1.945525,0.000000,-1.961853,-1.961881,1.667612,1.328536,1.734319,1.795462,1.325202,0.883845,-1.000000,13.938745
1.007839,2.183645,-0.335957,-0.722618,-0.722583,1.970865,1.758100,2.235890,2.385199,2.085086,1.627453,-1.000000,13.838026
0.223345,0.837515,-0.223333,0.279950,0.279917,1.261881,1.323300,1.734618,1.962610,1.871598,1.367969,0.000000,13.876761
1.470594,1.809955,-0.282811,-1.284199,-1.284183,1.572398,2.494344,2.790349,3.110862,3.156109,2.669685,-1.000000,13.698558
-1.117313,0.335190,-1.117313,1.244344,1.244357,-0.178784,1.139654,1.325874,1.745799,1.843563,1.430156,1.000000,13.869017
0.000000,0.729523,-0.392817,-0.446927,-0.446931,0.078560,1.358018,1.556297,2.048254,2.228949,1.922926,0.000000,13.807032
1.998864,1.998864,0.000000,-1.739618,-1.739621,1.450596,2.729864,3.011609,3.572241,3.835518,3.679798,-1.000000,13.566842
-0.171141,1.197941,-0.171141,0.114226,0.114212,0.901319,2.179126,2.646895,3.180268,3.518544,3.550108,0.000000,13.582337
-0.510783,0.454029,-1.589109,0.513406,0.513409,0.317824,1.118048,2.001513,2.434734,2.833145,2.975784,0.000000,13.652070
-1.174491,0.279648,-1.510056,1.475584,1.475593,-1.163307,-0.615210,0.447430,0.788594,1.255037,1.437362,1.000000,13.853519
2.083328,2.083328,-0.225231,-0.671135,-0.671136,-0.563065,-0.073198,0.945944,1.283782,1.801801,2.051424,-1.000000,13.760543
-0.113320,0.793207,-0.566578,-0.619369,-0.619380,0.215303,0.430602,1.348450,1.699725,2.243635,2.545806,-1.000000,13.675313
-0.729512,0.336695,-1.683502,0.963173,0.963188,-0.415271,-0.578008,0.205755,0.628500,1.117839,1.459029,1.000000,13.807032
-0.282492,0.847452,-0.282492,-0.673395,-0.673410,0.350284,0.107349,0.557442,1.242941,1.647461,2.032019,-1.000000,13.714054
-0.558665,0.391056,-1.229050,1.129938,1.129958,-0.748613,-1.011183,-0.733717,0.064236,0.391052,0.826805,1.000000,13.869017
1.756368,1.926346,-0.679881,-1.396648,-1.396667,0.532586,0.294626,0.543919,1.314456,1.638536,2.118989,-1.000000,13.675313
-0.455575,1.138958,-1.195894,-0.509921,-0.509926,0.945347,0.837147,0.945348,1.637263,1.965851,2.463953,-1.000000,13.605579
1.156075,2.138734,-1.445087,-1.480638,-1.480621,1.861269,2.219653,2.227362,2.878614,3.294799,3.774569,-1.000000,13.404132
-3.475342,0.392377,-3.811659,3.121393,3.121388,-1.065025,-0.751122,-0.807174,-0.440022,0.145740,0.530644,1.000000,13.822527
0.614874,1.565126,-0.279480,0.280263,0.280282,-1.352726,-1.022930,-1.088143,-0.846854,-0.174411,0.147185,0.000000,13.861269
-2.237991,0.218346,-2.347167,2.403583,2.403546,-2.936669,-3.040378,-3.227786,-3.084043,-2.499982,-2.221598,1.000000,14.194431
-1.155757,0.220138,-1.816181,-0.818777,1.169283,-3.007237,-3.683937,-3.977845,-4.022286,-3.565520,-3.329351,1.000000,14.360404
1.112347,1.167970,-0.389321,-1.045680,-1.045695,-0.847728,-2.382378,-2.668559,-2.890709,-2.535461,-2.278637,-1.000000,14.210238
0.840336,1.232493,-0.112045,-0.723026,-0.723007,0.278368,-1.392567,-1.744504,-2.038552,-1.905225,-1.517933,-1.000000,14.107497
0.901408,0.957746,-0.338023,-0.560224,-0.560227,1.081684,-0.723370,-1.107811,-1.429824,-1.406528,-0.956512,-1.000000,14.028463
0.338213,0.845541,-0.620073,-0.056338,-0.056328,0.890632,-0.421174,-0.928439,-1.298122,-1.327619,-0.927293,0.000000,14.020561
0.056200,0.562102,-0.393491,0.281855,0.281843,0.179872,-0.377787,-1.024442,-1.400122,-1.541767,-1.224733,0.000000,14.060077
-1.770891,0.166021,-1.770891,1.573912,1.573903,-1.272816,-1.307195,-2.336659,-2.683206,-2.954067,-2.729554,1.000000,14.281369
-0.164841,0.769225,-1.263747,0.719430,0.719427,-1.593400,-1.621725,-2.723702,-3.123866,-3.456612,-3.425277,1.000000,14.384113
-0.975615,0.270997,-1.842818,1.373626,1.373627,-2.168017,-2.460701,-3.715976,-4.186862,-4.569289,-4.650664,1.000000,14.581697
0.655743,1.530060,-0.054634,-0.813019,-0.812999,-0.754104,-1.475414,-2.563626,-3.158623,-3.605620,-3.748262,-1.000000,14.463148
-0.542305,0.054230,-0.976144,0.765038,0.765034,-0.802615,-2.077016,-2.860485,-3.585615,-4.061097,-4.310744,1.000000,14.573796
0.764620,0.764620,-0.873834,-0.705000,-0.705012,0.163855,-1.201516,-1.679259,-2.671626,-3.134262,-3.494442,-1.000000,14.471049
-2.076497,0.928962,-2.076497,-0.054615,-0.054599,0.327865,-0.901643,-1.330259,-2.359490,-2.857030,-3.265507,0.000000,14.463148
-0.164119,0.601740,-0.765875,-0.109279,-0.109298,0.251646,-0.503277,-0.951856,-2.052506,-2.586328,-3.026230,0.000000,14.447340
0.218585,0.437158,-0.983596,0.109398,0.109418,0.142073,-0.306016,-0.936252,-1.887201,-2.498484,-2.981005,0.000000,14.463148
-1.689971,0.000000,-2.680647,-6.229503,-6.229501,5.303019,5.949871,5.252514,4.614769,3.945511,3.463156,-1.000000,13.562166
0.058241,0.232959,-1.281299,0.058275,0.058258,3.913811,5.364013,4.876731,4.614999,3.815140,3.399902,0.000000,13.570067
-0.058617,0.762028,-0.293077,-0.640658,-0.640653,3.130135,5.375153,5.244243,5.163679,4.416016,4.024842,-1.000000,13.483130
0.117647,0.294112,-1.294112,-0.351694,-0.351684,1.988228,4.894109,5.321559,5.376460,4.655525,4.288316,0.000000,13.435712
0.118835,1.010101,-0.118841,-1.000000,-1.000007,1.271538,5.080212,6.024953,6.105167,5.600201,5.226667,-1.000000,13.301354
-2.296820,0.000000,-5.300353,0.891266,0.891270,0.164894,3.292102,4.770310,4.817425,4.611990,4.233658,1.000000,13.419905
1.321327,2.342348,-0.060066,-1.943463,-1.943471,1.525529,4.342346,6.278280,6.495498,6.610905,6.135430,-1.000000,13.159093
-1.608106,0.476474,-1.608106,0.840847,0.840848,0.357354,2.572956,4.832236,5.291835,5.555313,5.138823,1.000000,13.269741
-1.176476,0.176476,-2.176476,1.250738,1.250748,-0.882357,0.552935,2.968620,3.770580,4.124697,3.732545,1.000000,13.435712
-0.932401,0.174831,-1.456876,0.941176,0.941178,-1.421916,-1.048958,1.565648,2.634023,2.967356,2.737530,1.000000,13.562166
-1.868068,0.642154,-1.868068,-0.174831,-0.174839,-1.074132,-0.893164,1.233708,2.621137,2.904850,2.900943,0.000000,13.538454
-0.983227,0.289179,-1.735113,0.934046,0.934036,-1.249271,-1.740886,-0.096391,1.445925,1.792947,2.012318,1.000000,13.664908
0.000000,0.172905,-1.152738,0.347016,0.347050,-0.945263,-1.913564,-0.806939,0.850120,1.325624,1.632722,0.000000,13.712332
0.115407,0.115407,-2.192724,-0.115274,-0.115290,-0.450088,-1.609928,-1.057901,0.643387,1.345636,1.709936,0.000000,13.696523
-0.688869,0.401837,-1.033295,0.519331,0.519322,-0.665896,-1.779558,-1.905851,-0.129159,0.748566,1.081134,0.000000,13.767652
1.855072,1.855072,-0.521739,-0.975890,-0.975889,0.452180,-0.655068,-0.904345,0.510146,1.616232,1.899517,-1.000000,13.633295
-0.521739,0.115942,-0.869565,0.000000,0.000000,0.405804,-0.307242,-0.873427,0.202901,1.426088,1.758455,0.000000,13.633295
-0.172911,0.518738,-0.864548,0.579710,0.579735,-0.172929,-0.559096,-1.333353,-0.648436,0.645510,1.075865,1.000000,13.712332
0.349034,0.581734,-1.047126,-0.922184,-0.922206,0.593366,0.477020,-0.341287,-0.040726,1.289116,1.908079,-1.000000,13.585876
-0.350053,0.525093,-0.816797,-0.290878,-0.290876,0.560100,0.758466,0.070017,-0.087510,1.313889,2.088683,0.000000,13.546358
0.352526,1.292597,-0.646298,-0.700111,-0.700122,0.998836,1.404242,0.791236,0.575802,1.694485,2.657665,-1.000000,13.451517
-0.176476,1.176476,-0.294112,-0.117509,-0.117496,0.823529,1.352941,1.047057,0.644114,1.505878,2.568622,0.000000,13.435712
3.499079,5.279306,-0.184168,-4.176465,-4.176474,3.916512,5.119706,5.246574,4.794353,5.436463,6.648249,-1.000000,12.874573
-0.122555,0.612745,-0.428922,0.184156,0.184154,2.659319,4.307606,4.775336,4.393391,4.762263,6.017164,0.000000,12.898282
1.372420,1.559576,0.000000,-1.776955,-1.776950,3.131623,5.327508,6.200871,6.032437,6.091076,7.463086,-1.000000,12.669086
-0.681524,0.123922,-4.894666,0.686201,0.686198,1.338300,3.921946,5.068167,5.049579,5.115254,6.255691,1.000000,12.756021
2.894902,3.650088,-0.943990,-1.548941,-1.548939,1.535557,4.701074,6.133842,6.463190,6.446826,7.419765,-1.000000,12.558438
-3.669725,0.000000,-3.975535,2.894902,2.894898,-1.247704,1.143736,2.740069,3.333342,3.278296,4.000008,1.000000,12.921992
1.490683,2.360248,-0.993789,-1.529052,-1.529052,0.012425,2.037271,3.826094,4.658394,4.658394,5.163569,-1.000000,12.724408
0.248441,0.683224,-0.807453,0.000000,0.000000,0.099379,1.391308,3.279510,4.329200,4.477027,4.708082,0.000000,12.724408
-0.250156,1.000625,-1.125704,-0.683230,-0.683222,0.600370,1.444650,3.464664,4.690432,4.948093,5.184490,-1.000000,12.637472
-1.295491,0.185077,-1.295491,1.375854,1.375861,-0.370147,-0.419498,1.632736,2.936459,3.415176,3.559530,1.000000,12.811346
-0.307509,0.430504,-1.353007,0.308458,0.308461,-0.787219,-0.744170,0.873297,2.284737,2.966780,3.077071,0.000000,12.850864
-0.492005,0.553506,-1.291519,0.000000,0.000000,-0.590413,-0.781069,0.491993,1.955709,2.784739,2.925370,0.000000,12.850864
-0.676929,1.046154,-0.738468,-0.061501,-0.061513,-0.344609,-0.584614,0.188719,1.658464,2.624003,2.869747,0.000000,12.842959
0.246312,0.923639,-1.169957,-0.061538,-0.061543,0.024640,-0.461816,-0.069780,1.410106,2.467989,2.781207,0.000000,12.835055
-0.247672,0.928786,-0.309598,-0.554187,-0.554185,0.507747,0.253874,0.136227,1.634681,2.756663,3.250781,-1.000000,12.763925
-0.307131,0.614238,-1.535626,0.804960,0.804964,-0.270275,-0.589686,-0.667492,0.494466,1.673214,2.321863,1.000000,12.866670
-0.425273,0.972066,-0.425273,1.105639,1.105640,-1.117858,-1.458074,-1.697038,-0.826241,0.349945,1.093567,1.000000,13.008929
-0.896057,0.477897,-1.254474,1.701100,1.701109,-2.186389,-2.724021,-3.058552,-2.604549,-1.491047,-0.681011,1.000000,13.230225
-1.004728,0.354610,-1.595745,1.075269,1.075258,-2.423165,-3.209216,-3.782504,-3.670211,-2.617018,-1.778956,1.000000,13.372484
-0.529412,0.000000,-2.000000,0.472813,0.472822,-1.882357,-3.200004,-3.800006,-4.123535,-3.134123,-2.298043,0.000000,13.435712
0.826934,1.004135,-0.472534,-0.411765,-0.411783,-0.708790,-2.404005,-3.173841,-3.538087,-2.832829,-1.976754,0.000000,13.380386
-0.888620,0.414704,-1.066339,-0.295340,-0.295328,0.082944,-1.747626,-2.578983,-3.086488,-2.618478,-1.775270,0.000000,13.340870
1.377239,1.616754,0.000000,-1.066339,-1.066347,1.113772,-0.419161,-1.289418,-1.841316,-1.674250,-0.860276,-1.000000,13.198610
0.000000,1.141141,-0.900901,-0.299407,-0.299403,1.093094,0.126129,-0.728724,-1.393390,-1.467864,-0.682678,0.000000,13.159093
0.980392,0.980392,-1.838235,-1.981982,0.184169,0.524370,0.260198,-0.723108,-1.337659,-1.725573,-0.979026,0.000000,13.183328
-0.425791,0.243303,-1.824830,0.735300,0.735292,-0.360166,-0.160192,-1.232197,-1.922932,-2.320710,-1.810253,1.000000,13.280264
-2.032283,0.717274,-2.390915,1.763984,1.763986,-1.830340,-1.516710,-2.616865,-3.330687,-3.831497,-3.529882,1.000000,13.514526
1.400731,1.887942,-0.609013,-1.852959,-1.852954,0.121801,0.368137,-0.566660,-1.302187,-1.836458,-1.779517,-1.000000,13.264108
0.240668,0.421179,-1.203375,1.218033,1.218039,-0.685931,-0.800059,-1.469945,-2.196357,-2.818226,-2.967902,1.000000,13.425670
0.242430,0.666673,-0.242430,-0.722028,-0.722035,0.254548,-0.158855,-0.470849,-1.290958,-1.880269,-2.288955,-1.000000,13.328732
1.224746,1.530925,-0.796075,-1.030303,-1.030301,1.163503,0.737258,0.729391,-0.134293,-0.777123,-1.191697,-1.000000,13.191406
1.289128,2.332713,-0.429724,-0.244942,-0.244947,0.871701,0.846480,1.052807,0.228042,-0.401350,-0.883008,0.000000,13.159094
0.308636,0.740735,-0.246920,-0.552486,-0.552500,1.160506,1.320999,1.540951,0.877888,0.262634,-0.226049,-1.000000,13.086390
-1.935886,0.786443,-2.238360,2.037037,2.037063,-0.967950,-0.556576,-0.495951,-0.942101,-1.524671,-2.068914,1.000000,13.352968
-2.424601,0.000000,-2.424601,2.298844,2.298822,-2.708445,-2.442328,-2.622542,-2.840127,-3.489085,-4.000798,1.000000,13.659929
1.444907,1.444907,-0.842878,-1.774092,-1.774079,-0.614094,-0.577970,-0.845301,-0.880003,-1.577030,-2.143814,-1.000000,13.417591
0.419407,0.419407,-0.958658,0.481638,0.481629,-0.611143,-1.078486,-1.250678,-1.179584,-1.861478,-2.425499,0.000000,13.482214
0.362094,0.784556,-0.362100,-0.718999,-0.718992,0.555222,-0.271573,-0.442565,-0.406008,-0.988696,-1.554289,-1.000000,13.385278
1.345566,1.345566,-0.305817,-1.327701,-1.327697,1.688069,0.905197,0.921507,0.871656,0.456379,-0.085761,-1.000000,13.207562
0.733939,0.733939,-1.162080,0.000000,0.000000,1.003057,0.813454,0.933740,0.785285,0.590738,0.014236,0.000000,13.207562
-0.061237,0.857312,-1.714642,-0.122324,-0.122324,0.783832,0.936924,1.012450,0.837091,0.812404,0.222779,0.000000,13.191406
-2.533172,0.723770,-2.533172,1.530925,1.530936,-0.868526,-0.410145,-0.570981,-0.663788,-0.592886,-1.153416,1.000000,13.393358
-0.903082,0.240813,-2.046966,0.180947,0.180933,-0.999398,-0.343170,-0.674296,-0.761593,-0.716565,-1.189184,0.000000,13.417591
0.727279,1.090909,-0.969697,-0.662258,-0.662257,-0.157571,0.303032,-0.060604,-0.036362,-0.067799,-0.406977,-1.000000,13.328732
0.000000,0.916304,-0.610880,-0.787873,-0.787862,0.659734,0.769688,0.680092,0.772741,0.661656,0.499811,-1.000000,13.223720
0.303404,0.303404,-1.152907,0.671955,0.671929,0.169922,0.018221,0.068787,0.112274,-0.030580,-0.059319,1.000000,13.312574
0.121513,0.121513,-1.275814,-0.121365,-0.121351,0.145815,0.000009,0.259222,0.151892,0.077510,0.134179,0.000000,13.296419
-1.320522,0.000000,-2.040816,1.215073,1.215064,-0.996392,-1.146448,-0.760293,-0.978381,-1.046808,-1.011498,1.000000,13.457979
0.060024,0.180078,-0.900360,0.000000,0.000000,-0.804317,-0.960375,-0.708274,-0.966377,-0.957973,-0.990322,0.000000,13.457979
1.092233,1.274278,-1.092239,-1.080432,-1.080437,0.412625,0.200256,0.202279,0.109237,0.162636,0.060267,-1.000000,13.312574
0.611235,1.405862,-0.550128,-0.728149,-0.728131,1.002429,0.953535,0.835361,0.852679,0.877741,0.752628,-1.000000,13.215641
-0.545455,0.242430,-1.393939,0.855740,0.855736,0.193934,0.048482,-0.096970,0.060606,-0.033939,-0.105269,1.000000,13.328732
-1.953819,0.118419,-3.137940,2.363630,2.363631,-1.847245,-2.095913,-2.277477,-2.045584,-2.230900,-2.303133,1.000000,13.643774
1.196894,1.376433,-1.017343,-1.065719,-1.065732,-0.730090,-0.915607,-1.081173,-0.936549,-1.156177,-1.166949,-1.000000,13.498368
-0.965018,1.930036,-1.206279,-0.777971,-0.777946,0.168864,-0.012082,-0.213123,-0.259363,-0.361896,-0.339781,-1.000000,13.393358
0.242125,0.907990,-1.029056,-0.361882,-0.361896,0.726391,0.375299,0.225988,0.075665,0.046004,0.038338,0.000000,13.344888
0.182710,1.218033,-1.035323,-0.605327,-0.605325,1.242384,0.962237,0.771414,0.602921,0.686965,0.584652,-1.000000,13.264108
0.980993,1.287560,-0.367866,-0.669921,-0.669913,1.213976,1.428566,1.328423,1.201713,1.393007,1.240545,-1.000000,13.175250
-0.550796,0.612001,-0.550796,0.183942,0.183936,0.575277,1.046508,1.077107,1.012849,1.160340,0.997549,0.000000,13.199484
1.547988,1.547988,-0.866873,-1.162791,-1.162803,1.226016,2.030970,2.175445,2.139328,2.162239,2.113529,-1.000000,13.046000
-3.971547,0.118542,-3.971547,4.458211,4.458225,-2.679320,-2.021349,-2.031231,-2.059879,-2.136346,-2.137927,1.000000,13.627620
0.238812,0.238812,-2.626872,-0.711328,-0.711335,-1.588056,-1.170146,-1.213929,-1.307461,-1.420892,-1.345271,-1.000000,13.530682
-1.063201,0.000000,-1.594802,1.074627,1.074624,-1.901945,-2.197278,-2.157901,-2.262253,-2.383929,-2.250437,1.000000,13.676086
0.356083,0.415430,-1.008902,-0.472534,-0.472518,-0.830870,-1.649859,-1.618210,-1.694373,-1.801790,-1.723057,0.000000,13.611464
-0.769231,0.532544,-1.479290,0.296736,0.296728,-0.236686,-1.751480,-1.743591,-1.828406,-1.962132,-2.015781,0.000000,13.651853
1.019796,1.319730,-0.479904,-1.360947,-1.360951,0.899822,-0.305936,-0.263945,-0.416916,-0.527893,-0.651868,-1.000000,13.466058
-1.534835,0.059032,-1.889020,1.619682,1.619680,-0.484062,-1.587958,-1.680442,-1.862458,-2.028337,-2.186148,1.000000,13.684165
-1.525822,0.293421,-1.525822,0.590319,0.590332,-0.938976,-1.737101,-2.198761,-2.326892,-2.502362,-2.668245,1.000000,13.764947
-1.166850,0.000000,-1.166850,0.586843,0.586846,-1.178531,-1.843644,-2.602103,-2.756714,-2.921826,-3.082463,1.000000,13.845726
-0.525088,0.058349,-1.166850,0.000000,0.000000,-0.898484,-1.266046,-2.384290,-2.564181,-2.742130,-2.928826,0.000000,13.845726
-0.932945,0.000000,-1.574350,0.058349,0.058350,-0.396506,-1.160358,-2.196316,-2.390681,-2.642578,-2.826056,0.000000,13.853805
-0.349854,0.524781,-0.874636,0.000000,0.000000,-0.151606,-0.927121,-1.912545,-2.201176,-2.481644,-2.715269,0.000000,13.853805
0.000000,0.408157,-0.874636,0.000000,0.000000,-0.023326,-0.798839,-1.586014,-2.125373,-2.367357,-2.610312,0.000000,13.853805
0.116965,0.292398,-0.760240,-0.291545,-0.291544,0.222220,-0.362579,-1.001957,-1.725154,-1.978958,-2.208589,0.000000,13.813415
1.065725,1.065725,-0.651261,-1.228076,-1.228089,1.172306,0.870350,0.521029,-0.411477,-0.663106,-0.890067,-1.000000,13.643774
-0.237254,0.415178,-0.355884,-0.177608,-0.177612,1.008309,1.162520,0.695930,-0.133450,-0.367734,-0.638593,0.000000,13.619541
-0.589611,0.471710,-0.884434,0.593108,0.593104,0.188695,0.577850,0.184767,-0.563073,-0.846682,-1.126165,1.000000,13.700319
-0.412007,1.412596,-0.412007,0.176893,0.176908,-0.176581,0.370804,0.031389,-0.538556,-0.998239,-1.236027,0.000000,13.724556
0.000000,0.235300,-0.352935,0.058858,0.058858,-0.352949,0.229410,0.031370,-0.402945,-0.988239,-1.227456,0.000000,13.732634
-0.467836,0.233912,-1.111111,0.588235,0.588241,-0.690068,-0.380124,-0.475641,-0.707611,-1.445623,-1.684220,1.000000,13.813415
0.116760,0.408652,-0.525382,0.175433,0.175431,-0.548746,-0.566258,-0.470908,-0.805605,-1.475775,-1.706560,0.000000,13.837648
1.410935,1.881246,0.000000,-0.700520,-0.700531,0.211647,0.052914,0.258678,-0.029390,-0.641971,-0.913185,-1.000000,13.740711
-2.285714,0.000000,-2.857143,2.880658,2.880666,-2.011429,-2.548575,-2.373335,-2.665716,-3.152003,-3.571432,1.000000,14.136535
0.171729,0.171729,-0.400681,-0.171434,-0.171442,-1.305084,-2.169425,-2.079745,-2.321111,-2.726951,-3.260818,0.000000,14.112299
-0.171434,0.057143,-0.514286,0.171729,0.171737,-1.017147,-1.988576,-2.110479,-2.317145,-2.585146,-3.251432,0.000000,14.136535
-0.114471,0.343457,-0.343440,-0.171434,-0.171442,-0.457921,-1.471085,-1.820253,-1.920424,-2.280471,-2.904017,0.000000,14.112299
-0.694450,0.231476,-0.983796,-1.087567,0.993587,-0.719031,-2.052985,-2.599659,-2.685956,-3.039263,-3.628093,1.000000,14.252517
0.291369,0.815845,-0.233094,-0.694450,-0.694453,-0.000721,-1.064940,-1.777347,-1.868153,-2.226272,-2.723756,-1.000000,14.153540
0.350461,0.642517,0.000000,-0.233094,-0.233094,0.244601,-0.559073,-1.402855,-1.541566,-1.853624,-2.279052,0.000000,14.120549
-1.154074,0.115407,-1.904212,1.226630,1.226631,-0.750144,-1.428016,-2.294469,-2.577931,-2.863298,-3.172223,1.000000,14.293756
0.633270,0.748411,-0.518135,0.230819,0.230821,-0.679336,-1.313627,-2.190389,-2.637227,-2.846690,-3.232544,0.000000,14.326749
0.636562,0.694439,-0.694450,-0.518135,-0.518136,-0.162040,-0.440536,-1.422670,-1.990254,-2.181173,-2.559726,-1.000000,14.252517
-0.632178,0.000000,-0.977011,0.694439,0.694439,-0.574710,-0.977367,-1.811279,-2.492786,-2.692300,-3.074850,1.000000,14.351492
0.925926,0.925926,-0.115747,-0.689649,-0.689650,0.300924,-0.191334,-0.886242,-1.661614,-1.902391,-2.251837,-1.000000,14.252517
0.754942,0.754942,-0.348426,-0.347234,-0.347237,0.522659,0.203262,-0.358005,-1.122079,-1.459947,-1.781880,0.000000,14.203027
2.630006,3.407047,-0.418410,-2.845523,-2.845513,2.701728,2.910934,2.541632,1.838893,1.410226,1.175183,-1.000000,13.798878
-1.523146,0.644405,-2.460457,2.032277,2.032274,0.410074,0.738136,0.659542,-0.054938,-0.545592,-0.746468,1.000000,14.079309
1.244807,1.541185,-0.414950,-1.171640,-1.171634,0.972129,1.760510,1.746432,1.198136,0.650870,0.465998,-1.000000,13.914351
1.137050,1.137050,-0.598432,-0.948441,-0.948460,1.256748,2.489545,2.561111,2.185197,1.605636,1.412681,-1.000000,13.782379
-2.350808,0.060277,-4.159132,-0.718127,-0.718127,1.229666,2.784821,3.082188,2.876818,2.352157,2.106679,-1.000000,13.683404
2.339908,2.401472,-0.184735,-2.109705,-2.109702,2.807886,4.304194,4.946641,4.928653,4.490883,4.193007,-1.000000,13.394725
-0.306373,0.857837,-0.428922,0.492611,0.492619,1.384799,3.204654,4.040031,4.310281,3.907462,3.584904,0.000000,13.460710
1.623985,1.623985,-0.062461,-1.899510,-1.899499,2.273562,4.334777,5.575669,5.977307,5.762025,5.426825,-1.000000,13.205024
-3.843844,0.000000,-4.024024,3.997502,3.997494,-1.729734,-0.054059,1.329325,1.765575,1.696781,1.354845,1.000000,13.732894
0.240813,0.240813,-0.662258,-0.240234,-0.240241,-1.468996,-0.180617,1.284363,1.851290,1.908544,1.612584,0.000000,13.699902
0.791229,1.156427,-0.608643,-1.083690,-1.083687,-0.158244,0.730370,2.012577,2.760193,2.940531,2.709058,-1.000000,13.551438
0.121877,1.157831,-0.243748,-0.121729,-0.121736,0.073135,0.450950,1.783471,2.620359,3.005188,2.793516,0.000000,13.534941
-0.546448,0.303588,-1.335756,0.365625,0.365624,0.267163,-0.157854,1.036239,2.037049,2.467378,2.384663,0.000000,13.584428
-1.783591,0.059453,-1.843044,2.125082,2.125095,-1.617130,-2.170043,-1.248521,-0.175393,0.266196,0.287919,1.000000,13.873110
0.717709,1.016746,-0.538278,-0.594536,-0.594553,-0.897118,-1.507162,-0.857242,0.239250,0.765566,0.882242,-1.000000,13.790627
1.457195,1.517911,0.000000,-1.495215,-1.495211,0.655742,0.127515,0.542410,1.487564,2.139659,2.351406,-1.000000,13.584428
0.306179,1.041029,-0.244942,-0.850024,-0.850025,1.420696,0.992043,1.102269,2.066753,2.782614,3.161622,-1.000000,13.468957
-0.842878,0.421427,-2.167375,1.714642,1.714647,-0.120418,-0.349194,-0.706409,0.108362,0.917514,1.316346,1.000000,13.699902
1.348045,2.022059,-0.061281,-1.745942,-1.745939,1.041660,1.219358,0.898690,1.593134,2.514704,2.955346,-1.000000,13.460710
-0.611995,0.305991,-1.591187,0.122549,0.122549,0.452873,0.930228,0.673192,1.199508,2.146877,2.666256,0.000000,13.477206
-0.607521,0.243019,-0.850541,0.734388,0.734381,-0.291606,0.212644,0.028362,0.379718,1.181056,1.786160,1.000000,13.576180
-0.842365,0.240668,-1.504212,0.972066,0.972070,-0.902532,-0.625761,-0.814286,-0.722028,0.048129,0.673881,1.000000,13.708150
0.060156,0.240668,-0.661859,0.000000,0.000000,-0.890498,-0.535506,-0.569601,-0.797239,-0.139597,0.565578,0.000000,13.708150
0.302121,0.302121,-0.302109,-0.421191,-0.421187,-0.193351,-0.277945,-0.189324,-0.425980,0.106346,0.876136,0.000000,13.650413
-0.301211,0.361446,-0.783139,0.302121,0.302123,-0.180728,-0.650608,-0.493983,-0.722897,-0.344584,0.425698,0.000000,13.691654
1.653399,1.898340,-0.122480,-1.626506,-1.626516,1.310479,0.906313,1.110434,0.946117,1.205149,1.873857,-1.000000,13.468957
0.000000,0.859417,-0.245556,-0.244942,-0.244941,1.154082,1.129527,1.309593,1.184774,1.262122,1.921422,0.000000,13.435966
0.000000,1.041667,-0.306373,0.184156,0.184162,0.600488,0.765930,1.062089,1.093747,0.941173,1.513478,0.000000,13.460710
-0.243315,0.000000,-0.729933,0.735300,0.735288,-0.267636,0.103410,0.170319,0.291974,0.138689,0.602193,1.000000,13.559685
-1.619676,0.299934,-2.099580,1.399021,1.399022,-1.559683,-1.079777,-1.231746,-1.073779,-1.223748,-0.895813,1.000000,13.749388
-0.120706,0.181050,-0.844900,-0.599880,-0.599889,-0.675909,-0.416400,-0.595438,-0.434506,-0.547962,-0.329898,-1.000000,13.666907
0.912964,1.034693,-0.121729,-0.844900,-0.844880,0.340832,0.316489,0.292144,0.419958,0.326228,0.389527,-1.000000,13.551438
0.733939,1.712532,0.000000,-0.486914,-0.486915,0.868494,0.642197,0.676857,0.874613,0.900302,0.774715,0.000000,13.485454
-0.364078,0.728155,-0.788835,0.795107,0.795086,0.121370,-0.194160,-0.052573,-0.024257,0.063123,-0.066731,1.000000,13.592675
-1.436266,0.179539,-1.855171,1.395625,1.395634,-1.208851,-1.502085,-1.280659,-1.403339,-1.290234,-1.418299,1.000000,13.782379
0.059844,0.418923,-0.658283,0.000000,0.000000,-1.041286,-1.274678,-1.180919,-1.331526,-1.223209,-1.324543,0.000000,13.782379
-1.819255,0.000000,-2.582165,1.974877,1.974884,-2.241795,-2.746488,-2.930367,-3.034043,-2.988270,-3.094684,1.000000,14.054565
1.799634,2.219562,0.000000,-2.171367,-2.171373,0.311935,-0.377924,-0.755846,-0.863822,-0.787038,-0.811832,-1.000000,13.749388
-0.239372,0.299228,-1.256727,0.239946,0.239945,0.347103,-0.454811,-0.929574,-0.984430,-1.050857,-1.037292,0.000000,13.782379
1.638350,2.002421,-0.364078,-1.376415,-1.376424,1.468454,0.819183,0.404541,0.439940,0.271858,0.317570,-1.000000,13.592675
0.923077,0.923077,-1.046154,-1.395631,-1.395619,2.338459,2.049228,1.792819,1.796924,1.636925,1.700514,-1.000000,13.402973
-0.548787,0.060976,-1.402439,0.923077,0.923079,0.621945,1.097556,0.906500,0.798779,0.724390,0.768292,1.000000,13.526693
0.238955,0.358417,-1.433692,2.073171,2.073190,-1.338132,-0.722842,-0.975728,-1.212683,-1.290341,-1.224630,1.000000,13.807127
0.483092,1.086963,-0.120761,-1.075275,-1.075292,-0.446855,0.404592,0.148956,-0.135865,-0.159415,-0.203296,-1.000000,13.658660
0.304321,0.608649,-0.365180,-0.785018,-0.785011,0.279972,1.028597,0.843974,0.602547,0.652457,0.527483,-1.000000,13.551438
0.121439,0.182155,-1.396472,0.243451,0.243443,0.303592,0.637528,0.558596,0.400733,0.410450,0.283350,0.000000,13.584428
-0.606802,1.395625,-1.213586,0.060723,0.060709,0.339820,0.236661,0.517810,0.397463,0.315547,0.252845,0.000000,13.592675
0.789320,1.032180,-0.425009,-0.060686,-0.060672,0.072861,0.176081,0.627406,0.503950,0.340017,0.285373,0.000000,13.584428
-0.359706,0.359712,-0.899275,1.275052,1.275056,-1.043172,-1.103123,-0.559559,-0.689455,-0.892091,-0.905280,1.000000,13.757637
-0.416171,0.297271,-0.713430,0.839329,0.839337,-1.403106,-1.724149,-1.343652,-1.471477,-1.664698,-1.634971,1.000000,13.873110
0.357155,0.773816,-0.119036,-0.118912,-0.118921,-0.892856,-1.279759,-1.190475,-1.285714,-1.435713,-1.450395,0.000000,13.856612
0.419407,0.958652,0.000000,-0.654750,-0.654763,0.011988,-0.455358,-0.679047,-0.557218,-0.690232,-0.786895,-1.000000,13.765884
-1.884570,0.530035,-1.884570,1.737561,1.737578,-1.095410,-2.014142,-2.253639,-2.070091,-2.230868,-2.410687,1.000000,14.005077
0.176574,0.882866,-0.529723,0.058893,0.058886,-0.788697,-1.818717,-2.201295,-1.977635,-2.158919,-2.381794,0.000000,14.013324
0.539245,1.078490,-0.838838,-1.765739,0.360792,-0.874062,-1.807305,-2.329511,-2.229941,-2.421205,-2.644503,0.000000,14.063883
0.300493,0.420673,-1.262013,-0.299593,-0.299583,-0.340659,-1.200364,-1.741829,-1.850801,-2.026771,-2.220553,0.000000,14.021750
-1.306407,0.118771,-1.959620,1.201929,1.201918,-0.926107,-1.952615,-2.597030,-2.968644,-3.010265,-3.204635,1.000000,14.190280
1.935868,2.177846,-0.241990,-1.840849,-1.840845,0.822742,0.133552,-0.712008,-1.084455,-1.063962,-1.277287,-1.000000,13.929059
1.526252,1.526252,-0.549438,-0.907453,-0.907448,1.440783,1.083153,0.266782,-0.171281,-0.097093,-0.314547,-1.000000,13.802660
0.540541,0.540541,-2.822823,1.648358,1.648363,-0.252261,-0.444095,-1.131696,-1.634222,-1.646505,-1.864368,1.000000,14.030178
0.298501,0.298501,-1.731349,0.600601,0.600598,-0.716422,-0.855784,-1.471611,-1.969442,-2.139581,-2.344558,1.000000,14.114443
-1.289560,0.234472,-2.520516,1.850740,1.850743,-2.262601,-2.233170,-2.898873,-3.455486,-3.828470,-3.927951,1.000000,14.375665
0.294112,0.411765,-0.529412,-0.351694,-0.351699,-1.364706,-1.664708,-2.211466,-2.933948,-3.328284,-3.393494,0.000000,14.325106
0.713018,1.069519,-0.534759,-1.000000,-0.999993,0.166365,-0.552593,-1.024291,-1.769030,-2.239137,-2.279196,-1.000000,14.181856
0.477897,0.657109,-0.298680,-0.534759,-0.534775,0.812434,0.011954,-0.382075,-1.044317,-1.567959,-1.677323,-1.000000,14.106015
0.475624,1.010702,-0.356718,0.477897,0.477910,0.416167,-0.356723,-0.706875,-1.307203,-1.818701,-2.053014,0.000000,14.173429
2.409639,2.409639,-0.301211,-1.307967,-1.307969,1.192770,0.819275,0.714941,0.142100,-0.385574,-0.770771,-1.000000,13.988045
0.473093,0.473093,-1.537552,1.867470,1.867466,-0.768774,-0.804256,-1.017149,-1.460447,-2.087621,-2.472935,1.000000,14.249267
-1.055100,0.234472,-1.113705,0.887043,0.887049,-1.371629,-1.277841,-1.719421,-2.111900,-2.749010,-3.192874,1.000000,14.375665
1.426867,1.486326,-0.713430,-1.406794,-1.406794,0.130794,0.231863,-0.265562,-0.609222,-1.185830,-1.674983,-1.000000,14.173429
0.777518,1.315802,-0.657883,-0.594536,-0.594542,0.610055,0.813405,0.362846,0.067760,-0.451527,-0.924558,-1.000000,14.089162
-1.195451,0.836826,-1.374776,0.059815,0.059812,0.705322,0.555892,0.259020,0.125590,-0.367771,-0.848795,0.000000,14.097589
0.480192,0.720294,-0.840336,-0.418410,-0.418412,0.828335,0.774315,0.732298,0.558228,0.180261,-0.377230,0.000000,14.038603
1.027190,1.027190,-0.302109,-0.660270,-0.660258,0.882172,1.274923,1.470292,1.202415,0.900107,0.353568,-1.000000,13.945912
-0.841340,0.240391,-1.141815,0.543807,0.543801,0.120193,0.667072,0.917473,0.640028,0.396782,-0.077399,0.000000,14.021750
0.120561,0.663056,-0.120555,-0.300475,-0.300469,0.265212,0.831819,1.157317,0.928263,0.734548,0.317973,0.000000,13.979619
0.546117,1.274278,-0.182033,-0.663050,-0.663065,0.631074,1.432046,1.597905,1.492727,1.441807,1.058217,-1.000000,13.886925
0.980392,2.634804,-0.367647,-0.970874,-0.970856,1.200971,2.064940,2.316166,2.423397,2.362734,2.089607,-1.000000,13.752103
-0.245393,0.613503,-0.245393,-0.122555,-0.122556,1.018403,1.723923,2.224945,2.524537,2.407358,2.209444,0.000000,13.735249
0.819156,4.473850,-38.878387,-2.638031,-2.638037,2.785129,3.881534,4.629277,5.056709,4.975423,4.854144,-1.000000,13.372908
-1.165632,1.288350,-2.085884,2.709509,2.709515,-0.282210,0.883433,1.656439,2.147237,2.122696,2.058600,1.000000,13.735249
-4.112959,0.798029,-4.112959,-0.061337,-0.061353,-0.454262,0.675262,1.591979,1.973604,2.050339,2.111769,0.000000,13.726822
0.609385,2.925040,-0.426569,0.736642,0.736645,-1.072513,-0.213281,0.645951,1.048145,1.274836,1.322367,1.000000,13.827940
0.365625,2.620353,-0.670329,0.000000,0.000000,-0.938449,-0.298595,0.381884,0.920174,1.282149,1.277679,0.000000,13.827940
-1.556886,0.598790,-2.514970,1.767221,1.767212,-1.664666,-1.994005,-1.409176,-0.844305,-0.464664,-0.479036,1.000000,14.072309
-0.795600,1.835979,-0.795600,-2.155694,-2.155687,0.550797,0.012244,0.607919,1.193395,1.627912,1.652392,-1.000000,13.768954
-1.148024,0.604236,-2.114792,1.285184,1.285196,-0.410880,-1.214502,-0.741190,-0.105742,0.215105,0.304128,1.000000,13.945912
-0.660270,1.320522,-0.840336,0.664659,0.664646,-0.768306,-1.662661,-1.396554,-0.840332,-0.528206,-0.332128,1.000000,14.038603
0.790748,1.155706,-0.973236,-1.320522,-1.320523,0.596104,-0.261559,-0.121655,0.298053,0.708029,1.013788,-1.000000,13.853220
0.668681,2.188438,-0.911866,0.060827,0.060823,0.231004,0.030397,-0.259368,0.124623,0.576295,0.911858,0.000000,13.861646
0.303945,0.303945,-0.425544,0.000000,0.000000,0.364743,0.121582,-0.316107,0.042556,0.486325,0.851067,0.000000,13.861646
1.228495,1.351345,-0.491400,-1.033435,-1.033420,1.081069,1.160921,0.642905,0.949006,1.456991,1.744460,-1.000000,13.718397
0.246160,0.553846,-0.492308,-0.184281,-0.184293,0.763083,1.249235,0.800005,1.009237,1.481852,1.778468,0.000000,13.693115
0.619969,0.743962,-0.061984,-0.738468,-0.738459,1.128335,1.828892,1.479647,1.630505,2.006202,2.390993,-1.000000,13.591997
-0.615770,0.615764,-0.862069,0.681965,0.681960,0.184731,0.855912,0.944171,0.818967,1.172415,1.594830,1.000000,13.684689
-0.792194,0.243760,-1.279701,1.046798,1.046798,-0.901887,-0.146251,-0.056875,-0.280315,0.048753,0.459072,1.000000,13.827940
-1.378891,0.899281,-1.678657,1.645338,1.645343,-2.026383,-1.684655,-1.518789,-1.834534,-1.582736,-1.151082,1.000000,14.055457
-0.898216,0.179635,-1.497006,0.119910,0.119896,-1.604787,-1.778439,-1.520954,-1.838319,-1.691013,-1.311372,0.000000,14.072309
-0.475624,0.297271,-1.783591,0.718557,0.718574,-1.486332,-2.253276,-2.061045,-2.384073,-2.328187,-2.063026,1.000000,14.173429
1.349699,3.374239,-0.429442,-3.091564,-3.091560,1.730058,0.773002,0.899791,0.861959,0.704291,0.955006,-1.000000,13.735249
-0.792194,0.670323,-0.792194,0.674853,0.674840,1.048145,0.073129,0.251881,0.219380,-0.014623,0.215318,1.000000,13.827940
-0.121803,1.522533,-0.730822,0.060938,0.060949,0.669908,0.097434,0.138035,0.197920,-0.090142,0.091344,0.000000,13.836368
1.535626,1.904171,0.000000,-0.852613,-0.852615,1.019650,0.976648,0.843560,1.019644,0.759202,0.874272,-1.000000,13.718397
1.169237,1.169237,-0.799994,-0.184281,-0.184293,0.504624,1.236930,0.951801,1.156929,0.932929,0.998981,0.000000,13.693115
1.316614,2.068972,-0.313480,-1.846154,-1.846147,1.956114,2.959248,2.641588,2.824450,2.851409,2.754440,-1.000000,13.440320
-0.124076,0.558300,-1.550875,1.065837,1.065830,0.521094,1.693550,1.422664,1.671836,1.722083,1.573614,1.000000,13.583571
0.750006,0.750006,-1.250000,-0.744423,-0.744421,0.750005,2.031255,2.066671,2.262504,2.412503,2.235421,-1.000000,13.482452
0.250627,0.877193,-0.814536,-0.250000,-0.249999,0.601504,1.823313,2.201340,2.299502,2.556393,2.416460,0.000000,13.448746
-0.560741,0.809975,-0.560741,0.563904,0.563904,-0.211832,0.772595,1.595024,1.604370,1.891597,1.790247,1.000000,13.524584
-1.293900,0.308078,-1.355514,1.121502,1.121498,-0.973504,-0.388165,0.464166,0.409740,0.645723,0.735269,1.000000,13.676262
-1.156421,0.426050,-1.460736,1.232286,1.232281,-1.801579,-1.588549,-0.750650,-0.818615,-0.557508,-0.464588,1.000000,13.844792
-2.144139,0.059547,-2.322817,2.191120,2.191127,-2.966059,-3.478266,-2.835024,-2.793333,-2.632523,-2.499508,1.000000,14.148149
-0.707124,0.294644,-1.296400,1.072055,1.072055,-2.804948,-4.095459,-3.759569,-3.612250,-3.592215,-3.423682,1.000000,14.299825
-0.757129,0.465929,-1.572510,1.178556,1.178546,-2.632493,-4.676754,-4.744700,-4.432139,-4.545126,-4.401077,1.000000,14.468355
0.648956,1.415929,-0.294991,-1.281299,-1.281286,-0.519185,-2.849568,-3.252712,-2.982308,-3.188208,-3.111118,-1.000000,14.282974
1.549464,1.549464,-0.357580,-1.002950,-1.002956,0.905838,-1.471994,-2.125548,-1.889155,-2.128725,-2.042114,-1.000000,14.139722
-1.343470,0.000000,-1.985981,2.026222,2.026228,-0.712624,-2.774542,-3.796736,-3.709119,-3.876175,-3.876564,1.000000,14.426225
1.003542,1.180626,-0.413223,-1.051402,-1.051412,0.306969,-1.162927,-2.514757,-2.615109,-2.691851,-2.800076,-1.000000,14.274546
-0.294632,0.589281,-0.471420,0.177084,0.177091,-0.106061,-0.795517,-2.404238,-2.743070,-2.665874,-2.867799,0.000000,14.299825
1.086963,1.086963,-0.362313,-2.416028,-0.301025,0.158804,-0.088798,-1.727776,-2.266512,-2.211480,-2.482140,0.000000,14.256779
1.098237,1.708365,-0.183026,-1.026570,-1.026564,1.156137,1.135745,-0.459566,-1.152711,-1.117127,-1.411903,-1.000000,14.110424
-0.361658,0.301380,-1.145268,1.220262,1.220254,-0.264453,0.010651,-1.286082,-2.188140,-2.245587,-2.468748,1.000000,14.282607
0.606061,1.636364,-0.666673,-0.542495,-0.542485,0.181809,0.489487,-0.392673,-1.483310,-1.674992,-1.816623,-1.000000,14.205126
-0.898216,0.239515,-1.257491,1.212127,1.212119,-0.910184,-0.777303,-1.190169,-2.425206,-2.795812,-2.810397,1.000000,14.377309
-1.204100,1.745930,-1.204100,-0.538922,-0.538919,-0.313070,-0.227891,-0.364070,-1.595977,-2.111196,-2.140396,-1.000000,14.299827
-0.120253,0.000000,-1.443175,0.120397,0.120393,-0.144308,-0.224012,-0.263979,-1.458153,-2.092257,-2.144196,0.000000,14.317043
0.540541,1.021021,-0.960961,0.120271,0.120276,-0.192193,-0.408030,-0.297234,-1.279409,-2.070936,-2.196917,0.000000,14.334263
1.458966,1.580535,-0.790280,-1.201195,-1.201199,0.960483,0.723399,0.850113,0.172685,-0.754996,-0.986695,-1.000000,14.162080
1.480580,1.789025,-0.555201,-1.458979,-1.458966,1.850706,1.967917,2.098252,1.810185,0.789588,0.427201,-1.000000,13.955460
0.496278,0.558300,-0.372221,-0.555201,-0.555216,1.811414,2.264268,2.473731,2.451282,1.478457,1.022184,-1.000000,13.877977
0.124230,1.366460,-0.559006,-0.124076,-0.124074,1.279509,2.211185,2.466858,2.584315,1.684514,1.155574,0.000000,13.860758
-0.434256,0.806445,-0.744423,0.124230,0.124228,0.496278,1.792805,2.076357,2.359696,1.672350,1.040060,0.000000,13.877977
-0.371051,0.371058,-1.051330,0.310167,0.310160,-0.160781,1.273976,1.591435,1.907144,1.493679,0.776161,0.000000,13.921021
-0.367866,0.183942,-0.919675,0.865795,0.865813,-0.895159,0.165542,0.596770,0.880413,0.769745,-0.006167,1.000000,14.041551
0.621891,1.554726,-0.497512,-1.410172,-1.410186,0.472641,1.268663,1.836658,2.164648,2.259445,1.521191,-1.000000,13.843539
-0.554535,0.554529,-0.739365,0.932836,0.932840,-0.295749,0.086263,0.829743,1.160649,1.350955,0.675739,1.000000,13.972677
1.373283,1.373283,-0.124844,-1.293900,-1.293897,0.886388,1.004993,1.914274,2.256752,2.576196,2.070241,-1.000000,13.791885
0.187260,0.686635,-0.436954,0.000000,0.000000,0.699124,0.736578,1.714524,2.081772,2.428880,2.153174,0.000000,13.791885
0.125156,0.813523,-1.877347,-0.249688,-0.249690,0.538172,0.844806,1.668755,2.140177,2.478578,2.465300,0.000000,13.757448
0.376412,0.564624,-1.003764,-0.250313,-0.250315,0.614808,0.984946,1.643667,2.202012,2.572523,2.733785,0.000000,13.723011
0.816064,0.816064,-0.878845,-0.062735,-0.062727,0.301314,0.941614,1.414518,2.121779,2.512853,2.766576,0.000000,13.714403
0.631313,0.946970,-0.568182,-0.564972,-0.564975,0.643939,1.338381,1.649831,2.465278,2.863797,3.225519,-1.000000,13.636920
0.189633,0.505689,-1.074589,-0.126263,-0.126268,0.518334,1.245262,1.512857,2.379904,2.801521,3.189568,0.000000,13.619701
-1.312500,0.000000,-1.562500,1.137800,1.137815,-0.587509,-0.087511,0.283322,1.009365,1.492490,1.860805,1.000000,13.774668
-0.493523,0.616903,-1.850703,1.312494,1.312496,-1.542261,-1.301671,-0.978826,-0.422585,0.091296,0.462977,1.000000,13.955460
0.123616,0.370828,-0.309030,-0.185065,-0.185075,-1.050680,-1.149569,-0.762261,-0.377011,0.224967,0.598979,0.000000,13.929632
-0.061620,0.061614,-0.554535,0.309023,0.309017,-0.874918,-1.324703,-1.022795,-0.813305,-0.172516,0.180869,0.000000,13.972677
1.123602,1.373283,-0.124844,-1.293900,-1.293897,0.674160,-0.031210,0.212234,0.352684,1.016230,1.377445,-1.000000,13.791885
1.315789,1.315789,-0.313283,-0.374532,-0.374525,1.002501,0.332074,0.442766,0.651622,1.210519,1.622800,0.000000,13.740231
0.886076,0.886076,-0.253165,-1.002506,-1.002509,1.506326,1.259491,1.341768,1.569615,2.030375,2.491557,-1.000000,13.602484
0.760938,0.951173,-1.141408,-0.189873,-0.189884,1.179461,1.350674,1.340104,1.658218,2.006348,2.555492,0.000000,13.576655
-1.501877,0.375476,-1.501877,1.331642,1.331646,-0.463076,0.106387,-0.008341,0.278475,0.498125,1.080520,1.000000,13.757448
-1.057872,0.808967,-1.057872,0.563204,0.563193,-0.958296,-0.298680,-0.547591,-0.314238,-0.159290,0.425236,1.000000,13.834929
0.628931,1.257862,-0.880503,-1.057872,-1.057859,0.025154,0.704402,0.482180,0.622641,0.830188,1.331237,-1.000000,13.688575
1.595405,2.042119,-0.255265,-1.446541,-1.446549,1.327380,1.837914,1.842170,1.968738,2.195285,2.618600,-1.000000,13.490563
0.769724,1.347017,-0.256575,-0.510530,-0.510512,1.616409,1.982030,2.219363,2.286713,2.588829,2.922805,-1.000000,13.421692
-0.510530,0.638162,-3.573708,0.513149,0.513132,0.701983,1.104027,1.625194,1.652848,1.950231,2.188904,0.000000,13.490563
2.904290,3.432343,-0.330033,-3.318443,-3.318431,2.943889,3.999994,4.818478,4.854781,5.180193,5.410336,-1.000000,13.042888
-1.436031,1.501305,-1.436031,1.122112,1.122098,1.044394,2.428206,3.359452,3.475858,3.754578,4.047007,1.000000,13.189242
-0.960307,0.960307,-0.960307,1.958225,1.958240,-0.960312,0.345702,1.122486,1.386038,1.644040,1.941949,1.000000,13.447519
0.640205,0.640205,-1.280410,0.000000,0.000000,-0.921901,0.249673,0.883476,1.286807,1.487831,1.839516,0.000000,13.447519
0.128949,0.838169,-1.418440,-0.704225,-0.704234,-0.425528,0.657642,1.289493,1.898778,2.076083,2.430693,-1.000000,13.352817
-0.322581,0.193548,-0.967742,-0.064475,-0.064458,0.090312,0.354827,1.131170,1.861278,2.007729,2.352675,0.000000,13.344210
-1.577287,0.946372,-1.892744,2.258065,2.258058,-1.451105,-1.892749,-1.148272,-0.435337,-0.277608,-0.004212,1.000000,13.645530
-1.183057,0.186806,-1.307590,1.324915,1.324917,-2.191779,-2.932752,-2.332921,-1.783938,-1.551683,-1.315901,1.000000,13.826322
0.000000,0.746275,-0.186573,0.124539,0.124523,-1.741285,-2.748749,-2.325864,-1.937182,-1.636809,-1.469728,0.000000,13.843539
0.631712,1.705622,-0.442198,-1.554726,-1.554718,0.214784,-1.111813,-0.846496,-0.514847,-0.085914,0.046324,-1.000000,13.628311
-1.622971,0.811486,-1.622971,1.200253,1.200251,-0.324594,-1.741572,-2.043279,-1.694757,-1.220973,-1.140241,1.000000,13.791885
0.754249,1.319931,-0.439975,-0.686642,-0.686643,0.439975,-0.691386,-1.361825,-1.030798,-0.560652,-0.471400,-1.000000,13.697184
-0.755192,0.943996,-0.755192,-0.125707,-0.125705,0.352420,-0.396475,-1.145375,-0.877913,-0.516049,-0.356619,0.000000,13.679966
