-1.402207,0.024182,-1.402207,1.091646,1.091658,0.551212,0.763162,0.219051,-0.192796,-0.676212,-1.484804,1.000000,104.775566
-0.113857,0.561161,-0.666884,-0.910627,-0.910607,0.910847,1.541137,1.199291,0.752711,0.321473,-0.380965,-1.000000,103.821472
0.633377,1.258533,-0.213870,-1.130448,-1.130468,1.419758,2.342685,2.223141,1.884735,1.486181,0.895986,-1.000000,102.647804
0.563895,0.746332,-1.600458,-0.806123,-0.806117,1.494318,2.814494,2.920088,2.638787,2.353455,1.805944,-1.000000,101.820343
-0.394409,0.221860,-1.281839,0.920475,0.920477,0.396055,1.572715,1.923307,1.663571,1.440823,0.990731,1.000000,102.757576
0.203766,0.236369,-0.725405,0.813480,0.813483,-0.642274,0.528150,1.061203,0.861398,0.628405,0.273906,1.000000,103.593491
0.345826,1.078637,-0.156439,-1.010681,-1.010686,0.123509,1.144503,1.910252,1.874023,1.629017,1.327914,-1.000000,102.546486
1.958822,2.300577,-0.300075,-1.218605,-1.218602,1.091937,1.932143,2.835702,2.962819,2.813209,2.548371,-1.000000,101.296852
-1.446656,0.139732,-1.520636,1.408688,1.408673,-0.136437,0.232622,1.228018,1.477074,1.361580,1.188313,1.000000,102.723793
0.706683,1.163952,-0.149652,-1.134313,-1.134303,0.773198,1.177255,2.105642,2.538245,2.445673,2.327545,-1.000000,101.558594
-0.635212,0.461968,-0.775451,0.781511,0.781528,-0.250798,0.155901,1.081212,1.652351,1.617445,1.498774,1.000000,102.352303
-0.403224,0.164585,-0.543117,0.247481,0.247459,-0.485508,-0.209833,0.562329,1.267289,1.355176,1.227818,0.000000,102.605583
1.078841,1.560163,-0.074685,-0.839366,-0.839366,0.444818,0.546065,1.137487,1.898760,2.096935,2.041647,-1.000000,101.744347
1.348032,1.449773,-0.322168,-2.116185,-2.116179,1.987284,2.495975,2.919317,3.805850,4.132600,4.122716,-1.000000,99.591255
0.260656,0.512908,-1.404186,0.830863,0.830850,0.919879,1.418493,1.857127,2.678477,3.145728,3.160452,1.000000,100.418709
0.761855,1.035781,-0.684817,-1.774153,-1.774157,1.989393,2.747831,3.281989,4.163685,4.782759,4.868965,-1.000000,98.637123
0.255430,0.357604,-0.451255,0.539289,0.539310,0.749246,1.856104,2.415208,3.222643,3.971048,4.181067,0.000000,99.169083
0.160807,0.330088,-0.973341,0.596003,0.595986,-0.245448,1.098609,1.615469,2.300473,3.091332,3.398796,1.000000,99.760117
-0.160056,0.699185,-0.185326,0.473971,0.473991,-0.588001,0.373168,1.030514,1.548302,2.395408,2.790265,0.000000,100.232971
0.380265,1.030930,-0.169002,-0.311686,-0.311698,-0.376878,0.523072,1.157123,1.679488,2.476935,2.987161,0.000000,99.920547
-0.613037,0.780988,-0.906955,0.625322,0.625314,-0.616386,-0.281320,0.326398,0.837261,1.626141,2.225683,1.000000,100.545364
-0.050362,0.990348,-0.470001,0.058784,0.058769,-0.389410,-0.538800,0.138780,0.618149,1.322052,2.008135,0.000000,100.604454
0.134360,0.184751,-0.394693,-0.058749,-0.058735,-0.174671,-0.599595,0.147804,0.572730,1.166281,1.876056,0.000000,100.545364
-0.680441,0.290431,-1.170031,1.200873,1.200887,-1.060506,-1.566686,-1.104205,-0.624022,-0.186879,0.544899,1.000000,101.752800
0.041243,0.882547,-0.214447,0.605756,0.605761,-1.177842,-1.968834,-1.646881,-1.241348,-0.837686,-0.174869,1.000000,102.369179
-0.713878,0.381278,-0.989693,1.674364,1.674358,-2.125420,-3.059953,-3.155680,-2.844166,-2.497284,-1.877724,1.000000,104.083206
0.447514,1.334417,-0.154600,-0.300150,-0.300160,-1.220500,-2.324653,-2.789259,-2.492675,-2.205693,-1.678055,0.000000,103.770790
0.145431,0.274706,-1.018013,0.707889,0.707902,-1.156987,-2.557170,-3.296445,-3.024569,-2.822015,-2.415508,1.000000,104.505386
-0.435274,0.072549,-0.822180,0.234306,0.234302,-0.815734,-2.353704,-3.194158,-3.154525,-2.937291,-2.671828,0.000000,104.750244
-0.457170,0.368944,-0.497275,0.499760,0.499752,-0.757134,-2.330764,-3.368087,-3.459654,-3.324347,-3.104209,0.000000,105.273735
0.475343,0.902349,-0.459233,-0.449147,-0.449138,-0.172420,-1.484056,-2.540023,-2.907277,-2.842097,-2.666244,0.000000,104.800911
0.241258,0.522720,-0.048248,0.185301,0.185288,-0.123834,-1.248080,-2.350348,-2.973053,-2.928500,-2.808998,0.000000,104.995094
-0.629633,0.143461,-0.661514,0.900686,0.900696,-0.744405,-1.620309,-2.833085,-3.641115,-3.619675,-3.572969,1.000000,105.940781
-0.882518,0.000000,-1.371055,1.147687,1.147699,-1.421494,-2.232305,-3.504863,-4.381469,-4.547807,-4.501106,1.000000,107.156662
-0.251909,0.456587,-0.299140,0.094551,0.094537,-1.144607,-1.868847,-3.139940,-4.152956,-4.425411,-4.451441,0.000000,107.257965
-0.149302,0.306459,-0.440048,0.181062,0.181050,-0.829787,-1.732663,-2.886470,-3.915990,-4.408290,-4.504418,0.000000,107.452156
0.696365,0.997067,-0.371924,-0.699355,-0.699341,0.188334,-0.766008,-1.821638,-2.886371,-3.581552,-3.702097,-1.000000,106.700699
-1.268005,0.054790,-1.541954,1.099944,1.099949,-0.543211,-1.533351,-2.436867,-3.566852,-4.403265,-4.546555,1.000000,107.874352
-0.415490,0.047041,-1.152400,-0.156547,-0.156557,-0.285352,-1.104572,-1.915432,-3.068748,-3.952019,-4.242705,0.000000,107.705467
0.951102,0.951102,-0.221922,-1.089683,-1.089687,0.676871,0.103045,-0.574349,-1.690569,-2.664335,-3.032145,-1.000000,106.531815
0.333915,0.938146,-0.469071,-0.309106,-0.309103,0.753701,0.545401,-0.133032,-1.119411,-2.077592,-2.610640,0.000000,106.202522
0.103263,0.810235,-0.341568,0.087454,0.087449,0.589410,0.579881,-0.061949,-0.938111,-1.894980,-2.580023,0.000000,106.295395
0.039541,0.173997,-0.632714,0.436892,0.436897,-0.056947,0.219078,-0.355898,-1.077979,-2.059474,-2.847200,0.000000,106.759796
-0.064021,0.120049,-1.320523,-1.178428,-1.178428,0.717086,1.257305,0.879823,0.279317,-0.691793,-1.501931,-1.000000,105.501709
0.588760,0.612954,-0.185496,-0.768307,-0.768322,1.145266,1.796128,1.623805,1.166645,0.259394,-0.603256,-1.000000,104.691116
0.674031,0.828330,-0.105568,-0.685538,-0.685516,1.414640,2.164196,2.272205,1.859667,1.083315,0.253907,-1.000000,103.973442
-0.243252,0.478388,-0.429741,0.154298,0.154292,0.843261,1.760314,2.059514,1.720181,1.063163,0.258384,0.000000,104.133865
0.658160,0.926301,-0.942550,-0.210818,-0.210820,0.508652,1.594213,2.145122,1.906641,1.406357,0.603453,0.000000,103.914330
0.506125,0.506125,-0.669388,-0.463151,-0.463149,0.576324,1.653874,2.380406,2.317142,1.943184,1.174693,0.000000,103.433052
0.164201,0.221672,-0.730705,-0.571426,-0.571425,0.794743,1.879304,2.682534,2.786942,2.547451,1.850844,-1.000000,102.842010
-0.465306,0.595921,-0.897958,0.574710,0.574709,0.114286,1.029385,1.836733,2.133469,1.936327,1.361905,1.000000,103.433052
0.581728,0.745593,-0.417863,-0.367344,-0.367326,0.273641,1.087238,1.976217,2.415792,2.284289,1.814809,0.000000,103.053116
0.357588,0.623701,-0.207900,-1.474808,-0.660891,0.639441,1.331151,2.296332,2.922850,2.881418,2.551650,-1.000000,102.372047
0.008343,0.258596,-0.692354,-0.307695,-0.307711,0.680419,1.306397,2.243108,2.990691,3.093415,2.878123,0.000000,102.057037
0.868025,1.129274,-0.117990,-1.017679,-1.017686,1.354522,1.984410,2.930466,3.740756,3.984873,3.891292,-1.000000,101.018417
0.253610,0.853835,0.000000,-0.311818,-0.311804,1.129428,1.978680,2.888366,3.730157,4.147361,4.104370,0.000000,100.703438
0.577740,0.679697,-0.407813,-0.498778,-0.498788,1.067129,2.097404,2.998665,3.925819,4.478067,4.507484,0.000000,100.201141
-0.295882,0.760843,-0.727028,0.501278,0.501289,0.231627,1.269308,2.083983,3.051407,3.748912,3.860367,0.000000,100.703438
-0.702750,0.167325,-1.179617,1.048269,1.048259,-0.866724,0.054251,0.779784,1.690188,2.460466,2.684953,1.000000,101.759071
0.757322,0.908787,-0.269269,-0.577263,-0.577248,-0.260861,0.470066,1.132998,2.015697,2.814718,3.145989,-1.000000,101.171669
-0.479758,0.723845,-0.622842,-0.025242,-0.025247,-0.148139,0.269337,0.972185,1.791504,2.591299,3.051592,0.000000,101.146126
-1.929233,0.451525,-1.929233,2.525040,2.525045,-1.932523,-2.137762,-1.542500,-0.840608,-0.051118,0.471953,1.000000,103.700111
0.648001,0.988614,-0.257543,-1.182165,-1.182172,-0.413726,-0.957053,-0.458329,0.136544,0.933794,1.561151,-1.000000,102.474197
0.074730,0.373659,-0.298929,0.049844,0.049846,-0.313874,-0.960727,-0.566949,-0.058501,0.681404,1.359975,0.000000,102.525276
0.655324,0.771464,-0.456245,0.099645,0.099642,-0.129405,-0.902531,-0.679866,-0.258528,0.429006,1.108679,0.000000,102.627434
-0.421978,0.339232,-0.761210,0.257153,0.257166,-0.046342,-0.944078,-0.969727,-0.566955,0.042675,0.701575,0.000000,102.891357
-0.238940,0.247174,-0.379006,0.421977,0.421973,-0.538852,-1.057928,-1.368276,-1.023889,-0.492676,0.169542,0.000000,103.325531
0.264005,1.270523,-1.815029,-0.131832,-0.131861,-0.268931,-0.686388,-1.185249,-0.928337,-0.499698,0.150459,0.000000,103.189285
-0.826380,0.204549,-0.826380,0.833266,0.833288,-0.800197,-1.287022,-1.874217,-1.717461,-1.377811,-0.794321,1.000000,104.049149
-0.154461,0.000000,-1.463298,0.646376,0.646381,-1.037319,-1.581989,-2.268655,-2.258914,-2.010024,-1.489066,1.000000,104.721703
-0.702062,0.064559,-0.911876,0.739774,0.739759,-1.270166,-1.892337,-2.683440,-2.878861,-2.671846,-2.234769,1.000000,105.496391
0.129150,0.589236,-0.201792,-0.024208,-0.024198,-0.839459,-1.700701,-2.326794,-2.740737,-2.597583,-2.237165,0.000000,105.470863
-0.128884,0.555826,-0.265830,0.201792,0.201783,-0.567095,-1.594965,-2.209324,-2.779917,-2.726761,-2.467978,0.000000,105.683685
0.725339,0.894584,-0.080592,-0.048330,-0.048310,-0.219227,-1.253236,-1.917591,-2.563681,-2.596453,-2.416706,0.000000,105.632629
-0.193018,0.683614,-0.209099,0.209537,0.209527,-0.213929,-1.154896,-1.827781,-2.539003,-2.686298,-2.584124,0.000000,105.853958
-1.160387,0.484820,-1.589572,1.190288,1.190278,-1.085671,-1.923376,-2.611128,-3.386178,-3.693521,-3.632274,1.000000,107.113914
0.334821,0.542093,-0.151468,-0.302017,-0.302008,-0.538906,-1.301822,-2.123194,-2.784998,-3.261800,-3.257433,0.000000,106.790421
0.592384,1.048675,-0.144092,-0.414544,-0.414547,0.000004,-0.593977,-1.472939,-2.114949,-2.709570,-2.778449,0.000000,106.347725
-0.717012,0.079673,-0.756849,0.480307,0.480314,-0.248571,-0.806249,-1.673574,-2.344249,-2.994903,-3.136331,0.000000,106.858528
0.682784,1.084423,-0.064257,-0.820586,-0.820589,0.600850,0.133342,-0.649049,-1.309342,-2.004980,-2.236154,-1.000000,105.981659
0.564195,0.773756,0.000000,-0.337375,-0.337386,0.659313,0.484412,-0.140236,-0.763270,-1.486894,-1.836051,0.000000,105.624092
0.493967,0.769296,-0.380598,-0.467480,-0.467476,0.816264,0.923966,0.443225,-0.229162,-0.836660,-1.309141,0.000000,105.130325
0.481086,0.505547,-0.105999,-0.688314,-0.688298,1.143172,1.501131,1.217101,0.554866,-0.007511,-0.560186,-1.000000,104.406715
0.082303,0.427981,-0.823045,-0.929549,-0.929564,1.430455,2.241154,2.127300,1.542390,0.995560,0.417288,-1.000000,103.436188
-0.041216,0.346190,-0.395651,-0.148148,-0.148146,1.058358,2.143917,2.185955,1.724779,1.227170,0.639358,0.000000,103.282951
0.173797,0.289662,-0.885542,-0.403889,-0.403892,0.931890,2.145165,2.429863,2.136061,1.704548,1.117552,0.000000,102.865799
2.004231,2.038058,-0.270613,-2.135233,-2.135228,2.247780,3.765749,4.346722,4.232556,3.803129,3.339253,-1.000000,100.669380
0.313217,0.347079,-0.516380,-0.101482,-0.101471,1.588072,3.296359,4.113538,4.208066,3.832717,3.439704,0.000000,100.567230
-0.373295,0.534485,-0.559942,-0.220091,-0.220088,1.196219,2.875184,3.991950,4.253396,3.974869,3.620921,0.000000,100.345894
0.993743,1.165076,-0.017137,-0.967167,-0.967175,1.398094,3.215103,4.572936,5.002559,4.859409,4.572651,-1.000000,99.375374
0.361669,0.576945,-0.697492,-0.514012,-0.514022,1.112558,3.064676,4.556968,5.209684,5.238272,5.036029,-1.000000,98.864563
-0.979549,0.000000,-1.666949,0.215276,0.215281,0.573988,2.232345,3.813370,4.661024,4.840693,4.654866,0.000000,99.077400
-0.934816,0.033994,-1.478710,1.108439,1.108439,-0.606779,0.689216,2.264524,3.238717,3.571002,3.431063,1.000000,100.175613
-1.054141,0.143361,-1.905888,0.773353,0.773354,-1.249793,-0.329739,1.089555,2.214532,2.653392,2.585309,1.000000,100.950325
0.347013,0.778669,-0.321629,-0.362624,-0.362628,-0.650023,-0.235293,1.099730,2.324585,2.862460,2.890955,0.000000,100.584251
0.218189,0.469954,-0.688157,0.854847,0.854839,-0.983546,-1.221040,-0.031884,1.177833,1.830820,1.971303,1.000000,101.444084
-0.351405,0.075305,-0.711177,0.302109,0.302118,-0.756357,-1.412312,-0.554437,0.625420,1.377846,1.612561,0.000000,101.750565
-0.033432,0.167151,-0.434605,0.108773,0.108775,-0.533226,-1.392397,-0.829089,0.295858,1.117588,1.458693,0.000000,101.861244
-0.158574,0.308798,-0.425640,0.142079,0.142085,-0.467375,-1.369562,-1.063269,-0.084302,0.831905,1.247973,0.000000,102.005974
-0.414456,0.124339,-0.770889,0.684359,0.684346,-0.731096,-1.715844,-1.773314,-0.922989,0.023877,0.494312,1.000000,102.704048
0.133192,0.424542,-0.241406,-0.422747,-0.422757,-0.148158,-0.965605,-1.395138,-0.666345,0.259069,0.815799,0.000000,102.269859
0.091241,0.364965,-0.539146,0.357946,0.357957,-0.331782,-0.972126,-1.619105,-1.142164,-0.260447,0.364138,0.000000,102.635941
0.000000,0.522436,-0.265361,0.024882,0.024879,-0.200675,-0.754615,-1.507578,-1.251753,-0.428882,0.241046,0.000000,102.661476
-0.289476,0.198493,-0.678197,0.265369,0.265368,-0.284513,-0.824580,-1.600638,-1.537504,-0.844923,-0.111651,0.000000,102.933907
-0.139916,0.419755,-0.279832,0.487963,0.487965,-0.627163,-1.030451,-1.816732,-2.008226,-1.424852,-0.674619,0.000000,103.436188
1.030755,1.379880,-0.324189,-0.987652,-0.987647,0.392346,0.051532,-0.606266,-1.052787,-0.566919,0.163199,-1.000000,102.414604
0.158389,1.142050,-0.108367,-0.282630,-0.282627,0.576854,0.371785,-0.125602,-0.701070,-0.402804,0.294817,0.000000,102.125153
0.872807,1.211762,-0.855861,-1.625539,-1.625528,1.801528,1.891347,1.543919,0.934650,1.085993,1.756896,-1.000000,100.465080
0.414901,0.423370,-0.660456,0.076261,0.076267,1.248083,1.668058,1.439439,0.867466,0.893800,1.469922,0.000000,100.541702
-0.717602,0.379911,-1.165046,0.296358,0.296346,0.433942,1.182772,1.156601,0.642038,0.498771,1.000135,0.000000,100.839653
-1.518900,0.222887,-1.915139,2.271002,2.271008,-1.657588,-0.980694,-0.980695,-1.386012,-1.722646,-1.323275,1.000000,103.129730
1.409385,1.642893,-0.408645,-1.015350,-1.015364,-0.657152,-0.019180,0.056707,-0.227256,-0.659163,-0.410588,-1.000000,102.082588
-1.254232,0.016501,-1.328492,1.067466,1.067468,-1.181611,-1.025661,-0.915370,-1.135823,-1.607396,-1.502327,1.000000,103.172287
0.082588,0.346876,-0.305586,-0.090767,-0.090764,-0.599604,-0.921705,-0.755979,-0.942771,-1.411965,-1.424408,0.000000,103.078644
0.858333,1.041667,-0.308336,-0.891974,-0.891966,0.553328,-0.155005,0.101656,0.025822,-0.415679,-0.573900,-1.000000,102.159218
-0.424677,0.049968,-0.749433,0.074997,0.074980,0.303117,-0.247301,0.024436,-0.010401,-0.358390,-0.668934,0.000000,102.235817
0.016731,0.309470,-0.200734,-0.441334,0.394672,0.017287,-0.589355,-0.368562,-0.360185,-0.611289,-0.995449,0.000000,102.639313
-0.233216,0.174912,-0.774614,0.418200,0.418177,-0.419355,-0.750742,-0.757133,-0.716554,-0.912907,-1.326845,0.000000,103.068527
0.124420,0.273723,-0.406435,0.416458,0.416466,-0.751362,-0.876750,-1.132411,-1.056251,-1.225405,-1.634569,0.000000,103.497772
-1.237092,0.262165,-1.466493,1.244194,1.244208,-1.469778,-1.718330,-2.261567,-2.172869,-2.278889,-2.671298,1.000000,104.785500
0.131151,0.614754,-0.327870,-0.049155,-0.049169,-0.944259,-1.516808,-2.065850,-2.007108,-2.105169,-2.436615,0.000000,104.733978
-0.890975,0.113396,-0.890975,1.196720,1.196720,-1.483880,-2.313021,-2.981053,-3.007836,-3.102944,-3.373047,1.000000,105.987350
-0.395064,0.129003,-1.298074,0.461688,0.461684,-1.296454,-2.451614,-3.050521,-3.274419,-3.374859,-3.619849,0.000000,106.476677
0.024244,0.290933,-0.420234,-0.233815,-0.233804,-0.551158,-1.926561,-2.466472,-2.892705,-2.989446,-3.228380,0.000000,106.227730
0.513117,0.749306,-0.105878,-0.775819,-0.775827,0.343705,-0.851927,-1.415201,-2.040103,-2.128481,-2.319321,-1.000000,105.403587
0.163376,0.261395,-0.637150,-0.293208,-0.293201,0.707396,-0.288355,-1.000662,-1.624538,-1.733167,-1.916295,0.000000,105.094543
0.318523,0.702386,-0.359361,0.016340,0.016335,0.524337,-0.069424,-0.824710,-1.498539,-1.655002,-1.825724,0.000000,105.111710
0.433225,0.588525,-0.237039,-0.081678,-0.081671,0.330226,0.198625,-0.625987,-1.200899,-1.484567,-1.645039,0.000000,105.025864
-0.171400,0.310158,-0.530521,0.147132,0.147124,-0.016319,0.211399,-0.638761,-1.125532,-1.543860,-1.688928,0.000000,105.180382
0.271004,0.870498,-0.476304,-0.612145,-0.612148,0.433611,0.804802,0.124833,-0.339723,-0.895347,-1.024980,-1.000000,104.536522
0.140379,0.743189,-0.322047,-0.550217,-0.550197,0.771252,1.288179,0.789418,0.251635,-0.287547,-0.423175,-1.000000,103.961365
-0.196253,0.057241,-0.523345,0.982661,0.982642,-0.233866,0.206889,-0.042518,-0.585759,-1.148943,-1.317617,1.000000,104.982933
-0.867520,0.437815,-0.956699,0.858611,0.858614,-0.921028,-0.702119,-0.716173,-1.304011,-1.785743,-2.056246,1.000000,105.884331
0.105125,0.226426,-0.776328,0.259452,0.259460,-0.993053,-0.965559,-0.805982,-1.414339,-1.828252,-2.208445,0.000000,106.159058
1.408683,1.466012,-0.245696,-1.261528,-1.261514,0.325950,0.244046,0.463536,-0.027864,-0.422092,-0.915029,-1.000000,104.819847
0.652947,0.917431,-0.347134,-0.909091,-0.909109,1.228204,1.045543,1.329587,0.967849,0.519875,0.040635,-1.000000,103.866920
0.450375,1.034193,-0.433699,-0.900898,-0.900900,1.749795,1.752295,2.052822,1.899916,1.466669,0.976197,-1.000000,102.931183
0.199632,0.399265,-0.341044,0.266888,0.266904,0.959900,1.305095,1.569887,1.635321,1.197874,0.795928,0.000000,103.205910
1.162207,1.254847,-0.412665,-1.231079,-1.231079,1.389587,2.249444,2.555152,2.825490,2.414365,2.097845,-1.000000,101.935364
-1.866773,0.139802,-1.965460,2.408624,2.408608,-1.077295,-0.169400,0.078405,0.388162,0.091123,-0.190067,1.000000,104.390587
-1.339069,0.146081,-1.752965,1.332239,1.332253,-2.015912,-1.309860,-1.194080,-0.882173,-1.090743,-1.418750,1.000000,105.781334
0.032579,0.822611,-0.309494,-0.357087,-0.357102,-1.195624,-0.916264,-0.821517,-0.554645,-0.631368,-0.960428,0.000000,105.403587
0.496743,0.643317,-0.138441,0.016293,0.016301,-0.791534,-0.976385,-0.812708,-0.620933,-0.558312,-0.905475,0.000000,105.420769
-0.599146,0.032387,-0.655821,0.578175,0.578163,-0.589419,-1.557759,-1.329439,-1.201515,-1.034403,-1.382317,1.000000,106.030273
-0.969474,0.144219,-1.009531,1.052543,1.052549,-1.110484,-2.365991,-2.194797,-2.149263,-1.977082,-2.254357,1.000000,107.146294
-0.183664,0.335382,-0.431207,0.336516,0.336509,-1.121134,-2.354860,-2.302955,-2.365242,-2.202662,-2.418744,0.000000,107.506851
0.450775,0.788856,-0.265637,-0.798531,-0.798523,-0.091769,-1.220317,-1.412434,-1.507286,-1.390648,-1.507958,-1.000000,106.648384
-0.184136,0.208145,-0.784568,0.547373,0.547379,-0.297824,-1.382603,-1.865349,-1.940605,-1.899296,-1.914721,0.000000,107.232155
0.257773,0.596100,-0.346383,-0.616448,-0.616444,0.422097,-0.335919,-1.230874,-1.267125,-1.277920,-1.210201,-1.000000,106.571129
0.201045,0.434259,-0.394047,0.169163,0.169145,0.178539,-0.283062,-1.277030,-1.330105,-1.394119,-1.315632,0.000000,106.751389
0.459602,0.628936,-0.403161,-0.265381,-0.265364,0.249957,0.046760,-0.851480,-0.949851,-1.080153,-0.998770,0.000000,106.468109
-0.519711,0.199888,-1.135363,0.846640,0.846623,-0.457334,-0.610050,-1.408268,-1.670254,-1.826488,-1.786991,1.000000,107.369492
0.932761,0.948980,-0.437993,-1.423202,-1.423201,0.717014,0.864634,0.181152,-0.252648,-0.378288,-0.389048,-1.000000,105.841408
0.105440,0.105440,-1.030095,0.000000,0.000000,0.579124,0.846789,0.427183,-0.267654,-0.353306,-0.401215,0.000000,105.841408
1.231302,1.512267,-0.528881,-1.849298,-1.849282,1.922144,2.432846,2.286853,1.566390,1.499041,1.426594,-1.000000,103.884102
1.308174,1.383649,-0.201256,-1.454427,-1.454433,2.626411,3.443185,3.574561,2.992452,2.935010,2.834939,-1.000000,102.373177
-0.142174,0.150539,-0.643972,0.268344,0.268336,1.431802,2.776622,3.118402,2.703026,2.568545,2.479726,0.000000,102.647881
0.427926,0.746770,-0.109076,-0.326169,-0.326165,1.074007,2.632154,3.253343,2.995471,2.764561,2.726690,0.000000,102.313080
0.235630,0.387107,-0.538585,-0.293672,-0.293660,0.621047,2.487575,3.294892,3.302606,2.904644,2.925738,0.000000,102.012627
-0.217958,0.913736,-0.461064,0.387107,0.387098,-0.055328,1.668202,2.588089,2.807443,2.413613,2.459552,0.000000,102.407516
0.315717,0.440344,-0.706214,0.896974,0.896977,-0.759392,0.460281,1.406332,1.774671,1.482216,1.528189,1.000000,103.326088
0.066430,0.274020,-0.381964,0.058158,0.058147,-0.674242,0.016614,1.137044,1.617959,1.440845,1.417706,0.000000,103.386169
1.224763,1.233211,-0.109804,-1.693931,-1.693937,0.903806,1.326139,2.512613,3.182715,3.126968,3.025891,-1.000000,101.634872
1.358674,1.590849,-0.025797,-1.773797,-1.773773,2.289092,2.553949,3.913766,4.735563,4.904967,4.675083,-1.000000,99.832100
-0.146009,0.704286,-0.472389,0.120388,0.120388,1.674816,2.037266,3.335326,4.249753,4.601209,4.386889,0.000000,99.952286
-0.102700,0.162618,-0.659017,0.352139,0.352142,0.715500,1.472946,2.563039,3.524897,4.015738,3.902193,0.000000,100.304260
0.120689,0.767241,-0.250001,-0.718928,-0.718928,0.681026,1.899990,2.784470,3.919815,4.535159,4.542516,-1.000000,99.583145
-0.120222,0.437958,-1.090594,0.387928,0.387924,-0.041216,1.271788,1.995702,3.154996,3.913089,4.030622,0.000000,99.969452
2.033508,2.033508,-0.465821,-4.139116,-4.139135,3.439956,4.999569,5.703382,7.048747,7.974216,8.310207,-1.000000,95.831581
1.088716,1.187691,-0.539858,-0.438948,-0.438927,2.944031,4.729164,5.577343,6.926391,7.958242,8.473988,0.000000,95.410950
0.929350,1.091761,-0.306780,-0.278925,-0.278945,2.147443,4.162241,5.366187,6.630434,7.740514,8.404773,0.000000,95.144806
1.351354,1.351354,-0.228269,-1.181995,-1.181991,2.185908,4.411991,6.014742,7.195956,8.491975,9.297855,-1.000000,94.020203
-1.042506,0.071898,-1.222246,1.597882,1.597884,-0.352296,2.129963,3.873469,4.969900,6.295325,7.233463,1.000000,95.522537
-0.124943,0.062472,-1.481485,0.701003,0.700996,-0.970992,1.040616,2.746996,3.737626,5.123792,6.146074,1.000000,96.192146
0.698361,0.698361,-0.546155,-0.321286,-0.321278,-0.553323,0.941893,2.624527,3.654760,5.009222,6.096637,0.000000,95.883102
-1.364679,0.255328,-1.435116,1.692184,1.692202,-1.723913,-1.024845,0.518854,1.680297,2.894154,3.989241,1.000000,97.505638
0.767652,0.767652,-0.196377,-1.364679,-0.488558,-0.621182,-0.802127,0.575589,1.889971,2.973047,4.169329,0.000000,97.029266
-0.693271,0.204423,-1.182119,0.428459,0.428462,-0.650592,-1.484404,-0.140149,1.205487,2.189066,3.390115,0.000000,97.445000
-0.793092,0.308424,-1.665498,0.862146,0.862146,-1.073909,-2.076857,-1.098659,0.150779,1.008053,2.225341,1.000000,98.285118
1.020319,1.242128,-0.097596,-0.678537,-0.678537,-0.042583,-1.181761,-0.582394,0.589675,1.441362,2.611849,-1.000000,97.618217
-0.924291,1.276413,-0.994716,0.789636,0.789644,-0.646131,-1.626223,-1.491059,-0.449296,0.484638,1.534218,1.000000,98.389053
-0.951131,0.637002,-1.308901,0.880282,0.880278,-1.064572,-1.957206,-2.372675,-1.526073,-0.528915,0.375727,1.000000,99.255150
1.810438,1.828184,-0.070999,-1.675391,-1.675390,0.651401,-0.074541,-0.871557,-0.055257,0.972518,1.804310,-1.000000,97.592239
-0.683311,0.744632,-0.963643,1.304581,1.304582,-0.527380,-1.090969,-1.943539,-1.391217,-0.455122,0.258091,1.000000,98.865410
-0.521874,0.408803,-0.634951,0.718352,0.718340,-0.843690,-1.425581,-2.364067,-2.113426,-1.278852,-0.601196,1.000000,99.575600
-0.597353,0.303003,-0.960956,0.469689,0.469697,-0.976541,-1.632761,-2.494092,-2.584089,-1.871629,-1.143516,0.000000,100.043304
-0.025930,0.112368,-0.976752,0.155831,0.155832,-0.942175,-1.469446,-2.234686,-2.704916,-2.151532,-1.378786,0.000000,100.199203
0.468222,1.222575,-0.450884,-0.311176,-0.311185,-0.173410,-0.917362,-1.638186,-2.405310,-1.916069,-1.151881,0.000000,99.887398
-0.043534,1.175554,-0.505045,-0.424873,-0.424856,0.372686,-0.376181,-0.999271,-1.806352,-1.512418,-0.815572,0.000000,99.463020
0.494276,0.823792,-0.052027,0.417976,0.417962,0.015614,-0.564511,-1.144636,-1.991395,-1.925291,-1.312795,0.000000,99.878738
0.568035,0.725336,-0.367035,-0.771766,-0.771771,0.604744,0.281404,-0.267986,-1.029172,-1.210777,-0.687104,-1.000000,99.107903
-0.121897,0.261214,-0.435350,0.367035,0.367035,0.090559,-0.063552,-0.469007,-1.117081,-1.576525,-1.181461,0.000000,99.471664
-0.008691,0.755991,-0.382345,0.200265,0.200262,-0.152933,-0.054737,-0.519051,-1.106608,-1.785219,-1.444644,0.000000,99.670868
-0.336670,0.086331,-1.484801,0.660405,0.660415,-0.635362,-0.564570,-1.035908,-1.549260,-2.250277,-2.074735,1.000000,100.329109
1.213868,1.502053,-0.235791,-1.148130,-1.148137,0.377259,0.550174,0.218327,-0.239711,-0.963042,-0.963411,-1.000000,99.177193
-1.305666,0.613920,-1.314315,0.995546,0.995565,-0.401226,-0.428894,-0.651403,-1.090371,-1.738839,-1.944314,1.000000,100.164566
1.004806,1.135870,-0.288330,-1.037618,-1.037644,0.573190,0.506787,0.381552,0.052443,-0.502544,-0.931575,-1.000000,99.125214
0.227873,0.701143,-0.368096,-0.305810,-0.305791,0.709900,0.707270,0.772420,0.429009,-0.063801,-0.666404,0.000000,98.822098
-0.703918,0.191189,-0.816897,0.850133,0.850117,-0.272868,-0.121657,-0.023743,-0.348471,-0.766941,-1.375617,1.000000,99.662201
-0.533375,0.275293,-0.894701,1.016771,1.016786,-0.979012,-1.047837,-0.957217,-1.199673,-1.575361,-2.194013,1.000000,100.675552
0.590278,1.336806,-0.468744,-0.894701,-0.894712,-0.163191,-0.087667,-0.081010,-0.238271,-0.595823,-1.156350,-1.000000,99.774796
-0.571383,0.493464,-1.030216,0.269102,0.269114,-0.247607,-0.298685,-0.359573,-0.466633,-0.742106,-1.220955,0.000000,100.043304
0.570790,2.049644,-0.043237,0.103883,0.103875,-0.086481,-0.354576,-0.445671,-0.442354,-0.737173,-1.169526,0.000000,100.147224
0.129480,0.725079,-0.172634,0.190263,0.190280,-0.141574,-0.542957,-0.576622,-0.558062,-0.843861,-1.219500,0.000000,100.337784
-0.734472,0.085410,-0.751556,1.070348,1.070337,-1.053889,-1.375865,-1.528740,-1.520625,-1.744298,-2.083865,1.000000,101.411736
0.076462,0.484241,-0.297339,0.529510,0.529489,-1.148568,-1.720315,-1.861622,-1.945867,-2.122147,-2.454318,0.000000,101.948700
0.067988,0.271947,-0.713857,-0.033983,-0.033953,-0.747864,-1.413286,-1.668519,-1.828430,-1.984543,-2.261418,0.000000,101.914085
-0.312239,0.042197,-0.675108,0.705364,0.705356,-0.958652,-1.732494,-2.164843,-2.382283,-2.474603,-2.777499,1.000000,102.632942
-0.100919,0.597089,-0.353213,0.345995,0.345985,-0.785467,-1.748379,-2.330052,-2.547724,-2.650742,-2.960499,0.000000,102.988037
0.126052,0.512606,-0.134457,0.075684,0.075695,-0.539501,-1.590761,-2.152386,-2.466813,-2.588913,-2.857707,0.000000,103.065994
-0.695434,0.159198,-0.695434,0.294116,0.294099,-0.556333,-1.531617,-2.232638,-2.546700,-2.745861,-2.981973,0.000000,103.369110
0.621638,0.630040,-0.126010,-0.259738,-0.259721,-0.067211,-0.978669,-1.720997,-2.116943,-2.380047,-2.605013,0.000000,103.100639
0.799661,0.799661,-0.176774,-0.201611,-0.201612,0.185178,-0.511791,-1.258706,-1.762634,-2.066001,-2.236539,0.000000,102.892776
0.835183,1.261295,0.000000,-1.228962,-1.228967,1.164142,0.853079,0.098861,-0.476391,-0.762227,-0.929490,-1.000000,101.628258
-0.118845,0.432933,-0.526318,0.392029,0.392046,0.565348,0.519506,-0.203754,-0.725401,-1.065555,-1.236295,0.000000,102.026688
-1.066327,0.125946,-1.267844,1.103561,1.103543,-0.574299,-0.460952,-1.074723,-1.664146,-1.988579,-2.213823,1.000000,103.152596
0.437051,1.174047,-0.119975,-2.023506,-2.023503,1.076357,1.510839,1.035790,0.462761,0.098719,-0.165685,-1.000000,101.065300
-0.452874,0.598141,-0.452874,0.291368,0.291360,0.480227,1.090326,0.822019,0.296084,-0.125432,-0.407297,0.000000,101.359764
-0.724516,0.109524,-1.145746,1.426983,1.426984,-0.704289,-0.349614,-0.436388,-0.962083,-1.434198,-1.700079,1.000000,102.806152
-1.321699,0.008308,-1.629266,1.347941,1.347933,-1.609305,-1.566907,-1.582701,-2.110548,-2.552610,-2.869485,1.000000,104.191910
-0.763359,0.238037,-0.763359,1.271820,1.271857,-2.396807,-2.599546,-2.593254,-3.067824,-3.573530,-3.886863,1.000000,105.517082
-1.584734,0.137450,-1.584734,1.518508,1.518474,-2.726383,-3.681264,-3.726273,-4.187410,-4.717327,-5.086506,1.000000,107.119331
-0.957820,0.128786,-0.957820,0.452780,0.452795,-2.004189,-3.677563,-3.852225,-4.272782,-4.820352,-5.268571,0.000000,107.604362
-0.104836,0.282256,-0.314515,-0.193173,-0.193172,-0.959680,-2.954036,-3.392478,-3.758877,-4.348070,-4.865866,0.000000,107.396500
-0.400994,0.216535,-0.400994,0.556453,0.556459,-0.803599,-2.938499,-3.622863,-3.986699,-4.606316,-5.120178,1.000000,107.994118
0.434427,0.498789,-0.128724,-0.312775,-0.312794,-0.094925,-2.215602,-3.054968,-3.420348,-4.014154,-4.590503,0.000000,107.656319
0.193568,0.572626,-0.330669,-0.249401,-0.249392,0.204859,-1.382369,-2.546440,-2.924025,-3.500605,-4.095492,0.000000,107.387833
-1.169173,0.262463,-1.177128,1.403343,1.403335,-0.944876,-2.055193,-3.527660,-3.979953,-4.514750,-5.114395,1.000000,108.894844
-0.039694,1.031989,-0.166706,0.190884,0.190898,-0.820836,-1.664688,-3.254750,-3.882678,-4.375335,-5.006756,0.000000,109.102722
0.191209,0.366480,-0.167303,-0.357231,-0.357250,-0.333004,-0.896255,-2.497862,-3.278348,-3.763849,-4.419734,0.000000,108.712952
0.576278,0.656315,-0.528256,-0.462074,-0.462067,0.232112,-0.187287,-1.733629,-2.605647,-3.085637,-3.716180,0.000000,108.210625
-0.657472,0.865941,-0.914047,-0.176085,-0.176080,0.525975,0.072161,-1.131069,-2.206142,-2.688584,-3.300194,0.000000,108.020088
-0.430760,0.390872,-0.813661,0.513149,0.513144,-0.046265,-0.349390,-1.192828,-2.443758,-2.966493,-3.535149,0.000000,108.574387
0.024005,0.576139,-0.360090,-0.311104,-0.311108,0.105628,0.039216,-0.549991,-1.834032,-2.469705,-2.990844,0.000000,108.236603
-0.221822,0.435709,-0.467404,1.008244,1.008255,-0.781120,-0.837367,-1.229506,-2.480002,-3.214138,-3.717822,1.000000,109.327904
0.487650,0.831402,-0.175868,-0.903119,-0.903131,0.147103,0.129516,-0.155610,-1.351815,-2.148521,-2.643684,-1.000000,108.340530
0.287931,0.831801,-0.311925,-0.047963,-0.047942,0.244729,0.260725,-0.035735,-0.970978,-1.909952,-2.400767,0.000000,108.288589
0.263496,0.263496,-0.487066,0.167959,0.167957,0.057483,0.053489,-0.150119,-0.809254,-1.868739,-2.385028,0.000000,108.470467
-0.222486,0.111244,-0.699243,0.487065,0.487071,-0.287653,-0.441015,-0.536101,-1.005972,-2.073910,-2.674360,0.000000,108.998795
-0.221483,0.284766,-0.522066,0.452920,0.452904,-0.707161,-0.818696,-0.893316,-1.210248,-2.242680,-2.917521,0.000000,109.492455
1.098457,1.364996,-0.209995,-2.064547,-1.228550,0.492137,0.409095,0.369669,0.140133,-0.842008,-1.562705,-1.000000,108.147285
0.633219,0.949828,-0.235429,-0.508843,-0.508843,0.877545,0.883310,0.895964,0.674492,-0.092048,-0.919955,-1.000000,107.596985
0.000000,0.382270,-0.081333,-0.186721,-0.186720,0.866177,0.962316,0.991673,0.853126,0.319673,-0.594835,0.000000,107.396080
0.367344,0.489794,-0.212247,-0.366000,-0.366018,0.863684,1.217926,1.231858,1.205235,0.845097,-0.062225,0.000000,107.002991
-0.934282,0.161080,-0.982605,1.355105,1.355114,-0.676546,-0.216024,-0.137587,-0.126719,-0.346038,-1.200874,1.000000,108.453003
0.380167,0.630921,-0.056620,-0.426874,-0.426869,-0.279867,0.179293,0.276905,0.316889,0.172777,-0.628005,0.000000,107.990051
0.591712,0.802462,-0.032424,-0.210300,-0.210301,-0.038912,0.341638,0.472325,0.545705,0.407775,-0.211413,0.000000,107.762947
0.748947,0.936179,-0.073263,-0.429608,-0.429616,0.374478,0.665496,0.826652,0.905212,0.829657,0.403681,0.000000,107.299980
0.310158,0.644794,0.000000,-0.260501,-0.260487,0.639891,0.743548,1.014222,1.071461,1.078938,0.797165,0.000000,107.020477
0.465990,0.474168,-0.547742,-0.163236,-0.163244,0.503598,0.660564,1.024519,1.149347,1.201222,1.044774,0.000000,106.845772
-0.447922,0.073293,-0.635230,0.384239,0.384219,-0.017901,0.192216,0.570457,0.717711,0.798958,0.712078,0.000000,107.256294
0.589151,0.679160,-0.163650,-0.472353,-0.472326,0.266744,0.588324,0.951625,1.136181,1.253405,1.178483,0.000000,106.749695
-0.130562,0.220316,-0.677276,0.278213,0.278197,-0.058748,0.276626,0.582889,0.784246,0.903442,0.880423,0.000000,107.046669
-0.024518,0.269720,-0.286063,-0.163203,-0.163205,0.076835,0.428289,0.614641,0.885155,0.984898,1.028973,0.000000,106.871964
-0.801488,0.210494,-0.858159,0.956272,0.956287,-0.676821,-0.574810,-0.437179,-0.136910,-0.002023,0.068903,1.000000,107.893967
-0.394561,0.410657,-0.523392,0.542426,0.542424,-0.987202,-1.066114,-0.953919,-0.669277,-0.531606,-0.445681,0.000000,108.479210
-0.289460,0.217091,-0.393991,0.144940,0.144944,-0.783156,-1.128900,-1.033485,-0.797032,-0.652877,-0.551458,0.000000,108.636444
-0.287213,0.023940,-0.949413,0.779925,0.779918,-1.105788,-1.694588,-1.672249,-1.518472,-1.388484,-1.303144,1.000000,109.483719
-0.039945,0.231667,-0.447353,-0.127650,-0.127649,-0.527238,-1.356448,-1.403845,-1.376817,-1.221937,-1.169643,0.000000,109.343964
-0.301323,0.095157,-0.547144,0.742931,0.742928,-0.850048,-1.783363,-2.027858,-2.073981,-1.920294,-1.854791,1.000000,110.156311
-1.037247,0.000000,-1.068678,0.911903,0.911894,-1.263546,-2.319652,-2.723026,-2.823344,-2.705110,-2.653218,1.000000,111.160820
-1.081369,0.210055,-1.089151,1.005808,1.005816,-1.597942,-2.799900,-3.423571,-3.582535,-3.531816,-3.496161,1.000000,112.278893
-0.721882,0.162999,-0.978035,0.225618,0.225615,-1.277653,-2.531240,-3.331002,-3.571370,-3.604596,-3.596163,0.000000,112.532211
-1.013196,0.168868,-1.473747,1.125512,1.125526,-1.593501,-3.007376,-4.009833,-4.346031,-4.508757,-4.506212,1.000000,113.798790
-1.287985,0.007573,-1.575878,1.312562,1.312558,-1.977431,-3.622251,-4.765016,-5.288666,-5.544669,-5.570937,1.000000,115.292465
-0.294695,0.045336,-1.103212,0.265165,0.265180,-1.468956,-3.261311,-4.535806,-5.210080,-5.536662,-5.611404,0.000000,115.598198
-0.345911,0.443684,-0.421114,0.483603,0.483577,-1.275367,-3.079401,-4.455297,-5.304924,-5.696486,-5.839845,0.000000,116.157204
0.736132,1.282540,-0.045532,-0.909905,-0.909888,0.077400,-1.701462,-3.111495,-4.096545,-4.562812,-4.783224,-1.000000,115.100304
0.083822,0.861087,-0.167645,-0.409811,-0.409832,0.634018,-0.835924,-2.261664,-3.370025,-3.903973,-4.227679,0.000000,114.628586
0.221516,0.229150,-1.061716,-0.236225,-0.236206,0.708826,-0.233737,-1.653433,-2.812793,-3.469912,-3.859106,0.000000,114.357826
0.283826,0.452590,-0.813131,-0.427740,-0.427743,0.837675,0.432644,-0.915418,-2.104945,-2.848732,-3.278618,0.000000,113.868668
-0.306403,0.061281,-0.903874,0.145752,0.145742,0.318657,0.440450,-0.744028,-1.927994,-2.770124,-3.231198,0.000000,114.034622
0.306426,0.674127,-0.061273,-0.007668,-0.007660,0.137890,0.579139,-0.470861,-1.614444,-2.526732,-3.029975,0.000000,114.025887
0.230364,0.529833,-0.184282,-0.237473,-0.237482,0.222692,0.814724,0.024582,-1.077698,-2.057888,-2.601285,0.000000,113.755096
0.190563,0.304897,-0.358260,0.737162,0.737158,-0.469543,0.016016,-0.449213,-1.509253,-2.504146,-3.135393,1.000000,114.593651
-0.022993,0.130297,-0.344905,-0.548823,-0.548808,0.096565,0.424612,0.264168,-0.725076,-1.730671,-2.426106,-1.000000,113.964752
-0.153962,0.369523,-0.292525,-0.436887,-0.436897,0.435724,0.628184,0.773939,-0.076588,-1.062654,-1.830373,0.000000,113.466843
-0.852420,0.228330,-1.065526,1.147040,1.147050,-0.573871,-0.541904,-0.238986,-0.979531,-1.915522,-2.726746,1.000000,114.768364
0.176580,0.468331,-0.268719,-0.867645,-0.867644,0.299418,0.253353,0.632625,0.081760,-0.814439,-1.677549,-1.000000,113.772583
0.513742,1.105315,-0.342494,-1.366602,-1.366601,1.265660,1.451693,1.844263,1.560279,0.713934,-0.155686,-1.000000,112.217766
-0.355866,0.185676,-0.680791,0.614925,0.614919,0.459543,0.746559,1.062977,1.016947,0.255303,-0.599047,1.000000,112.907814
-0.146981,0.185676,-0.502858,0.000000,0.000000,0.360519,0.646760,0.871116,1.044798,0.406626,-0.417243,0.000000,112.907814
-0.764000,0.038202,-0.916798,1.261027,1.261027,-0.965695,-0.579877,-0.429878,-0.134844,-0.674153,-1.444978,1.000000,114.331612
0.430502,1.091634,-0.153749,-0.618838,-0.618838,-0.375155,0.027674,0.131200,0.479320,0.095017,-0.633201,-1.000000,113.624084
0.191732,0.260754,-0.621211,0.238313,0.238315,-0.317511,-0.271493,-0.133959,0.179077,-0.011658,-0.693817,0.000000,113.894867
-0.898768,0.038086,-0.974939,0.690232,0.690233,-0.691597,-0.892678,-0.771319,-0.547640,-0.574298,-1.194300,1.000000,114.681007
-0.776889,0.467638,-0.776889,0.982565,0.982539,-1.157021,-1.654830,-1.634718,-1.530377,-1.419801,-1.949243,1.000000,115.807793
-0.881392,0.037338,-1.045719,0.980542,0.980561,-1.670156,-2.423814,-2.423565,-2.407755,-2.226172,-2.688727,1.000000,116.943359
-0.608088,0.185391,-0.860218,0.724530,0.724530,-1.670009,-2.784578,-2.897048,-2.975530,-2.793920,-3.149674,1.000000,117.790649
0.756154,0.778613,-0.381829,-0.949202,-0.949203,-0.251559,-1.471142,-1.847722,-1.946547,-1.815079,-2.035388,-1.000000,116.672577
0.240163,0.420293,-0.262688,-0.247063,-0.247062,0.288198,-0.928402,-1.466027,-1.595619,-1.544882,-1.643150,0.000000,116.384323
0.362480,0.981727,0.000000,-0.615436,-0.615429,0.885062,-0.076276,-0.728996,-0.915650,-0.952124,-0.936416,-1.000000,115.668060
0.332002,0.875276,-0.777182,0.083070,0.083077,0.597594,-0.035474,-0.754052,-0.922820,-1.011404,-0.925585,0.000000,115.764153
1.926641,2.112346,-0.108325,-2.482452,-2.482464,2.290313,2.444287,1.720311,1.561047,1.446918,1.569688,-1.000000,112.890350
-0.109461,0.828776,-1.204066,-1.036833,-1.036842,2.475381,3.322916,2.756328,2.496490,2.415333,2.527244,-1.000000,111.719856
-0.374499,0.148243,-1.669657,0.211099,0.211113,1.468362,2.861821,2.483158,2.190838,2.131229,2.202801,0.000000,111.955711
2.280729,2.280729,-0.304095,-2.504485,-2.504488,2.880923,4.894367,4.886363,4.618278,4.575863,4.614276,-1.000000,109.151794
-0.660146,0.986239,-0.739680,0.616200,0.616200,1.169169,3.603752,3.970409,3.752483,3.782387,3.813459,1.000000,109.824387
0.429765,0.859531,-0.652606,-0.063629,-0.063634,0.662159,2.937529,3.801568,3.635498,3.702669,3.731532,0.000000,109.754501
-1.399969,0.078209,-1.525103,1.758853,1.758860,-1.084000,0.711714,1.875485,1.820347,1.806035,1.858801,1.000000,111.684929
0.352365,0.751702,-0.133113,-0.117317,-0.117318,-1.039856,0.396994,1.808263,1.879257,1.839166,1.909273,0.000000,111.553902
0.039345,0.149503,-0.653076,-0.485477,-0.485474,-0.221890,0.467385,2.016943,2.290895,2.247540,2.315680,0.000000,111.012337
0.031349,0.501573,-0.572096,0.401292,0.401296,-0.327591,-0.320539,1.281081,1.753128,1.720056,1.829930,0.000000,111.457825
0.567109,0.582859,-0.338689,-0.501567,-0.501574,0.381225,0.002364,1.377338,2.143195,2.129175,2.257404,-1.000000,110.898781
0.253767,0.547187,-0.333067,-0.677379,0.166816,0.105818,-0.221440,0.873096,1.846557,1.918257,1.981784,0.000000,111.083778
-0.023758,0.229606,-0.530488,0.158608,0.158614,-0.105549,-0.441984,0.406301,1.531530,1.697614,1.739249,0.000000,111.259972
-0.712995,0.054846,-0.846191,1.053044,1.053043,-0.894053,-1.187733,-0.831910,0.323356,0.620912,0.648362,1.000000,112.431587
-0.188248,0.086281,-0.556906,-0.109691,-0.109700,-0.633770,-0.858053,-0.928147,0.227175,0.659349,0.685878,0.000000,112.308250
-0.195419,0.195414,-0.586258,0.345127,0.345125,-0.656604,-0.938040,-1.280399,-0.343586,0.280197,0.307733,0.000000,112.695854
-0.070808,0.306820,-0.503501,-0.640975,-0.640961,0.143175,-0.273223,-0.628461,0.089463,0.858464,0.947543,-1.000000,111.973518
-0.211198,0.179921,-0.359824,0.574302,0.574296,-0.187734,-0.748317,-1.156767,-0.649346,0.209220,0.362495,1.000000,112.616577
-0.148150,0.358680,-0.241714,0.320717,0.320713,-0.410136,-0.891648,-1.246991,-1.086021,-0.211335,0.043712,0.000000,112.977753
-0.178790,0.139932,-0.349811,0.304093,0.304087,-0.533265,-1.027668,-1.340654,-1.493678,-0.641711,-0.289304,0.000000,113.321304
-0.365049,0.116500,-0.388350,0.085511,0.085504,-0.490863,-0.890085,-1.209589,-1.554563,-0.880799,-0.380538,0.000000,113.418198
-0.347622,0.061801,-0.733872,0.543687,0.543698,-0.667440,-1.167244,-1.606426,-1.985411,-1.509318,-0.915147,0.000000,114.034851
1.301549,1.442688,-0.376355,-1.475470,-1.475475,0.773091,0.410071,-0.085537,-0.499923,-0.177899,0.499630,-1.000000,112.352295
0.461439,0.797751,-0.148602,0.250902,0.250905,0.459874,0.176755,-0.239605,-0.594361,-0.535474,0.154182,0.000000,112.634193
1.111991,1.309151,-0.473191,-0.829030,-0.829028,1.009457,0.959775,0.608829,0.320605,0.150486,0.834971,-1.000000,111.700424
-0.196232,0.031397,-0.973311,0.473185,0.473199,0.321808,0.442685,0.214009,-0.041632,-0.344765,0.194880,0.000000,112.228989
0.372396,0.427859,-0.412009,-0.934068,-0.934081,0.754301,1.318437,1.164726,0.878187,0.575475,0.974952,-1.000000,111.180679
-0.551208,0.487299,-0.734940,-0.816099,-0.816102,1.206268,1.939608,1.937479,1.650167,1.342001,1.621069,-1.000000,110.273331
0.144834,0.370131,-1.021884,-0.718965,-0.718963,1.363055,2.358383,2.495977,2.316327,2.087899,2.168586,-1.000000,109.480507
-0.444160,0.193812,-1.146732,-0.362083,-0.362088,1.251721,2.341922,2.671407,2.579346,2.431744,2.335745,0.000000,109.084091
0.717428,0.815262,-0.366872,-0.944842,-0.944840,1.444642,2.821620,3.364312,3.426136,3.345820,3.162663,-1.000000,108.053421
-1.521249,0.434643,-1.754668,1.288109,1.288102,-0.162581,1.094666,1.895802,2.035989,1.949694,1.781445,1.000000,109.445259
-0.720231,0.576185,-1.080344,0.579524,0.579532,-0.773048,0.305700,1.155037,1.394448,1.308693,1.138175,1.000000,110.079529
0.328733,0.617381,-0.216488,-0.192060,-0.192053,-0.511554,0.246948,1.160993,1.472892,1.461976,1.354521,0.000000,109.868118
0.571934,0.724990,-0.233608,-0.465043,-0.465042,0.003216,0.501042,1.391970,1.812061,1.859185,1.813823,0.000000,109.357185
0.112179,0.721149,-0.120193,0.531661,0.531650,-0.182691,-0.238781,0.644767,1.148239,1.285579,1.280974,0.000000,109.938583
0.898858,1.157989,-0.016193,-1.049683,-1.049676,0.754717,0.599236,1.390664,2.074659,2.275486,2.266502,-1.000000,108.784584
0.381928,0.747607,-0.162520,-0.348206,-0.348210,0.797989,0.778484,1.502251,2.237121,2.527549,2.527049,0.000000,108.405785
0.547384,0.547384,-1.266343,-0.536321,-0.536331,0.962427,1.168309,1.752188,2.549436,2.909486,2.981344,-1.000000,107.824371
1.259527,1.599272,0.000000,-1.405230,-1.405210,1.827965,2.349178,2.864315,3.681213,4.150470,4.287638,-1.000000,106.309212
-0.757387,0.469252,-1.193714,0.654625,0.654614,0.617437,1.585577,1.869872,2.707253,3.260394,3.488104,1.000000,107.005127
0.141019,0.157607,-1.169642,-0.757387,-0.757384,0.897549,2.054746,2.334297,3.121937,3.830771,4.124426,-1.000000,106.194687
0.997320,0.997320,-0.553131,-1.020326,-1.020328,1.310762,2.634095,3.061795,3.840514,4.615488,5.002794,-1.000000,105.111153
0.977476,1.444960,-0.229499,-1.399596,-1.399602,1.941358,3.490018,4.149034,4.880584,5.740081,6.210516,-1.000000,103.640015
0.239090,0.674580,-0.836823,-0.458989,-0.459008,1.801745,3.366942,4.246743,4.950499,5.833856,6.404829,0.000000,103.164299
0.382300,0.382300,-1.112902,0.512337,0.512367,0.643947,2.237697,3.434990,4.003902,4.919203,5.573014,0.000000,103.692879
-0.152419,0.812945,-0.685915,0.322825,0.322811,-0.096532,1.451444,2.754972,3.325441,4.196811,4.978700,0.000000,104.027611
1.249788,2.077231,-0.017236,-1.752900,-1.752902,1.117053,2.654724,4.074597,4.774189,5.658693,6.512108,-1.000000,102.204109
-1.797368,0.254348,-2.373883,1.663506,1.663530,-0.486664,0.597699,1.988967,2.791425,3.593716,4.478157,1.000000,103.904305
2.191944,2.244345,-0.235791,-2.916486,-2.916504,2.048731,3.080954,4.492186,5.472451,6.276486,7.205488,-1.000000,100.873932
0.711211,1.615598,-0.886822,-0.541440,-0.541441,1.933447,2.976560,4.422401,5.661610,6.380549,7.354180,-1.000000,100.327759
1.356783,2.285100,-0.160672,-1.633155,-1.633144,2.543956,3.925726,5.474123,6.870923,7.640449,8.618223,-1.000000,98.689262
2.568773,2.978688,-0.619422,-2.008391,-2.008388,3.508831,5.186727,6.829408,8.369914,9.285472,10.305149,-1.000000,96.707199
-0.640612,0.210491,-2.397726,-0.464567,-0.464578,2.403226,4.910774,6.526956,8.168761,9.246093,10.252897,0.000000,96.257919
-2.791283,0.234109,-3.475600,1.638145,1.638152,0.131458,2.675127,4.232543,5.836481,7.025389,8.003479,1.000000,97.834770
-0.017893,0.840783,-0.957066,0.666311,0.666298,-0.905181,1.466909,2.966015,4.554567,5.928449,6.823500,1.000000,98.486641
0.035879,0.708585,-0.466407,-0.277285,-0.277275,-0.726523,1.157054,2.710555,4.307112,5.765540,6.680420,0.000000,98.213562
-1.659567,0.069513,-1.894163,3.228987,3.228972,-2.909016,-2.087916,-0.747228,0.698165,2.114188,3.051252,1.000000,101.384850
1.052629,1.964911,-0.078944,-0.947081,-0.947074,-1.150876,-1.498242,-0.011693,1.292549,2.714391,3.735971,-1.000000,100.424660
-0.163527,0.972543,-1.067222,1.921054,1.921056,-2.130996,-3.210259,-1.949106,-0.809880,0.504692,1.561525,1.000000,102.353874
0.241565,0.301957,-1.190583,-0.240983,-0.240978,-1.185411,-2.802180,-1.815783,-0.810118,0.440681,1.612741,0.000000,102.107224
-0.556425,0.304300,-1.356284,-0.767843,-0.767848,0.193011,-1.790120,-1.233984,-0.282991,0.923323,2.131809,-1.000000,101.323196
-0.819601,0.119525,-1.681886,1.834464,1.834468,-1.263554,-2.931787,-2.949998,-2.172801,-1.097242,0.069155,1.000000,103.181938
0.734165,1.528087,-0.887827,0.008539,0.008526,-0.735862,-2.268217,-3.004372,-2.202910,-1.285288,-0.155073,0.000000,103.190735
-0.870305,0.042665,-1.390782,0.051219,0.051229,-0.614334,-1.794369,-2.901022,-2.249145,-1.454605,-0.403580,0.000000,103.243599
-1.333888,0.183411,-2.967902,2.346416,2.346422,-2.219264,-3.366408,-4.790333,-4.396836,-3.764572,-2.821734,1.000000,105.666130
2.611751,2.731634,-0.274020,-2.642766,-2.642768,0.736423,-0.290295,-1.934695,-1.857770,-1.281387,-0.375352,-1.000000,102.873619
0.537397,0.563399,-0.494063,-1.207395,-1.207400,1.662475,0.952585,-0.413166,-0.686488,-0.211842,0.620033,-1.000000,101.631523
0.187949,0.213584,-1.870997,1.456184,1.456184,0.187954,-0.235798,-1.399404,-2.150364,-1.664589,-0.976506,1.000000,103.111465
-1.375177,0.016877,-1.830758,1.264413,1.264423,-0.838610,-1.284069,-2.210419,-3.202571,-2.844518,-2.273411,1.000000,104.415230
-0.042090,0.782828,-0.370372,0.227794,0.227803,-1.257589,-1.265169,-2.039861,-3.215927,-3.028638,-2.570445,0.000000,104.653091
1.407737,1.484057,-0.517300,-0.740745,-0.740762,-0.327333,-0.282391,-0.945272,-2.243892,-2.310717,-1.917682,-1.000000,103.877861
-0.413716,0.194188,-0.962512,0.440980,0.440983,-0.246537,-0.609594,-1.191605,-2.307501,-2.657889,-2.373076,0.000000,104.335945
0.178495,0.900975,-0.229499,-0.667004,-0.667009,0.525293,0.101151,-0.321290,-1.295367,-2.014449,-1.717523,-1.000000,103.640015
0.549591,0.875916,-0.695576,-1.019979,-1.019972,1.203953,1.068271,0.720766,-0.046803,-0.938087,-0.723631,-1.000000,102.582916
-0.533015,0.025789,-0.773729,-0.111633,0.814696,0.147385,0.034208,-0.008632,-0.616089,-1.619069,-1.534735,1.000000,103.418655
0.181425,0.345574,-0.414689,-0.490028,-0.490030,0.452822,0.530536,0.586683,0.101589,-0.970474,-1.085988,0.000000,102.911873
0.433013,1.004586,-0.190527,-0.241900,-0.241896,0.370480,0.874771,0.796886,0.406565,-0.498295,-0.831242,0.000000,102.662933
-0.429295,0.180303,-1.202027,0.866026,0.866030,-0.508290,0.051210,-0.045291,-0.304516,-1.070855,-1.694039,1.000000,103.552025
-0.980303,0.136393,-0.980303,0.721213,0.721201,-0.891647,-0.676352,-0.693553,-0.925132,-1.531318,-2.288487,1.000000,104.298843
0.177095,0.278295,-0.716815,1.082605,1.082618,-1.571941,-1.666630,-1.772206,-1.828756,-2.322581,-3.173745,1.000000,105.428001
0.459224,0.841913,-0.374176,-0.834884,-0.834885,-0.430308,-0.774667,-0.838455,-0.848022,-1.257873,-2.171761,-1.000000,104.547798
1.420578,1.437794,-0.447701,-1.224589,-1.224597,0.921225,0.352045,0.496544,0.385387,0.039235,-0.747149,-1.000000,103.267509
0.833984,1.077228,-0.078190,-0.895395,-0.895395,1.596735,1.131964,1.354447,1.250930,1.018046,0.347773,-1.000000,102.342857
2.498386,2.590244,-0.404154,-5.420900,-5.420885,5.869374,6.330472,6.638828,6.721109,6.578265,6.063487,-1.000000,96.794968
-2.103290,0.680207,-2.729798,2.626986,2.626981,1.933227,3.197881,3.552436,3.670801,3.738625,3.377100,1.000000,99.337753
-2.411858,0.473602,-2.745131,2.049578,2.049554,-0.740201,0.973534,1.308019,1.514708,1.657142,1.404795,1.000000,101.373734
0.905812,0.976168,-0.492478,-0.271880,-0.271862,-0.898777,1.094012,1.370679,1.765061,1.851816,1.671775,0.000000,101.098137
0.712507,0.712507,-1.131098,-1.257585,-1.257575,-0.140727,2.008363,2.407068,2.896611,3.014199,2.946693,-1.000000,99.826752
0.829799,1.280777,-0.144317,-1.255786,-1.255808,1.490040,2.724823,3.438271,3.908895,4.134789,4.128098,-1.000000,98.573120
2.893255,2.940074,-0.365168,-3.670966,-3.670948,4.434445,5.536508,6.785883,7.358005,7.651971,7.845164,-1.000000,94.954552
-0.784977,1.065321,-0.822358,0.196628,0.196627,2.919349,4.340710,6.031829,6.688186,7.115624,7.416940,0.000000,95.141258
1.296967,1.325576,-1.707039,-2.009159,-2.009173,3.341608,5.403404,7.531321,8.280048,8.951411,9.263550,-1.000000,93.229706
0.057189,2.249540,-0.581452,0.047685,0.047693,1.887330,4.380897,6.745462,7.672765,8.477608,8.857077,0.000000,93.274170
1.347924,1.924205,-0.009762,-2.411597,-2.411605,2.746643,6.326443,8.411162,9.698685,10.569876,11.099699,-1.000000,91.024765
2.250640,3.023997,-0.436251,-1.484661,-1.484662,3.117198,6.851087,8.873696,10.585475,11.568013,12.179529,-1.000000,89.673355
-1.179938,2.723701,-1.524086,0.832834,0.832855,1.221227,4.757120,6.932800,8.981309,10.051149,10.793860,1.000000,90.420204
-3.621955,0.537633,-3.782301,4.247788,4.247763,-2.684389,-0.236734,1.938643,4.094998,5.139385,6.018723,1.000000,94.261040
-0.935520,0.000000,-3.246814,2.839089,2.839121,-4.615262,-3.289021,-1.247380,0.880015,1.960177,2.879511,1.000000,96.937225
-3.010715,0.026564,-3.922784,3.576998,3.576978,-6.040909,-6.446470,-4.418076,-2.797749,-1.647745,-0.806527,1.000000,100.404648
0.294566,0.856912,-0.856912,-0.796955,-0.796961,-3.291967,-5.228058,-3.632354,-2.309195,-1.010793,-0.178599,-1.000000,99.604462
-1.044313,0.438789,-1.430449,1.713825,1.713833,-2.771391,-6.215885,-5.260200,-4.114961,-2.741902,-1.944983,1.000000,101.311516
0.167448,0.590463,-1.233807,-0.421234,-0.421226,-1.046979,-5.060378,-4.873544,-3.827453,-2.400996,-1.644233,0.000000,100.884766
0.600442,0.971301,-0.379691,-0.193885,-0.193894,-0.109492,-4.139515,-4.631641,-3.722736,-2.325120,-1.550845,0.000000,100.689156
0.105897,0.935402,-0.476528,0.061810,0.061807,-0.102362,-3.233318,-4.546414,-3.585860,-2.526293,-1.672252,0.000000,100.751389
-0.159138,0.477412,-0.848730,-0.185315,-0.185307,0.274066,-1.970652,-3.997294,-3.345864,-2.538773,-1.584303,0.000000,100.564690
-0.472453,1.007308,-0.579427,-0.822209,-0.822201,0.789794,-0.223759,-2.894171,-2.626594,-1.923706,-0.874499,-1.000000,99.737846
-0.843849,0.373066,-1.536689,0.356572,0.356564,0.273580,0.004438,-2.782027,-3.022745,-2.399011,-1.312258,0.000000,100.093475
2.664690,2.886746,-0.592154,-3.997158,-3.997164,3.491862,4.080312,1.461264,0.820689,1.404516,2.537935,-1.000000,96.092575
-0.148103,0.916410,-1.434783,-0.046265,-0.046264,2.560406,3.674908,1.856894,0.735909,1.420348,2.299055,0.000000,96.048119
1.213635,1.658330,-0.398369,-0.083307,-0.083309,1.687979,3.382438,2.379102,0.872708,1.364462,2.055773,0.000000,95.968102
-1.104974,0.027170,-1.639350,2.288310,2.288315,-0.907530,0.749024,0.614675,-1.229966,-1.033969,-0.444107,1.000000,98.164154
1.783569,1.857501,-0.499031,-1.992578,-1.992582,0.299421,2.311252,2.795188,0.932912,0.774794,1.335370,-1.000000,96.208153
1.501704,1.501704,-0.302228,-2.153222,-2.153226,2.091054,3.866652,4.858970,3.199858,2.750670,3.274786,-1.000000,94.136574
2.610366,3.320544,-0.969285,-1.586702,-1.586703,3.001926,4.666038,5.991054,4.951066,4.151258,4.790477,-1.000000,92.642906
-0.673730,0.490859,-1.992300,-0.287903,-0.287904,2.521658,4.081816,5.775432,5.400392,4.340334,4.841841,0.000000,92.376183
1.694756,2.210971,-0.136358,-1.183834,-1.183819,2.242125,4.402448,6.310180,6.710329,5.421247,5.729354,-1.000000,91.282616
-2.520930,0.019022,-2.520930,2.386291,2.386307,-0.728715,1.259488,3.302868,4.180437,2.974100,2.992746,1.000000,93.460899
-1.793935,0.103316,-2.498359,1.284245,1.284210,-1.876573,-0.175626,1.568530,2.739282,1.727071,1.504974,1.000000,94.661133
-1.266645,0.101695,-1.673452,1.587304,1.587316,-2.677514,-1.723375,-0.336539,0.913460,0.351330,-0.164573,1.000000,96.163704
-0.146893,0.183626,-1.771943,0.702657,0.702661,-2.434811,-2.319134,-1.288407,0.066563,-0.052883,-0.796304,1.000000,96.839409
1.282174,1.778196,-0.112302,-1.900477,-1.900482,0.237723,-0.759941,0.291379,1.672912,2.076187,1.120578,-1.000000,94.998993
-1.524611,0.431669,-2.351210,1.899859,1.899868,-0.940490,-2.548681,-1.805049,-0.433507,0.278102,-0.641688,1.000000,96.803848
-0.138556,0.508033,-0.581937,-0.569430,-0.569439,-0.042489,-1.770735,-1.231602,-0.093753,0.823944,0.030484,-1.000000,96.252609
4.290816,4.300452,-0.279627,-4.202848,-4.202838,3.484712,2.491559,2.823894,3.826049,4.891712,4.461795,-1.000000,92.207268
1.203882,1.582521,-1.300967,-0.684600,-0.684614,3.048550,3.110689,3.212952,4.050979,5.264086,5.251141,-1.000000,91.576004
-0.907053,0.731493,-3.559936,-0.456312,-0.456301,2.678238,3.569685,3.173702,4.057346,5.301081,5.760588,0.000000,91.158142
-1.961149,0.065999,-2.913442,3.442894,3.442881,-1.270970,0.211210,-0.395364,0.286640,1.516888,2.241824,1.000000,94.296608
-1.670777,0.529537,-1.698166,3.271734,3.271729,-4.166885,-2.684184,-3.328755,-2.824327,-1.835099,-0.982060,1.000000,97.381737
0.129211,0.858330,-0.886017,-1.077331,-1.077333,-2.266720,-1.606816,-2.020597,-1.751254,-0.949498,-0.044591,-1.000000,96.332611
0.237857,0.731866,-0.676972,0.886018,0.886033,-1.970549,-2.435278,-2.551154,-2.551459,-1.958466,-1.005396,1.000000,97.186150
0.045619,0.775475,-0.456163,0.274452,0.274461,-0.947011,-2.450519,-2.395778,-2.854678,-2.320602,-1.408336,0.000000,97.452888
-0.534279,0.968940,-0.706328,0.748106,0.748090,-0.891061,-3.034499,-2.799960,-3.475500,-3.123783,-2.232177,1.000000,98.181923
0.308583,0.399349,-1.896900,-0.226388,-0.226376,-0.548201,-2.640233,-2.354941,-3.061360,-2.827743,-2.103230,0.000000,97.959663
-0.909256,0.181849,-1.536645,-0.181518,-0.181522,-0.070924,-1.893079,-2.067049,-2.622300,-2.580111,-2.026434,0.000000,97.781845
-0.523184,0.171389,-0.938121,0.800144,1.790470,-1.357160,-2.819361,-3.609277,-3.975650,-4.150454,-3.784330,1.000000,99.532600
-1.267956,0.053198,-1.489627,1.731912,1.731911,-2.285215,-3.476493,-4.838273,-5.117891,-5.660067,-5.372340,1.000000,101.256416
-0.080075,0.471528,-0.782923,-0.336937,-0.336938,-1.413157,-2.494308,-4.244946,-4.427780,-5.154549,-5.025282,0.000000,100.915245
0.733428,1.095618,-0.063382,-1.743772,-1.743767,0.577685,-0.584972,-2.350392,-2.505013,-3.268846,-3.236785,-1.000000,99.155518
-0.138441,1.135214,-1.024458,-1.892434,-1.892431,2.414395,1.429972,-0.119217,-0.567070,-1.212332,-1.328106,-1.000000,97.279068
-0.156536,0.248623,-1.012890,0.230734,0.230720,1.762441,1.229040,0.056153,-0.761898,-1.229385,-1.502747,0.000000,97.503510
-0.064899,0.593361,-0.472838,-0.681397,-0.681402,1.548313,1.860169,1.133710,0.013961,-0.322228,-0.872589,-1.000000,96.839119
-0.064839,0.259354,-0.574290,0.092711,0.092721,0.631716,1.636540,1.221071,-0.072236,-0.271449,-0.939629,0.000000,96.928909
-0.423650,0.184193,-0.755204,0.574290,0.574301,-0.285516,1.007541,0.650178,-0.579607,-0.725029,-1.390773,1.000000,97.485573
0.775267,0.803288,-0.429666,-1.399893,-1.399900,0.889219,2.268821,2.064499,1.035517,0.682671,0.129868,-1.000000,96.120872
0.787399,0.984255,-0.103112,-0.354939,-0.354947,0.888643,2.241288,2.330169,1.614863,0.997057,0.604991,0.000000,95.779694
0.396599,0.415481,-0.915960,-0.731157,-0.731152,1.261567,2.344663,2.917447,2.569503,1.744321,1.479093,-1.000000,95.079399
0.684664,1.007985,-0.332832,-0.698771,-0.698767,1.441608,2.376372,3.375678,3.297539,2.359073,2.226870,-1.000000,94.415016
0.456443,0.456443,-0.684673,0.000000,0.000000,0.791170,1.874280,3.125390,3.140428,2.281222,2.218181,0.000000,94.415016
0.267353,0.553800,-0.381935,-0.408902,-0.408892,0.760038,1.946896,3.282712,3.441395,2.778653,2.562182,0.000000,94.028961
0.647028,0.936740,-0.366977,-1.126707,-1.126725,1.303726,2.620960,3.989059,4.393402,4.009838,3.592193,-1.000000,92.969513
-0.336699,1.616162,-0.432898,0.386281,0.386280,0.538733,1.849939,3.022617,3.770749,3.702640,3.133918,0.000000,93.328636
0.855113,1.593624,-0.563601,-1.000474,-1.000476,1.117487,2.388501,3.448973,4.506275,4.668316,4.017114,-1.000000,92.394905
-0.019320,0.338032,-1.052737,0.612182,0.612202,0.189290,1.278723,2.375238,3.601496,3.841195,3.266150,1.000000,92.960548
1.757472,2.040621,-0.117160,-1.081710,-1.081724,0.833825,1.933223,3.108774,4.417601,4.786329,4.386275,-1.000000,91.954971
0.216486,0.216486,-0.944695,-0.781093,-0.781093,1.247785,2.237752,3.462575,4.784985,5.350416,5.195652,-1.000000,91.236717
-1.638704,0.135751,-2.065352,1.485922,1.485929,-0.393678,0.472221,1.641942,2.782896,3.597932,3.707040,1.000000,92.592430
-0.843264,0.368329,-1.037123,0.038787,0.038785,-0.381892,0.240382,1.293014,2.295727,3.317945,3.606799,0.000000,92.628342
-3.833173,0.168697,-4.058101,3.421536,3.421535,-3.085285,-2.931581,-2.175566,-1.263821,-0.190437,0.124016,1.000000,95.797653
0.334127,0.620527,-0.095463,-1.827551,-1.827540,-0.836287,-1.122685,-0.501521,0.402376,1.508724,1.906872,-1.000000,94.046913
-1.625711,0.214896,-1.793888,2.176610,2.176586,-1.937763,-2.903847,-2.599258,-1.809760,-0.796773,-0.301856,1.000000,96.093925
1.501137,1.671076,0.000000,-1.037093,-1.037083,-0.383306,-1.700337,-1.577287,-0.872352,-0.016235,0.660366,-1.000000,95.097351
1.650673,1.909794,-0.038381,-1.623868,-1.623862,1.458730,0.046064,-0.014076,0.583493,1.319385,2.157007,-1.000000,93.553101
-0.955800,0.501561,-1.268095,1.410750,1.410742,-0.147626,-1.144125,-1.372823,-0.953435,-0.270649,0.627430,1.000000,94.872894
0.978621,1.206648,-1.035626,-0.397462,-0.397461,0.345841,-0.480759,-0.946317,-0.644178,0.009503,0.913067,0.000000,94.495811
0.680858,0.680858,-0.584965,-0.921616,-0.921607,0.751815,0.700032,0.021729,0.164935,0.774064,1.641408,-1.000000,93.624931
-1.805427,0.289988,-1.805427,2.512469,2.512450,-1.534136,-1.415334,-2.245704,-2.243208,-1.731702,-1.033043,1.000000,95.977211
0.609640,1.038290,-0.095262,-1.796070,-1.796068,0.415320,0.560111,-0.326406,-0.463892,-0.048002,0.541379,-1.000000,94.253395
0.935200,1.364634,-0.276745,-0.180989,-0.180987,0.429433,0.560172,-0.066160,-0.301073,-0.011446,0.543951,0.000000,94.082809
-0.788376,0.379940,-1.139815,0.467600,0.467603,-0.032294,0.142478,-0.350175,-0.738979,-0.544448,-0.021209,0.000000,94.522743
-0.832397,0.879165,-1.589971,1.557750,1.557750,-1.071830,-1.403851,-1.548195,-2.103906,-2.060975,-1.607116,1.000000,95.995171
-1.446471,0.506721,-1.768931,1.515154,1.515146,-2.246172,-2.634045,-2.685331,-3.353594,-3.425455,-3.054778,1.000000,97.449638
2.062626,2.118877,-0.131265,-1.732078,-1.732063,-0.208149,-0.687241,-0.751931,-1.474319,-1.666987,-1.386656,-1.000000,95.761749
-0.140247,0.271156,-0.719960,0.271885,0.271884,-0.074803,-0.836842,-1.005456,-1.582049,-1.866667,-1.704846,0.000000,96.022110
0.523802,0.701525,-0.093542,-0.037394,-0.037415,0.267525,-0.644456,-0.833712,-1.335223,-1.748374,-1.672732,0.000000,95.986183
0.798120,1.314556,-0.056336,-0.383504,-0.383480,0.574640,-0.053530,-0.485141,-0.726298,-1.259349,-1.299849,0.000000,95.618095
-1.047408,0.229695,-1.451667,2.197179,2.197170,-1.532519,-2.024068,-2.445787,-2.598304,-3.202493,-3.331795,1.000000,97.718987
-0.742694,0.253598,-0.932893,1.442492,1.442487,-2.253419,-2.925459,-3.458019,-3.655464,-4.307215,-4.547893,1.000000,99.128571
-0.236022,0.708059,-1.053017,-0.226429,-0.226423,-1.448807,-2.217687,-2.967203,-3.279778,-3.849676,-4.179982,0.000000,98.904121
0.229127,0.531575,-0.779029,-0.953162,-0.953155,-0.097155,-0.925678,-1.797581,-2.149214,-2.679137,-3.124070,-1.000000,97.961411
-0.652825,1.287513,-0.670957,1.081477,1.081464,-0.478732,-1.680110,-2.484959,-3.048321,-3.405923,-3.956834,1.000000,99.020828
0.291625,0.920437,-0.382762,-0.507750,-0.507741,0.191375,-1.069903,-1.815370,-2.379937,-2.672382,-3.291112,-1.000000,98.518059
0.502286,0.858449,-0.264841,-0.209608,-0.209611,0.235619,-0.602739,-1.333942,-1.932876,-2.236711,-2.887365,0.000000,98.311554
0.027279,0.618351,-0.336458,0.429225,0.429229,-0.227338,-0.752937,-1.441610,-2.156502,-2.535605,-3.107518,0.000000,98.733536
-0.182038,0.154726,-0.764544,-0.090932,-0.090935,0.001818,-0.393194,-1.073393,-1.857198,-2.260493,-2.793304,0.000000,98.643753
0.583408,0.948041,-0.145849,-0.154734,-0.154733,0.049228,0.052873,-0.751139,-1.458067,-2.011667,-2.397143,0.000000,98.491119
-0.962923,0.107987,-1.322895,1.294445,1.294450,-0.979128,-1.020526,-1.864659,-2.527457,-3.076683,-3.404736,1.000000,99.766037
-0.814466,0.232699,-0.939768,0.548956,0.548945,-1.120554,-1.442760,-2.097913,-2.757539,-3.336256,-3.676719,0.000000,100.313698
0.882409,1.026471,-0.558253,-0.599664,-0.599666,-0.327743,-0.767145,-1.260573,-1.888612,-2.558970,-2.964757,-1.000000,99.712151
1.137196,1.614088,-0.641971,-1.818834,-1.818843,1.366482,1.064759,0.698839,0.101352,-0.614808,-1.035999,-1.000000,97.898544
0.978579,1.006281,-0.304655,-0.660309,-0.660291,1.785445,1.554649,1.480178,0.831328,0.194973,-0.338508,-1.000000,97.252129
1.148146,1.787037,0.000000,-0.295421,-0.295426,1.509256,1.695371,1.729013,1.105093,0.532593,0.020988,0.000000,96.964821
1.194999,1.463642,-0.602125,-0.046299,-0.046289,0.855943,1.598882,1.624203,1.211665,0.689201,0.183103,0.000000,96.919937
0.111557,0.585662,-0.818070,-0.352012,-0.352013,0.563347,1.734677,1.822682,1.598021,1.148267,0.595883,0.000000,96.578766
-0.331340,0.138059,-1.150483,1.003999,1.003992,-0.508052,0.611135,0.782327,0.668199,0.266910,-0.299742,1.000000,97.548409
1.201566,1.238824,-0.055885,-1.187300,-1.187296,0.508568,1.602082,1.811347,1.917841,1.488072,0.993847,-1.000000,96.390221
-0.111562,0.409076,-0.427668,0.186286,0.186298,0.239859,1.082174,1.487529,1.668823,1.262910,0.826501,0.000000,96.569794
0.259987,0.714953,-0.371396,0.130159,0.130150,0.063140,0.576599,1.244194,1.410861,1.169913,0.779631,0.000000,96.695480
-0.396496,0.783777,-0.396496,0.696379,0.696367,-0.466563,-0.359603,0.450601,0.630714,0.525596,0.195182,1.000000,97.368835
-0.759048,0.277703,-1.008976,-0.387273,0.605329,-0.981769,-0.953033,-0.200451,0.025070,0.001273,-0.290776,1.000000,97.958237
0.796998,0.806376,-0.065635,-1.277420,-1.277417,0.364966,0.272202,0.967903,1.199705,1.340270,1.023940,-1.000000,96.706902
0.980771,1.228338,-0.019041,-1.528368,-1.528366,1.641096,1.646221,2.217380,2.597713,2.808565,2.514185,-1.000000,95.228867
0.161518,0.617579,-0.465556,0.219009,0.219013,1.155336,1.268751,1.653374,2.222925,2.429188,2.278828,0.000000,95.437431
0.455022,0.739406,-0.180107,0.228027,0.228009,0.566889,0.941805,1.139362,1.829461,2.060305,2.033362,0.000000,95.655037
0.190673,0.629234,-0.028599,-0.568773,-0.568765,0.543428,1.262939,1.522507,2.226225,2.524230,2.586339,-1.000000,95.110985
0.900378,1.113371,-0.348534,-1.525406,-1.525414,1.450291,2.540059,2.839460,3.551855,3.883433,4.105763,-1.000000,93.660149
0.087282,0.649790,-0.368537,-0.174267,-0.174256,1.256905,2.390394,2.771704,3.397358,3.849957,4.136966,0.000000,93.496941
-0.271212,0.174351,-0.833011,0.126076,0.126073,0.740022,1.932392,2.406930,2.909377,3.518512,3.809515,0.000000,93.614815
0.135921,0.553398,-0.320390,-0.232466,-0.232473,0.491267,1.744666,2.418453,2.811100,3.531181,3.854865,0.000000,93.397186
0.818478,1.091302,-0.136411,-0.359226,-0.359221,0.413136,1.585309,2.466271,2.921876,3.664497,4.053777,0.000000,93.061684
0.068239,0.516669,-0.458180,-0.048714,-0.048714,0.323648,1.238056,2.274399,2.744348,3.479589,3.889314,0.000000,93.016350
0.225119,1.184300,-0.048933,-0.399692,-0.399677,0.542222,1.365359,2.402350,2.923480,3.587358,4.094875,0.000000,92.644585
0.493145,0.966569,-0.404375,-0.763433,-0.763446,0.950785,1.764473,2.845119,3.444309,4.019836,4.664588,-1.000000,91.937294
-0.403579,1.486369,-0.590607,0.197255,0.197255,0.474461,1.180237,2.262693,2.998576,3.485328,4.219177,0.000000,92.118645
0.866364,0.965944,-0.468035,-1.151686,-1.151681,1.204938,1.913957,2.948944,3.842207,4.390530,5.155734,-1.000000,91.057732
0.278828,0.826531,-0.199161,0.000000,0.000000,0.774745,1.628159,2.535348,3.549399,4.118422,4.883621,0.000000,91.057732
0.677595,0.736522,-0.304434,1.404107,1.404099,-0.687420,0.095257,0.906740,1.886350,2.476230,3.163128,1.000000,92.336273
0.741693,1.068032,-0.178007,-0.697240,-0.697233,-0.043518,0.588403,1.342951,2.328908,2.967702,3.574055,-1.000000,91.692474
0.650840,0.821066,-0.240318,-1.236155,-1.236155,0.863119,1.533989,2.236233,3.233696,3.990580,4.533503,-1.000000,90.559013
0.161140,0.775503,-0.161148,-0.580757,-0.580753,1.224691,1.790708,2.457439,3.396607,4.264145,4.852925,-1.000000,90.033089
-0.839668,0.409832,-1.229511,0.755363,0.755355,0.389848,0.773693,1.472745,2.291083,3.232155,3.826571,1.000000,90.713158
1.072574,1.413388,-0.240582,-0.279887,-0.279876,0.256610,0.814946,1.533669,2.314543,3.251687,3.878249,0.000000,90.459274
0.009977,0.648381,-0.099749,0.491177,0.491158,-0.406971,0.208489,0.838580,1.565095,2.492178,3.149923,0.000000,90.903572
0.251332,0.703727,-0.010055,-0.778054,-0.778050,0.293561,0.781146,1.392719,2.058915,2.977785,3.722900,-1.000000,90.196297
-0.458669,0.079771,-0.917338,0.824369,0.824372,-0.327051,-0.055836,0.408152,0.995115,1.827102,2.632597,1.000000,90.939850
-0.129880,0.339698,-0.549500,-0.199427,-0.199435,-0.117883,0.110915,0.442949,1.037080,1.768422,2.630852,0.000000,90.758484
0.715227,1.420372,0.000000,-0.819262,-0.819258,0.608444,0.679973,1.077877,1.678260,2.377363,3.235877,-1.000000,90.014938
1.128738,1.342290,-0.050839,-0.936840,-0.936836,1.171445,1.349404,1.827000,2.390690,3.064474,3.930924,-1.000000,89.171646
-0.365112,0.091282,-0.801217,0.264391,0.264393,0.728190,0.953346,1.356322,1.897566,2.513184,3.360040,0.000000,89.407410
0.837727,1.313473,-0.093085,-1.937116,-1.937109,1.973303,2.678652,3.101310,3.603258,4.198975,5.010848,-1.000000,87.675491
1.015856,1.233547,-0.259148,-0.227532,-0.227545,1.455376,2.542761,3.063477,3.522861,4.153833,4.898590,0.000000,87.475990
0.218552,0.551574,-0.561966,-0.393910,-0.393915,1.194724,2.566353,3.072827,3.615894,4.273507,5.003655,0.000000,87.131409
0.511107,0.834458,-0.156464,-0.228945,-0.228931,0.911644,2.344831,2.944257,3.565758,4.205270,4.918457,0.000000,86.931938
0.306005,0.833598,-0.305998,-1.147393,-1.147394,1.274665,3.036823,3.780379,4.408040,5.067426,5.759206,-1.000000,85.934486
-0.902690,0.220432,-1.857875,0.527593,0.527594,0.445048,1.969137,2.954408,3.589796,4.206990,4.867568,0.000000,86.387871
1.100896,1.635312,-0.320646,-1.794898,-1.794891,1.658820,3.134877,4.374366,5.116494,5.725942,6.437571,-1.000000,84.837303
1.194288,1.524845,-0.021323,0.235144,0.235130,0.927710,2.307533,3.704417,4.440717,5.120073,5.856264,0.000000,85.036781
0.127100,0.571966,-0.360136,0.671790,0.671787,-0.055076,1.208561,2.600008,3.388414,4.122871,4.838120,1.000000,85.608047
-0.306554,0.306555,-0.475683,0.201244,0.201251,-0.291753,0.582454,2.050740,2.902220,3.618183,4.331573,0.000000,85.780334
-1.203559,0.251175,-1.214028,1.004234,1.004234,-1.224493,-0.536896,0.705384,1.683407,2.384088,3.047266,1.000000,86.641769
0.848900,1.549235,-0.371391,-1.371015,-1.370999,0.292857,0.609070,1.691411,2.789140,3.544977,4.184691,-1.000000,85.453911
-0.211689,0.264606,-0.613888,0.254674,0.254665,0.186277,0.183101,1.095108,2.248613,2.970778,3.648734,0.000000,85.671532
1.159421,1.331183,-0.268384,-1.407706,-1.407722,1.346227,1.321533,2.167122,3.327435,4.098773,4.833788,-1.000000,84.465515
0.387348,0.591775,-0.376593,-0.225443,-0.225434,1.217993,1.353562,1.991965,3.209595,4.035720,4.760417,0.000000,84.275101
-0.958469,0.255588,-0.958469,1.032924,1.032934,-0.168269,0.171451,0.751144,1.814152,2.742480,3.457923,1.000000,85.145607
0.000000,0.876912,-0.235270,-0.415335,-0.415351,0.091975,0.583901,0.960331,1.886969,2.891673,3.643109,0.000000,84.791954
0.677855,1.215836,-0.258236,-0.609560,-0.609554,0.374434,1.110395,1.353562,2.171292,3.229177,3.959901,-1.000000,84.275101
2.406182,2.406182,-0.275938,-2.517758,-2.517757,2.403977,3.301329,3.583521,4.383005,5.469317,6.257912,-1.000000,82.153259
0.807720,1.065736,-0.448733,-1.611478,-1.611488,3.228640,4.380763,4.859036,5.562049,6.733239,7.597050,-1.000000,80.829369
-3.192646,0.313853,-3.214288,3.657172,3.657173,-0.738093,0.357150,0.952388,1.605526,2.625979,3.552314,1.000000,83.785439
-1.361927,0.160860,-1.941017,0.919911,0.919930,-1.698670,-0.663816,0.010000,0.506693,1.397095,2.365673,1.000000,84.556206
0.451465,0.838438,-0.300977,-0.235926,-0.235939,-1.446843,-0.584754,0.192775,0.579926,1.368595,2.366623,0.000000,84.356705
3.435798,3.695747,-0.531195,-4.890891,-4.890881,3.141942,3.999763,4.898273,5.334529,6.135613,7.187299,-1.000000,80.230919
1.962618,2.021033,-0.327100,-3.254978,-3.254975,5.785041,6.641347,7.726628,8.342866,9.099057,10.253494,-1.000000,77.619423
0.621992,1.983339,-0.621992,-0.455606,-0.455614,4.581625,6.109609,7.410711,8.248444,9.059498,10.168209,0.000000,77.265778
1.677976,2.344402,-0.190403,-1.384814,-1.384820,3.855773,6.471503,8.109014,9.201481,9.998815,11.078191,-1.000000,76.195786
-1.913375,0.457800,-2.699851,1.380463,1.380466,0.601011,4.111983,5.909924,7.210352,7.989199,9.014749,1.000000,77.247643
1.146267,1.802987,-0.382090,-1.690342,-1.690351,1.201203,5.084188,6.982696,8.417324,9.267115,10.308468,-1.000000,75.941887
-1.967635,0.244498,-2.340205,2.555223,2.555231,-1.252766,2.087556,3.769940,5.208991,6.131100,7.066793,1.000000,77.882378
-1.632084,0.233159,-2.541386,-0.128071,-0.128064,-0.993245,1.446721,3.271930,4.774418,5.824663,6.780130,0.000000,77.782639
-2.062451,0.368706,-2.154630,1.177433,1.177414,-1.509383,-0.478155,1.553952,3.125947,4.281149,5.165737,1.000000,78.698463
0.209669,0.570761,-0.465930,-1.083078,-1.083075,-0.277222,-0.224800,2.115327,3.752485,5.053477,5.919639,-1.000000,77.846100
-0.244213,0.500058,-0.814045,0.163075,0.163082,0.081405,-0.676821,1.591660,3.167232,4.490759,5.364194,0.000000,77.973053
1.477828,1.537906,-0.144181,-3.209670,-1.990111,1.731204,1.183178,3.269959,4.748215,6.122600,7.088690,-1.000000,76.421303
-0.431448,0.395488,-0.743051,0.252312,0.252308,1.170134,0.843470,2.386036,3.927809,5.331977,6.393940,0.000000,76.614120
2.422443,2.471882,-0.296633,-3.032116,-3.032104,3.147127,3.740379,4.666400,6.470807,8.024589,9.247596,-1.000000,74.291100
1.792032,2.587081,0.000000,-2.064029,-2.064025,3.922257,5.309626,5.809474,7.923217,9.591271,10.987461,-1.000000,72.757713
4.105070,5.055430,-0.066002,-4.391716,-4.391727,6.277721,9.229891,9.647347,11.975620,13.768337,15.316739,-1.000000,69.562393
-2.176927,4.520236,-3.521909,-4.804645,-4.804631,8.560719,12.981737,14.033777,16.524094,18.419769,20.152319,-1.000000,66.220177
7.012287,7.140817,-0.257071,-2.911822,-2.911824,7.983435,14.271887,16.108523,18.502819,20.673926,22.597106,-1.000000,64.291962
-1.874395,0.013684,-2.927896,4.384460,4.384459,1.307979,7.745483,10.329134,12.225601,14.551413,16.536576,1.000000,67.110817
-3.400308,0.618243,-3.967029,6.225206,6.225196,-5.041210,0.511339,3.306162,4.732195,7.109597,9.034572,1.000000,71.288597
-3.369388,0.957350,-3.543451,3.593510,3.593506,-7.173933,-3.533501,-0.466184,0.667197,2.944408,4.773195,1.000000,73.850357
-1.210021,0.111130,-3.790592,0.696255,0.696270,-5.625392,-4.477101,-1.469784,-0.247717,1.884857,3.604502,1.000000,74.364555
0.728993,1.534719,-0.856893,-3.457212,-3.457229,-0.156026,-1.727835,1.502481,2.943341,4.865259,6.694688,-1.000000,71.793602
2.165004,2.165004,-1.063278,-0.166267,-0.166246,1.283618,-1.929293,1.018160,2.799342,4.320967,6.262298,0.000000,71.674248
0.562222,1.482234,-0.728341,0.256218,0.256213,1.183228,-2.305144,0.204439,2.161601,3.358614,5.414728,0.000000,71.857887
0.821710,1.252118,-0.286945,-2.031694,-2.031702,2.300776,-0.160422,1.565154,3.886508,4.943394,7.044244,-1.000000,70.397949
0.897974,0.937015,-0.780841,0.221727,0.221737,0.994273,0.232949,0.786047,3.137321,4.310646,6.321954,0.000000,70.554047
3.350243,4.378002,-0.226906,-2.498696,-2.498687,2.709548,3.455673,2.610773,5.126906,6.491061,8.320127,-1.000000,68.791122
0.092518,0.185037,-1.784306,0.987728,0.987702,1.070587,2.783511,1.144600,3.434563,5.062308,6.536874,1.000000,69.470573
0.197917,0.606939,-0.923611,0.171817,0.171828,0.245414,2.363108,0.667633,2.663938,4.441930,5.646805,0.000000,69.589943
-0.329946,0.303554,-1.069022,-0.026394,-0.026389,0.034315,1.775109,0.695086,2.087236,4.103239,5.163978,0.000000,69.571579
-0.958919,0.673842,-1.244005,1.847698,1.847671,-1.694938,-0.566260,-0.695412,-0.157422,1.818056,2.938020,1.000000,70.857033
-1.518599,0.240448,-1.581878,2.397303,2.397330,-2.958750,-2.789168,-2.261033,-2.774615,-0.853873,0.311643,1.000000,72.555710
-0.365195,1.334841,-1.020030,0.493555,0.493542,-2.490872,-3.096586,-2.210468,-3.346554,-1.658140,-0.331046,0.000000,72.913803
0.218685,1.234884,-0.990477,-2.103017,-2.103002,0.105471,-1.081817,-0.101197,-1.366740,0.092096,1.536033,-1.000000,71.380424
0.268929,0.819576,-0.320143,0.450216,0.450216,0.250987,-1.343324,-0.748711,-1.659626,-0.706367,0.883834,0.000000,71.701790
-0.530750,0.569582,-0.983821,-1.075677,-1.075686,1.361815,-0.217475,0.007769,-0.258251,0.063691,1.654128,-1.000000,70.930504
1.681554,1.852333,-0.472939,-1.462779,-1.462773,2.104565,1.421430,1.311080,1.623086,1.164469,2.786896,-1.000000,69.892952
-1.872808,0.546234,-2.328002,1.011555,1.011548,0.426589,0.565746,0.195087,0.852520,-0.057741,1.375203,1.000000,70.599953
0.218798,0.592030,-1.003860,1.053450,1.053451,-0.630625,-0.236805,-0.897464,-0.194976,-1.178888,0.014591,1.000000,71.343689
1.174617,1.530953,-0.026392,-2.483913,-2.483906,1.288107,2.304339,1.547664,2.039724,1.338787,2.159604,-1.000000,69.571579
-0.275409,0.537710,-1.272132,0.633500,0.633487,0.388203,1.539679,0.856837,1.086564,0.917515,1.211373,1.000000,70.012306
-2.193199,0.177485,-2.383363,3.449176,3.449178,-2.259123,-1.863582,-2.171224,-2.240103,-1.997963,-2.355890,1.000000,72.427155
1.761559,3.255046,-0.676536,-0.684585,-0.684577,-1.215218,-1.323716,-1.268828,-1.548377,-1.054377,-1.792186,-1.000000,71.931335
-4.671986,0.000000,-5.199270,4.097533,4.097523,-4.159412,-4.740649,-4.684242,-5.221948,-4.757325,-5.563456,1.000000,74.878738
-1.927877,0.190412,-1.999287,3.041074,3.041092,-5.022027,-6.845184,-6.842011,-7.581230,-7.396891,-8.022540,1.000000,77.155869
-3.230254,0.735716,-3.356705,3.522550,3.522543,-5.784575,-8.895277,-9.259303,-10.142547,-10.271987,-10.582444,1.000000,79.873718
0.147523,1.577393,-2.088066,1.299006,1.299009,-4.895604,-8.701780,-9.734462,-10.545857,-10.971865,-11.044419,1.000000,80.911285
-2.246697,0.255806,-2.346792,2.031322,2.031324,-4.215333,-9.071304,-10.752985,-11.534323,-12.217117,-12.191833,1.000000,82.554855
0.703357,0.926652,-1.004803,-0.378160,-0.378166,-2.060954,-7.400917,-9.533700,-10.429276,-11.378812,-11.414539,0.000000,82.242661
1.262117,1.397346,-0.980387,-0.926652,-0.926649,-0.083387,-5.073249,-7.887463,-8.860720,-10.005862,-10.273836,-1.000000,81.480560
-0.656250,0.633633,-1.233306,-0.405681,-0.405681,0.638158,-3.314098,-6.672702,-7.855285,-9.116996,-9.629631,0.000000,81.150009
-1.704544,0.233956,-2.283871,1.561445,1.561427,-0.543660,-3.588446,-7.094465,-8.673675,-9.852932,-10.589340,1.000000,82.417107
-1.179452,0.165346,-2.513226,1.069518,1.069532,-1.417551,-3.244047,-7.061289,-9.016756,-10.142860,-11.070328,1.000000,83.298584
0.284809,0.405305,-1.391175,0.628307,0.628323,-1.656275,-2.781259,-6.649155,-8.842714,-10.024772,-11.149831,1.000000,83.821968
0.366547,0.566480,-0.899698,-1.380219,-1.380240,0.006671,-0.754185,-4.286713,-6.903804,-8.131951,-9.411673,-1.000000,82.665024
-0.544503,0.555617,-0.666740,-0.044431,-0.044412,0.408925,-0.376717,-3.226294,-6.154583,-7.521291,-8.884331,0.000000,82.628311
0.123139,1.455273,-0.212698,-0.733410,-0.733427,1.054522,0.494797,-1.731406,-4.721818,-6.376357,-7.673421,-1.000000,82.022293
-2.051959,0.207373,-2.051959,2.563530,2.563542,-1.274837,-1.830396,-3.221286,-6.299400,-8.183377,-9.400434,1.000000,84.124969
-0.537043,0.756249,-1.260414,-0.414762,-0.414776,-0.874608,-1.238484,-2.110176,-5.167135,-7.209112,-8.458638,0.000000,83.776039
2.365671,2.376929,-0.214031,-2.707147,-2.707133,1.599638,1.512894,0.969543,-1.796220,-4.146001,-5.423385,-1.000000,81.508110
0.034214,0.296468,-1.094640,-1.205362,-1.205371,2.316994,2.673893,2.255421,0.054736,-2.499883,-3.869249,-1.000000,80.525635
-1.759664,0.367526,-2.082641,2.383129,2.383138,0.037859,0.287330,-0.000751,-1.666675,-4.160384,-5.707030,1.000000,82.444672
-0.634107,1.156971,-0.834353,0.111369,0.111370,-0.458345,0.083430,-0.113480,-1.133615,-3.688517,-5.423304,0.000000,82.536491
0.286094,1.210394,-1.617510,1.101344,1.101337,-1.621915,-1.051935,-1.105486,-1.697291,-4.157570,-5.971611,1.000000,83.445496
-4.580874,0.336984,-4.717772,4.489439,4.489435,-4.545067,-4.784115,-4.917857,-5.345405,-7.467142,-9.419403,1.000000,87.191727
-2.771552,0.509476,-2.771552,3.348778,3.348773,-5.510487,-7.038916,-7.335771,-7.844398,-9.573256,-11.644923,1.000000,90.111580
1.291723,1.374394,-0.713026,-1.395967,-1.395966,-2.730179,-4.954007,-5.540965,-6.092789,-7.553573,-9.682746,-1.000000,88.853653
1.586462,2.115283,-0.232682,-2.294093,-2.294082,0.539386,-2.412489,-3.053066,-3.642526,-4.697205,-6.939547,-1.000000,86.815277
-0.340317,0.042541,-2.414120,-0.549978,-0.549984,1.765393,-1.576091,-2.322661,-2.872486,-3.639262,-5.846006,-1.000000,86.337807
1.256502,2.307189,-0.238304,-1.818567,-1.818571,3.078424,0.631502,-0.348060,-0.879546,-1.495230,-3.504474,-1.000000,84.767693
-1.212062,0.289603,-1.490944,0.985705,0.985701,1.018988,0.242415,-1.089059,-1.586931,-2.188990,-3.839247,1.000000,85.603249
1.301656,1.648766,-0.357957,-1.115522,-1.115516,1.164985,1.633581,0.233575,-0.344940,-0.908992,-2.273204,-1.000000,84.648331
0.990428,1.435568,-0.678835,-2.527390,-2.527394,2.744271,4.265527,2.701985,2.191192,1.658139,0.688112,-1.000000,82.508934
1.003608,1.454670,-0.552546,-1.313155,-1.313150,2.904825,5.404825,3.876109,3.403812,2.970682,2.295897,-1.000000,81.425468
-4.002183,0.021874,-4.002183,3.123587,4.383066,-1.362823,0.720329,-0.212217,-0.801104,-1.187710,-1.692115,1.000000,84.994400
0.263647,1.614853,-0.362520,-0.459265,-0.459275,-1.143925,0.534068,0.569570,-0.226642,-0.568492,-1.052157,0.000000,84.604042
-0.835047,0.585621,-1.279688,1.296276,1.296277,-2.163373,-1.120352,-0.464117,-1.288821,-1.687646,-2.132096,1.000000,85.700745
1.321146,1.695476,-0.440385,-1.496581,-1.496587,-0.224592,0.097993,1.196755,0.228288,-0.140913,-0.571590,-1.000000,84.418159
1.831252,2.583975,-0.224698,-2.003743,-2.003740,2.130097,1.708189,3.208005,2.214240,1.847955,1.480934,-1.000000,82.726639
-1.510943,0.477725,-2.110878,1.123469,1.123475,0.675475,0.445335,1.779608,1.207026,0.763817,0.440172,1.000000,83.656052
-1.269837,1.039962,-1.696765,1.488719,1.488704,-0.731242,-1.110725,-0.122476,-0.019847,-0.607159,-0.885866,1.000000,84.901443
-0.176080,0.495210,-0.781335,-0.525446,-0.525439,-0.501818,-0.611230,0.057901,0.627300,0.033083,-0.281885,-1.000000,84.455338
-0.132791,0.520076,-0.354100,-0.550237,-0.550240,-0.053114,0.115085,0.387302,1.270621,0.580152,0.297305,-1.000000,83.990631
-0.744635,0.700831,-0.963642,1.051230,1.051230,-0.586944,-0.520144,-0.772035,0.301237,-0.414452,-0.704782,1.000000,84.873566
-1.632788,0.183822,-1.632788,1.270262,1.270262,-1.299743,-1.656574,-1.924846,-1.029007,-1.456789,-1.822809,1.000000,85.951683
2.603876,2.703603,-0.243768,-2.411335,-2.411321,0.895281,0.686971,0.361462,1.044955,1.138037,0.652760,-1.000000,83.879112
2.205965,2.892516,-0.551488,-1.551249,-1.551262,2.030393,1.895335,1.775715,2.257138,2.738130,2.261180,-1.000000,82.577927
-2.017609,0.122618,-3.589345,0.967925,0.967926,0.905141,0.793671,0.869472,1.070678,1.793568,1.250962,1.000000,83.377220
0.229152,0.756190,-2.726853,-2.708728,-2.708717,2.788719,3.401687,3.652605,3.562928,4.512902,3.960729,-1.000000,81.118767
-0.728834,1.804718,-2.533552,-0.962416,-0.962436,2.390106,3.993528,4.273493,4.293653,5.187305,4.922460,-1.000000,80.338051
-1.061644,2.899545,-1.484013,1.341967,1.341967,0.429232,2.188367,2.631671,2.655459,3.367210,3.569540,1.000000,81.416161
-1.455770,1.298988,-1.892499,1.940645,1.940648,-1.381859,0.067191,0.460622,0.601670,1.117103,1.620033,1.000000,82.996162
1.631185,1.700604,-0.404912,-3.202689,-3.202691,1.124483,2.923420,3.445942,3.795125,4.140223,4.891075,-1.000000,80.338051
-3.391916,0.291049,-4.388221,3.343359,3.343368,-1.688129,-0.629131,0.123136,0.533414,0.611422,1.480715,1.000000,83.024048
-2.350151,0.689953,-2.382491,3.839695,3.839690,-3.960760,-4.273392,-3.381484,-3.113408,-3.041888,-2.309631,1.000000,86.211914
-0.920377,0.406676,-2.814645,0.733075,0.733082,-3.409680,-4.628644,-3.935507,-3.689537,-3.690353,-3.145993,1.000000,86.843918
3.269272,3.821514,-0.154627,-3.103597,-3.103593,-0.041976,-1.387240,-0.882858,-0.696936,-0.629307,-0.230135,-1.000000,84.148636
0.278365,1.625653,-0.567860,-0.806277,-0.806290,1.520999,-0.574538,-0.118760,0.053456,0.224484,0.447253,-1.000000,83.470154
1.299870,1.636037,-1.154190,-0.634673,-0.634664,2.149260,0.280141,0.363813,0.705401,0.937697,0.952287,-1.000000,82.940399
-1.273949,0.576054,-2.182335,1.154190,1.154200,0.432031,-0.439801,-0.944582,-0.429277,-0.266320,-0.234175,1.000000,83.897697
-1.716236,0.042639,-2.387803,3.921570,3.921553,-3.278962,-3.534799,-4.429516,-4.055532,-3.911304,-3.938329,1.000000,87.187790
2.064089,2.064089,-0.043456,-1.876127,-1.876114,-1.101587,-1.391647,-2.370464,-2.156992,-2.081055,-2.066433,-1.000000,85.552048
-0.055338,0.398406,-0.741477,-1.835961,-1.835961,0.869848,0.886446,-0.496543,-0.327589,-0.270484,-0.176341,-1.000000,83.981346
0.701369,1.457536,-0.197260,0.984948,0.984946,0.326574,0.112872,-1.176994,-1.303568,-1.144993,-1.016993,1.000000,84.808517
0.011102,0.987909,-0.221997,-1.271237,-1.271254,1.578438,1.105577,0.365574,-0.165376,0.131438,0.207215,-1.000000,83.730385
-0.644733,1.000447,-1.044911,-0.144297,-0.144277,0.869272,0.864822,0.685482,-0.037247,0.214309,0.312353,0.000000,83.609581
