-0.817704,0.080164,-0.962003,0.889685,0.889660,-0.115426,0.472996,0.227685,-0.128254,-0.697758,-1.299223,1.000000,46.250053
0.712085,1.586013,-0.566438,-0.929936,-0.929919,0.563197,1.047092,1.188970,0.848031,0.335328,-0.221721,-1.000000,45.819965
2.051619,2.217068,-0.314367,-2.184818,-2.184818,2.223688,2.741558,3.293620,3.010419,2.543346,2.081399,-1.000000,44.818882
0.115835,0.281320,-1.290743,-0.016551,-0.016547,1.555517,2.372993,3.130892,2.927351,2.579512,2.124219,0.000000,44.811466
-1.851857,0.112720,-2.544287,2.763533,2.763527,-1.085348,-0.426731,0.339236,0.188404,-0.073431,-0.533012,1.000000,46.049843
-0.112377,0.529783,-0.513724,0.305955,0.305955,-1.412744,-0.699949,-0.069566,-0.085888,-0.282548,-0.710653,0.000000,46.190735
-0.884105,0.434015,-1.076998,-0.128427,-0.128413,-1.150953,-0.633352,-0.140401,0.091608,-0.096464,-0.476895,0.000000,46.131420
1.677517,1.677517,-0.065149,-1.302040,-1.302058,0.465802,0.545604,0.912053,1.375407,1.213029,0.861022,-1.000000,45.530762
-1.696551,0.320094,-2.096678,1.758957,1.758971,-0.614604,-1.195593,-0.862152,-0.343322,-0.482727,-0.757587,1.000000,46.331635
-0.159947,0.495842,-0.639789,0.064014,0.064015,-0.543826,-1.146837,-0.911712,-0.387082,-0.496488,-0.711245,0.000000,46.361294
-0.583869,0.504969,-0.631216,1.359566,1.359552,-1.536993,-2.314967,-2.107193,-1.713738,-1.738356,-1.907837,1.000000,46.991600
-1.615908,0.372906,-1.988813,1.562252,1.562260,-2.383466,-3.418270,-3.429665,-3.203076,-3.078310,-3.258753,1.000000,47.725731
1.067837,1.758796,-0.031407,-1.056555,-1.056564,-0.624992,-1.878132,-2.244549,-2.181996,-1.928386,-2.113164,-1.000000,47.221478
1.172499,1.557981,-0.256987,-2.229897,-2.229896,1.570834,0.653716,-0.040685,0.008839,0.321237,0.152589,-1.000000,46.168488
0.772820,1.239735,-0.708416,-0.240928,-0.240928,1.684111,0.898414,0.231854,0.227829,0.553218,0.414325,0.000000,46.057255
-0.032438,1.021731,-0.697372,-0.724520,-0.724513,1.871550,1.532599,0.886583,0.923613,1.183911,1.134175,-1.000000,45.723564
-0.369189,0.224717,-1.171755,1.037954,1.037964,0.163709,0.504000,-0.095250,-0.136449,0.030805,0.132677,1.000000,46.198158
-0.836619,0.489346,-1.010258,1.685388,1.726194,-1.632087,-0.889753,-1.481750,-1.739091,-1.695942,-1.486245,1.000000,46.995628
0.204277,0.408552,-0.864231,0.457773,0.457798,-1.638815,-1.155194,-1.591901,-2.095339,-2.087030,-1.851121,0.000000,47.210773
0.205372,0.663509,-0.426541,-0.534253,-0.534283,-0.726604,-0.497062,-0.934293,-1.450579,-1.502002,-1.268357,-1.000000,46.958534
-1.483765,0.695517,-1.700154,2.211688,2.211692,-1.927347,-2.440647,-2.827010,-3.401029,-3.471054,-3.328735,1.000000,47.997112
1.429017,1.711680,-0.345477,-1.576505,-1.576509,0.084807,-0.980708,-1.114025,-1.703400,-1.854845,-1.799361,-1.000000,47.240433
-0.502905,0.440040,-0.738646,-0.078514,-0.078522,0.251464,-0.906738,-0.800094,-1.373582,-1.686885,-1.731851,0.000000,47.203339
-0.665634,0.030960,-0.897835,1.524437,1.524445,-0.956659,-2.028581,-2.068266,-2.529880,-3.031527,-3.111158,1.000000,47.922928
0.791429,0.962131,-0.201739,-0.247678,-0.247677,-0.356924,-1.419882,-1.623881,-2.104372,-2.626591,-2.763254,0.000000,47.804234
-1.921345,0.075052,-1.921345,3.382991,3.382985,-3.041126,-3.897469,-4.515255,-4.980942,-5.556244,-5.717712,1.000000,49.421444
-1.769907,0.206495,-1.769907,1.771236,1.771243,-3.513275,-4.755159,-5.836298,-6.220588,-6.843924,-7.101236,1.000000,50.296818
0.336502,0.950988,-0.804686,0.811214,0.811216,-2.908564,-4.790054,-6.136031,-6.465005,-7.129209,-7.548126,1.000000,50.704834
0.190639,0.351954,-0.850564,-0.234089,-0.234104,-1.627797,-3.899391,-5.333582,-5.825002,-6.454665,-7.051815,0.000000,50.586132
0.160820,0.336254,-0.394738,0.307962,0.307982,-0.771939,-3.448840,-5.008752,-5.682495,-6.372004,-7.015328,0.000000,50.741928
0.484798,1.057735,-0.793301,-0.482459,-0.482481,0.135168,-2.485664,-3.918009,-4.878125,-5.576959,-6.284170,0.000000,50.497108
-0.190024,0.321592,-0.394678,0.499484,0.499506,-0.184189,-2.278912,-3.797694,-5.053006,-5.682284,-6.426186,0.000000,50.749344
0.369003,1.372691,-1.357935,-0.964767,-0.964781,0.611072,-0.718815,-2.427547,-3.825797,-4.387098,-5.153761,-1.000000,50.259724
-1.004516,0.480420,-1.484930,1.387456,1.387469,-0.620186,-1.482030,-3.272684,-4.672060,-5.332459,-6.049703,1.000000,50.957062
0.850816,1.041509,-0.469413,-0.757024,-0.757039,0.070415,-0.183361,-2.058575,-3.498580,-4.277326,-5.035011,-1.000000,50.571297
0.515459,0.736375,-0.088369,-0.396068,-0.396049,0.418251,0.402048,-1.354948,-2.653546,-3.628348,-4.380776,0.000000,50.371010
0.547091,0.739315,-0.354874,-0.397644,-0.397653,0.588495,0.777758,-0.571743,-1.868996,-3.048661,-3.730655,0.000000,50.170708
-0.193223,0.222952,-0.668847,-0.517525,-0.517529,0.972064,1.142988,0.307177,-1.066435,-2.328749,-2.937301,-1.000000,49.911060
0.104915,0.419668,-0.284769,-0.832342,-0.832351,1.229028,1.771594,1.360922,-0.005235,-1.240075,-1.909536,-1.000000,49.495625
-1.071586,0.074415,-1.443666,0.704435,0.704448,0.229201,0.879594,0.924740,-0.415241,-1.627011,-2.362774,1.000000,49.844296
0.431741,1.027247,-0.044660,-0.029766,-0.029779,0.041693,0.775656,1.009390,-0.201716,-1.268113,-2.143852,0.000000,49.829453
-0.207898,0.950397,-0.252453,0.253092,0.253089,-0.296996,0.362350,0.708851,-0.181903,-1.216502,-2.242102,0.000000,49.955566
0.266115,0.813131,0.000000,0.445498,0.445510,-0.632767,-0.099053,0.192194,-0.328207,-1.400944,-2.479282,0.000000,50.178123
0.594974,0.594974,-0.386734,-0.606149,-0.606163,0.124951,0.293035,0.708030,0.475247,-0.586035,-1.636887,-1.000000,49.873962
-0.029797,0.208582,-0.342667,-0.163618,-0.163620,0.268183,0.300966,0.745941,0.839556,-0.195456,-1.225636,0.000000,49.792358
0.104399,0.178969,-0.402684,-0.104290,-0.104275,0.337054,0.278891,0.749688,0.976882,0.048918,-0.853342,0.000000,49.740437
-0.726034,0.103718,-1.022376,0.656231,0.656239,-0.272648,-0.395630,0.001963,0.295587,-0.377550,-1.242170,1.000000,50.066853
0.698053,0.965393,-0.148520,-0.237078,-0.237111,-0.127711,-0.151473,0.198054,0.458216,0.079039,-0.810410,0.000000,49.948139
0.417977,0.612036,-0.104492,-0.504975,-0.504948,0.307502,0.395574,0.537389,0.878486,0.729659,-0.140321,-1.000000,49.695927
0.030068,0.541191,-0.285625,-0.701598,-0.701595,0.835833,1.004200,1.082375,1.449934,1.566441,0.726594,-1.000000,49.347263
-1.626497,0.133078,-1.715217,1.668676,1.668674,-0.647649,-0.585550,-0.603293,-0.247679,-0.040818,-0.782205,1.000000,50.170708
1.094948,1.169943,-0.179989,-1.419490,-1.419494,0.536969,0.745458,0.731958,1.058194,1.330731,0.795958,-1.000000,49.458538
-0.105246,0.872051,-0.947225,-0.239988,-0.239979,0.532245,0.817909,0.897095,1.208078,1.463829,1.182769,0.000000,49.339848
-0.329689,0.149854,-0.629404,0.330779,0.330767,0.122887,0.410609,0.565460,0.727557,1.041809,0.955591,0.000000,49.503048
-0.538438,0.628180,-0.598259,0.194810,0.194800,0.029929,0.176502,0.337034,0.433755,0.753229,0.879962,0.000000,49.599480
0.874550,0.874550,-0.150782,-0.807658,-0.807648,0.449339,0.882090,1.068557,1.132390,1.468037,1.686272,-1.000000,49.198891
0.090664,0.740406,-0.196437,-0.211096,-0.211092,0.513748,0.897549,1.165504,1.236774,1.547897,1.819782,0.000000,49.095036
-1.322638,0.371525,-1.530691,1.677249,1.677253,-0.912480,-0.772783,-0.537982,-0.432470,-0.154566,0.087669,1.000000,49.918484
-0.029700,0.297002,-0.579148,0.074302,0.074285,-0.804864,-0.794466,-0.600923,-0.460343,-0.308872,-0.028701,0.000000,49.955566
0.885351,1.275511,-0.030014,-1.039499,-1.039490,0.171067,0.265605,0.395156,0.543963,0.646455,0.933370,-1.000000,49.436283
0.550459,0.810394,-0.214073,-1.860744,-1.860739,1.788985,1.825681,2.130471,2.314975,2.401825,2.711001,-1.000000,48.516403
0.000000,0.643280,-0.352279,-0.168197,-0.168199,1.687853,1.785875,2.077904,2.330366,2.430994,2.724761,0.000000,48.434799
-0.792560,0.914499,-1.265050,0.490119,0.490112,0.679778,1.152267,1.405279,1.676576,1.829601,2.115026,0.000000,48.672184
0.335777,0.457873,-0.412087,-0.137173,-0.137173,0.262519,1.106534,1.394997,1.685747,1.896216,2.094019,0.000000,48.605419
0.394721,1.108248,-0.394713,0.534183,0.534187,-0.504019,0.419011,0.790450,1.050557,1.274633,1.435152,0.000000,48.865063
-1.969857,0.194004,-1.969857,1.730683,1.730690,-1.716167,-1.186394,-0.985928,-0.671547,-0.457849,-0.334783,1.000000,49.710766
-0.416547,0.297525,-0.818212,0.313391,0.313375,-1.448970,-1.340369,-1.240697,-1.001929,-0.775955,-0.666465,0.000000,49.866547
0.733207,1.137216,-0.628462,-0.580189,-0.580185,-0.508750,-0.833453,-0.632446,-0.461613,-0.245394,-0.109229,-1.000000,49.577229
-0.931265,0.147816,-0.931265,1.227000,1.226987,-1.084988,-1.989641,-1.746232,-1.619352,-1.429700,-1.274195,1.000000,50.185535
-0.409002,0.701137,-0.584285,1.197338,1.197347,-1.498685,-2.883433,-2.752942,-2.641684,-2.517670,-2.380463,1.000000,50.786430
-1.125380,0.000000,-1.312944,1.241602,1.241611,-2.043005,-3.510323,-3.657967,-3.714477,-3.582750,-3.474734,1.000000,51.417000
-0.187186,0.143987,-0.575954,0.201989,0.201986,-1.598275,-3.105834,-3.538277,-3.708424,-3.664220,-3.568036,0.000000,51.520855
-0.200694,0.028662,-1.075119,0.446367,0.446353,-1.195521,-2.941506,-3.730878,-3.903374,-3.952971,-3.895251,0.000000,51.750820
0.427897,0.755958,-0.342321,0.501715,0.501749,-0.987036,-2.771377,-3.948098,-4.142080,-4.254473,-4.238119,0.000000,52.010479
0.228473,0.671134,-0.257033,-0.114103,-0.114139,-0.425518,-2.066245,-3.515623,-3.806212,-3.944581,-3.990181,0.000000,51.951115
-0.695135,0.085122,-1.149098,0.656857,0.656885,-0.740539,-2.211672,-3.663886,-4.138184,-4.409144,-4.454068,1.000000,52.292374
0.711438,0.939099,-0.085375,-0.297912,-0.297919,-0.207744,-1.484069,-2.902680,-3.560049,-3.918046,-4.036240,0.000000,52.136585
1.078048,1.653010,0.000000,-1.010247,-1.010250,0.756077,-0.084806,-1.532269,-2.411958,-2.761534,-2.949545,-1.000000,51.609875
-0.373828,0.287563,-0.445725,-0.028748,-0.028739,0.624005,0.217103,-1.117669,-2.225025,-2.571395,-2.798953,0.000000,51.595043
0.942848,1.029884,-0.072526,-0.877066,-0.877080,1.198152,1.173491,0.054159,-1.193061,-1.588622,-1.821868,-1.000000,51.142513
-0.589424,0.301895,-1.078210,0.899335,0.935943,-0.000270,0.274898,-0.626886,-1.808536,-2.313459,-2.638578,1.000000,51.621178
-0.214993,0.530311,-0.587642,0.301895,0.301880,-0.440133,0.022573,-0.679985,-1.781313,-2.400273,-2.782348,0.000000,51.777012
-0.329182,0.257621,-0.629737,0.143326,0.143328,-0.489534,-0.101219,-0.529760,-1.615333,-2.390862,-2.760041,0.000000,51.851223
0.014423,0.678016,-0.317371,-0.787173,-0.787164,0.240907,0.581088,0.422413,-0.558935,-1.500760,-1.862824,-1.000000,51.443069
-0.028791,0.244705,-0.518209,0.216391,0.216381,0.184254,0.286966,0.304894,-0.512819,-1.549094,-1.948318,0.000000,51.554382
0.043394,0.043394,-1.084917,-0.489420,-0.489407,0.552571,0.587158,0.783273,0.131565,-0.847701,-1.329432,0.000000,51.302071
1.235474,1.456095,-0.735400,-1.649069,-1.649074,1.714956,1.940660,2.332441,1.868914,0.975049,0.414916,-1.000000,50.456062
-0.744303,0.525394,-1.021597,0.779521,0.779520,0.534156,1.002600,1.422725,1.206058,0.365283,-0.300761,1.000000,50.849377
0.324199,0.633656,-0.191574,-0.963218,-0.963221,1.081642,1.739614,2.190604,2.207658,1.480756,0.695646,-1.000000,50.359585
0.846825,1.797645,-0.074288,-0.810489,-0.810471,1.265771,2.332474,2.758714,2.959210,2.396943,1.552800,-1.000000,49.951435
0.208518,0.387252,-0.461725,-0.252566,-0.252565,0.929391,2.231145,2.688804,3.060177,2.665410,1.897501,0.000000,49.825275
-1.551177,0.086986,-1.681649,2.740542,2.740527,-1.475785,-0.610319,-0.173521,0.278881,0.030359,-0.641083,1.000000,51.190750
-0.748848,0.100805,-1.238477,0.666858,0.666859,-1.863473,-1.330641,-0.844872,-0.406628,-0.480542,-1.114283,1.000000,51.532120
-0.833934,0.230048,-1.020845,0.158411,0.158429,-1.532718,-1.453644,-0.999296,-0.602595,-0.527275,-1.076414,0.000000,51.613762
0.550567,0.985220,-0.028977,-0.762039,-0.762064,-0.281068,-0.762089,-0.228912,0.089367,0.270485,-0.163480,-1.000000,51.220432
0.115692,0.390455,-0.506143,0.188346,0.188366,0.112792,-0.945776,-0.456021,-0.193856,0.074163,-0.246856,0.000000,51.316914
-1.797817,0.387225,-2.669066,4.569779,4.569756,-3.341159,-4.677073,-4.571972,-4.413311,-4.139533,-4.370363,1.000000,53.661972
0.958336,0.958336,-0.486106,-0.428712,-0.428700,-2.213887,-3.783330,-3.963887,-3.831264,-3.600960,-3.718160,0.000000,53.431923
0.417070,0.514394,-0.222437,-0.097221,-0.097210,-1.456983,-3.123878,-3.628537,-3.570496,-3.404536,-3.424995,0.000000,53.379982
-0.304540,0.332230,-0.539864,0.430975,0.430972,-0.988378,-2.857149,-3.786459,-3.754161,-3.695273,-3.663856,0.000000,53.610035
0.458966,0.834487,-0.278164,-0.470651,-0.470671,0.244793,-1.735735,-3.074631,-3.136292,-3.159987,-3.087046,0.000000,53.357708
-0.138789,0.263708,-0.735596,0.208618,0.208617,-0.036072,-1.514212,-2.900748,-3.179722,-3.261912,-3.167350,0.000000,53.469021
-0.318954,0.152546,-0.859794,0.083277,0.083287,-0.088751,-1.225902,-2.649652,-3.104975,-3.200120,-3.138133,0.000000,53.513554
-0.027718,0.374168,-0.595897,0.069338,0.069338,-0.094235,-0.932648,-2.319840,-2.975329,-3.121116,-3.109377,0.000000,53.550659
-0.551422,0.013790,-0.937412,0.526607,0.526614,-0.534885,-0.966366,-2.350889,-3.271989,-3.428731,-3.500438,0.000000,53.832664
0.694057,1.082733,-0.041641,-0.689273,-0.689260,0.194319,0.122137,-1.219709,-2.398683,-2.620783,-2.757786,-1.000000,53.461617
0.263562,0.665838,-0.388402,0.069405,0.069384,0.135947,0.022199,-1.000596,-2.181989,-2.559574,-2.740341,0.000000,53.498711
-0.481892,0.206527,-0.812335,0.749064,0.749059,-0.465363,-0.634715,-1.443839,-2.626316,-3.132030,-3.321861,1.000000,53.899448
-0.151204,0.137455,-0.948454,0.165225,0.165230,-0.467353,-0.685912,-1.313174,-2.450858,-3.103230,-3.333563,0.000000,53.988506
0.096431,0.247968,-0.454611,-0.219929,-0.219928,-0.234194,-0.418796,-0.767786,-1.872161,-2.717732,-2.951741,0.000000,53.869770
-0.109623,0.849544,-0.369965,0.537261,0.537268,-0.509736,-0.802967,-0.948212,-1.996444,-3.026588,-3.314157,0.000000,54.159195
1.740702,2.047067,-0.153181,-1.603180,-1.603190,1.033286,0.779841,0.619232,-0.202613,-1.233806,-1.644149,-1.000000,53.290920
-3.002684,0.053621,-3.002684,3.885253,3.885255,-2.217155,-2.655493,-2.911525,-3.589139,-4.601605,-5.111257,1.000000,55.361408
0.322758,0.551378,-0.403439,-0.321719,-0.321711,-1.468532,-2.045455,-2.380314,-2.954547,-3.944056,-4.579076,0.000000,55.183304
0.446545,0.554803,-0.703652,-0.618609,-0.618618,-0.500673,-1.251687,-1.622911,-2.020294,-2.989440,-3.785290,-1.000000,54.841930
-0.230480,0.108456,-0.447400,-0.189443,-0.189434,-0.100333,-0.831081,-1.268084,-1.521835,-2.446319,-3.393444,0.000000,54.738041
-0.335840,0.671680,-0.577645,0.921907,0.921887,-0.306275,-1.421266,-1.955924,-2.278331,-3.044049,-3.987090,1.000000,55.242664
-0.429586,0.335615,-0.590687,0.067167,0.067176,-0.402736,-1.237745,-1.808739,-2.176797,-2.837959,-3.784394,0.000000,55.279774
-0.040246,0.590204,-0.228037,0.080549,0.080552,-0.431927,-1.075788,-1.674043,-2.079812,-2.647887,-3.562708,0.000000,55.324303
0.526100,0.836370,-0.148389,-0.563382,-0.563384,0.194254,-0.307565,-0.973961,-1.397542,-1.820581,-2.709650,-1.000000,55.012615
0.406557,0.975742,-0.338798,-0.458654,-0.458649,0.664042,0.261551,-0.359581,-0.815152,-1.116683,-1.960970,0.000000,54.760300
-0.174897,0.094174,-0.591956,0.731806,0.731817,-0.096876,-0.127820,-0.882561,-1.382359,-1.726365,-2.433303,1.000000,55.161045
-0.308102,0.107170,-0.549227,0.430511,0.430487,-0.482237,-0.549217,-1.127023,-1.634948,-2.005611,-2.618873,0.000000,55.398506
0.644126,0.644126,-0.214707,-0.174147,-0.174117,-0.316707,-0.354282,-0.796221,-1.305032,-1.695666,-2.226709,0.000000,55.302048
-0.451106,0.689930,-0.490909,1.140634,1.140621,-1.111848,-1.283006,-1.669102,-2.230332,-2.638188,-3.048518,1.000000,55.932835
0.477707,0.756368,-0.238853,-0.013265,-0.013252,-0.682072,-1.057608,-1.445524,-1.997098,-2.441631,-2.760987,0.000000,55.925423
0.708552,0.989305,-0.093582,-0.743100,-0.743125,0.187176,-0.268708,-0.441169,-1.082212,-1.564163,-1.922006,-1.000000,55.509827
0.026822,0.925301,-0.281619,-0.307486,-0.307473,0.474723,0.049614,-0.136789,-0.647048,-1.128609,-1.504631,0.000000,55.339149
0.691341,0.921782,-0.311779,-1.072819,-1.072825,1.360992,1.028877,0.892867,0.499528,0.030909,-0.353349,-1.000000,54.745457
-0.366550,0.855280,-1.018189,-0.149113,-0.149110,1.048061,1.115940,1.021812,0.722237,0.241108,-0.140285,0.000000,54.663826
-0.543183,0.556762,-0.814769,-0.027154,-0.027161,0.608371,1.123041,1.038393,0.794413,0.355250,-0.034394,0.000000,54.648979
-0.851967,0.226307,-1.104900,2.009779,2.009780,-1.288601,-0.764105,-0.891900,-0.971107,-1.460591,-1.867672,1.000000,55.747303
0.318382,0.530639,-0.477580,0.346116,0.346117,-1.414170,-1.009548,-1.155035,-1.260943,-1.654549,-2.061553,0.000000,55.940254
-0.146368,0.239521,-0.798398,-0.305127,-0.305140,-0.745163,-0.622736,-0.799271,-0.906168,-1.225795,-1.629166,0.000000,55.769558
1.623162,1.893681,-0.365209,-1.623418,-1.623389,0.965763,0.822388,0.819684,0.731086,0.476656,0.056800,-1.000000,54.864201
-1.831648,0.471383,-1.845118,0.432842,0.432829,0.694948,0.238384,0.426490,0.329968,0.112056,-0.275194,0.000000,55.101669
0.351300,0.513444,-0.486421,-0.323229,-0.323235,0.721526,0.456698,0.723330,0.626272,0.555605,0.134671,0.000000,54.923561
-1.420796,0.305402,-1.593419,1.756521,1.756516,-1.035715,-1.179122,-0.956925,-1.056293,-1.142470,-1.475227,1.000000,55.888302
0.989836,1.297484,-0.294277,-0.730319,-0.730323,-0.411973,-0.319678,-0.206870,-0.314324,-0.393778,-0.660765,-1.000000,55.480137
-2.732245,0.195154,-2.927408,2.808994,2.809014,-2.370556,-2.626866,-2.804242,-2.860404,-2.961237,-3.189791,1.000000,57.038582
-0.052233,0.117525,-0.783496,-0.364304,-0.364311,-1.405067,-1.886916,-2.342647,-2.323057,-2.459125,-2.679112,0.000000,56.830784
-0.274365,0.705513,-0.339688,-0.052233,-0.052229,-0.692452,-1.650121,-2.140060,-2.127647,-2.298407,-2.422264,0.000000,56.801102
0.286684,0.755800,-0.390929,0.261301,0.261301,-0.578579,-1.729219,-2.206588,-2.246547,-2.435758,-2.583616,0.000000,56.949524
-0.247425,0.481836,-0.247425,0.065154,0.065168,-0.114608,-1.579646,-2.008089,-2.162404,-2.382615,-2.541577,0.000000,56.986637
0.104008,0.182006,-0.208008,0.169294,0.201898,-0.293764,-1.386111,-1.920912,-2.257190,-2.432965,-2.606033,0.000000,57.101692
0.155741,0.441272,-0.337445,0.169008,0.169011,-0.333523,-1.185960,-1.789275,-2.310847,-2.427097,-2.626991,0.000000,57.198200
0.221292,0.403542,-0.260351,-0.298505,-0.298522,0.044277,-0.521170,-1.345564,-1.885290,-2.004036,-2.231118,0.000000,57.027451
-0.116579,0.168389,-0.453370,0.494663,0.494681,-0.322543,-0.762855,-1.671899,-2.196346,-2.353033,-2.594322,0.000000,57.309555
0.274694,0.732505,-0.457811,-0.971507,-0.971506,0.572921,0.434944,-0.591765,-1.060007,-1.292830,-1.554835,-1.000000,56.752789
-0.143679,0.522468,-0.300417,0.143886,0.143896,0.334367,0.254713,-0.503494,-1.011213,-1.371206,-1.589439,0.000000,56.834454
1.396763,1.739361,-0.052703,-0.875131,-0.875145,0.914485,1.052198,0.521124,0.012552,-0.471213,-0.627306,-1.000000,56.337070
-0.483531,0.065348,-0.757967,0.830148,0.830150,0.005232,0.220863,-0.085703,-0.717789,-1.199464,-1.349003,1.000000,56.804752
-0.222044,0.470219,-0.365723,0.052276,0.052288,-0.214219,0.148240,-0.026935,-0.691007,-1.145858,-1.316340,0.000000,56.834454
-0.464636,0.116160,-1.161590,1.201672,1.201646,-1.133181,-0.948619,-0.977860,-1.718240,-2.126858,-2.359701,1.000000,57.517403
-0.102990,0.064364,-1.042740,0.258133,0.258132,-1.099374,-1.105808,-1.160290,-1.728361,-2.170612,-2.510916,0.000000,57.665874
1.536442,1.838475,-0.078794,-1.969619,-1.969600,0.955999,0.762960,0.790109,0.372427,-0.071946,-0.516538,-1.000000,56.530087
-0.830565,0.051112,-1.737800,2.770849,2.770829,-1.321230,-1.769732,-1.778675,-2.060668,-2.604390,-3.050326,1.000000,58.096439
0.153431,0.204576,-0.664882,-0.063889,-0.063875,-0.836219,-1.577808,-1.588463,-1.811103,-2.396145,-2.832188,0.000000,58.059330
-0.407486,0.140075,-0.623966,0.409153,0.409168,-0.972892,-1.714010,-1.839653,-1.969636,-2.620470,-3.025081,0.000000,58.296890
0.975985,0.975985,-0.269679,-0.840446,-0.840469,-0.084746,-0.712719,-0.926322,-1.072281,-1.591464,-2.021888,-1.000000,57.806923
0.769232,1.025643,-0.423073,0.166946,0.166928,0.223098,-0.607670,-1.010233,-1.144521,-1.561916,-1.997820,0.000000,57.903419
0.141130,0.346421,-1.077755,-0.076920,-0.076895,0.218112,-0.348992,-0.838255,-0.977036,-1.283233,-1.800751,0.000000,57.858894
0.116716,0.324211,-0.531714,-1.064921,-1.064937,1.011550,0.794976,0.221340,0.114459,-0.126000,-0.667888,-1.000000,57.242733
2.981246,3.318498,-0.013487,-3.864612,-3.864602,3.885063,4.394984,4.041553,3.961288,3.856212,3.280456,-1.000000,55.030529
0.391362,0.931168,-0.607288,-0.040467,-0.040468,2.909577,3.954118,3.862350,3.813093,3.750620,3.330998,0.000000,55.008259
-0.319110,1.808273,-1.422686,1.497973,1.497973,0.648852,2.294910,2.269206,2.158627,2.147864,1.849591,1.000000,55.832268
-0.811932,0.851853,-0.825240,-0.106365,-0.106354,0.007974,1.987212,2.254748,2.154922,2.182875,2.008789,0.000000,55.772888
0.185921,0.504650,-0.597609,0.226270,0.226264,-0.698539,1.370517,1.912350,1.798142,1.877027,1.779143,0.000000,55.899082
-0.161316,0.833442,-0.618366,-1.208497,-1.208501,0.586103,2.054038,2.882109,2.904963,2.995567,3.008703,-1.000000,55.223541
2.714997,3.541900,-0.082694,-2.460010,-2.460011,2.698461,3.896087,5.006436,5.224646,5.352817,5.410249,-1.000000,53.865036
-0.150830,0.603315,-0.836425,0.509925,0.509928,1.552173,2.673795,4.179348,4.487864,4.592349,4.709773,0.000000,54.139709
0.151744,0.579392,-0.827704,-0.603320,-0.603322,1.440200,2.545180,4.281053,4.844119,4.988279,5.160258,-1.000000,53.813072
-1.912897,0.027133,-2.129971,1.682989,1.682993,-0.670195,0.386651,2.148058,2.915480,3.061188,3.283818,1.000000,54.718742
-1.104900,0.226307,-1.690624,1.912903,1.912908,-2.340260,-1.365819,-0.071891,0.826673,1.055907,1.272183,1.000000,55.765461
0.253093,0.253093,-0.666045,-0.066558,-0.066573,-1.606493,-1.170899,-0.253979,0.720003,1.043835,1.257503,0.000000,55.728336
-0.026530,0.649954,-0.344870,0.426267,0.426277,-1.371536,-1.566520,-0.908166,0.242075,0.588408,0.754301,0.000000,55.965893
0.198547,0.569159,-0.251486,0.212228,0.212233,-0.770354,-1.719394,-1.328925,-0.149572,0.324021,0.484887,0.000000,56.084671
-1.705589,0.131204,-1.889266,0.886831,0.886836,-0.984001,-2.462617,-2.274127,-1.157841,-0.575711,-0.441274,1.000000,56.582050
-0.353265,0.222428,-0.785029,0.275517,0.275508,-0.913252,-2.463691,-2.342010,-1.566793,-0.903832,-0.715685,0.000000,56.737938
0.276531,0.842767,-0.131686,-0.641105,-0.641100,-0.044777,-1.389261,-1.550353,-1.058739,-0.356077,-0.102281,-1.000000,56.374191
0.624337,1.607333,-0.106266,-0.869111,-0.869114,0.802341,-0.212540,-0.681013,-0.371945,0.471307,0.746546,-1.000000,55.884235
-0.814607,0.289055,-1.405857,1.102551,1.102554,-0.149784,-0.825124,-1.678276,-1.578640,-0.737357,-0.370082,1.000000,56.500389
-0.210110,0.223248,-0.630331,0.052556,0.052562,-0.220624,-0.556804,-1.655514,-1.693378,-0.897712,-0.440370,0.000000,56.530087
-0.235110,0.692270,-0.339599,0.538410,0.538416,-0.721011,-0.901266,-1.993221,-2.061142,-1.531363,-1.013599,0.000000,56.834454
-0.494664,0.325435,-0.794063,0.339606,0.339577,-0.827896,-1.008839,-1.955209,-2.215558,-1.919282,-1.385913,0.000000,57.027451
0.039050,0.494663,-0.351472,0.000000,0.000000,-0.426960,-0.822690,-1.617624,-2.110768,-1.980724,-1.356842,0.000000,57.027451
-0.869792,0.129823,-0.908737,0.273364,0.273368,-0.459554,-0.900939,-1.492917,-2.254309,-2.295202,-1.678992,0.000000,57.183346
0.666756,1.372731,-0.326839,-0.701025,-0.701022,0.332071,-0.166030,-0.555188,-1.486465,-1.637857,-1.059830,-1.000000,56.782478
0.198442,0.674695,-0.317504,-1.176624,-1.176618,1.270001,0.911495,0.670281,-0.234160,-0.389471,-0.011468,-1.000000,56.114365
0.117848,0.432102,-0.222603,1.031884,1.031880,0.117844,-0.062851,-0.244423,-1.003666,-1.287940,-1.098163,1.000000,56.693398
0.065461,0.405866,-0.458231,0.013092,0.013072,-0.010458,0.068101,-0.171052,-0.790761,-1.239570,-1.181789,0.000000,56.700809
-0.403220,0.273157,-0.572317,0.654620,0.654647,-0.699799,-0.482575,-0.704998,-1.150497,-1.790846,-1.870451,1.000000,57.071999
-0.051661,0.167894,-0.645743,0.715405,0.715395,-1.162341,-1.024151,-1.306124,-1.612421,-2.378404,-2.553702,1.000000,57.480289
0.324048,0.324048,-0.466623,-0.361620,-0.361618,-0.399224,-0.588465,-0.885717,-1.123782,-1.881008,-2.069558,0.000000,57.272430
1.099048,1.216804,-0.143916,-0.933247,-0.933245,0.554752,0.297001,0.090715,-0.103361,-0.754153,-1.045399,-1.000000,56.737938
0.092323,0.329727,-0.435237,-0.798115,-0.798124,1.216045,0.972044,0.943470,0.728709,0.196791,-0.222447,-1.000000,56.285099
2.351205,2.378076,-0.161222,-1.833292,-1.833274,2.447929,2.508388,2.678123,2.534590,2.172236,1.609559,-1.000000,55.253239
0.704702,1.179024,-0.108418,-0.859865,-0.859883,2.349917,3.031581,3.355473,3.259256,3.062753,2.422648,-1.000000,54.778126
-0.721443,0.374085,-0.761520,1.436509,1.436508,0.285910,1.473619,1.739484,1.691391,1.588786,0.992661,1.000000,55.565018
-0.318889,0.252462,-0.385332,0.547759,0.547775,-0.571359,0.773312,1.047030,1.092209,1.045439,0.562048,0.000000,55.869389
1.142935,1.479091,-0.578189,-1.182563,-1.182549,0.228568,1.709001,2.036640,2.240801,2.199790,1.830018,-1.000000,55.208706
-0.602006,0.307691,-0.949835,0.510959,0.510943,-0.195321,0.907018,1.314598,1.630094,1.637453,1.413150,0.000000,55.490791
0.079683,1.088981,-0.358565,0.735783,0.735782,-0.523237,-0.112882,0.469232,0.831339,0.846214,0.742806,1.000000,55.899082
1.681918,1.708829,-0.524757,-1.301462,-1.301461,0.645862,0.823467,1.680121,2.010224,2.062432,2.035342,-1.000000,55.171577
0.443372,0.859874,-0.497107,0.148008,0.148015,0.274083,0.405746,1.356077,1.698904,1.830438,1.855877,0.000000,55.253239
2.112869,2.249179,0.000000,-1.437588,-1.304986,1.351833,1.411907,2.431131,2.814821,3.077708,3.115020,-1.000000,54.532192
-0.449342,0.408502,-0.667205,0.109048,0.109037,0.912038,1.180263,2.016668,2.465466,2.825583,2.911547,0.000000,54.591652
0.013542,0.744556,-0.379041,0.585511,0.585520,-0.035158,0.615533,1.110921,1.698621,2.109103,2.211066,1.000000,54.911297
-0.626666,0.000000,-1.040002,1.529719,1.529713,-1.333332,-0.866996,-0.594378,0.133801,0.492946,0.612096,1.000000,55.751282
-0.239171,0.026576,-0.850382,0.346663,0.346666,-1.427052,-1.196034,-1.032338,-0.279058,0.068348,0.238913,0.000000,55.944553
-0.079528,0.371159,-0.397663,0.239171,0.239167,-1.110814,-1.276700,-1.293049,-0.572487,-0.238110,0.011285,0.000000,56.078354
-0.369195,0.092299,-1.002111,0.530224,0.530215,-0.999464,-1.640420,-1.680914,-1.158643,-0.821578,-0.523566,0.000000,56.375690
1.419095,1.724132,-0.132629,-0.580165,-0.580158,-0.015918,-1.039769,-0.956061,-0.709577,-0.295202,0.028288,-1.000000,56.048622
1.787885,1.882704,-0.270893,-2.082229,-2.082215,1.793295,1.011771,1.067081,1.184007,1.735163,2.036771,-1.000000,54.881569
-0.472784,0.418745,-0.972577,0.270893,0.270885,1.186001,0.698361,0.692385,0.755495,1.339431,1.640139,0.000000,55.030235
-0.859221,0.079309,-1.678786,2.188302,2.188295,-0.925312,-1.155320,-1.342272,-1.406620,-0.863858,-0.583423,1.000000,56.234459
2.036961,2.050453,-0.040467,-2.009255,-2.009256,0.644820,0.964526,0.633933,0.601502,1.026069,1.329321,-1.000000,55.104565
1.181317,1.524722,-0.027474,-1.794144,-1.794138,1.769230,2.662084,2.252757,2.378221,2.623050,3.016272,-1.000000,54.115913
1.157180,1.157180,-0.950547,-0.288459,-0.288457,1.721994,2.627076,2.398854,2.525652,2.674368,3.181192,0.000000,53.959812
-0.424658,0.123289,-1.712331,0.564813,0.564813,0.868490,1.741092,1.702279,1.801957,1.915389,2.452489,1.000000,54.264584
0.190086,0.298705,-1.072640,0.890412,0.890409,-0.564834,0.600134,0.830954,0.861406,0.903612,1.429382,1.000000,54.747761
0.205903,0.809880,-0.768705,-1.086220,-1.086212,0.175700,1.294435,1.884229,1.845494,1.930413,2.363548,-1.000000,54.153084
-1.635825,0.147493,-1.971035,2.374741,2.374733,-1.670684,-1.165188,-0.415660,-0.558450,-0.386325,-0.133655,1.000000,55.439075
1.264450,1.400409,-0.054387,-1.381068,-1.381060,-0.032633,0.180826,0.847491,0.788574,0.943435,1.106417,-1.000000,54.673428
0.163529,0.449709,-0.231675,-0.231131,-0.231143,0.302540,0.324343,0.910333,0.957348,1.080332,1.206776,0.000000,54.547054
0.067879,0.339396,-0.407275,0.381572,0.381568,-0.076015,-0.327168,0.365654,0.593954,0.662977,0.728935,0.000000,54.755188
0.766598,0.999313,-0.301165,-0.828128,-0.828104,0.813128,0.357277,0.949108,1.407240,1.415945,1.511634,-1.000000,54.301758
-0.299320,0.136053,-1.047616,0.616015,0.616000,-0.097957,-0.161901,0.158733,0.761226,0.702594,0.881495,1.000000,54.636257
0.149857,0.340598,-0.640328,-0.136051,-0.136043,-0.002733,0.084461,0.256123,0.789500,0.795086,0.957643,0.000000,54.561928
-0.163538,0.095393,-0.558742,-0.027248,-0.027261,0.024535,0.163537,0.224407,0.688883,0.770785,0.904365,0.000000,54.547054
-0.312455,0.570576,-0.475481,0.313434,0.313445,-0.301589,-0.154873,-0.273517,0.249962,0.469496,0.559183,0.000000,54.718029
0.504977,0.655108,-0.150131,-0.461892,-0.461914,0.221114,0.365785,0.111021,0.539800,0.926451,0.963072,0.000000,54.465279
0.000000,0.315068,-0.534251,-0.368501,-0.368482,0.454792,0.520546,0.499542,0.747259,1.252052,1.236077,0.000000,54.264584
0.316976,0.661525,-0.027565,-0.602741,-0.602750,0.832419,0.993668,1.106219,1.270681,1.731540,1.773712,-1.000000,53.937504
-0.041202,0.137347,-0.878998,0.344541,0.344547,0.329625,0.568606,0.741660,0.839174,1.247634,1.354670,0.000000,54.123344
-0.668762,0.750644,-0.900783,0.631785,0.631770,-0.393060,-0.115996,0.074624,0.043688,0.493531,0.714267,1.000000,54.465279
-1.215721,0.040523,-1.675002,1.037259,1.037277,-1.210327,-1.009056,-0.846508,-0.990142,-0.635961,-0.293128,1.000000,55.030235
-1.132279,0.066602,-1.132279,1.404836,1.404840,-2.027451,-2.171316,-2.176643,-2.210610,-2.030112,-1.621161,1.000000,55.803322
-0.277672,0.396666,-0.661111,0.745970,0.745954,-1.941023,-2.600814,-2.717609,-2.733695,-2.660312,-2.321822,1.000000,56.219589
0.252629,1.289721,-0.172852,-0.555337,-0.555319,-0.755227,-1.813598,-2.012152,-2.043619,-2.053990,-1.778583,-1.000000,55.907391
-0.120047,0.146726,-0.960382,-0.319110,-0.319124,0.016016,-1.317854,-1.581957,-1.641981,-1.776701,-1.485029,0.000000,55.728977
-0.451407,0.119489,-0.889540,0.466858,0.466863,-0.106214,-1.504250,-1.838380,-1.935077,-2.169941,-1.965834,0.000000,55.989155
-0.936426,0.488000,-1.028749,0.663832,0.663845,-0.567143,-1.781863,-2.281730,-2.500010,-2.655773,-2.593872,1.000000,56.360836
1.336895,1.537432,-0.307486,-1.345290,-1.345291,0.566838,-0.143059,-0.824432,-1.086909,-1.210170,-1.222381,-1.000000,55.602619
-1.507602,0.065545,-1.507602,1.978611,1.978588,-1.103818,-1.625580,-2.495185,-2.815932,-2.954893,-3.040543,1.000000,56.702766
-0.897096,0.602333,-1.691658,2.294180,2.294197,-2.537489,-3.221843,-4.304335,-4.715500,-4.906837,-5.113424,1.000000,58.003639
-0.535579,0.051009,-0.867124,0.499805,0.499813,-2.231580,-3.143340,-4.342441,-4.846990,-5.095650,-5.402969,0.000000,58.293549
0.381440,0.445012,-0.228862,0.293292,0.293279,-1.797834,-2.971390,-4.143250,-4.797838,-5.166178,-5.431658,0.000000,58.464512
0.050834,0.457549,-0.381296,0.038148,0.038150,-0.849011,-2.620744,-3.661248,-4.498607,-4.941540,-5.209714,0.000000,58.486816
0.165502,0.369192,-0.534693,-0.165229,-0.165236,-0.106930,-2.034367,-3.014636,-4.011454,-4.520938,-4.817309,0.000000,58.390175
-0.114753,0.114751,-0.522758,-0.152772,-0.152764,0.147904,-1.443324,-2.427642,-3.557314,-4.131583,-4.468529,0.000000,58.300976
-0.050866,0.267037,-1.030011,0.267759,0.267750,-0.063578,-1.284328,-2.297384,-3.473420,-4.103252,-4.478210,0.000000,58.457077
-0.583827,0.088850,-0.723439,0.190738,0.190750,-0.218305,-1.095319,-2.168637,-3.289762,-4.017265,-4.481960,0.000000,58.568584
0.140253,0.293259,-0.548259,-0.456911,-0.456914,0.175952,-0.178503,-1.481575,-2.471631,-3.320159,-3.836118,0.000000,58.300976
-1.333331,0.440254,-1.974843,1.364276,1.364291,-0.933347,-1.116995,-2.447814,-3.363538,-4.313476,-4.873811,1.000000,59.096371
-1.020284,0.149306,-1.094936,1.094342,1.094336,-1.522964,-1.896240,-3.055877,-3.967910,-5.012829,-5.625246,1.000000,59.743084
-0.471758,0.732462,-0.496588,0.223964,0.223959,-1.268777,-1.851029,-2.839649,-3.777784,-4.863570,-5.525768,0.000000,59.876884
-0.186493,0.198936,-0.559492,-0.148981,-0.148989,-0.713652,-1.483269,-2.312562,-3.301001,-4.352102,-5.097595,0.000000,59.787674
0.249719,0.387065,-0.174803,-0.422726,-0.422728,0.122373,-0.888993,-1.457520,-2.612055,-3.569979,-4.416277,0.000000,59.534935
-0.499189,0.224635,-0.524150,0.049944,0.049947,0.229630,-0.741291,-1.186401,-2.353672,-3.252712,-4.183201,0.000000,59.564671
-0.311450,0.274075,-0.436026,0.174716,0.174714,0.029901,-0.685182,-1.172704,-2.193841,-3.072626,-4.073748,0.000000,59.668739
0.024980,0.337206,-0.224803,-0.249161,-0.249146,0.159849,-0.258530,-0.788485,-1.652936,-2.528796,-3.551069,0.000000,59.520077
0.012471,0.224523,-0.311836,0.124894,0.124881,-0.029936,-0.210799,-0.785828,-1.504301,-2.395908,-3.373248,0.000000,59.594406
-0.520641,0.061980,-1.078468,0.623673,0.623666,-0.505756,-0.551619,-1.236303,-1.750951,-2.750951,-3.637031,1.000000,59.966076
0.511859,0.798998,-0.162298,-0.706580,-0.706576,0.194758,0.230964,-0.404491,-0.813354,-1.814728,-2.647937,-1.000000,59.542370
-0.582549,0.037181,-1.053545,0.724096,0.724098,-0.423897,-0.451166,-0.934555,-1.362171,-2.237481,-3.041646,1.000000,59.973515
0.385909,0.460597,-0.149382,-0.433815,-0.433815,0.074691,-0.044815,-0.362667,-0.813517,-1.562053,-2.357772,0.000000,59.713341
1.362776,1.362776,0.000000,-1.344454,-1.344442,1.206298,1.168443,1.033850,0.576016,-0.047454,-0.851324,-1.000000,58.910530
-0.528370,0.176121,-1.132218,0.302841,0.429560,0.502137,0.672956,0.698906,0.203024,-0.234220,-1.109538,0.000000,59.163586
0.404549,0.670040,-0.530968,-0.490632,-0.490633,0.770377,1.051894,1.170145,0.738109,0.405149,-0.454030,0.000000,58.873310
-0.265184,0.164163,-0.542997,0.113781,0.113780,0.305252,0.813458,0.964362,0.677854,0.354605,-0.385550,0.000000,58.940296
0.736697,0.762095,-0.215930,-0.580880,-0.580881,0.510609,1.245116,1.408765,1.278107,0.961729,0.344871,-1.000000,58.597923
-0.427673,0.276731,-0.477987,0.978025,0.978030,-0.374845,0.192948,0.357087,0.348078,0.031618,-0.468717,1.000000,59.171028
0.583975,0.901356,-0.266603,-0.918236,-0.918238,0.365619,0.893200,1.183981,1.305916,0.968271,0.625681,-1.000000,58.627697
-0.239147,0.276905,-0.453115,0.863271,0.863276,-0.405291,-0.039422,0.269386,0.442018,0.154398,-0.098525,1.000000,59.133816
1.057189,1.133616,-0.165586,-1.183134,-1.183150,0.613945,0.893991,1.329078,1.532628,1.362681,1.122171,-1.000000,58.434174
0.306941,0.562728,-0.255787,-0.407591,-0.407575,0.887577,1.046165,1.592081,1.803728,1.759557,1.530420,0.000000,58.196011
0.140504,0.319325,-0.357643,0.127892,0.127892,0.449608,0.807252,1.310845,1.543506,1.609115,1.389635,0.000000,58.270439
-0.461538,0.423079,-0.666667,-0.370418,-0.370416,0.625637,0.991021,1.468008,1.793543,1.969915,1.741778,0.000000,58.054596
-0.484817,0.025518,-0.791015,0.487179,0.487185,-0.135246,0.409535,0.838370,1.194840,1.423503,1.245497,0.000000,58.337429
-0.076127,0.406045,-0.469479,0.548608,0.548584,-0.603968,-0.186510,0.138630,0.556528,0.796114,0.713368,0.000000,58.657459
0.511249,1.150307,-0.191720,-0.723256,-0.723243,0.132924,0.478016,0.698704,1.178603,1.417524,1.434263,-1.000000,58.233223
-0.127392,0.267513,-0.789812,0.332314,0.332319,-0.145230,0.017827,0.309970,0.743555,0.988439,1.090202,0.000000,58.426743
2.214121,2.335627,-0.108002,-5.643317,-5.643313,4.765757,5.365189,5.821513,6.330204,6.708746,6.944479,-1.000000,55.129539
-0.785519,0.439351,-1.717485,1.404081,1.404068,2.444417,3.328455,4.002133,4.532477,4.969272,5.273323,1.000000,55.903595
-0.319356,0.172990,-0.771784,0.053250,0.053245,1.415848,2.826361,3.588391,4.115690,4.646280,4.990261,0.000000,55.933361
-0.567281,0.567281,-0.567281,0.864938,0.864942,-0.097619,1.629295,2.442399,2.930746,3.528914,3.885529,1.000000,56.417152
0.515804,0.661288,-0.264515,-0.250657,-0.250651,-0.611035,1.530219,2.356829,2.955295,3.553176,3.938554,0.000000,56.275742
-0.329076,0.289590,-0.947741,0.476127,0.476127,-0.581814,0.781886,1.626079,2.235749,2.820362,3.269681,0.000000,56.543686
-0.132114,0.330301,-0.251020,-0.368570,-0.368566,-0.060779,0.799310,1.670849,2.388689,2.973011,3.460625,0.000000,56.335285
0.425474,0.558438,-0.305809,-0.634162,-0.634169,0.593007,0.963969,2.027215,2.777558,3.344697,3.901156,-1.000000,55.978024
1.376888,1.646866,-0.188983,-1.502459,-1.502436,1.663049,1.942474,3.213622,4.031431,4.589071,5.221035,-1.000000,55.136990
0.134822,0.390994,-0.768509,0.121491,0.121468,1.151413,1.235002,2.718081,3.545909,4.193610,4.828275,0.000000,55.203964
-0.175964,0.230098,-0.798591,-0.390994,-0.390992,0.982677,1.606658,2.749503,3.621412,4.298861,4.937995,0.000000,54.988121
0.763567,0.804469,-0.436322,-0.730915,-0.730914,1.085358,2.113442,3.047902,3.967819,4.752657,5.407998,-1.000000,54.586205
-0.851350,0.108112,-1.270270,0.899914,0.899922,-0.143243,1.047294,1.695491,2.735806,3.537833,4.171555,1.000000,55.077438
-0.081570,1.182702,-0.557374,-0.594589,-0.594608,0.312678,1.347210,1.879654,3.035626,3.876029,4.492487,-1.000000,54.749943
-0.540024,0.270015,-0.904545,0.693307,0.693327,-0.405028,0.441470,0.779437,2.041306,2.867551,3.544388,1.000000,55.129539
0.594918,1.081667,-0.229851,-0.148509,-0.148527,-0.235252,0.319105,0.919427,1.919969,2.760423,3.449173,0.000000,55.047657
-1.001734,0.066782,-1.429146,1.230397,1.230408,-1.039137,-1.009750,-0.328571,0.446772,1.266727,2.003471,1.000000,55.724968
-0.146258,0.491958,-0.239330,0.454120,0.454116,-1.164739,-1.457249,-0.773830,-0.246640,0.633430,1.365956,0.000000,55.978024
0.860913,0.928170,-0.242131,-1.156764,-1.156750,0.201768,-0.269042,0.256473,0.658454,1.603974,2.355386,-1.000000,55.330498
0.026745,0.280821,-0.427920,0.591879,0.591869,-0.197916,-0.774273,-0.407418,-0.182537,0.818399,1.542746,1.000000,55.657982
-0.454060,0.026709,-0.641024,0.133722,0.133731,-0.085474,-0.773243,-0.637470,-0.261759,0.517087,1.233968,0.000000,55.732414
0.306061,0.798407,-0.665334,0.360576,0.360557,-0.369914,-0.888877,-1.042346,-0.617419,-0.015956,0.679543,0.000000,55.933361
-0.943767,0.209724,-1.205926,1.516969,1.516977,-1.575564,-2.069733,-2.426702,-2.027786,-1.642152,-0.921918,1.000000,56.781857
-0.430587,0.078283,-0.678497,0.458778,0.458789,-1.424853,-2.115094,-2.649627,-2.420416,-2.174853,-1.441816,0.000000,57.042366
-0.725482,0.207281,-0.984583,0.717636,0.717633,-1.502787,-2.408346,-3.082440,-3.013346,-2.939762,-2.191565,1.000000,57.451721
-0.271147,0.077466,-0.684315,0.336835,0.336818,-1.169780,-2.285336,-3.100486,-3.243373,-3.091018,-2.543567,0.000000,57.645229
0.116822,0.467288,-0.051923,-0.529371,-0.529357,-0.153173,-1.483651,-2.264632,-2.640842,-2.475085,-2.082908,-1.000000,57.340080
-0.025856,0.219783,-0.271491,0.402382,0.402380,-0.279247,-1.601808,-2.367593,-2.892693,-2.752164,-2.538245,0.000000,57.570805
0.193975,0.336223,-0.103449,-0.025856,-0.025855,-0.075004,-1.189706,-2.017328,-2.657442,-2.647872,-2.552265,0.000000,57.555920
0.534896,0.887148,-0.156554,-0.879346,-0.879338,0.670571,-0.069155,-0.923689,-1.632104,-1.729951,-1.768221,-1.000000,57.049809
0.026204,0.222721,-0.458538,-0.417482,-0.417486,0.799160,0.539756,-0.301328,-1.059222,-1.299101,-1.257703,0.000000,56.811634
-0.026101,0.052214,-0.770133,0.366826,0.366821,0.318500,0.362880,-0.514291,-1.207413,-1.611798,-1.553321,0.000000,57.020031
0.327139,0.667367,-0.274795,-0.248007,-0.247995,0.324515,0.629407,-0.161400,-0.803467,-1.303859,-1.253174,0.000000,56.878624
0.561430,0.561430,-0.182797,0.222457,0.222449,-0.091396,0.399526,-0.187149,-0.825832,-1.391833,-1.437966,0.000000,57.005150
0.524661,0.918151,-0.275443,-0.456981,-0.456980,0.259706,0.735832,0.398737,-0.228231,-0.830540,-0.957944,0.000000,56.744648
-1.438939,0.090743,-1.542650,1.180483,1.180483,-0.700026,-0.479649,-0.577309,-1.186159,-1.818517,-2.062921,1.000000,57.414509
-0.051916,0.428296,-0.285531,-0.116672,-0.116678,-0.469818,-0.362098,-0.296773,-0.929264,-1.511225,-1.889680,0.000000,57.347519
0.561577,0.639931,-0.300385,-0.622969,-0.622984,0.193301,0.160653,0.352634,-0.219393,-0.759553,-1.215432,-1.000000,56.990253
-0.415968,0.259977,-0.584948,0.470158,0.470172,-0.187184,-0.360065,-0.091857,-0.518003,-1.048746,-1.554227,0.000000,57.258205
-0.789337,0.064699,-0.944614,0.454955,0.454960,-0.370086,-0.729813,-0.536577,-0.806807,-1.330746,-1.865943,0.000000,57.518707
0.481274,0.520293,-0.078039,-0.517600,-0.517602,0.080645,-0.141776,-0.068501,-0.160637,-0.665450,-1.225284,-1.000000,57.220989
0.521990,1.213628,-0.104394,-0.325181,-0.325190,0.297539,0.186622,0.221857,0.261658,-0.249500,-0.759919,0.000000,57.034912
-1.456748,0.116023,-1.830604,1.226675,1.226684,-0.660051,-0.879206,-0.973743,-0.870825,-1.336598,-1.809119,1.000000,57.734550
-1.181256,0.647779,-1.320974,1.495425,1.495418,-1.666453,-2.067823,-2.314232,-2.198648,-2.567250,-3.036957,1.000000,58.597923
-0.705647,0.088205,-0.819053,0.800204,0.800211,-1.922888,-2.452121,-2.862065,-2.838334,-3.109881,-3.584512,1.000000,59.066830
0.503463,0.692257,-0.138453,0.113406,0.113407,-1.387040,-2.271874,-2.710302,-2.822531,-2.989555,-3.463396,0.000000,59.133816
1.292222,1.292222,-0.140736,-1.623667,-1.623668,0.632039,-0.516888,-0.972361,-1.147002,-1.234387,-1.729781,-1.000000,58.173679
0.723327,0.891245,-0.012914,-0.946776,-0.946774,1.555154,0.543787,0.060278,-0.197622,-0.231980,-0.695340,-1.000000,57.622906
-0.360218,0.244440,-0.733305,0.400414,0.530277,0.788339,0.129144,-0.361261,-0.691903,-0.697050,-1.069659,0.000000,57.928467
2.313591,2.432575,-0.013218,-2.688793,-2.688804,2.616717,2.692191,2.347653,1.991858,1.970094,1.706039,-1.000000,56.370884
-0.276641,0.171256,-0.540111,0.356953,0.356959,1.346075,2.212225,1.884341,1.607913,1.531520,1.393758,0.000000,56.572105
-0.738884,0.250690,-1.121521,-0.158080,-0.158083,0.907771,2.276290,1.943580,1.721224,1.631559,1.586716,0.000000,56.482674
-0.329033,1.539880,-0.447484,0.250690,0.250686,0.302718,1.824460,1.645572,1.444401,1.310556,1.323412,0.000000,56.624268
1.501745,1.850360,-0.174310,-1.842588,-1.842586,1.340843,3.193070,3.352454,3.220568,3.070196,3.137783,-1.000000,55.580917
0.120920,0.483676,-0.806121,-0.201129,-0.201116,1.219930,2.752432,3.314399,3.313604,3.163919,3.226487,0.000000,55.469135
0.360289,0.813984,-0.133437,0.685210,0.685206,0.272212,1.465037,2.447553,2.470374,2.392914,2.416792,1.000000,55.849213
0.480705,0.948053,-0.293766,-0.066717,-0.066726,0.098812,1.109627,2.369876,2.401228,2.374700,2.393909,0.000000,55.811947
1.951681,1.951681,-0.054594,-2.163172,-2.163168,1.572265,2.792408,4.251139,4.446870,4.471622,4.476764,-1.000000,54.604641
-1.501543,0.067032,-2.252314,1.801557,1.801550,-0.222546,0.552354,2.045306,2.448310,2.520872,2.509889,1.000000,55.588371
2.610962,2.610962,-0.041230,-2.440005,-2.439994,1.816676,2.672795,4.003142,4.707541,4.899614,4.900487,-1.000000,54.232018
1.266356,1.878652,-0.862792,-1.250520,-1.250532,2.248826,3.409415,4.625579,5.691143,5.939671,6.026139,-1.000000,53.553829
0.753136,2.036262,-0.167362,-0.222653,-0.222647,1.587169,3.069735,4.267781,5.590096,5.883156,6.039065,0.000000,53.434593
-0.013886,1.194450,-0.597221,0.418406,0.418411,0.811110,2.087500,3.340740,4.770290,5.193582,5.397175,0.000000,53.658169
-1.792162,0.583497,-2.584045,-0.027778,-0.027776,0.113919,1.754653,2.836896,4.337583,4.953254,5.217554,0.000000,53.643265
-3.261896,0.471757,-4.016717,3.070301,3.070316,-2.485528,-1.308820,-0.356762,0.887997,1.665631,1.995594,1.000000,55.290283
0.280791,0.922586,-0.748763,0.808729,0.808714,-2.484285,-2.120602,-1.255960,-0.226031,0.743575,1.077062,1.000000,55.737423
-0.133819,0.240867,-0.990231,-0.080219,-0.080233,-1.595064,-2.063418,-1.271234,-0.368652,0.728069,1.059180,0.000000,55.692703
-1.521308,0.144263,-1.560656,2.033985,2.033994,-2.441961,-3.624913,-3.215733,-2.424914,-1.343881,-0.965046,1.000000,56.825489
1.535002,1.535002,-0.039697,-0.891801,-0.891788,-0.614007,-2.628036,-2.257519,-1.689835,-0.618039,-0.129522,-1.000000,56.318726
-1.072907,0.594619,-1.240955,2.368667,2.368647,-2.094101,-4.287739,-4.266625,-3.853407,-3.015692,-2.432617,1.000000,57.652718
-0.833755,0.051310,-1.103128,0.775589,0.775594,-2.034373,-4.241912,-4.745162,-4.461897,-3.833291,-3.133096,1.000000,58.099869
-0.526518,0.128423,-0.629250,-0.115443,-0.115446,-1.114672,-3.338890,-4.379941,-4.217919,-3.731853,-2.963821,0.000000,58.032795
-1.693001,0.037620,-1.793331,2.401442,2.401454,-2.558322,-4.635070,-6.081437,-6.228373,-5.868078,-5.144552,1.000000,59.426426
0.315258,0.781843,-0.403531,-0.551795,-0.551793,-1.076931,-3.182855,-5.164360,-5.410472,-5.266589,-4.590007,-1.000000,59.098515
-0.915817,0.225819,-1.216910,0.517021,0.517016,-0.996111,-2.988333,-5.071717,-5.565800,-5.549617,-5.061832,0.000000,59.404064
-0.037311,0.360697,-0.435326,0.865640,0.865633,-1.238800,-3.123130,-5.178269,-6.036686,-6.136810,-5.832954,1.000000,59.918285
0.475178,0.512690,-0.300114,-0.534825,-0.534817,-0.182570,-1.946984,-3.978995,-5.213833,-5.423037,-5.246971,-1.000000,59.597832
-0.012504,0.325037,-0.425051,0.025009,0.025008,-0.145019,-1.503939,-3.337085,-4.817478,-5.246157,-5.159396,0.000000,59.612736
-0.074287,0.123807,-1.126658,0.975123,0.975119,-0.745325,-1.811316,-3.545044,-5.354090,-5.854647,-5.949815,1.000000,60.194031
-0.356880,0.061535,-0.947575,0.606657,0.606666,-0.962347,-1.923460,-3.546645,-5.402416,-6.086146,-6.286409,1.000000,60.559208
0.110850,0.160119,-0.689742,-0.086142,-0.086165,-0.682334,-1.441048,-2.937949,-4.746257,-5.697237,-5.988816,0.000000,60.507027
-0.135319,0.258332,-0.344449,0.123171,0.123191,-0.479770,-1.141596,-2.519381,-4.273593,-5.498344,-5.878957,0.000000,60.581566
0.171967,0.343935,-0.577325,0.147618,0.147622,-0.277615,-1.082184,-2.240518,-3.836759,-5.237693,-5.795364,0.000000,60.670998
0.837788,0.886356,-0.376391,1.166930,1.166936,-1.041777,-1.851637,-2.818531,-4.315818,-5.953385,-6.567113,1.000000,61.378990
-0.084951,0.230586,-0.497572,0.048569,0.048557,-0.813107,-1.572816,-2.457930,-3.864079,-5.531554,-6.290049,0.000000,61.408794
-0.109450,0.304024,-0.206740,-0.206307,-0.206311,-0.355097,-1.146783,-1.910090,-3.212940,-4.831813,-5.800803,0.000000,61.282101
-0.242808,0.218526,-0.497760,0.170253,0.170249,-0.262224,-1.023426,-1.712592,-2.913678,-4.475411,-5.658204,0.000000,61.386433
-0.096873,0.399615,-0.363282,0.254945,0.254939,-0.232490,-0.961480,-1.733257,-2.777295,-4.205849,-5.522310,0.000000,61.542931
0.012109,0.242220,-0.508661,-0.012107,-0.012094,-0.169558,-0.731504,-1.457353,-2.341653,-3.681243,-5.188731,0.000000,61.535488
-0.702947,0.169675,-1.151375,-0.072667,-0.072667,-0.070298,-0.507819,-1.159457,-1.958552,-3.207856,-4.726297,0.000000,61.490772
-0.155522,0.275150,-0.430673,1.308932,1.308930,-1.036011,-1.506159,-2.182078,-2.888503,-4.037325,-5.489491,1.000000,62.295643
0.095800,0.131722,-0.455029,-0.095708,-0.095699,-0.668190,-1.145975,-1.805777,-2.457795,-3.524853,-4.927559,0.000000,62.236027
0.131927,0.311821,-0.083952,-0.155664,-0.155675,-0.321419,-0.755577,-1.381627,-2.087431,-3.032382,-4.324379,0.000000,62.139141
0.347514,0.347514,-0.275613,0.083952,0.083963,-0.194135,-0.708219,-1.250259,-1.920921,-2.736020,-3.946485,0.000000,62.191315
-0.155579,0.478698,-0.239351,0.131816,0.131803,-0.074194,-0.700094,-1.196743,-1.819648,-2.567255,-3.699137,0.000000,62.273285
0.048154,0.312986,-0.589865,-0.586407,-0.586404,0.390036,-0.013241,-0.463061,-1.079811,-1.746478,-2.798844,-1.000000,61.908112
-0.167509,0.167503,-0.550374,0.613942,0.613950,-0.205797,-0.478591,-0.887780,-1.467465,-2.072753,-3.039013,1.000000,62.288197
-1.284624,0.153206,-1.426054,1.519506,1.519479,-1.352962,-1.700634,-2.100949,-2.655850,-3.297570,-4.152413,1.000000,63.234653
-0.165522,0.118230,-0.662095,-0.318216,-0.318196,-0.770869,-1.149206,-1.613462,-2.119885,-2.739181,-3.491369,0.000000,63.033443
-0.553724,0.129595,-0.565509,0.354698,0.354694,-0.810557,-1.219367,-1.766415,-2.252592,-2.839302,-3.537150,0.000000,63.257019
0.023595,0.590038,-0.271424,-0.164937,-0.164927,-0.252547,-0.920472,-1.406666,-1.881648,-2.473930,-3.111095,0.000000,63.152691
-0.829775,0.023709,-0.972021,-0.448438,-0.448435,0.381692,-0.373404,-0.805284,-1.257710,-1.826463,-2.418213,0.000000,62.869492
1.262932,1.274958,-0.108250,-1.446181,-1.446193,1.443355,1.059664,0.695218,0.295290,-0.234299,-0.849968,-1.000000,61.960278
-0.702798,0.976775,-1.000594,0.974261,0.974258,0.314480,0.144139,-0.166759,-0.577719,-1.045378,-1.621991,1.000000,62.563931
-0.441742,0.990927,-0.453677,-0.226323,-0.226319,0.274595,0.395176,0.159185,-0.271013,-0.701528,-1.237663,0.000000,62.422337
1.115245,1.415036,-0.587601,-0.441742,-0.441743,0.395733,0.879006,0.587605,0.241040,-0.155410,-0.679934,0.000000,62.146591
1.264743,2.152493,-0.060811,-1.391049,-1.391050,1.293929,2.137904,1.902793,1.646600,1.298796,0.812760,-1.000000,61.282101
-1.989520,0.250176,-2.489874,2.079532,2.079542,-0.578994,-0.051235,-0.128672,-0.343110,-0.644278,-1.084117,1.000000,62.556488
-1.046510,0.000000,-1.476746,2.454135,2.454142,-2.483733,-2.280246,-2.323271,-2.530829,-2.854899,-3.250791,1.000000,64.091713
-0.197052,0.417294,-0.695486,0.313948,0.313928,-2.207014,-2.424935,-2.419527,-2.617934,-2.979475,-3.359985,0.000000,64.292915
-0.367561,0.172297,-0.735122,0.915729,0.915700,-2.251288,-3.043844,-2.999429,-3.302284,-3.637915,-4.012139,1.000000,64.881645
0.275679,0.493911,-0.149317,0.000000,0.115026,-1.232319,-2.833981,-2.837043,-3.203993,-3.528799,-3.897929,0.000000,64.956276
0.322616,0.380230,0.000000,-0.310126,-0.310092,-0.246116,-2.100178,-2.378304,-2.700933,-3.030315,-3.388776,0.000000,64.754852
0.184487,0.541912,-0.103763,-0.069140,-0.069172,0.014047,-1.700759,-2.137999,-2.438966,-2.766959,-3.150313,0.000000,64.710060
-0.702117,0.310779,-0.805703,0.172953,0.172961,0.004598,-1.500294,-2.146020,-2.410824,-2.729283,-3.142019,0.000000,64.821983
0.718927,0.776896,-0.394253,-0.736645,-0.736634,0.579768,-0.427745,-1.296365,-1.497292,-1.880069,-2.264590,-1.000000,64.344482
0.991711,1.295062,-0.035001,-0.614560,-0.614572,0.886713,0.605023,-0.573466,-0.758322,-1.166175,-1.526646,-1.000000,63.949039
0.338310,0.664964,-0.711618,0.011659,0.011662,0.625293,0.812191,-0.376980,-0.713462,-1.064038,-1.412337,0.000000,63.956497
0.494871,0.860143,-0.494870,-0.991597,-0.991607,1.194777,1.700357,0.700625,0.303739,-0.001713,-0.330885,-1.000000,63.322300
0.996564,1.245702,-0.842326,-0.683400,-0.683397,1.276552,2.177010,1.443074,0.964714,0.725572,0.429078,-1.000000,62.889557
0.318391,0.660373,-0.271230,0.605056,0.605061,0.327828,1.307783,0.951353,0.366767,0.205891,-0.123587,1.000000,63.270077
-0.592266,0.197420,-0.685174,1.544815,1.544827,-1.105578,-0.343759,-0.276740,-1.052896,-1.196582,-1.538672,1.000000,64.247490
1.028871,1.157481,-0.198769,-0.673557,-0.673580,-0.479358,0.184737,0.530979,-0.236589,-0.490188,-0.783435,-1.000000,63.814732
0.674793,1.089150,-0.378831,-1.239337,-1.239330,0.674801,1.174388,1.679566,1.051812,0.757934,0.505649,-1.000000,63.023857
1.149974,1.873150,-0.853586,-0.142059,-0.142053,0.832244,1.018373,1.680294,1.236240,0.880757,0.683635,0.000000,62.934330
0.554080,1.288842,-0.445680,-1.576762,-1.576763,2.018788,2.248851,2.992849,2.841553,2.418708,2.298434,-1.000000,61.942005
1.743262,1.913930,-0.024381,-1.192484,-1.192494,2.255277,3.034261,3.827063,4.076300,3.545893,3.473976,-1.000000,61.203350
-0.932879,0.121157,-1.562876,0.621720,0.621737,0.898952,2.012350,2.842251,3.354251,2.881640,2.745263,1.000000,61.583874
0.084373,0.578527,-0.686993,0.520959,0.520935,0.014479,1.254687,2.007168,2.641988,2.305873,2.152022,0.000000,61.904686
-0.600527,0.468416,-0.972855,0.349525,0.349526,-0.595715,0.778298,1.362013,2.109669,1.930133,1.735263,0.000000,62.121059
-0.615385,0.059175,-1.585795,1.489310,1.489323,-1.704146,-0.736094,-0.262721,0.465683,0.491421,0.236703,1.000000,63.046242
0.427854,0.475393,-0.071311,-0.426031,-0.426025,-0.782041,-0.545530,0.039608,0.722004,1.016663,0.660688,0.000000,62.777649
0.239063,0.573754,-0.525935,-0.570481,-0.570475,0.054971,-0.198433,0.449427,1.112827,1.587467,1.262751,-1.000000,62.419518
-0.212665,0.767959,-1.205102,1.171405,1.171400,-0.708886,-1.333887,-0.731728,-0.181358,0.351646,0.121266,1.000000,63.150700
2.667475,2.764037,-0.012068,-2.114835,-2.114836,1.337356,0.616772,1.297119,1.732042,2.359439,2.251673,-1.000000,61.815166
-0.691052,0.059573,-2.049323,1.303559,1.303547,-0.102455,-0.569515,-0.075451,0.285365,0.897900,0.961176,1.000000,62.620956
1.371690,1.626610,-0.048557,-1.846776,-1.846773,1.349847,1.343776,1.502795,1.970142,2.569075,2.870672,-1.000000,61.464489
-1.552425,0.023883,-2.555535,1.650889,1.650887,-0.277046,-0.158824,-0.288191,0.195847,0.757586,1.195852,1.000000,62.479198
-0.364627,0.129382,-0.882149,1.528540,1.528555,-1.689025,-1.420852,-1.746266,-1.303821,-0.839812,-0.362244,1.000000,63.434227
0.189708,0.877401,-0.272705,-0.799816,-0.799830,-0.543035,-0.497976,-0.954858,-0.505091,-0.160770,0.368752,-1.000000,62.926861
-0.725317,0.140388,-0.818910,1.351673,1.351687,-1.506792,-1.710346,-2.083926,-1.792239,-1.527850,-1.027537,1.000000,63.777435
0.719424,1.191179,-0.342021,-0.807209,-0.807220,-0.136802,-0.833818,-1.070089,-1.070875,-0.769896,-0.311350,-1.000000,63.262611
-0.177622,0.757842,-0.402611,-0.400983,-0.400973,0.433384,-0.341041,-0.521030,-0.736542,-0.430562,-0.002379,0.000000,63.008945
-0.631874,0.081909,-1.322261,1.195974,1.195962,-0.650595,-1.422887,-1.502456,-1.851743,-1.579686,-1.233714,1.000000,63.762508
-0.291851,0.303529,-0.595379,0.234021,0.234018,-0.574354,-1.324997,-1.545635,-2.004427,-1.745496,-1.511781,0.000000,63.911724
-0.796769,0.046191,-0.935340,1.097363,1.097339,-1.394895,-2.087731,-2.452625,-2.861403,-2.728838,-2.566944,1.000000,64.613052
-0.472289,0.126714,-0.702683,0.242492,0.242522,-1.168071,-1.814306,-2.483582,-2.821101,-2.931918,-2.760432,0.000000,64.769753
-0.057595,0.195861,-0.368662,-0.011523,-0.011521,-0.615212,-1.450459,-2.231180,-2.564513,-2.862208,-2.707753,0.000000,64.762291
-0.743283,0.137226,-1.154946,0.748849,0.748869,-0.898822,-1.905107,-2.743680,-3.032606,-3.447929,-3.332587,1.000000,65.247276
-0.252179,0.298031,-0.286565,-0.240135,-0.240151,-0.298035,-1.336547,-2.174083,-2.571070,-3.082992,-2.987164,0.000000,65.090584
-0.604468,0.250914,-1.277374,0.504359,0.504339,-0.551994,-1.580738,-2.379854,-2.878636,-3.356739,-3.364494,0.000000,65.418861
0.460511,0.886475,-0.069086,-0.935216,-0.935217,0.398352,-0.413301,-1.114428,-1.805193,-2.221956,-2.423430,-1.000000,64.807053
-0.528491,0.103394,-0.608924,0.207230,0.207266,0.245843,-0.321718,-1.066201,-1.814133,-2.217396,-2.567426,0.000000,64.941376
-0.263705,0.538868,-0.458610,0.206800,0.206802,-0.013778,-0.325638,-1.102218,-1.868861,-2.224284,-2.663403,0.000000,65.075676
-0.774398,0.330259,-0.899669,0.676443,0.676432,-0.555746,-0.750490,-1.503251,-2.245764,-2.673960,-3.186051,1.000000,65.515869
0.492666,0.664529,-0.057280,-0.603572,-0.603590,-0.043524,-0.069880,-0.767637,-1.460235,-1.955537,-2.435449,-1.000000,65.120422
-0.297248,0.423004,-0.297248,0.217694,0.217692,-0.121171,-0.211493,-0.778928,-1.383326,-2.016228,-2.440069,0.000000,65.262184
0.195286,0.402064,-0.436537,-0.480162,-0.480159,0.363013,0.298682,-0.101093,-0.717404,-1.387709,-1.796669,0.000000,64.948822
-0.603883,0.464513,-0.766464,-1.079840,-1.079823,1.200774,1.237937,1.039738,0.429666,-0.242962,-0.603121,-1.000000,64.247490
-0.023158,0.254808,-0.440114,0.267093,0.267092,0.590681,0.864021,0.823094,0.277963,-0.347009,-0.748985,0.000000,64.419090
0.880074,1.067828,-0.199480,-1.297198,-1.297216,1.429255,1.900977,2.040223,1.580626,1.023245,0.583599,-1.000000,63.583435
-0.824714,0.220703,-1.161572,1.020889,1.020901,0.083634,0.781743,0.953266,0.629571,0.174698,-0.357380,1.000000,64.232559
0.744248,0.874194,0.000000,-1.672668,-1.672675,1.219145,2.213829,2.501287,2.353223,1.921800,1.376653,-1.000000,63.158157
0.391137,0.604483,-0.082967,-0.330771,-0.330776,1.142591,2.215249,2.598088,2.628309,2.229234,1.702428,0.000000,62.949245
-1.157088,0.210379,-1.180459,1.410455,1.410468,-0.446480,0.530614,1.040200,1.195060,0.864415,0.393478,1.000000,63.837124
0.399055,0.492953,-0.985920,-0.420757,-0.420771,-0.030512,0.711274,1.273091,1.540500,1.277470,0.867377,0.000000,63.568516
-1.509208,0.057609,-1.705058,1.877926,1.877934,-1.709675,-1.222344,-0.598302,-0.331790,-0.496769,-0.822191,1.000000,64.762291
-0.034772,0.255015,-0.428888,-0.610595,-0.610590,-0.730270,-0.705926,-0.047141,0.249795,0.198906,-0.115146,-1.000000,64.366859
-1.455091,0.549957,-2.314392,1.170744,1.170731,-1.212184,-1.720892,-1.199198,-0.920019,-0.877170,-1.184686,1.000000,65.120422
0.103431,0.609123,-0.528684,-0.309344,-0.309356,-0.572339,-1.338916,-0.953901,-0.625776,-0.507514,-0.775759,0.000000,64.918968
0.229485,0.458980,-0.218017,0.160899,0.160924,-0.284578,-1.275971,-1.122977,-0.815842,-0.642119,-0.871303,0.000000,65.023438
0.714536,0.841308,-0.023043,-0.436036,-0.436046,0.145216,-0.765237,-0.743721,-0.386645,-0.208819,-0.361101,0.000000,64.739906
0.686598,0.919352,0.000000,-0.968069,-0.968041,1.045010,0.353749,0.139622,0.522492,0.726147,0.670285,-1.000000,64.113197
1.778306,1.956137,0.000000,-1.838709,-1.684266,2.113823,2.086273,1.726722,2.082560,2.311215,2.356329,-1.000000,63.033360
-0.083021,0.747154,-0.521823,-0.035565,-0.035567,1.544537,1.991478,1.613932,1.920111,2.215598,2.345095,0.000000,63.010941
-0.730704,0.176772,-0.883916,0.628562,0.628564,0.400392,1.328928,0.960663,1.148368,1.450204,1.642406,1.000000,63.407005
-0.700942,0.175234,-0.724302,0.883910,0.883896,-0.720781,0.316877,0.048465,0.160952,0.508845,0.710057,1.000000,63.967457
0.577157,0.718491,-0.058884,-0.817763,-0.817756,-0.113067,0.998586,0.903438,0.868213,1.243157,1.471167,-1.000000,63.444359
1.048861,1.120383,-0.286056,-1.177853,-1.177845,0.970198,1.815855,2.079276,1.946801,2.298105,2.545002,-1.000000,62.697083
-0.130658,0.403842,-0.712675,0.345650,0.345656,0.591510,1.146419,1.629808,1.475999,1.780287,2.076439,0.000000,62.913799
-1.400493,0.458985,-1.718253,0.926471,0.926471,-0.303641,-0.022519,0.689339,0.537652,0.743690,1.038504,1.000000,63.496677
-0.750026,0.773472,-0.832060,0.423679,0.423665,-0.787521,-0.597082,0.160359,0.076898,0.224801,0.557809,0.000000,63.765690
0.011708,0.316337,-0.538966,0.023446,0.023456,-0.705336,-0.672532,0.075597,0.102229,0.128035,0.473565,0.000000,63.780647
-0.432955,0.152113,-0.643580,0.128882,0.128884,-0.468061,-0.670498,-0.184497,0.044908,-0.024939,0.280933,0.000000,63.862850
1.000230,1.023772,-0.176514,-0.561671,-0.561677,0.280069,-0.031771,0.230783,0.583794,0.482139,0.741775,-1.000000,63.504147
0.129063,0.410650,-0.645315,0.294186,0.294181,0.046939,-0.280411,-0.202685,0.298377,0.194160,0.371469,0.000000,63.690964
-0.643428,0.116983,-1.017784,0.293323,0.293318,-0.210563,-0.586090,-0.584529,-0.064191,-0.121084,0.005680,0.000000,63.877781
-0.408887,0.198594,-0.408887,0.140388,0.140387,-0.292050,-0.643683,-0.739088,-0.235510,-0.210497,-0.185657,0.000000,63.967457
-0.245784,0.397946,-0.397932,-0.186922,-0.186908,-0.110024,-0.277388,-0.468165,-0.148346,0.032666,-0.019609,0.000000,63.847897
0.629302,0.688674,-0.569933,-1.427901,-1.427909,1.156495,1.170749,0.965731,1.140577,1.424474,1.350162,-1.000000,62.936207
-0.129534,0.306161,-0.447488,0.831163,0.831173,0.249633,0.330889,0.138944,0.183615,0.581526,0.508191,1.000000,63.459316
-0.093900,0.352116,-0.234748,0.329719,0.329706,-0.145536,-0.014079,-0.221434,-0.229746,0.182278,0.148370,0.000000,63.668545
-0.187677,0.187688,-0.727263,0.058678,0.058687,-0.286214,-0.084455,-0.252586,-0.320230,0.082019,0.118291,0.000000,63.705910
-0.153496,0.531355,-1.228006,-0.656887,-0.656887,0.196008,0.485297,0.469162,0.358956,0.627940,0.798117,-1.000000,63.287434
1.308526,1.488594,-0.300119,-1.641280,-1.641278,1.647058,1.960380,2.074428,1.972388,2.135498,2.395043,-1.000000,62.248711
1.119266,1.456253,-0.084245,-0.252098,-0.252100,1.463470,1.960520,2.181567,2.124200,2.204773,2.574556,0.000000,62.091782
-0.516454,0.024023,-0.816717,0.204593,0.204596,0.790295,1.485706,1.807190,1.775162,1.834015,2.228857,0.000000,62.218819
0.193235,0.495167,-0.229473,-0.552483,-0.552486,0.758454,1.711352,2.167470,2.213768,2.255072,2.662557,-1.000000,61.875069
1.001462,1.160232,-0.354178,-1.111111,-1.111110,1.204200,2.419392,3.023934,3.238884,3.283340,3.601816,-1.000000,61.187569
-0.521085,0.266604,-0.702855,0.781628,0.781623,0.230254,1.419057,2.026180,2.337015,2.395062,2.622473,1.000000,61.665825
-0.108841,0.616764,-0.193494,0.206013,0.206015,-0.072559,0.940864,1.611642,1.988754,2.080060,2.237221,0.000000,61.792866
0.376214,0.691745,-0.206307,-0.350708,-0.350697,0.070381,0.956303,1.720056,2.169895,2.283972,2.425762,0.000000,61.576160
0.412927,0.740836,-0.570805,-0.072817,-0.072829,0.031581,0.676469,1.530245,2.061578,2.234156,2.360543,0.000000,61.531315
-1.105902,0.336582,-1.166005,1.032306,1.032315,-0.675567,-0.532520,0.312533,0.882312,1.155423,1.268177,1.000000,62.166512
-0.214208,0.464113,-0.345114,1.009740,1.009738,-1.309060,-1.439967,-0.705309,-0.182680,0.136612,0.244351,1.000000,62.794231
0.335085,0.682142,0.000000,-0.559323,-0.559341,-0.545704,-0.829334,-0.255295,0.278851,0.632370,0.756752,-1.000000,62.442997
-3.139539,0.406974,-3.174420,2.920059,2.920076,-2.530239,-3.324425,-3.023262,-2.536054,-2.191635,-2.086441,1.000000,64.266380
3.033779,3.319983,-1.018886,1.569762,1.569771,-2.889532,-4.297662,-4.361772,-3.942196,-3.611687,-3.506211,1.000000,65.275215
0.159379,0.591979,-0.489526,0.560968,0.560968,-2.372506,-4.153019,-4.656207,-4.341431,-4.040999,-3.894976,1.000000,65.641388
1.538461,1.885487,-0.127242,-1.582429,-1.582427,-0.242920,-2.157324,-2.880287,-2.674388,-2.430087,-2.262590,-1.000000,64.602661
-0.802205,0.389634,-0.802205,0.936963,0.936937,-0.320864,-2.541817,-3.463203,-3.443722,-3.242714,-3.082350,1.000000,65.207947
0.901834,1.098397,-0.150303,-0.882424,-0.882422,0.679862,-1.201283,-2.354789,-2.509528,-2.334595,-2.174808,-1.000000,64.632538
-0.586073,0.252817,-1.057222,0.612784,0.612795,-0.009189,-1.265221,-2.626212,-3.001605,-2.864166,-2.706655,1.000000,65.028603
0.103562,0.437280,-0.264676,-0.137892,-0.137892,-0.087463,-0.701959,-2.106639,-2.740510,-2.662835,-2.517074,0.000000,64.938934
0.392558,1.096864,-0.034636,-0.333718,-0.333693,0.284006,-0.071609,-1.464058,-2.223787,-2.226558,-2.127957,0.000000,64.722237
0.440933,0.847056,-0.243684,-0.496478,-0.496496,0.533762,0.731024,-0.702412,-1.556634,-1.680213,-1.602857,0.000000,64.400894
-1.429875,0.045758,-1.590020,1.438843,1.438843,-0.679475,-0.535346,-1.728057,-2.715056,-2.973236,-2.924583,1.000000,65.327522
0.034354,0.206138,-0.618415,-0.114387,-0.114404,-0.497007,-0.424862,-1.235291,-2.344813,-2.767283,-2.747739,0.000000,65.252785
0.903610,1.227981,-0.370714,-1.145210,-1.145214,0.521330,0.552606,0.150614,-0.956314,-1.565328,-1.587108,-1.000000,64.505501
-0.460299,0.299185,-0.978142,0.671918,0.671932,-0.082858,-0.066747,-0.297662,-1.365364,-2.056619,-2.141161,1.000000,64.938934
-0.391755,0.149783,-0.771985,-0.126583,-0.126579,0.184345,0.005756,0.076810,-1.004153,-1.761960,-1.945315,0.000000,64.856735
-0.469961,0.229259,-0.664834,0.518488,0.518463,-0.373665,-0.424093,-0.344619,-1.237367,-2.086176,-2.373124,0.000000,65.192993
0.885782,1.282057,-0.221448,-1.650619,-1.650607,0.944060,1.104906,1.207470,0.621806,-0.303020,-0.713276,-1.000000,64.116913
-0.314362,0.116425,-0.500639,0.104902,0.104891,0.738161,0.881373,0.950065,0.673550,-0.220733,-0.770739,0.000000,64.184166
0.800846,1.059946,-0.070658,-1.140997,-1.140989,1.432103,1.845487,1.994274,1.887301,1.043466,0.437726,-1.000000,63.451832
-0.199527,0.692481,-0.586853,0.341539,0.341539,0.713610,1.383804,1.485920,1.636744,0.817378,0.178410,0.000000,63.668545
-0.651005,0.104632,-0.953263,0.962438,0.962444,-0.530114,0.254589,0.482061,0.669034,0.024649,-0.669608,1.000000,64.281319
0.372396,0.546957,-0.209473,-0.104621,-0.104623,-0.395677,0.197830,0.502734,0.691842,0.296521,-0.444160,0.000000,64.214066
0.905354,0.987659,-0.152846,-1.024094,-1.024093,0.437389,1.085243,1.397612,1.569667,1.421756,0.710174,-1.000000,63.556454
0.165757,0.343359,-0.402551,-0.693713,-0.693719,1.032449,1.502492,1.936231,2.161389,2.150616,1.490265,-1.000000,63.115551
-0.330855,0.259957,-0.354489,0.201287,0.201294,0.694783,1.043355,1.609351,1.800775,1.995980,1.362792,0.000000,63.242599
-0.059015,0.448479,-0.365875,0.118158,0.118159,0.271447,0.627871,1.277779,1.576771,1.815649,1.334828,0.000000,63.317326
-1.140201,0.558469,-1.361262,1.439866,1.439879,-1.147190,-0.783028,-0.266062,0.072704,0.305282,0.036444,1.000000,64.229019
0.128146,0.512585,-0.232985,-0.127982,-0.128001,-0.836433,-0.661691,-0.175516,0.139219,0.340641,0.267560,0.000000,64.146805
0.000000,0.498550,-0.115951,0.477638,0.477637,-0.892749,-0.978549,-0.700290,-0.357680,-0.145621,-0.123282,0.000000,64.453194
0.501632,0.769952,-0.058323,-0.614501,-0.614500,-0.025656,-0.305638,-0.169539,0.231575,0.399916,0.578250,-1.000000,64.057129
0.187302,0.597051,-0.105369,-0.349969,-0.192769,0.360236,-0.167467,-0.108043,0.316154,0.550103,0.755160,0.000000,63.933647
0.339460,0.433105,-0.632096,0.011698,0.011678,0.258464,-0.221812,-0.138036,0.201872,0.470332,0.673847,0.000000,63.941113
0.116614,0.314839,-0.466418,0.386282,0.386288,-0.114463,-0.507354,-0.521897,-0.208430,0.036931,0.210983,0.000000,64.188110
0.460185,0.932153,-0.212389,-1.177704,-1.177699,0.753981,0.728249,0.661551,0.862050,1.147755,1.343722,-1.000000,63.432167
-0.373874,0.338825,-0.630915,0.991153,0.991150,-0.233672,-0.132587,-0.285536,-0.189950,0.133837,0.289426,1.000000,64.060875
-0.393786,0.000000,-0.741252,0.876268,0.876260,-0.887186,-0.798158,-1.116536,-1.101112,-0.779632,-0.582270,1.000000,64.622215
-0.322578,0.149778,-0.599071,0.532774,0.532777,-1.096769,-1.210363,-1.563359,-1.559842,-1.323079,-1.112323,0.000000,64.966507
0.069881,0.558989,-0.174683,-1.071426,-1.071403,-0.000016,-0.121227,-0.423222,-0.487016,-0.269031,-0.076034,-1.000000,64.270454
-0.987709,0.218217,-2.170672,1.397466,1.397451,-0.845302,-1.387969,-1.585556,-1.726778,-1.629417,-1.430346,1.000000,65.168602
1.038018,1.189646,-0.093308,-1.527506,-1.527516,0.727785,0.159790,0.037730,-0.163038,-0.146091,0.086848,-1.000000,64.173141
1.014696,1.317942,-0.023332,0.000000,0.000000,0.587828,0.197110,0.126637,-0.171466,-0.209660,0.026886,0.000000,64.173141
-0.230820,0.311593,-0.680904,1.061350,1.061346,-0.503166,-0.714363,-0.860623,-1.170510,-1.212182,-1.044080,1.000000,64.854240
-0.943182,0.113633,-1.136360,1.557986,1.558001,-1.545459,-1.982958,-2.207642,-2.511429,-2.625628,-2.493377,1.000000,65.864670
-0.798119,0.067442,-0.955492,1.090916,1.090917,-2.183014,-2.567456,-3.049696,-3.303073,-3.488321,-3.463298,1.000000,66.583199
0.905696,0.984943,-0.045286,-0.708188,-0.708189,-0.898905,-1.562327,-2.151029,-2.396405,-2.652143,-2.711486,-1.000000,66.111664
-0.022554,0.169112,-0.789181,0.418886,0.418885,-0.644873,-1.706881,-2.312671,-2.572236,-2.931251,-3.057283,0.000000,66.388596
-0.270511,0.045087,-0.541032,0.022543,0.022535,-0.200621,-1.512616,-2.087460,-2.430451,-2.821231,-2.964340,0.000000,66.403557
0.158048,0.293521,-0.191915,-0.157798,-0.157796,0.088061,-1.051025,-1.720476,-2.113953,-2.502193,-2.704662,0.000000,66.298775
0.580932,0.854309,-0.159470,-0.891848,-0.891838,0.722171,-0.078604,-0.605240,-1.137666,-1.467058,-1.714707,-1.000000,65.707497
-0.159343,0.489414,-0.375600,0.079735,0.079721,0.534948,0.083093,-0.512173,-1.086951,-1.392428,-1.686991,0.000000,65.759880
-0.056153,0.662553,-0.932061,1.354428,1.354429,-0.729925,-0.882646,-1.638775,-2.204938,-2.510108,-2.882286,1.000000,66.650551
1.207569,1.458197,-0.273406,-1.426169,-1.426176,0.492151,0.680124,-0.141247,-0.656172,-1.010058,-1.401788,-1.000000,65.699997
0.229301,0.756699,-0.791104,-0.637954,-0.637932,0.825486,1.237090,0.603060,0.065340,-0.305027,-0.680709,-1.000000,65.280876
-0.497740,0.011314,-0.961535,1.352899,1.352891,-0.382357,-0.177604,-0.639520,-1.063917,-1.532356,-1.852872,1.000000,66.164055
-2.199973,0.088001,-2.793967,2.839362,2.839365,-2.461777,-2.649875,-3.003704,-3.502916,-4.016721,-4.327534,1.000000,68.042694
-1.447855,0.195950,-1.447855,1.044993,1.044997,-2.858704,-3.312658,-3.562675,-4.200421,-4.728944,-5.053400,1.000000,68.753738
0.436872,0.677153,-0.273044,-0.326587,-0.326598,-1.714714,-2.685665,-2.889174,-3.626577,-4.148968,-4.533125,0.000000,68.529190
0.208029,0.569358,-0.843101,-0.251195,-0.251195,-0.567173,-2.139495,-2.401547,-3.084967,-3.663638,-4.087407,0.000000,68.357048
-0.544898,0.719270,-0.741062,0.470819,0.470842,-0.300802,-2.165452,-2.655499,-3.283587,-3.809524,-4.331793,0.000000,68.678902
0.151744,0.715372,-0.292656,0.544898,0.544875,-0.548443,-2.218726,-2.899050,-3.454365,-4.041619,-4.609073,0.000000,69.053116
0.829967,1.168501,-0.294850,-0.747888,-0.747879,0.137599,-1.206729,-1.958433,-2.408543,-3.090099,-3.666417,-1.000000,68.536682
0.054912,0.505158,-0.878544,-0.556952,-0.556948,0.588622,-0.293216,-1.238017,-1.619816,-2.360208,-2.920791,-1.000000,68.154968
-0.293643,0.522016,-0.315388,0.977384,0.977376,-0.250134,-0.743884,-1.949613,-2.357262,-3.040787,-3.636038,1.000000,68.821098
0.054912,0.505158,-0.175703,-0.967924,-0.967915,0.571049,0.518337,-0.751890,-1.287618,-1.917862,-2.463217,-1.000000,68.154968
0.077527,0.143975,-1.251528,-0.845590,-0.845608,0.992367,1.306909,0.273939,-0.337240,-0.879826,-1.457889,-1.000000,67.578644
-0.055296,0.420209,-0.552912,0.155054,0.155064,0.583878,0.991928,0.220428,-0.395888,-0.825833,-1.459694,0.000000,67.683434
-0.307960,0.076990,-0.736906,0.541850,0.541842,0.011010,0.377269,-0.089442,-0.811691,-1.172447,-1.839701,0.000000,68.050171
-1.276601,0.021818,-1.614840,0.802907,0.802906,-0.851058,-0.387332,-0.563001,-1.434252,-1.800318,-2.411339,1.000000,68.596550
-0.305975,0.316906,-0.305975,-0.152754,-0.152751,-0.601028,-0.262262,-0.184309,-1.080205,-1.538625,-2.100312,0.000000,68.491768
0.308947,0.948913,-0.297908,-0.961649,-0.961643,0.439147,0.526319,0.764284,0.033106,-0.481073,-0.969874,-1.000000,67.833122
1.385760,1.622351,-0.112662,-2.063332,-2.063328,2.178902,2.327622,2.654347,2.124266,1.618294,1.229906,-1.000000,66.433502
1.495113,1.782634,-0.011493,-2.039210,-2.039226,3.392765,3.985063,4.437817,4.202433,3.652231,3.348685,-1.000000,65.078773
-1.641883,2.569898,-1.641883,-3.335244,-3.335232,5.151689,6.632950,7.463809,7.609159,7.012966,6.757880,-1.000000,62.908245
3.424242,3.424242,-0.084103,-0.975613,-0.975610,4.198000,6.742754,7.839317,8.358763,7.848129,7.580197,-1.000000,62.294506
-1.673016,0.069224,-3.253717,4.133124,4.133127,-0.851511,2.088374,3.129105,3.813311,3.512630,3.246409,1.000000,64.869217
-1.220891,0.305228,-1.786116,2.065301,2.065300,-2.925617,-0.200093,0.807898,1.520462,1.391365,1.148166,1.000000,66.208961
0.022719,0.317974,-0.874395,-0.452183,-0.452182,-2.232566,-0.071543,1.038685,1.782877,1.864640,1.582634,0.000000,65.909576
0.172376,1.424966,-1.344512,-1.181011,-1.181006,-0.381525,0.590662,1.868528,2.751661,3.072851,2.736913,-1.000000,65.131180
0.495349,1.403468,-0.566101,-2.562628,-2.562636,2.606442,2.443685,4.054722,5.043048,5.613399,5.320990,-1.000000,63.462105
-0.672231,0.023174,-1.657390,1.757288,1.757286,0.744087,0.170373,1.947917,2.882472,3.574870,3.441119,1.000000,64.577316
0.080570,0.828729,-0.494935,0.695406,0.695405,-0.315374,-0.737798,0.971455,1.902050,2.630297,2.643496,1.000000,65.026390
0.105158,0.712699,-0.292089,-1.484804,-1.484805,0.609886,0.599371,2.078123,3.118354,3.898120,4.105232,-1.000000,64.060875
-0.502688,0.034272,-1.553750,2.266618,2.266599,-1.503468,-1.232701,-0.498096,0.580391,1.421705,1.809687,1.000000,65.512878
1.840067,2.291401,-0.208309,-1.279563,-1.279529,0.148117,0.415449,0.398089,1.614961,2.488588,3.052489,-1.000000,64.674622
0.337014,0.801862,-0.441598,-0.416618,-0.416621,0.513645,0.763500,0.463287,1.793713,2.628694,3.295361,0.000000,64.405174
-0.932743,0.011519,-1.186084,0.918070,0.918072,-0.409958,-0.339715,-0.598045,0.660974,1.477188,2.162971,1.000000,64.996460
0.288117,0.599291,-0.484034,-0.080607,-0.080629,-0.057613,-0.407964,-0.531663,0.503063,1.361309,2.061399,0.000000,64.944054
-1.289590,0.169684,-1.696829,1.878533,1.878541,-1.703617,-2.088237,-2.037708,-1.533939,-0.668328,0.069003,1.000000,66.164055
-1.232223,0.134428,-1.400243,0.984163,0.984173,-2.020843,-2.540617,-2.541364,-2.619032,-1.716603,-0.999228,1.000000,66.815224
1.225462,1.452394,-0.238294,-1.277020,-1.277028,-0.281407,-1.070017,-1.170248,-1.501199,-0.543297,0.125185,-1.000000,65.961975
1.067155,1.078759,-0.858375,-2.178602,-2.178614,1.793303,1.055570,0.856830,0.544607,1.475936,2.147862,-1.000000,64.524918
0.069424,0.729003,-0.705854,0.243589,0.243585,1.464952,0.906053,0.485240,0.269627,1.021072,1.720678,0.000000,64.682091
-0.011689,0.455766,-0.712866,-0.983565,-0.983544,1.811373,1.679318,1.370407,1.354435,1.740317,2.482555,-1.000000,64.045914
0.070032,0.536941,-0.326834,0.116862,0.116847,0.852110,1.474268,1.320576,1.378550,1.348901,2.153227,0.000000,64.120750
0.082333,0.223479,-1.070340,-0.758726,-0.758712,0.891545,2.128903,1.996385,2.056566,1.859789,2.727583,-1.000000,63.634258
0.809005,1.418696,-0.199318,0.317567,0.317565,0.356431,1.623871,1.549224,1.547660,1.374603,2.201506,0.000000,63.836338
2.936890,3.349516,-0.121356,-3.388437,-3.388438,2.900487,4.657767,4.852750,4.765775,4.709222,5.441340,-1.000000,61.673283
-0.384568,0.492728,-0.733084,0.983009,0.983003,1.331576,3.015269,3.485966,3.517010,3.649567,4.076838,1.000000,62.279533
-1.290934,0.093878,-1.619531,2.403563,2.569986,-1.282722,-0.025346,0.810113,0.956014,1.151817,1.228456,1.000000,63.880108
-0.070311,0.492214,-1.406302,0.140821,0.140817,-1.316549,-0.477312,0.623009,0.766587,0.953355,0.884814,0.000000,63.970062
-2.838677,0.000000,-3.242550,1.558654,1.558628,-2.482943,-1.936628,-0.924270,-0.784447,-0.672443,-0.738710,1.000000,64.967117
-0.931498,0.193124,-1.283646,1.580891,1.580906,-2.691123,-3.263971,-2.360105,-2.182065,-2.213152,-2.237278,1.000000,65.994186
0.504404,0.802470,-0.813948,-0.908772,-0.908763,-0.846049,-2.170591,-1.543109,-1.294033,-1.300247,-1.213970,-1.000000,65.394455
-0.587975,0.373135,-0.881951,1.387133,1.387127,-1.472187,-3.180120,-2.941795,-2.521786,-2.479301,-2.364054,1.000000,66.301559
-0.776231,0.180004,-1.034981,0.508813,0.508810,-1.169982,-3.219370,-3.365415,-2.847654,-2.849237,-2.769799,0.000000,66.638908
0.361540,0.994242,-0.237261,-0.427489,-0.427465,-0.327664,-2.424455,-2.766788,-2.328280,-2.352134,-2.345101,0.000000,66.354050
-1.173449,0.033525,-1.262857,1.095920,1.095898,-1.084035,-2.676014,-3.582384,-3.227763,-3.230554,-3.345478,1.000000,67.081223
-0.269085,0.627879,-0.515751,-0.324095,-0.324097,-0.322901,-1.673950,-2.987922,-2.860780,-2.835091,-2.944829,0.000000,66.863815
1.031282,1.280603,-0.147320,-1.065147,-1.065144,0.704902,-0.271981,-1.738811,-1.865126,-1.699692,-1.764399,-1.000000,66.151619
-0.662478,0.089830,-1.223896,0.929293,0.929311,-0.184160,-0.771410,-2.330811,-2.708467,-2.463336,-2.559618,1.000000,66.766373
0.416013,0.562175,-0.685855,-0.134744,-0.134759,0.047223,-0.381155,-1.915050,-2.415843,-2.230937,-2.345642,0.000000,66.676399
-0.583281,0.000000,-0.919795,0.236112,0.236115,-0.262478,-0.490184,-1.631334,-2.484734,-2.348137,-2.437375,0.000000,66.833832
-0.648542,0.447279,-1.028732,0.314074,0.314073,-0.521073,-0.555738,-1.465575,-2.566472,-2.601391,-2.666721,0.000000,67.043739
0.841560,0.942552,-0.145867,-0.346635,-0.346626,0.022437,-0.133536,-0.830351,-2.026209,-2.262840,-2.221560,0.000000,66.811348
-5.841661,0.670360,-6.267285,5.453319,5.453291,-4.102985,-4.756312,-5.345093,-6.608679,-7.062034,-6.991746,1.000000,70.454765
1.529848,1.529848,-0.818789,-1.234308,-1.234308,-2.068505,-3.101684,-3.719725,-5.028460,-5.609677,-5.609579,-1.000000,69.585136
0.476285,0.811863,-0.270621,-0.474027,-0.474011,-0.902802,-2.326267,-2.947251,-4.028745,-4.895990,-4.952522,0.000000,69.255295
0.076368,0.501852,-0.381854,-0.779388,-0.779384,0.362196,-1.289558,-1.862690,-2.806577,-3.877119,-4.082148,-1.000000,68.715530
-0.885538,0.053989,-1.306702,1.025529,1.025528,0.095021,-1.820741,-2.559403,-3.394177,-4.547523,-4.930744,1.000000,69.420227
-0.827593,0.118229,-1.332753,0.475153,0.475148,-0.580391,-1.857261,-2.722837,-3.436689,-4.648191,-5.199295,0.000000,69.750076
-0.332234,0.664453,-1.060986,0.290204,0.290202,-0.763044,-1.672918,-2.661379,-3.359767,-4.574371,-5.214981,0.000000,69.952492
-2.114520,0.251237,-2.261070,2.379162,2.379173,-2.409716,-3.290072,-4.501209,-5.213026,-6.236580,-7.094907,1.000000,71.616783
-0.522465,0.208992,-0.835937,0.177951,0.177939,-1.738758,-2.806679,-4.217336,-4.938862,-5.875434,-6.902254,0.000000,71.744217
-0.156551,0.281813,-0.834978,0.114943,0.114956,-1.181510,-2.220024,-3.800580,-4.663399,-5.540970,-6.651534,0.000000,71.826691
0.271854,0.669173,-0.094098,-0.177431,-0.177451,-0.462140,-1.872636,-3.170908,-4.141037,-4.941854,-6.110648,0.000000,71.699234
-0.667846,0.000000,-0.813937,0.198664,0.198674,-0.133572,-1.753104,-2.883580,-3.949181,-4.747573,-5.925377,0.000000,71.841682
0.104830,0.576582,-0.576584,-0.459148,-0.459154,0.297728,-0.984373,-1.999505,-3.196345,-3.999573,-5.032840,0.000000,71.511818
0.010517,0.389066,-0.578342,-0.304016,-0.304006,0.477387,-0.320718,-1.303193,-2.590433,-3.375817,-4.321768,0.000000,71.294418
0.084096,1.030269,-0.105139,0.021036,0.021040,0.311173,-0.076757,-0.903433,-2.249274,-3.115233,-3.994614,0.000000,71.309418
0.542036,1.551711,-0.031882,-1.082849,-1.082846,1.079812,1.128699,0.189173,-0.911901,-1.833570,-2.633302,-1.000000,70.537247
0.299346,0.801805,-0.256570,-0.584550,-0.584546,1.184516,1.747908,0.829585,-0.083395,-1.041273,-1.815629,-1.000000,70.124924
-1.618505,0.063056,-1.692072,1.721196,1.721183,-0.578031,-0.013664,-0.682432,-1.458751,-2.477353,-3.227536,1.000000,71.331902
-0.283162,0.765602,-0.713161,0.210190,0.210200,-0.734138,-0.260100,-0.632763,-1.355015,-2.423499,-3.146659,0.000000,71.481842
-1.648978,0.123666,-1.886023,1.761936,1.761941,-2.059167,-1.861295,-2.048868,-2.655382,-3.750609,-4.528513,1.000000,72.741310
-0.165038,0.412585,-0.361007,-0.082451,-0.082459,-1.388344,-1.645181,-1.699163,-2.421873,-3.345649,-4.172603,0.000000,72.681328
-0.154085,0.277344,-0.338985,0.412585,0.412576,-1.010779,-1.893164,-1.826398,-2.590137,-3.397226,-4.263653,0.000000,72.981194
0.133726,0.349751,-0.586368,-0.143810,-0.143804,-0.444398,-1.564654,-1.569802,-2.201424,-2.926454,-3.860720,0.000000,72.876244
-0.176144,0.279770,-0.632058,-0.720096,-0.720099,0.518089,-0.704583,-0.799913,-1.240801,-1.928917,-2.910577,-1.000000,72.351463
0.010331,0.247854,-0.413095,0.331570,0.331574,0.144585,-0.856135,-1.057522,-1.348755,-1.934525,-2.935729,0.000000,72.591362
0.361380,0.454303,-0.196183,0.020662,0.020662,0.103247,-0.591640,-0.994670,-1.172438,-1.836249,-2.687669,0.000000,72.606361
0.508358,0.757342,-0.134865,-0.474969,-0.474967,0.381783,0.178444,-0.483451,-0.541032,-1.219629,-1.965628,0.000000,72.261505
0.310401,0.869118,-0.279354,0.269740,0.269726,-0.004130,0.064162,-0.664240,-0.750637,-1.308629,-1.970676,0.000000,72.456413
0.416755,0.854342,-0.166705,-0.693219,-0.693218,0.583459,0.828304,0.090304,-0.043233,-0.439670,-1.058897,-1.000000,71.954132
1.512435,1.861459,-0.338444,-1.489901,-1.489878,1.622412,2.090947,1.563891,1.401894,1.148588,0.628933,-1.000000,70.882103
-1.781827,0.176119,-2.051176,2.094130,2.094114,-0.528330,-0.046612,-0.350834,-0.631921,-0.781513,-1.347072,1.000000,72.366455
0.249218,0.425747,-0.363444,-0.238262,-0.238255,-0.309457,0.083067,0.078223,-0.370203,-0.420360,-0.991007,0.000000,72.194038
-1.159036,0.135737,-1.587138,-0.550360,-0.550365,0.058471,0.486578,0.675226,0.201000,0.140749,-0.325089,-1.000000,71.796707
0.666873,2.032384,-0.285810,-1.357420,-1.357436,1.115711,1.653447,1.998531,1.546537,1.466722,1.145702,-1.000000,70.822113
-0.021136,0.834653,-0.359222,0.190537,0.190535,0.944542,1.229806,1.636921,1.328594,1.224736,1.025545,0.000000,70.957054
0.612769,1.171793,-0.408521,-1.722136,-1.722115,1.958711,2.591908,3.136236,3.046651,2.885825,2.795091,-1.000000,69.735092
0.000000,0.439117,-0.867511,0.376260,0.376267,0.948902,1.883892,2.465450,2.651271,2.394765,2.411900,0.000000,69.997482
1.609760,1.879854,-0.172865,-0.867511,-0.867514,1.138709,2.333610,3.027214,3.409670,3.168529,3.201155,-1.000000,69.390244
-1.189845,0.286842,-1.837884,1.696193,1.696195,-0.620424,0.430249,1.140258,1.620092,1.406558,1.424262,1.000000,70.567238
3.003598,3.210359,-0.021759,-2.379690,-2.239488,1.084984,2.456175,3.108845,3.675884,3.594904,3.610465,-1.000000,68.986893
0.087682,1.129009,-0.131540,-0.718241,-0.718251,1.453111,2.631617,3.454249,4.120051,4.224878,4.203913,-1.000000,68.491394
-0.886675,0.010815,-0.994815,1.370159,1.370166,-0.081691,0.846273,1.784017,2.456965,2.776081,2.679652,1.000000,69.429840
0.194091,0.312703,-1.089065,0.281143,0.281156,-0.294382,0.251624,1.227541,1.936230,2.389870,2.301441,0.000000,69.625046
-0.682882,0.256089,-0.896278,1.056709,1.056696,-1.395639,-0.862221,0.018088,0.728874,1.255501,1.187498,1.000000,70.360771
0.042828,0.524632,-0.032118,-0.341441,-0.341443,-0.734468,-0.641861,0.288357,0.897799,1.452914,1.477663,0.000000,70.120529
-0.235522,0.149875,-0.578096,0.010710,0.010706,-0.278336,-0.596464,0.064828,0.710298,1.296418,1.447350,0.000000,70.128036
-0.180522,0.445998,-0.499098,0.813619,0.813626,-0.724224,-1.299538,-0.883769,-0.213026,0.349751,0.655658,1.000000,70.698616
0.781995,0.985534,-0.224958,-0.870764,-0.870771,0.278521,-0.333686,-0.176130,0.494194,1.071818,1.480436,-1.000000,70.082993
0.032298,0.861328,-0.150732,-0.503481,-0.503477,0.605078,0.050602,0.224604,0.843248,1.432897,1.910215,-1.000000,69.730141
