-0.357140,0.654765,-1.517853,0.403402,0.403394,0.101205,2.364600,3.693797,4.547106,5.695124,6.405013,0.000000,56.014736
0.059568,0.506323,-0.491440,-0.074397,-0.074400,-0.002971,1.818328,3.387951,4.254411,5.341839,6.169437,0.000000,55.973061
0.224519,0.538842,-0.374195,-0.506335,-0.506326,0.404136,1.650957,3.464561,4.327861,5.423390,6.369952,-1.000000,55.689655
-1.022225,0.044443,-1.377778,1.032783,1.032777,-0.565925,0.213341,1.938775,2.917978,3.954904,4.965235,1.000000,56.264805
-0.029552,0.723885,-0.901167,0.281484,0.281501,-0.620492,-0.373774,1.310868,2.363503,3.291022,4.342990,0.000000,56.423191
0.206216,0.780673,-0.559725,0.295460,0.295444,-0.709967,-0.813073,0.646153,1.802433,2.645636,3.732411,0.000000,56.589890
0.476120,1.353971,-0.163668,-1.001620,-1.001612,0.312452,0.110101,1.255767,2.549847,3.391555,4.425232,-1.000000,56.023079
1.561798,1.802080,-0.255291,-0.922486,-0.922484,1.180358,0.958103,1.717979,3.149878,3.974100,5.006464,-1.000000,55.506275
-1.185355,0.118539,-1.422432,1.351557,1.351543,-0.171866,-0.361526,0.094842,1.422448,2.312214,3.279950,1.000000,56.256466
-0.221764,0.606156,-0.280902,0.222257,0.222271,-0.408049,-0.477535,-0.336097,0.937313,1.869735,2.738146,0.000000,56.381508
0.783441,1.936433,-0.325206,0.014789,0.014797,-0.493733,-0.425738,-0.472054,0.628958,1.632110,2.425848,0.000000,56.389851
-0.732815,0.131902,-1.670829,0.857355,0.857358,-1.040613,-1.113898,-1.271210,-0.453631,0.605289,1.364806,1.000000,56.873314
2.218219,2.757789,-0.029982,-2.213106,-2.213114,1.238007,1.110605,0.920257,1.449334,2.606710,3.349253,-1.000000,55.614643
2.150541,2.196622,-0.138243,-2.428062,-2.428060,3.023046,3.258062,3.205319,3.582945,4.721348,5.560804,-1.000000,54.264286
-0.137243,0.930162,-1.463859,0.737333,0.737319,1.640756,2.180547,2.312699,2.506103,3.614521,4.498187,1.000000,54.664387
-0.412461,0.824933,-0.779105,-0.182987,-0.182980,1.157965,1.996642,2.323048,2.432784,3.428049,4.386564,0.000000,54.564362
-0.665461,0.483967,-1.330921,1.008255,1.008255,-0.490021,0.813670,1.197818,1.287049,2.080456,3.098152,1.000000,55.114510
-1.493866,0.399343,-1.567812,2.253475,2.253477,-2.419762,-1.257211,-0.953510,-0.911111,-0.392844,0.643394,1.000000,56.356503
0.547989,0.992306,-0.207346,-0.133122,-0.133138,-1.572852,-1.121128,-0.819492,-0.763461,-0.418229,0.544549,0.000000,56.281471
-0.088886,0.770366,-0.577776,-0.029616,-0.029612,-0.974810,-1.112581,-0.808880,-0.691845,-0.522659,0.393590,0.000000,56.264805
1.585886,1.810304,-0.493707,-0.977784,-0.977776,0.415921,-0.257323,0.065836,0.261825,0.337529,1.146526,-1.000000,55.714661
-0.565640,0.416789,-0.669838,0.508683,0.508665,0.223291,-0.918412,-0.443566,-0.243358,-0.204210,0.428718,0.000000,55.998062
-0.638077,0.014843,-0.964536,0.312592,0.312605,-0.154330,-1.127762,-0.674674,-0.511198,-0.500959,-0.082103,0.000000,56.173115
0.312184,0.460837,-1.144637,-0.178071,-0.178073,-0.050542,-0.628804,-0.519290,-0.350815,-0.325842,-0.048550,0.000000,56.073086
-0.634874,0.014757,-0.930171,0.683820,0.683825,-0.661460,-0.986277,-1.186085,-1.024661,-0.955564,-0.827308,1.000000,56.456528
-0.308109,0.029337,-0.704231,0.634875,0.634888,-0.900842,-1.214809,-1.759603,-1.629272,-1.524079,-1.488183,1.000000,56.814964
-0.787277,0.335332,-1.137189,0.630857,0.630851,-1.110949,-1.473980,-2.340479,-2.145357,-2.057444,-2.064928,1.000000,57.173382
-1.287556,0.185976,-1.387700,1.909908,1.909912,-2.246073,-2.992862,-3.867443,-3.742500,-3.716177,-3.769206,1.000000,58.265343
-0.384897,0.142549,-1.054880,0.357654,0.357641,-1.773336,-2.963651,-3.730104,-3.895936,-3.908196,-3.977192,0.000000,58.473724
-1.337845,0.253485,-1.422338,1.225944,1.225949,-2.039147,-3.644562,-4.386242,-4.822563,-4.884950,-4.948603,1.000000,59.190582
0.737699,1.007234,-0.638384,-0.732297,-0.732294,-0.655410,-2.415947,-3.205185,-3.918996,-4.035751,-4.091835,-1.000000,58.757133
0.240416,0.311131,-0.579827,0.312102,0.312093,-0.364862,-2.220329,-3.073583,-4.042563,-4.136325,-4.222405,0.000000,58.940510
-0.337313,0.309207,-0.520032,0.622264,0.622268,-0.629657,-2.296556,-3.341302,-4.324669,-4.472805,-4.611386,1.000000,59.307278
0.409144,0.536124,-0.183404,-0.379487,-0.379500,-0.045132,-1.415049,-2.657058,-3.552468,-3.917590,-4.089054,0.000000,59.082207
-0.042389,0.226089,-0.226079,-0.155192,-0.155158,0.042374,-0.832286,-2.197746,-3.035907,-3.591366,-3.794937,0.000000,58.990536
-0.687138,0.182308,-0.897490,0.763037,0.763022,-0.485209,-1.141496,-2.520453,-3.359981,-4.116115,-4.363579,1.000000,59.440647
1.134756,1.134756,-0.496451,-1.135883,-1.135893,0.598586,0.265254,-1.086520,-1.939004,-2.885670,-3.109215,-1.000000,58.765465
-0.424922,0.169976,-0.694047,0.141841,0.141850,0.300281,0.222378,-0.923513,-1.866151,-2.803402,-3.057131,0.000000,58.848824
-0.706314,0.042377,-1.002965,0.269126,0.269120,0.005654,0.043791,-0.857935,-1.898574,-2.742761,-3.161934,0.000000,59.007198
-0.842457,0.365069,-0.884590,0.607430,0.607433,-0.471779,-0.530752,-1.129833,-2.229714,-3.013202,-3.579052,1.000000,59.365627
0.013991,0.587503,-0.363680,0.379103,0.379102,-0.797312,-0.766538,-1.192704,-2.273742,-3.042102,-3.764160,0.000000,59.590683
0.577470,0.774652,-0.323948,-0.685408,-0.685396,0.028160,-0.040856,-0.284517,-1.330292,-2.098041,-2.969965,-1.000000,59.182251
-0.251713,0.209764,-0.713190,0.718313,0.718300,-0.430708,-0.703399,-0.845570,-1.745910,-2.578104,-3.438682,1.000000,59.607357
-0.459933,0.069691,-0.738675,0.335615,0.335608,-0.496159,-0.914276,-1.028564,-1.762360,-2.668146,-3.452723,0.000000,59.807404
0.882720,0.896734,-0.028030,-0.529613,-0.529603,0.075658,-0.302653,-0.467989,-0.984311,-1.933031,-2.668261,-1.000000,59.490662
0.393699,0.562421,-0.351519,-0.350287,-0.350277,0.323386,0.021077,-0.059070,-0.428164,-1.347597,-2.060852,0.000000,59.282280
-0.323720,0.253343,-0.703730,-0.098425,-0.098427,0.436304,0.197035,0.071300,-0.156943,-1.032524,-1.733065,0.000000,59.223930
-0.098272,0.379050,-0.533490,0.253343,0.253337,0.103888,0.032287,-0.174089,-0.315884,-1.066972,-1.811978,0.000000,59.373966
0.635868,0.833692,-0.183691,-0.645804,-0.645788,0.477600,0.679657,0.464405,0.375853,-0.226096,-1.020691,-1.000000,58.990536
-0.028256,0.084789,-0.452169,0.000000,0.000000,0.308039,0.616073,0.464405,0.358897,-0.054271,-0.866670,0.000000,58.990536
-0.197684,0.169446,-0.296525,0.070656,0.070667,0.152485,0.450418,0.347335,0.311327,0.025390,-0.749345,0.000000,59.032223
1.695168,1.695168,-0.463634,-2.541659,-1.456361,1.271136,1.761379,1.762398,1.727800,1.572350,0.842062,-1.000000,58.172501
1.030772,1.560885,-0.176709,-1.608219,-1.608196,2.179676,3.010516,3.237946,3.209669,3.160664,2.552263,-1.000000,57.236973
0.969417,1.252790,-0.522007,-1.266383,-1.266395,2.613147,3.748658,4.267774,4.306083,4.344997,3.893534,-1.000000,56.512127
0.934713,1.296548,-0.165839,-1.073827,-1.073812,2.623241,4.233487,4.986925,5.162358,5.242568,4.988398,-1.000000,55.905293
-0.733640,1.197777,-0.748615,0.693501,0.693485,0.943259,2.984598,3.873331,4.158517,4.342658,4.234425,1.000000,56.292988
1.397971,1.397971,-0.288702,-1.467290,-1.467284,1.470907,3.840851,4.973603,5.412241,5.645969,5.684069,-1.000000,55.467010
0.000000,0.379133,-0.591445,0.197544,0.197548,0.673335,2.952850,4.283129,4.910022,5.169170,5.314439,0.000000,55.576584
-0.572716,0.135650,-1.024868,0.621771,0.621783,-0.159767,1.767973,3.175547,3.985905,4.293254,4.511567,1.000000,55.922150
0.942397,1.215983,0.000000,-0.844005,-0.844025,0.525921,1.995751,3.568004,4.517981,4.925616,5.176327,-1.000000,55.450153
-0.668176,0.850427,-0.789667,0.091195,0.091203,0.148826,1.266516,3.019398,4.054285,4.546054,4.884914,0.000000,55.500725
-0.211959,0.363358,-0.696453,0.303728,0.303735,-0.081764,0.510210,2.281756,3.423673,4.007004,4.371435,0.000000,55.669300
0.502580,0.578734,-0.274141,-0.590460,-0.590460,0.426431,0.764534,2.403392,3.652476,4.371198,4.752441,-1.000000,55.340595
0.289639,0.853668,-0.411579,-0.091389,-0.091396,0.289640,0.635676,2.050875,3.338779,4.197754,4.619644,0.000000,55.290016
1.431650,1.724143,-0.307877,-0.975608,-0.975607,1.022171,1.416257,2.540026,3.924014,4.887162,5.392240,-1.000000,54.750603
0.463744,0.479205,-0.819289,-0.415636,-0.415641,1.085180,1.514920,2.416654,3.921325,4.953156,5.531478,0.000000,54.523037
-0.169755,0.262343,-0.586427,0.170043,0.170042,0.527780,1.186731,1.808644,3.323042,4.440549,5.099067,0.000000,54.615749
-0.595873,0.488923,-0.611144,1.003077,1.003103,-0.534773,0.106940,0.546969,1.915274,3.081084,3.832601,1.000000,55.163601
-0.106756,0.167760,-0.579530,0.183351,0.183324,-0.725934,-0.195203,0.212504,1.391694,2.563663,3.416870,0.000000,55.264729
-0.379075,0.015166,-1.031084,0.579529,0.579520,-0.997708,-0.745999,-0.403316,0.501158,1.691653,2.594285,1.000000,55.584999
1.056503,1.071818,-0.658400,-0.970431,-0.970416,0.162304,0.143934,0.421584,1.123874,2.380288,3.324401,-1.000000,55.045593
0.738796,1.108205,-0.338619,-0.520590,-0.520579,0.738791,0.501760,0.860901,1.341379,2.589899,3.595848,-1.000000,54.759037
-0.839059,0.076270,-0.854317,0.892723,0.892715,-0.122053,-0.404277,-0.071197,0.264679,1.383435,2.416190,1.000000,55.247879
2.211115,2.347422,-0.408901,0.732259,0.732256,-0.708768,-1.063150,-0.829922,-0.541416,0.406520,1.422828,1.000000,55.652435
-0.287055,0.694969,-0.317267,0.242319,0.242327,-0.876271,-1.116492,-1.029368,-0.792424,-0.065879,0.956369,0.000000,55.787296
-2.936858,0.792953,-3.333328,2.885626,2.885621,-2.836999,-3.389132,-3.584921,-3.478705,-2.982671,-1.984624,1.000000,57.397106
0.220818,0.912709,-0.529957,-0.249630,-0.249648,-1.722346,-2.686574,-3.159118,-3.081096,-2.804046,-1.854019,0.000000,57.253815
0.920431,0.994653,-0.757130,-0.839098,-0.839085,-0.353326,-1.579573,-2.171416,-2.155579,-2.014249,-1.176209,-1.000000,56.773407
-1.122105,0.398637,-1.520753,0.549290,0.549291,-0.395692,-1.798320,-2.496187,-2.588219,-2.509376,-1.827327,0.000000,57.085258
-0.147741,0.384097,-0.339789,-0.059059,-0.059059,0.106363,-1.483232,-2.169696,-2.390308,-2.371399,-1.882601,0.000000,57.051544
1.219150,1.397554,0.000000,-0.635249,-0.635262,0.496588,-0.563473,-1.289511,-1.661450,-1.719285,-1.393089,-1.000000,56.689117
-0.487808,0.029558,-0.517367,0.579839,0.579838,-0.165549,-0.740565,-1.577716,-2.110112,-2.177074,-2.029057,1.000000,57.017822
0.642750,1.270550,-0.313901,-1.108647,-1.108625,0.816132,0.573980,-0.329856,-0.920039,-1.023027,-0.981074,-1.000000,56.385708
-0.179687,0.628928,-0.269543,-0.179377,-0.179377,0.712782,0.867021,-0.029954,-0.653643,-0.819410,-0.816614,0.000000,56.284565
0.267578,0.416242,-0.535146,0.733750,0.733720,-0.145661,0.292873,-0.627296,-1.205563,-1.453815,-1.492465,1.000000,56.697536
-0.237924,0.118962,-0.743494,-0.029726,-0.029684,-0.118980,0.196260,-0.405471,-0.985893,-1.341282,-1.440414,0.000000,56.680706
0.964871,1.040246,-0.422130,-1.368027,-1.368037,0.868377,1.344779,1.112607,0.502778,0.044012,-0.047248,-1.000000,55.905293
-0.195690,0.391392,-0.436551,0.150758,0.150751,0.575041,1.052233,1.048721,0.425257,-0.060215,-0.173115,0.000000,55.989571
-0.105516,0.783848,-0.286394,-0.135487,-0.135495,0.578847,0.979812,1.216974,0.619547,0.120000,-0.038174,0.000000,55.913708
-1.369045,0.476190,-1.413686,1.296354,1.296351,-0.729152,-0.385407,0.021836,-0.575136,-1.027964,-1.247506,1.000000,56.638546
-0.296258,1.288691,-0.666574,0.461317,0.461331,-1.107993,-0.805816,-0.495739,-0.868768,-1.315369,-1.619026,0.000000,56.899837
-0.820029,0.014646,-2.035436,1.155383,1.155374,-1.663495,-1.845070,-1.597110,-1.757943,-2.238101,-2.633375,1.000000,57.557243
-0.900501,0.029056,-1.205521,0.820028,0.820034,-1.760352,-2.360204,-2.253209,-2.317357,-2.835731,-3.270879,1.000000,58.029232
0.029157,0.233298,-1.370666,-0.392151,-0.392144,-0.720338,-1.713340,-1.785762,-1.746878,-2.277645,-2.745225,0.000000,57.801674
0.736920,0.957999,-0.427413,-1.064456,-1.064474,0.539438,-0.570363,-0.713328,-0.567418,-1.114211,-1.556855,-1.000000,57.186390
-1.463135,0.000000,-1.651456,1.739132,1.739129,-0.738799,-2.012158,-2.239595,-2.199758,-2.589007,-3.030072,1.000000,58.180935
-1.432665,0.200572,-2.106019,1.115463,1.115470,-1.401148,-2.595991,-3.112704,-3.144701,-3.386821,-3.861032,1.000000,58.829926
-0.156965,0.156963,-0.513700,0.401145,0.401156,-1.444074,-2.464338,-3.197309,-3.337625,-3.514280,-4.024935,0.000000,59.065926
-0.085638,0.199827,-0.713674,-0.028545,-0.028560,-0.993429,-1.905501,-2.857542,-3.143725,-3.256628,-3.783890,0.000000,59.049057
-1.322259,0.436075,-1.434795,1.470166,1.470164,-1.516379,-2.779563,-3.906771,-4.307908,-4.382602,-4.936921,1.000000,59.917175
-0.934316,1.087713,-0.948264,0.872138,0.872151,-1.620420,-3.034449,-4.322971,-4.824993,-5.007953,-5.461351,1.000000,60.439743
0.265256,0.390907,-0.474656,-0.111563,-0.111589,-0.999563,-2.459842,-3.722814,-4.440854,-4.695217,-5.045814,0.000000,60.372299
-1.050162,0.041452,-1.450882,1.033095,1.033108,-1.379030,-2.970844,-4.160103,-5.040070,-5.392840,-5.702636,1.000000,60.996010
-0.082914,0.483623,-0.428361,0.000000,0.000000,-0.740643,-2.447148,-3.604623,-4.653860,-5.136380,-5.410619,0.000000,60.996010
-0.330496,0.247866,-0.605898,0.345447,0.345441,-0.660973,-2.126132,-3.438899,-4.613734,-5.191400,-5.441101,0.000000,61.206715
0.805435,1.458125,-0.041659,-0.839990,-0.839976,0.263842,-0.883217,-2.204329,-3.475216,-4.124431,-4.459107,-1.000000,60.692593
0.418229,0.613404,-1.101354,-0.388833,-0.388827,0.683106,-0.227255,-1.502871,-2.722026,-3.522665,-3.909580,0.000000,60.456604
-0.758520,0.386152,-0.868853,1.087410,1.087395,-0.361325,-0.965384,-2.225898,-3.349191,-4.250996,-4.706473,1.000000,61.114006
0.289774,0.331169,-1.090108,-0.055166,-0.055166,-0.278731,-0.578169,-1.814082,-2.872909,-3.884086,-4.435854,0.000000,61.080292
0.151830,0.786750,-0.234642,-0.027603,-0.027598,-0.298131,-0.363007,-1.363697,-2.483778,-3.571561,-4.190472,0.000000,61.063435
-1.051765,0.054639,-1.352272,1.049002,1.049019,-1.005339,-1.192476,-2.007027,-3.106830,-4.246974,-4.914187,1.000000,61.704002
0.397697,0.836535,-0.274269,-0.396122,-0.396146,-0.285235,-0.622590,-1.332044,-2.403995,-3.504653,-4.295107,0.000000,61.459564
0.317553,0.372770,-1.836258,-0.671967,-0.671921,0.367220,0.057953,-0.448286,-1.496653,-2.520538,-3.393196,-1.000000,61.046604
0.000000,0.607318,-0.593513,0.027609,0.027571,0.334035,0.041416,-0.255804,-1.256724,-2.210070,-3.158954,0.000000,61.063435
0.655328,0.934186,-0.432232,-1.007586,-1.007577,1.151700,0.934184,0.817987,0.018117,-0.962641,-1.966451,-1.000000,60.448174
-0.451213,0.028206,-1.254934,-1.115453,-0.028191,0.758961,0.919380,0.845467,0.232500,-0.700973,-1.731936,0.000000,60.431133
-0.545377,0.489441,-0.769127,0.831929,0.831902,-0.244888,0.165080,0.074892,-0.421817,-1.298571,-2.267602,1.000000,60.933861
-1.016717,0.000000,-1.044568,0.405539,0.405554,-0.603887,-0.228556,-0.309171,-0.651177,-1.491181,-2.379515,0.000000,61.180981
0.391388,0.433320,-0.391388,-0.362120,-0.362129,-0.276761,0.114231,0.049150,-0.133407,-0.925952,-1.748812,0.000000,60.959427
0.590548,0.801461,-0.407763,-0.587081,-0.587079,0.362768,0.629234,0.573413,0.512817,-0.115457,-0.950613,-1.000000,60.601547
1.713557,1.884905,-0.028555,-1.532626,-1.532606,1.670699,1.855093,2.024862,2.012993,1.539207,0.745948,-1.000000,59.672764
-0.777389,0.339220,-1.342752,1.028132,1.028117,0.421203,0.623939,0.967765,0.967718,0.602517,-0.128405,1.000000,60.286270
-0.787287,0.604528,-1.293404,0.537098,0.537116,-0.303679,0.014337,0.372920,0.396465,0.166959,-0.520028,0.000000,60.610077
0.253557,0.464857,-0.112683,-0.196821,-0.196814,-0.262021,0.116901,0.505889,0.552688,0.459826,-0.175668,0.000000,60.490788
0.695033,0.822698,0.000000,-0.690235,-0.690251,0.255321,0.750350,1.094567,1.157238,1.168462,0.678344,-1.000000,60.073250
0.656860,1.028132,-0.414110,-0.666668,-0.666663,0.928172,1.299435,1.546119,1.750690,1.796029,1.437368,-1.000000,59.672764
0.200113,1.000579,-0.300170,-0.099957,-0.099957,0.803317,1.179240,1.441231,1.781751,1.846942,1.582656,0.000000,59.613117
0.747013,0.747013,-0.675193,-0.500283,-0.500281,0.873434,1.373356,1.756637,2.141848,2.245655,2.107400,-1.000000,59.314884
-0.487449,0.315414,-1.017920,0.201119,0.201100,0.315425,0.913274,1.369663,1.798370,1.935338,1.924073,0.000000,59.434166
-0.715103,0.471971,-1.187074,0.243725,0.243737,-0.094391,0.496285,1.025934,1.426278,1.578209,1.657332,0.000000,59.579029
0.287364,0.474141,-0.488500,-0.457666,-0.457668,0.241383,0.896557,1.363986,1.690467,1.951741,2.061022,0.000000,59.306355
-0.270697,0.498645,-0.683862,0.847707,0.847697,-0.535684,-0.031334,0.386576,0.697708,1.051458,1.171737,1.000000,59.809093
0.544340,0.544340,-0.644603,-0.541393,-0.541399,0.063039,0.323755,0.742986,1.114617,1.492008,1.637807,-1.000000,59.485287
0.664077,0.923931,-0.129922,-0.773530,-0.773531,0.704501,0.857532,1.309870,1.730205,2.143927,2.318835,-1.000000,59.025150
1.346404,1.375670,-0.058541,-1.357002,-1.356988,1.624459,1.927407,2.431337,2.938676,3.354019,3.555639,-1.000000,58.224186
0.351955,0.923886,-0.117321,-0.204888,-0.204893,1.419557,1.866842,2.461752,2.949847,3.318452,3.619802,0.000000,58.104889
0.381280,0.659916,-0.395958,0.000000,0.000000,0.832961,1.607272,2.211471,2.706410,3.087513,3.484890,0.000000,58.104889
0.861182,0.992556,-0.364910,0.469277,0.469274,-0.017516,0.972121,1.479108,1.986576,2.423128,2.845281,0.000000,58.377560
0.175494,0.438729,-0.599585,-0.189761,-0.189756,-0.087740,0.963735,1.417575,1.949408,2.425862,2.879852,0.000000,58.266785
-1.907358,0.086043,-2.595733,1.974270,1.974265,-1.620536,-1.018215,-0.619531,-0.124046,0.373443,0.795695,1.000000,59.417126
0.390225,0.404681,-1.040614,-0.774417,-0.774418,-0.563664,-0.304957,0.075159,0.594745,1.056805,1.427056,-1.000000,58.956989
-0.345321,0.532378,-0.589934,0.448039,0.448044,-0.630217,-0.848923,-0.415347,0.056119,0.490363,0.848653,0.000000,59.221142
1.274434,1.274434,0.000000,-0.647478,-0.647488,0.173791,-0.312812,0.179585,0.557576,0.985962,1.380750,-1.000000,58.837692
-0.591796,0.245378,-0.938225,0.333086,0.333086,0.101048,-0.642310,-0.198219,0.100331,0.520223,0.929576,0.000000,59.033672
0.712527,0.872482,-0.159943,-0.736146,-0.736158,0.564217,0.158522,0.430444,0.716909,1.129010,1.572905,-1.000000,58.599091
-0.014496,0.464104,-0.275555,0.261742,0.261760,0.232050,0.007255,0.105395,0.375642,0.802331,1.212483,0.000000,58.752480
-0.448557,0.144694,-0.448557,0.232058,0.232086,-0.112894,-0.091187,-0.230577,0.081729,0.474005,0.862371,0.000000,58.888836
0.130410,0.275315,-0.362266,-0.144695,-0.144713,0.020276,0.126058,-0.163271,0.183298,0.496734,0.873781,0.000000,58.803616
1.555618,1.614322,-0.205458,-1.260691,-1.260661,0.962695,1.369206,1.000847,1.344257,1.612530,1.995370,-1.000000,58.062302
0.397532,0.706720,-0.309186,-0.322866,-0.322896,1.039468,1.431094,1.287788,1.525321,1.789752,2.168729,0.000000,57.874821
0.058860,0.353146,-0.441429,0.058894,0.058886,0.688658,1.190412,1.205616,1.344913,1.608011,2.007071,0.000000,57.908901
-0.671629,0.058404,-0.715430,0.779869,0.779884,-0.271571,0.259885,0.451640,0.436552,0.735867,1.107699,1.000000,58.360523
0.707449,0.810618,-0.309505,-0.934443,-0.934455,0.327204,1.028746,1.334321,1.239503,1.582318,1.900277,-1.000000,57.815170
0.029462,0.206275,-0.618839,0.029484,0.029501,0.218048,0.791204,1.254341,1.106509,1.441560,1.716990,0.000000,57.832226
-0.583167,1.326730,-0.656068,1.060841,1.060819,-0.638563,-0.293026,0.080686,0.064163,0.299182,0.556461,1.000000,58.445721
0.398412,0.634499,-0.265606,-1.195508,-1.195514,0.507616,0.739289,1.151953,1.243931,1.404769,1.662013,-1.000000,57.746994
0.369987,0.636377,-0.059199,-0.295111,-0.295079,0.532762,0.809516,1.260896,1.497687,1.549780,1.844981,0.000000,57.576595
0.491586,0.804411,-0.119163,-0.651181,-0.651193,0.977208,1.190230,1.733948,2.060180,2.055711,2.389391,-1.000000,57.201660
-0.163303,0.237524,-0.460211,0.342625,0.342612,0.480999,0.728924,1.196562,1.635990,1.593829,1.921520,0.000000,57.397640
-0.295985,0.192389,-0.547585,0.311756,0.311781,-0.133211,0.364050,0.763638,1.160260,1.233073,1.488807,0.000000,57.576595
-0.919581,0.102175,-1.080142,1.391153,1.391130,-1.287395,-0.932707,-0.661697,-0.277329,-0.137204,0.043304,1.000000,58.377560
-0.218503,0.466131,-0.305899,0.204350,0.204366,-1.174080,-1.111447,-0.908969,-0.542621,-0.314071,-0.235509,0.000000,58.496864
-0.277255,0.291849,-0.817157,-0.174804,-0.174820,-0.592432,-0.839041,-0.782130,-0.406385,-0.138328,-0.123055,0.000000,58.394600
-0.131855,1.567536,-0.380899,-0.393984,-0.393982,0.064464,-0.389687,-0.377966,-0.087166,0.249633,0.222678,0.000000,58.164536
-0.625637,0.378285,-0.669294,0.688545,0.688545,-0.282264,-1.050487,-0.980650,-0.773314,-0.494109,-0.443282,1.000000,58.565025
-0.101715,0.188894,-0.508572,0.130943,0.130943,-0.322577,-1.027312,-1.026830,-0.912520,-0.645740,-0.542960,0.000000,58.641712
-0.434840,0.463835,-0.652264,0.247018,0.247012,-0.469625,-1.065360,-1.222388,-1.165373,-0.920122,-0.749373,0.000000,58.786564
-1.073115,0.042923,-1.116037,1.304538,1.304548,-1.362142,-1.944483,-2.299804,-2.375159,-2.147946,-1.961654,1.000000,59.553463
-1.770037,0.084958,-1.798364,1.044504,1.044519,-1.713413,-2.496476,-3.050146,-3.208741,-3.083563,-2.869366,1.000000,60.175510
0.312235,1.830827,-0.525125,-0.226570,-0.226572,-0.999157,-1.864897,-2.653051,-2.808696,-2.767536,-2.614260,0.000000,60.039169
1.072348,1.072348,-0.686307,-0.738003,-0.738005,0.057184,-0.930808,-1.722438,-1.944535,-1.988000,-1.854459,-1.000000,59.596077
0.373447,0.373447,-0.488371,-0.457534,-0.457539,0.698076,-0.336117,-1.074411,-1.412677,-1.508194,-1.397596,0.000000,59.323402
-0.442801,0.142835,-1.185548,0.560182,0.560167,0.171420,-0.679893,-1.351226,-1.807590,-1.999705,-1.901149,1.000000,59.655712
-0.442918,0.171457,-0.914416,-0.028573,-0.028564,0.020011,-0.404337,-1.072528,-1.628085,-1.865976,-1.839306,0.000000,59.638672
-1.229849,0.141360,-1.724627,1.071582,1.071593,-0.961270,-1.176142,-1.822642,-2.519090,-2.746967,-2.787207,1.000000,60.277756
-0.883597,0.252454,-1.122024,0.791638,0.791649,-1.357662,-1.604507,-2.332886,-3.037187,-3.323444,-3.440881,1.000000,60.754944
-0.606746,0.042330,-0.874845,-0.603086,0.496297,-1.277110,-1.718658,-2.535732,-3.231062,-3.624257,-3.799394,0.000000,61.056469
-0.951981,0.153998,-1.119982,0.790175,0.790169,-1.439034,-2.166523,-2.959194,-3.637306,-4.137776,-4.405420,1.000000,61.538918
-0.377882,0.209938,-0.853745,0.027995,0.027987,-0.843613,-1.969609,-2.619027,-3.326486,-3.922613,-4.242972,0.000000,61.556141
0.363639,1.636361,-0.293705,0.069983,0.069996,-0.483915,-1.784919,-2.358761,-3.067590,-3.785041,-4.108411,0.000000,61.599228
-0.446178,0.948133,-1.394311,0.307694,0.307700,-0.454555,-1.731331,-2.318732,-3.088899,-3.818535,-4.193257,0.000000,61.788769
0.027884,0.529698,-0.432113,0.027882,0.027868,-0.239749,-1.357034,-2.020258,-2.848195,-3.571610,-4.034127,0.000000,61.805988
0.167860,1.021126,-0.041963,-0.348481,-0.348479,0.125895,-0.697928,-1.457121,-2.249002,-2.949362,-3.494207,0.000000,61.590607
0.548445,1.406272,-0.028132,-0.531539,-0.531539,0.565323,0.097899,-0.812162,-1.473741,-2.178352,-2.791819,-1.000000,61.263229
0.084467,1.098126,-0.126703,-0.112505,-0.112492,0.546241,0.360405,-0.574614,-1.147951,-1.831712,-2.532625,0.000000,61.194313
0.338609,0.634883,-0.225728,-0.211181,-0.211199,0.522018,0.623601,-0.203809,-0.740310,-1.447900,-2.145217,0.000000,61.065071
0.468553,0.908704,-0.255573,-0.634872,-0.634857,0.792269,1.204025,0.582566,0.049683,-0.674492,-1.349666,-1.000000,60.677395
-0.677194,0.409144,-0.747741,0.638928,0.638913,-0.019742,0.483927,0.097874,-0.461719,-1.130141,-1.765064,1.000000,61.065071
0.770868,1.427552,-0.071382,-1.170985,-1.170982,0.862240,1.474661,1.362470,0.732124,0.186178,-0.438052,-1.000000,60.350010
0.598970,0.656017,-0.342279,0.099929,0.099927,0.501995,1.176556,1.275911,0.662285,0.208349,-0.381082,0.000000,60.410316
0.057055,0.855795,-0.228219,-0.014264,-0.014244,0.296663,0.961331,1.251352,0.743315,0.339178,-0.255185,0.000000,60.401711
0.314153,0.356990,-0.585458,-0.114109,-0.114116,0.297011,0.832495,1.287062,0.942062,0.556324,-0.039798,0.000000,60.332783
-0.228370,0.185561,-0.927768,0.042837,0.042836,0.019985,0.585211,1.113329,0.957069,0.566627,0.025866,0.000000,60.358627
0.373447,0.646362,-0.330371,-0.628026,-0.628023,0.528578,1.006884,1.577122,1.623527,1.189133,0.758891,-1.000000,59.979561
0.460630,0.546994,-0.647767,-0.215458,-0.215463,0.558518,1.000429,1.601648,1.807253,1.395008,1.048042,0.000000,59.850327
-1.321775,0.042635,-1.350195,1.281129,1.281126,-0.642407,-0.351050,0.187606,0.508101,0.179816,-0.121509,1.000000,60.617085
-0.255067,0.595151,-0.425114,0.298464,0.298455,-0.785026,-0.627736,-0.221048,0.187765,-0.021270,-0.308435,0.000000,60.798000
-0.297028,0.608204,-0.509195,0.184210,0.184223,-0.786420,-0.835924,-0.479019,-0.048091,-0.122745,-0.417515,0.000000,60.910004
-0.196904,0.365686,-0.843879,0.565772,0.565779,-0.928277,-1.246137,-1.039857,-0.635028,-0.579127,-0.919040,1.000000,61.254620
1.352511,1.409460,-0.370152,-1.209564,-1.209582,0.503995,-0.019919,0.096821,0.491895,0.653770,0.320239,-1.000000,60.513695
1.877457,2.095769,-0.742253,-2.178245,-2.178242,2.261683,2.002627,2.115177,2.510558,2.789702,2.531563,-1.000000,59.195560
-0.809595,0.130120,-1.546913,0.669479,0.669491,1.176806,1.199939,1.314632,1.643049,2.007802,1.864705,1.000000,59.591869
0.955408,1.288360,-0.086863,-0.130108,-0.130113,0.839601,1.189921,1.272917,1.601038,2.004627,1.989499,0.000000,59.514332
-1.024234,0.173113,-1.024234,0.347420,0.347432,-0.023094,0.796294,0.852076,1.120155,1.528550,1.640982,0.000000,59.721104
-0.729396,0.243132,-0.986835,0.865548,0.865528,-0.972530,-0.004282,-0.032407,0.173064,0.566943,0.766600,1.000000,60.238007
0.647478,1.079137,-0.086328,-0.600684,-0.600657,-0.146776,0.476240,0.513171,0.679118,1.046887,1.326599,-1.000000,59.876183
-1.093434,0.056803,-1.661457,1.323738,1.323717,-1.096271,-0.857705,-0.763035,-0.636888,-0.348192,-0.018457,1.000000,60.668774
-0.014199,0.085176,-0.738223,0.028407,0.028413,-0.738220,-0.922777,-0.755259,-0.696343,-0.436123,-0.093705,0.000000,60.686012
-0.772259,0.098287,-0.926710,1.107324,1.107334,-1.291782,-1.991027,-1.692423,-1.701783,-1.520374,-1.198649,1.000000,61.358009
1.018821,1.018821,-0.254705,-0.772259,-0.772277,-0.311293,-1.167388,-0.814105,-0.897827,-0.774296,-0.468839,-1.000000,60.884155
0.583541,0.583541,-0.213494,-0.580156,-0.580141,0.486755,-0.370063,-0.244817,-0.308865,-0.230584,0.042685,-1.000000,60.530941
0.056779,0.425838,-0.354862,0.270417,0.270409,0.224280,-0.457055,-0.525191,-0.547903,-0.498507,-0.288146,0.000000,60.694622
0.283734,1.376083,-0.028369,0.056779,0.056755,0.181610,-0.313493,-0.601478,-0.573815,-0.577078,-0.391993,0.000000,60.729069
-0.773128,0.745008,-0.941802,0.922118,0.922130,-0.756250,-0.968502,-1.505940,-1.375446,-1.424222,-1.300711,1.000000,61.289070
-1.999730,0.055166,-2.689290,1.925784,1.925782,-2.123842,-2.482407,-3.158176,-3.029229,-3.154866,-3.097496,1.000000,62.469364
0.807577,0.946811,-0.960739,-0.951596,-0.951583,-0.749105,-1.222503,-1.939107,-1.995963,-2.129212,-2.122901,-1.000000,61.874916
0.405086,1.271133,-0.251421,-0.320251,-0.320244,-0.111757,-0.741726,-1.398706,-1.609863,-1.727617,-1.754436,0.000000,61.676765
-0.431510,0.612476,-0.668145,0.349211,0.349187,-0.083504,-0.892242,-1.485688,-1.872891,-1.970468,-2.051760,0.000000,61.892132
-0.027747,0.430133,-0.610522,0.320161,0.320180,-0.144311,-1.090613,-1.545722,-2.118776,-2.147359,-2.270941,0.000000,62.090298
-1.030078,0.013737,-1.126219,1.026777,1.026750,-1.076757,-1.801930,-2.281713,-2.937071,-2.958360,-3.141025,1.000000,62.727810
-0.314083,0.013649,-0.914932,0.576851,0.576889,-1.259070,-1.959603,-2.502637,-3.185187,-3.358204,-3.554571,1.000000,63.089680
0.468519,1.322859,-0.358278,-0.901274,-0.901281,-0.090958,-0.775815,-1.418409,-2.070422,-2.369030,-2.560753,-1.000000,62.521065
0.248413,0.841845,-0.496827,-0.151579,-0.151567,0.231837,-0.353318,-1.082915,-1.688535,-2.123672,-2.302437,0.000000,62.426304
-0.590740,0.164862,-1.099056,0.455426,0.455407,-0.024727,-0.578379,-1.387557,-1.895867,-2.474517,-2.600176,0.000000,62.710598
0.289215,1.377221,-0.041315,-0.247287,-0.247300,0.168039,-0.318128,-0.964964,-1.467418,-2.102179,-2.214561,0.000000,62.555515
-0.629620,0.383244,-1.245546,0.619745,0.619757,-0.495477,-0.762385,-1.319464,-1.830685,-2.467010,-2.693673,1.000000,62.943207
-1.243241,0.067572,-1.243241,1.286617,1.286652,-1.372999,-1.697329,-2.253188,-2.835843,-3.444896,-3.775257,1.000000,63.753067
-1.069523,0.080211,-1.403747,1.081085,1.081060,-1.802145,-2.352949,-2.914450,-3.583568,-4.171669,-4.621669,1.000000,64.442276
0.281764,0.805042,-0.295184,-0.360968,-0.360987,-0.979456,-1.669112,-2.259481,-3.012200,-3.544870,-4.122713,0.000000,64.209648
0.134244,0.765203,-0.040273,-0.053671,-0.053659,-0.421527,-1.390784,-2.029801,-2.703719,-3.247683,-3.881057,0.000000,64.175194
0.026811,0.268164,-1.153125,0.120827,0.120846,-0.134096,-1.328791,-1.901335,-2.531533,-3.092004,-3.734713,0.000000,64.252747
1.907767,1.907767,-0.521545,-2.306250,-2.306266,1.910513,1.040352,0.530695,-0.065200,-0.670331,-1.293352,-1.000000,62.770908
-0.897710,0.108815,-1.033726,0.905841,0.905840,0.647447,0.277481,-0.219437,-0.756255,-1.394449,-1.978144,1.000000,63.339512
0.260027,0.670587,-0.287394,-0.612074,-0.612060,0.867653,0.933341,0.486279,-0.013016,-0.685934,-1.203428,-1.000000,62.951836
-0.948248,0.121924,-1.232723,1.026413,1.026369,-0.338631,0.071828,-0.443389,-0.940097,-1.524222,-2.031040,1.000000,63.597954
1.276772,1.276772,-0.343218,-1.327559,-1.327533,0.524441,1.387984,0.860343,0.462665,-0.057655,-0.560126,-1.000000,62.753670
1.166987,1.472628,-0.194508,-1.180660,-1.180664,1.480964,2.318701,2.010747,1.690054,1.221450,0.700195,-1.000000,62.012760
0.627086,0.808241,-0.278712,-0.305642,-0.305629,1.301548,2.208741,2.258445,1.996229,1.602553,1.070223,0.000000,61.823231
0.418288,0.697156,-0.237030,-0.055743,-0.055743,0.981583,1.873948,2.216019,2.028716,1.691570,1.149832,0.000000,61.788769
-0.182402,0.631407,-0.589307,-0.627446,0.465182,0.023724,1.064111,1.691254,1.503810,1.195375,0.745490,0.000000,62.076199
0.042038,1.148781,-0.084053,0.154343,0.154343,-0.317531,0.573692,1.451848,1.273587,1.058543,0.678222,0.000000,62.172009
-0.042043,0.378423,-0.406447,-0.042027,-0.042030,-0.232776,0.515406,1.322096,1.285984,1.131230,0.798396,0.000000,62.145878
1.365575,1.536265,-0.497875,-1.471612,-1.471620,1.064013,1.672406,2.485845,2.701212,2.598558,2.331263,-1.000000,61.231327
0.428025,1.012993,-0.513615,-0.298730,-0.298728,1.124277,1.665250,2.447700,2.872792,2.837700,2.624731,0.000000,61.048412
0.457600,0.657799,-0.214502,-0.228272,-0.228281,0.972409,1.456402,2.324615,2.973011,2.953556,2.774149,0.000000,60.909050
-0.765416,0.127563,-0.765416,0.886605,0.886645,-0.150278,0.352448,1.121162,1.946457,1.941953,1.847817,1.000000,61.449097
0.241887,0.924873,-0.056917,-0.382713,-0.382748,-0.071135,0.607518,1.340118,2.130753,2.248216,2.213930,0.000000,61.213902
0.851546,1.135400,-0.042576,0.256118,0.256130,-0.281012,0.276751,0.867347,1.619585,1.918195,1.924477,0.000000,61.370689
-0.395702,0.226111,-0.438108,0.425778,0.425773,-0.514414,-0.173828,0.296935,0.979634,1.416091,1.467562,0.000000,61.631989
-0.042292,0.070496,-0.789507,0.240246,0.240250,-0.470884,-0.461020,-0.139620,0.543768,1.122815,1.173235,0.000000,61.780060
-0.478340,0.042205,-0.942597,0.211479,0.211481,-0.531802,-0.713287,-0.441131,0.142439,0.842702,0.896247,0.000000,61.910713
0.141142,0.423435,-0.338740,-0.323585,-0.323589,-0.047984,-0.461536,-0.150591,0.381613,1.037672,1.180006,0.000000,61.710377
0.183883,0.282893,-0.608204,-0.211716,-0.211715,0.231970,-0.193774,0.034892,0.451700,1.066097,1.348848,0.000000,61.579727
-0.577389,0.042246,-0.844949,0.438480,0.438469,-0.135187,-0.499923,-0.395244,-0.075922,0.472265,0.860010,0.000000,61.849735
-1.198940,0.167287,-1.310473,1.013943,1.013943,-0.914538,-1.247728,-1.352289,-1.168646,-0.644974,-0.156585,1.000000,62.476856
0.518647,0.841051,-0.126151,-0.543715,-0.543713,-0.299965,-0.597131,-0.816735,-0.677958,-0.238003,0.346005,-1.000000,62.137161
0.381027,0.564495,-0.366925,-0.672827,-0.672826,0.378209,0.158060,-0.190985,-0.028958,0.369600,0.915880,-1.000000,61.719086
0.269458,0.751665,-0.127647,-0.493930,-0.493953,0.822593,0.662338,0.324326,0.434004,0.742443,1.252480,0.000000,61.414223
1.091486,1.378715,-0.057448,-1.248057,-1.248030,1.700411,1.772224,1.548185,1.609222,1.863664,2.336342,-1.000000,60.647755
-1.360157,0.226687,-2.507798,1.364362,1.364347,0.005668,0.352797,0.242760,0.192698,0.354475,0.812512,1.000000,61.475201
-0.564735,0.225887,-1.101227,0.354208,0.354201,-0.491312,-0.036698,-0.084697,-0.199760,-0.068502,0.318384,0.000000,61.692947
-0.014064,0.984248,-0.435890,0.409432,0.409450,-0.823972,-0.406365,-0.413392,-0.622896,-0.480343,-0.135108,0.000000,61.945549
0.183845,0.254561,-0.650543,-0.576496,-0.576508,-0.192328,0.172542,0.187631,-0.017666,0.081472,0.349186,-1.000000,61.588428
-2.389178,0.027615,-2.527278,2.404193,2.404195,-1.767714,-1.985916,-2.012612,-2.204803,-2.186987,-2.000563,1.000000,63.069134
-1.024170,0.232144,-2.553601,1.132439,1.132473,-2.143957,-2.878633,-2.900480,-3.074586,-3.175228,-3.088262,1.000000,63.783375
1.313602,1.382743,-0.138273,-1.242664,-1.242714,-0.500529,-1.520997,-1.564322,-1.732554,-1.904842,-1.856227,-1.000000,62.990730
0.055288,0.221153,-0.732547,0.041480,0.041527,-0.201814,-1.355930,-1.466964,-1.630288,-1.890274,-1.843852,0.000000,63.016888
0.041457,0.290214,-0.234935,0.013826,0.013801,0.240470,-1.113874,-1.327622,-1.512575,-1.789937,-1.793806,0.000000,63.025585
-1.122672,0.095838,-1.259581,0.939746,0.939760,-0.520268,-1.567646,-2.060985,-2.273424,-2.542727,-2.612278,1.000000,63.617874
-0.368998,0.054669,-0.574003,0.177981,0.177964,-0.713400,-1.388539,-2.103770,-2.293966,-2.538736,-2.698729,0.000000,63.731091
-1.099048,0.244233,-1.329710,0.724339,0.724348,-1.052912,-1.708275,-2.594302,-2.818861,-3.068656,-3.293531,1.000000,64.192726
-0.566121,0.269574,-0.876130,0.664864,0.664843,-1.210394,-1.943644,-2.938389,-3.235599,-3.498032,-3.804631,1.000000,64.619507
0.774141,0.828468,-0.162970,-0.754825,-0.754811,-0.114081,-0.801297,-1.917692,-2.300689,-2.591872,-2.922262,-1.000000,64.131752
1.772361,1.841598,-0.470789,-1.914975,-1.914958,1.608953,1.109097,0.236298,-0.309489,-0.609266,-0.928659,-1.000000,62.903656
0.784421,0.784421,-0.812440,-1.149269,-1.149310,2.291659,2.026920,1.477358,0.825771,0.572095,0.291386,-1.000000,62.180698
-0.461025,0.181611,-0.628674,0.266148,0.266174,1.427764,1.652693,1.277821,0.574876,0.333049,0.073108,0.000000,62.346207
-0.829645,0.553099,-0.940267,1.033806,1.033781,-0.127196,0.608427,0.352161,-0.353270,-0.612257,-0.856817,1.000000,62.990730
0.097073,0.568570,-0.568581,-0.290375,-0.290347,-0.257949,0.866723,0.773812,0.047837,-0.244633,-0.491846,0.000000,62.807838
-0.497306,0.483491,-0.497306,0.388293,0.388286,-0.596772,0.386793,0.382193,-0.148498,-0.554218,-0.801672,0.000000,63.051712
0.471170,0.734476,-0.069295,-0.317717,-0.317703,-0.066536,0.566777,0.603271,0.279224,-0.213432,-0.428693,0.000000,62.851395
0.936536,1.090298,-0.027962,-0.859206,-0.859208,0.788360,1.136415,1.402469,1.197921,0.662555,0.455678,-1.000000,62.311371
-0.569202,0.513679,-0.569202,0.684929,0.684928,0.022213,0.148542,0.683042,0.572672,0.042753,-0.173083,1.000000,62.738159
-0.441867,0.096658,-0.994202,0.541440,0.541425,-0.430807,-0.557848,0.146377,0.149140,-0.390491,-0.631493,0.000000,63.077839
0.469867,0.649532,-0.359319,-0.082846,-0.082841,-0.356546,-0.456055,0.166757,0.228718,-0.156993,-0.486918,0.000000,63.025585
-0.697583,0.095745,-1.395165,1.036484,1.036498,-1.118871,-1.241976,-0.866289,-0.807701,-1.042825,-1.444869,1.000000,63.678844
-0.599786,0.340785,-0.722463,0.341950,0.341935,-0.959647,-1.335875,-1.235004,-1.074834,-1.242091,-1.688930,0.000000,63.896584
0.191021,0.341111,-0.191021,-0.095420,-0.095415,-0.521219,-1.109291,-1.222543,-0.916226,-1.029338,-1.484517,0.000000,63.835617
-0.149865,0.136237,-0.408725,0.150090,0.150089,-0.403269,-1.081743,-1.391464,-0.993872,-1.031064,-1.500911,0.000000,63.931427
-0.715925,0.378224,-0.783469,0.858307,0.858309,-0.799673,-1.702009,-2.067631,-1.769554,-1.785762,-2.141024,1.000000,64.480156
0.874196,1.324957,-0.150254,-1.107659,-1.107649,0.338744,-0.457595,-0.804999,-0.666586,-0.686802,-0.925202,-1.000000,63.765942
-1.451809,0.120989,-1.559344,1.611802,1.611780,-0.975926,-1.653436,-2.126619,-2.195850,-2.150816,-2.337221,1.000000,64.793709
0.567720,0.675858,-0.297379,-0.551144,-0.551137,-0.240607,-0.844824,-1.434621,-1.668020,-1.520413,-1.667119,-1.000000,64.436607
1.341541,1.574256,-0.643396,-1.257096,-1.257110,0.933617,0.503777,-0.093986,-0.455841,-0.228873,-0.308453,-1.000000,63.626568
0.665471,1.344796,-0.097046,-1.259420,-1.259416,1.694174,1.753793,1.156263,0.807584,0.993221,0.950152,-1.000000,62.825245
-0.959698,0.589527,-1.083082,1.122979,1.123001,0.490797,0.600480,0.104184,-0.205660,-0.140951,-0.184182,1.000000,63.530773
1.011085,1.066488,-1.855950,-1.014539,-1.014554,0.914133,1.470922,1.191145,0.860120,0.799454,0.833343,-1.000000,62.886219
0.760769,1.718786,-0.436750,-1.689742,-1.689730,1.803310,2.889533,2.831771,2.499285,2.351072,2.502101,-1.000000,61.823612
1.474810,1.517764,-0.515454,-1.606096,-1.606095,2.545816,4.059274,4.264030,4.009878,3.804693,4.054979,-1.000000,60.830666
-0.453256,1.373941,-0.779030,1.088205,1.088190,1.008509,2.453265,2.975458,2.763466,2.595476,2.819649,1.000000,61.492619
-1.114987,0.027870,-1.142857,1.628898,1.628909,-0.942165,0.607658,1.198601,1.087800,0.971145,1.105685,1.000000,62.494278
0.586753,0.936013,-0.111766,-0.236931,-0.236935,-0.880135,0.454033,1.273164,1.330676,1.210949,1.247085,0.000000,62.346207
0.364251,0.756516,-0.168107,-0.279415,-0.279404,-0.490338,0.371245,1.378531,1.569060,1.441855,1.399545,0.000000,62.172009
-0.183275,0.267874,-0.719022,-0.630425,0.488752,-0.447658,-0.301117,0.730132,1.026878,0.927214,0.818015,0.000000,62.475876
-1.553833,0.027741,-1.553833,1.621320,1.621328,-1.407142,-1.787256,-0.981074,-0.548485,-0.655501,-0.759774,1.000000,63.488815
-0.291301,0.846166,-0.332914,0.013865,0.013862,-1.104784,-1.806090,-1.022970,-0.576539,-0.628563,-0.704397,0.000000,63.497616
0.291312,0.776815,-0.235814,0.000000,0.000000,-0.742122,-1.709804,-1.159048,-0.607955,-0.553836,-0.643953,0.000000,63.497616
-0.974203,0.054886,-1.152574,1.095854,1.095857,-1.188256,-2.406075,-2.255713,-1.657471,-1.541128,-1.658497,1.000000,64.193459
-0.247389,0.123689,-0.618477,-0.164647,-0.164643,-0.522274,-1.736903,-2.046543,-1.483093,-1.315721,-1.429746,0.000000,64.087769
-0.314900,0.479187,-0.547648,0.384825,0.384827,-0.640753,-1.671877,-2.265663,-1.872087,-1.612653,-1.741158,0.000000,64.334396
0.837107,1.344854,-0.370530,-0.232746,-0.232756,-0.194868,-1.179117,-1.969733,-1.610538,-1.351595,-1.442680,0.000000,64.184654
0.274044,0.739920,-0.082221,0.150954,0.150961,-0.101402,-1.027001,-1.972788,-1.798682,-1.476336,-1.489076,0.000000,64.281548
0.843473,1.120018,-0.124443,-0.904361,-0.904343,0.655407,0.116130,-0.881795,-0.960301,-0.585715,-0.539725,-1.000000,63.700222
-0.658169,0.041134,-0.822704,0.843473,0.843465,-0.139863,-0.447014,-1.357262,-1.741125,-1.398166,-1.311445,1.000000,64.237511
-0.927569,0.177335,-1.009409,0.521045,0.521013,-0.583797,-0.795231,-1.550593,-2.115142,-1.903531,-1.743121,0.000000,64.572197
-0.783882,0.013518,-0.864982,0.927568,0.927607,-1.194766,-1.450209,-2.181591,-2.888931,-2.718868,-2.569853,1.000000,65.171173
0.776038,0.871340,-0.490131,-0.729830,-0.729855,-0.340354,-0.540491,-1.220321,-2.035118,-2.009708,-1.812362,-1.000000,64.695518
-0.338478,0.311393,-0.487410,0.558208,0.558212,-0.476577,-0.959920,-1.473056,-2.330454,-2.515541,-2.294852,1.000000,65.056656
-0.472844,0.297218,-0.743037,0.216621,0.216627,-0.397193,-1.003779,-1.407726,-2.206676,-2.629877,-2.441315,0.000000,65.197586
-1.134845,0.013354,-1.201605,1.188875,1.188895,-1.142877,-1.918579,-2.315110,-3.016134,-3.583070,-3.512145,1.000000,65.972717
-0.373879,0.080115,-0.787817,-0.013355,-0.013368,-0.889309,-1.635736,-2.052795,-2.740174,-3.422637,-3.388177,0.000000,65.963898
1.097706,1.300988,-0.067764,-1.468818,-1.468826,0.680312,-0.059628,-0.439084,-1.086531,-1.853155,-1.937639,-1.000000,64.995003
0.354276,0.504160,-0.313387,-0.542082,-0.542092,1.100983,0.630888,0.149898,-0.356305,-1.143769,-1.392527,-1.000000,64.642670
-0.940098,0.040289,-1.289282,1.457964,1.457975,-0.233677,-0.609723,-1.137073,-1.551168,-2.274384,-2.709996,1.000000,65.585144
1.464548,1.669862,-0.150563,-1.880206,-1.880211,1.174383,1.260617,0.759202,0.402416,-0.223992,-0.766602,-1.000000,64.352005
-0.122554,0.354024,-0.381261,0.520126,0.520135,0.255983,0.661759,0.289574,-0.025197,-0.604703,-1.220512,0.000000,64.686722
-0.551440,0.322795,-0.672495,1.239101,1.239117,-0.820459,-0.449240,-0.815078,-1.096853,-1.629336,-2.297081,1.000000,65.488266
0.457599,0.699861,-0.457610,-0.067243,-0.067267,-0.508744,-0.323010,-0.570657,-0.934721,-1.363121,-2.046903,0.000000,65.444214
1.360914,1.456178,-0.313014,-1.103634,-1.103638,0.334792,0.715849,0.588828,0.219795,-0.123566,-0.753382,-1.000000,64.721947
-0.779771,0.121006,-0.981440,1.224815,1.224815,-0.524321,-0.572722,-0.532387,-0.902782,-1.208376,-1.749622,1.000000,65.514671
0.175981,0.622714,-0.527954,-0.685660,-0.685665,0.278875,-0.024360,0.143504,-0.150930,-0.429935,-0.939580,-1.000000,65.065460
0.244333,0.773721,-0.081440,-0.270753,-0.270735,0.366492,0.230755,0.435273,0.166960,-0.073844,-0.540023,0.000000,64.889305
0.027139,0.257771,-0.420563,0.054298,0.054285,0.151950,0.219788,0.367215,0.206901,-0.083017,-0.452666,0.000000,64.924530
-0.392105,0.297459,-0.419141,0.339167,0.339174,-0.056791,-0.186587,0.022538,-0.062194,-0.355865,-0.652602,0.000000,65.144737
-0.256484,0.242981,-1.039422,0.162254,0.162251,-0.299679,-0.210583,-0.213283,-0.172109,-0.461121,-0.723541,0.000000,65.250435
-0.673945,0.000000,-1.024399,0.148488,0.148494,-0.361240,-0.257453,-0.424142,-0.306650,-0.537542,-0.776389,0.000000,65.347328
-0.682085,0.588474,-0.989699,0.781770,0.781757,-0.839899,-0.974979,-1.109167,-0.991693,-1.213306,-1.426582,1.000000,65.858185
-0.332005,0.571049,-0.584332,0.708848,0.708859,-1.115544,-1.539184,-1.636127,-1.592965,-1.750336,-2.013283,1.000000,66.325027
0.306712,1.040137,-0.133350,-0.411693,-0.411694,-0.432056,-0.930791,-1.182378,-1.121479,-1.234295,-1.509086,0.000000,66.051971
-0.199549,0.146336,-1.117462,0.240032,0.240011,-0.380454,-1.062905,-1.231853,-1.340274,-1.371801,-1.650458,0.000000,66.210503
0.466229,0.692681,-0.319699,-0.133029,-0.132999,-0.013336,-0.771293,-0.955564,-1.196894,-1.182906,-1.421793,0.000000,66.122444
-0.186144,0.997208,-0.452062,0.186491,0.186493,-0.082447,-0.751242,-1.063701,-1.286410,-1.273245,-1.506458,0.000000,66.245758
-2.180402,0.077869,-2.388065,2.446489,2.446469,-2.014275,-2.687863,-3.188405,-3.406228,-3.465279,-3.653901,1.000000,67.866440
0.798535,1.662528,-0.117811,-0.856592,-0.856579,-0.801156,-1.529001,-2.098012,-2.445351,-2.507138,-2.670511,-1.000000,67.285110
-0.104129,0.989189,-0.143175,0.575996,0.575994,-0.937135,-1.735006,-2.446100,-2.758694,-2.964994,-3.075193,1.000000,67.672668
-0.917203,1.291823,-0.994710,0.754916,0.754906,-1.074792,-2.055290,-2.872152,-3.230848,-3.561813,-3.654134,1.000000,68.183533
-1.217192,1.191828,-1.889192,1.886060,1.886079,-1.977950,-3.348561,-4.230605,-4.735657,-5.089403,-5.208585,1.000000,69.469528
-0.583016,0.937892,-1.850444,0.038036,0.038033,-1.546265,-2.929032,-3.828484,-4.480366,-4.846144,-5.031695,0.000000,69.495949
-0.204677,0.434955,-1.445564,-0.925227,-0.925219,-0.171426,-1.615718,-2.571330,-3.288358,-3.767697,-3.967859,-1.000000,68.852959
-0.229504,0.203998,-1.759527,0.332611,0.332575,-0.094328,-1.526178,-2.524524,-3.350740,-3.812807,-4.136153,0.000000,69.081947
-1.169811,0.176099,-1.182392,1.364274,1.364296,-0.913205,-2.294338,-3.391196,-4.297486,-4.802517,-5.233125,1.000000,70.024429
0.720789,0.834593,-0.139101,-0.528299,-0.528303,-0.333839,-1.286038,-2.514752,-3.447143,-4.057664,-4.506829,-1.000000,69.654488
-1.185136,0.237018,-1.309884,1.365708,1.365700,-1.362272,-2.228036,-3.423979,-4.345678,-5.057880,-5.511888,1.000000,70.605759
0.362184,0.537030,-0.512047,-0.112280,-0.112281,-0.776816,-1.658537,-2.892458,-3.856615,-4.621946,-5.172131,0.000000,70.526482
-0.199258,0.311332,-0.311332,0.287252,0.287276,-0.595284,-1.508109,-2.744721,-3.744723,-4.600265,-5.143228,0.000000,70.729088
-0.285329,0.657484,-0.384565,0.386050,0.386015,-0.702130,-1.489869,-2.660526,-3.716641,-4.632657,-5.211494,0.000000,71.002113
-0.024782,0.136275,-1.288406,0.136459,0.136476,-0.431121,-1.394944,-2.338120,-3.479308,-4.413278,-5.077632,0.000000,71.099014
0.460947,1.208423,-0.884514,-0.557488,-0.557479,0.154475,-0.671487,-1.523192,-2.628629,-3.550518,-4.297580,-1.000000,70.702652
-2.053716,0.060755,-2.333209,2.516512,2.516515,-1.764499,-2.609077,-3.462559,-4.575290,-5.513193,-6.289959,1.000000,72.481895
0.426047,0.645159,-0.986008,-0.170129,-0.170129,-1.146693,-1.990271,-2.866309,-3.987834,-4.959229,-5.814981,0.000000,72.358582
-0.182076,0.267056,-0.643359,0.279970,0.279981,-0.992968,-1.914312,-2.735303,-3.812223,-4.826912,-5.733605,0.000000,72.561172
0.255380,0.693178,-0.474288,-0.182076,-0.182088,-0.445094,-1.352312,-2.285467,-3.209906,-4.290412,-5.214650,0.000000,72.429047
-1.233532,0.479044,-1.796407,1.544445,1.544448,-1.185628,-2.452700,-3.404398,-4.295814,-5.353300,-6.265476,1.000000,73.547676
1.921899,2.192927,-0.123196,-2.790422,-2.790434,1.374905,0.482947,-0.385194,-1.254150,-2.331889,-3.278709,-1.000000,71.495377
-1.072131,0.012176,-1.291429,1.121109,1.121113,0.233921,-0.414231,-1.193146,-2.029119,-3.077973,-4.026155,1.000000,72.296921
-0.857384,0.277748,-0.893609,0.889371,0.889363,-0.545817,-1.026433,-1.797679,-2.566707,-3.558496,-4.525208,1.000000,72.939903
-0.048392,0.532294,-0.362936,-0.181130,-0.181112,-0.261324,-0.612156,-1.330766,-2.160671,-3.022999,-4.033806,0.000000,72.807800
1.465246,2.003756,-0.250465,-3.399475,-2.461379,1.542505,1.939973,1.197630,0.415299,-0.398407,-1.391935,-1.000000,71.015724
1.329286,1.898975,-0.354474,-1.077019,-1.077032,2.293751,2.732272,2.273272,1.608072,0.854880,-0.119099,-1.000000,70.250862
-0.707873,0.505626,-0.707873,0.151922,0.151934,1.587292,2.292021,2.082919,1.544584,0.854524,-0.074145,0.000000,70.357597
-1.407229,0.224159,-1.506858,1.504237,1.504244,-0.344966,0.615743,0.608731,0.137165,-0.459044,-1.307924,1.000000,71.415947
0.174323,0.709748,-0.535426,0.012447,0.012413,-0.744592,0.462654,0.626653,0.248666,-0.361897,-1.078471,0.000000,71.424812
-0.223936,0.373231,-0.858416,0.087161,0.087174,-0.699171,0.086905,0.612162,0.222993,-0.337268,-0.995806,0.000000,71.487076
0.261942,0.810780,-0.112256,-0.261258,-0.261271,-0.144676,0.321728,0.765241,0.539797,0.061102,-0.548746,0.000000,71.300301
1.165852,1.203468,-0.664409,-0.498941,-0.498938,0.521508,0.634158,1.137641,1.059129,0.667865,0.103672,0.000000,70.944557
1.303301,1.505760,-0.025303,-0.927665,-0.927641,1.141319,1.198903,1.868863,1.954462,1.625357,1.140700,-1.000000,70.286446
0.025263,0.176878,-0.808591,0.151845,0.151836,0.694873,0.702459,1.521613,1.749757,1.513262,1.031102,0.000000,70.393166
-0.476853,0.301165,-0.476853,0.682249,0.682257,-0.160636,-0.000012,0.582117,1.072315,0.840481,0.411267,1.000000,70.873428
-1.112487,0.852897,-1.186650,1.518384,1.518377,-1.473427,-1.259585,-0.880174,-0.476385,-0.588642,-0.947090,1.000000,71.949554
-1.963416,0.902437,-2.243898,1.359701,1.359705,-2.251219,-2.231715,-2.152155,-1.772430,-1.801612,-2.100064,1.000000,72.927856
-0.607238,0.242901,-1.178034,0.414629,0.414623,-1.850854,-2.387660,-2.529750,-2.132341,-2.085379,-2.358381,0.000000,73.230232
0.182996,0.597777,-0.548986,-0.449350,-0.449354,-0.719771,-1.744541,-2.081248,-1.658202,-1.544528,-1.769193,0.000000,72.901169
-0.412867,0.157869,-0.704312,0.463581,0.463585,-0.531874,-1.958713,-2.330702,-2.133061,-1.860316,-2.102622,0.000000,73.239128
0.941403,1.189148,-0.619348,-1.967207,-1.967197,1.422011,0.078025,-0.227109,-0.148092,0.070946,-0.079093,-1.000000,71.798370
-0.882020,0.575770,-0.882020,1.114820,1.114800,0.213168,-0.797486,-1.121309,-1.228179,-1.019111,-1.094885,1.000000,72.598778
-0.949134,0.182529,-1.216841,0.673776,0.673783,-0.496470,-1.078118,-1.630568,-1.879105,-1.652734,-1.661702,1.000000,73.087936
-0.097267,1.118539,-0.255318,0.085179,0.085180,-0.513069,-0.785408,-1.557042,-1.939209,-1.697001,-1.651926,0.000000,73.150192
-0.373986,0.747983,-0.398119,0.778114,0.778113,-1.150920,-1.165397,-2.115251,-2.512967,-2.446687,-2.274870,1.000000,73.719383
-0.205593,1.003743,-0.399082,-0.241280,-0.241292,-0.437774,-0.709870,-1.675323,-2.053442,-2.099438,-1.990469,0.000000,73.541504
1.910282,2.181421,-0.073943,-1.874474,-1.874454,1.343350,1.080841,0.315500,-0.057315,-0.236705,-0.127265,-1.000000,72.163002
0.793846,1.748941,-0.508564,-0.640863,-0.640870,1.610018,1.519470,1.094019,0.607164,0.337631,0.476907,-1.000000,71.700531
-0.319531,0.331813,-1.241246,0.930290,0.930290,0.457167,0.510013,0.344105,-0.255012,-0.611531,-0.452037,1.000000,72.367554
-1.963625,0.000000,-2.180466,2.015484,2.015485,-1.498617,-1.396220,-1.371725,-2.067224,-2.422844,-2.406200,1.000000,73.826111
0.337959,0.905250,-0.217260,-0.192753,-0.192745,-1.269767,-0.949916,-1.024347,-1.716360,-2.048044,-2.118728,0.000000,73.683815
-0.645857,0.155480,-0.920948,0.917324,0.917292,-1.576346,-1.613424,-1.795618,-2.380076,-2.723099,-2.915956,1.000000,74.359711
0.107549,0.633364,-0.227058,0.083721,0.083763,-0.927359,-1.516510,-1.771051,-2.183932,-2.642945,-2.930826,0.000000,74.421997
-1.353420,0.294221,-1.353420,1.541588,1.541574,-1.584092,-2.691543,-3.026956,-3.326473,-3.901618,-4.282694,1.000000,75.569267
-0.792450,0.722529,-0.804096,0.988581,0.988561,-1.894869,-3.303795,-3.707399,-3.916194,-4.589193,-4.988136,1.000000,76.316315
-1.243812,0.529770,-1.301399,1.188677,1.188701,-2.130611,-3.962925,-4.370237,-4.703454,-5.403212,-5.803304,1.000000,77.223488
2.514764,2.514764,-0.188897,-2.453075,-2.453083,0.587963,-1.127505,-1.723728,-2.147577,-2.791496,-3.214480,-1.000000,75.329132
1.532199,1.939194,-0.047882,-1.369535,-1.369539,1.951163,0.594927,-0.250576,-0.717020,-1.225757,-1.741280,-1.000000,74.297470
-0.606784,0.214158,-1.142186,0.610488,0.610505,1.113607,0.303376,-0.713083,-1.195733,-1.591925,-2.189190,1.000000,74.751060
0.917434,1.291656,-0.277638,-1.439628,-1.439653,1.873510,1.747965,0.733158,0.277058,-0.002397,-0.661499,-1.000000,73.674904
-1.520189,0.700717,-1.520189,1.641720,1.641738,-0.396677,0.264844,-0.774347,-1.136582,-1.460809,-2.106493,1.000000,74.884453
-0.248608,0.497216,-0.887889,0.320670,0.320663,-0.769504,0.046172,-0.828696,-1.284479,-1.658814,-2.233928,0.000000,75.124580
0.129702,0.554181,-0.282983,0.402506,0.402510,-0.867822,-0.221672,-0.896906,-1.525174,-1.936564,-2.398694,0.000000,75.426964
0.082421,0.541621,-0.835981,0.141495,0.141508,-0.800674,-0.367376,-0.757500,-1.506549,-1.935726,-2.309759,0.000000,75.533699
0.223497,0.564635,-0.423480,0.094198,0.094179,-0.383480,-0.555226,-0.694034,-1.474530,-1.902833,-2.193074,0.000000,75.604836
-0.198898,1.532699,-0.351004,0.541112,0.541137,-0.622456,-1.249581,-1.024162,-1.842187,-2.208984,-2.541264,0.000000,76.013962
-0.711868,0.105026,-1.213677,0.257401,0.257365,-0.592817,-1.387545,-1.116413,-1.828671,-2.270497,-2.647904,0.000000,76.209595
-1.002770,0.218989,-1.613648,1.248687,1.248691,-1.369283,-2.232585,-2.099268,-2.685560,-3.264629,-3.678721,1.000000,77.161217
-0.709783,0.045794,-0.858615,0.680032,0.680049,-1.481399,-2.515172,-2.578899,-3.000574,-3.684490,-4.124024,1.000000,77.685951
-0.285095,0.045616,-1.094764,0.389243,0.389239,-1.252140,-2.340063,-2.813701,-3.109821,-3.838980,-4.292776,0.000000,77.988335
-1.330627,0.124043,-2.007215,1.128975,1.128966,-1.630579,-2.925115,-3.759577,-3.862757,-4.642301,-5.062390,1.000000,78.868797
0.225663,0.744673,-0.778512,-0.056386,-0.056377,-0.911656,-2.400990,-3.409678,-3.525327,-4.250477,-4.745569,0.000000,78.824333
0.259238,0.574844,-0.123986,0.101550,0.101542,-0.570330,-2.059282,-3.118419,-3.339151,-3.982411,-4.596478,0.000000,78.904373
0.090338,0.169389,-0.824396,-0.191612,-0.191623,-0.108404,-1.462438,-2.593626,-2.951427,-3.473730,-4.176158,0.000000,78.753174
-0.293059,0.608658,-0.417046,0.191980,0.191991,-0.067630,-1.233090,-2.338438,-2.973394,-3.401258,-4.140737,0.000000,78.904373
1.263519,2.413208,-0.216271,-0.980617,-0.980617,0.733070,0.015940,-1.094281,-1.954460,-2.216952,-2.995627,-1.000000,78.130623
-1.678603,0.246196,-2.226945,1.718842,1.718860,-0.805745,-1.263443,-2.400787,-3.350504,-3.611917,-4.328196,1.000000,79.473579
1.973838,2.582052,-0.080329,-2.484335,-2.484341,1.358727,1.295611,0.263940,-0.681664,-0.997478,-1.641422,-1.000000,77.499184
0.000000,0.333334,-1.022987,-0.160660,-0.160643,1.165500,1.418369,0.583887,-0.352319,-0.744848,-1.267453,0.000000,77.374687
0.138284,0.391800,-0.541601,-0.252875,-0.252898,0.974887,1.570641,0.974883,0.127338,-0.448486,-0.872317,0.000000,77.179008
0.790883,1.395670,-0.255875,-0.921867,-0.921865,1.479418,2.201671,1.953938,1.162477,0.438239,0.171355,-1.000000,76.467522
-0.219098,0.103779,-1.095484,0.860663,0.860671,0.004610,1.109309,1.163121,0.428959,-0.325654,-0.563891,1.000000,77.125656
3.561544,4.211286,-0.697873,-4.162823,-4.162829,3.378658,4.826133,5.264507,4.688965,3.983153,3.732401,-1.000000,73.915047
0.544141,1.100368,-0.592501,-0.493327,-0.493333,2.851278,4.638463,5.411536,5.073164,4.433382,4.155188,0.000000,73.550400
-1.876933,0.130674,-2.126397,1.789605,1.789604,0.425284,2.259451,3.280276,3.176531,2.660970,2.259450,1.000000,74.866661
1.514964,1.771539,-0.305437,-2.767881,-1.840869,1.497897,3.545532,4.729098,4.939666,4.510282,4.007800,-1.000000,73.488464
0.777207,1.221324,-0.209720,-0.965180,-0.965171,1.292642,3.634838,5.196019,5.726711,5.399910,4.904646,-1.000000,72.779175
1.415337,1.415337,-0.789074,-1.505060,-1.505067,2.217935,4.407191,6.131962,6.960230,6.801618,6.386120,-1.000000,71.683800
0.062984,1.927194,-0.743162,-0.563624,-0.563617,2.160217,4.143915,6.034557,7.117124,7.168265,6.826798,-1.000000,71.279778
-2.148942,0.555758,-2.395952,1.990178,1.990189,-0.429804,1.495368,3.396340,4.663062,4.917115,4.697455,1.000000,72.698380
2.576735,2.602002,-0.063149,-2.223049,-2.223069,1.157013,3.045368,5.086119,6.494981,7.025002,6.899569,-1.000000,71.082245
0.546309,1.143440,-1.168845,-0.581027,-0.581020,1.151061,2.733971,4.869691,6.540364,7.336879,7.314157,-1.000000,70.669243
-0.504669,0.441583,-1.072417,0.698771,0.698798,0.302779,1.634337,3.548373,5.257116,6.254868,6.369728,1.000000,71.163078
-0.964303,0.413277,-1.365055,0.744381,0.744371,-0.323110,0.624284,2.254929,3.986997,5.135402,5.405212,1.000000,71.692795
1.189716,1.202376,-0.329075,-1.051967,-1.051973,0.240472,1.140353,2.755600,4.531088,5.855645,6.306574,-1.000000,70.938606
0.903767,1.018334,-0.076372,-0.569553,-0.569559,0.659378,1.300919,2.783445,4.591401,5.989377,6.656574,-1.000000,70.534569
-0.076391,0.407384,-0.662004,-0.012723,-0.012720,0.631447,0.994266,2.172628,3.970328,5.532181,6.401493,0.000000,70.525597
1.842726,1.842726,-0.869451,-1.896887,-1.896889,2.006234,2.586301,3.692705,5.380024,7.010965,8.074693,-1.000000,69.187805
-0.580575,0.000000,-1.161142,0.583966,0.583983,0.810203,1.748146,2.711457,4.209019,5.863093,7.059526,1.000000,69.591850
0.051895,0.285419,-0.661653,-0.554767,-0.554785,0.871824,1.811107,2.739143,4.214326,5.893116,7.233772,-1.000000,69.205765
-0.373809,0.399584,-0.528492,0.648677,0.648676,-0.030932,0.949991,1.710063,3.053627,4.723899,6.101713,1.000000,69.654686
2.134470,2.134470,-0.546953,-3.377163,-3.377157,2.505338,3.978125,4.722517,5.925762,7.660827,9.239517,-1.000000,67.302338
0.321025,0.963083,-0.013379,-0.266805,-0.266815,2.164267,3.654368,4.549676,5.703184,7.330496,8.946687,0.000000,67.122765
-0.669344,1.004016,-0.963847,-0.080264,-0.080247,1.493971,3.048190,4.215079,5.304879,6.802056,8.453473,0.000000,67.068901
1.050079,1.278950,-0.323099,-0.562246,-0.562232,1.313930,2.994058,4.203893,5.287403,6.776933,8.456284,-1.000000,66.691818
-0.836872,0.239107,-0.943144,1.346257,1.346233,-0.642926,1.190230,2.475210,3.452447,4.833163,6.495753,1.000000,67.589645
0.844387,0.844387,-0.844388,-0.890008,-0.890009,0.155480,1.570840,3.029090,3.949205,5.169231,6.830808,-1.000000,66.988091
-0.686827,0.818918,-0.739661,1.474330,1.474340,-1.048738,-0.083213,1.219564,2.166157,3.291711,4.811640,1.000000,67.975723
0.372934,1.078845,-0.346300,-0.832119,-0.832147,-0.117188,0.431560,1.645377,2.736436,3.794105,5.198409,-1.000000,67.410065
-1.740840,0.536644,-2.107331,1.758125,1.758142,-1.287960,-1.392668,-0.338566,0.662307,1.635079,2.963705,1.000000,68.595230
0.223652,1.486643,-0.276278,-0.510471,-0.510448,-0.589416,-1.093296,-0.050889,0.970906,1.849209,3.090364,-1.000000,68.245087
-0.730399,0.104346,-1.056472,0.868302,0.868293,-0.907791,-1.721668,-1.074740,-0.031306,0.743440,1.801613,1.000000,68.837654
-0.156254,0.247389,-0.468751,0.169564,0.169551,-0.791666,-1.622393,-1.264754,-0.360675,0.414585,1.389494,0.000000,68.954369
0.815149,1.590848,-0.460162,-0.963548,-0.963544,0.431246,-0.486453,-0.431234,0.359589,1.216413,2.119162,-1.000000,68.289963
1.800959,2.387942,-0.186765,-1.446225,-1.446223,1.520815,1.064567,0.841338,1.562167,2.381004,3.243061,-1.000000,67.302338
0.672495,1.116344,-0.968394,-0.813769,-0.813767,1.907195,1.768661,1.379063,2.112307,2.961668,3.753865,-1.000000,66.754654
-0.453328,0.253336,-0.933329,0.874246,0.874239,0.578669,0.938670,0.504004,0.990671,1.871472,2.585337,1.000000,67.338249
-0.645584,0.368904,-1.067202,1.200003,1.200002,-0.851119,-0.233200,-0.587612,-0.283264,0.486433,1.195874,1.000000,68.146309
-1.224281,0.091168,-1.667100,1.159416,1.159429,-1.799954,-1.155253,-1.546415,-1.473697,-0.825220,-0.077283,1.000000,68.936417
0.143173,0.728878,-0.872053,0.065125,0.065108,-1.377060,-1.163599,-1.389208,-1.554073,-1.003247,-0.321916,0.000000,68.981300
-0.220863,0.402752,-0.662598,0.182219,0.182216,-0.875658,-1.218647,-1.422189,-1.772758,-1.265936,-0.598490,0.000000,69.106995
-1.022490,0.626285,-1.239776,1.649990,1.650012,-1.656450,-2.621430,-2.713027,-3.157599,-2.884465,-2.232027,1.000000,70.247269
0.618152,1.043138,-0.270444,-0.754085,-0.754096,-0.458469,-1.772056,-1.807256,-2.235673,-2.116162,-1.558275,-1.000000,69.717537
0.258728,0.413972,-0.776204,-0.450739,-0.450743,0.126778,-1.166882,-1.171192,-1.624836,-1.683827,-1.222508,0.000000,69.403290
0.142840,0.246715,-0.623300,-0.375163,-0.375175,0.550589,-0.528490,-0.746208,-1.077119,-1.317217,-0.937093,0.000000,69.142906
-0.822198,0.475338,-0.860737,1.077774,1.077792,-0.298045,-1.140800,-1.647821,-1.967494,-2.356111,-2.024233,1.000000,69.888123
0.466131,0.919331,-0.116540,-0.783650,-0.783637,0.227873,-0.071234,-0.822669,-1.023583,-1.467322,-1.307367,-1.000000,69.340454
-0.270652,0.476869,-0.541304,0.466131,0.466123,-0.252611,-0.317052,-1.214935,-1.361646,-1.778580,-1.742492,0.000000,69.663666
-0.384512,0.704951,-0.563952,0.554196,0.554180,-0.617779,-0.707499,-1.591887,-1.716853,-2.149691,-2.262226,1.000000,70.049728
0.698487,0.879576,-0.737291,-0.910022,-0.910008,0.372525,0.266457,-0.485494,-0.755401,-1.094297,-1.354720,-1.000000,69.412270
-0.413918,0.556202,-0.646747,0.000000,0.000000,0.235416,0.310437,-0.230244,-0.671325,-0.989266,-1.366361,0.000000,69.412270
-1.233942,0.686937,-1.399312,1.681546,1.681523,-1.071099,-1.301347,-1.574000,-2.190545,-2.423085,-2.842709,1.000000,70.579453
0.717301,1.690789,-0.512363,-0.686937,-0.686911,-0.263877,-0.564887,-0.707920,-1.432697,-1.627265,-2.029382,-1.000000,70.094635
0.255424,0.523622,-0.549170,0.294611,0.294609,-0.485321,-0.729256,-0.870167,-1.579192,-1.751732,-2.163908,0.000000,70.301140
-0.874972,0.507229,-0.913013,0.715195,0.715188,-0.798883,-1.199593,-1.402485,-2.030813,-2.324624,-2.665059,1.000000,70.803925
-0.742984,0.591856,-0.831135,0.697442,0.697457,-0.957072,-1.686200,-1.880551,-2.390773,-2.829886,-3.165864,1.000000,71.297752
1.569472,1.735358,-0.242444,-1.309660,-1.309675,0.296038,-0.236059,-0.567394,-0.880439,-1.453618,-1.720896,-1.000000,70.363983
-1.177662,0.025322,-1.405597,0.765596,0.765608,-0.238067,-0.819306,-1.211438,-1.439162,-2.092448,-2.330007,1.000000,70.902695
-0.242257,0.267753,-0.828766,-0.683805,-0.683812,0.481963,-0.084150,-0.435207,-0.655362,-1.297463,-1.515151,-1.000000,70.417854
1.095782,1.095782,-0.786388,-1.096519,-1.096512,1.263374,1.057105,0.716766,0.493740,-0.068591,-0.373003,-1.000000,69.645714
-0.243906,0.295244,-1.322207,0.425425,0.425410,0.446733,0.704756,0.295256,0.127733,-0.309624,-0.714159,0.000000,69.941994
-0.076959,1.141610,-0.359157,0.077018,0.077022,0.264243,0.543876,0.280490,0.032713,-0.234476,-0.735416,0.000000,69.995865
1.783608,2.085241,-0.052460,-2.193431,-2.193428,1.799344,2.560002,2.412240,2.184262,2.021245,1.466666,-1.000000,68.460556
-0.301013,0.366442,-0.876856,0.209841,0.209835,1.057454,2.097896,2.057324,1.912054,1.788248,1.269468,0.000000,68.604210
-0.533779,0.390578,-0.533779,0.523484,0.523504,0.333279,1.299301,1.482436,1.368301,1.257116,0.822364,0.000000,68.963356
0.700300,1.322780,-0.453896,0.390578,0.390557,-0.261957,0.606932,1.070340,0.926605,0.870451,0.549437,0.000000,69.232697
0.561578,1.514958,-0.182839,-0.700300,-0.700295,0.078363,1.081367,1.605507,1.595275,1.494582,1.326892,-1.000000,68.747864
-0.196594,0.366971,-0.982962,-0.352615,-0.352628,0.445619,1.089132,1.810410,1.870260,1.782973,1.702938,0.000000,68.505440
1.732941,2.082208,-0.537347,-2.437747,-1.410491,1.567283,2.109161,2.994354,3.141829,3.128750,3.089012,-1.000000,67.539177
-1.510134,0.410657,-1.682338,1.410527,1.410529,0.016887,0.520445,1.336747,1.640026,1.656299,1.631316,1.000000,68.491837
-0.551542,0.525280,-0.551542,0.874293,0.874276,-0.891079,-0.473986,0.245495,0.735837,0.729074,0.749689,1.000000,69.090645
-0.118370,0.315662,-0.512955,-0.157588,-0.157578,-0.666841,-0.463916,0.270128,0.779021,0.867254,0.847548,0.000000,68.981773
-0.787513,0.209996,-0.826885,0.210447,0.210450,-0.695633,-0.576549,-0.111703,0.497384,0.624367,0.607282,0.000000,69.126945
-0.444217,0.574865,-0.509536,0.459377,0.459385,-0.601002,-0.910195,-0.661918,-0.023853,0.129367,0.149199,0.000000,69.444504
0.538335,0.630246,-0.183833,-0.496469,-0.496461,0.070886,-0.396061,-0.218957,0.351653,0.610859,0.646799,0.000000,69.099739
-0.065750,0.289275,-0.433928,-0.144434,-0.144440,0.189344,-0.285718,-0.165645,0.330302,0.732488,0.749476,0.000000,68.999931
0.356385,0.501580,-0.607179,-0.381329,-0.381337,0.501589,0.094376,0.094403,0.596000,1.010860,1.105868,0.000000,68.736809
-0.275553,0.249315,-0.498618,0.593977,0.593974,-0.086592,-0.404140,-0.430622,-0.125082,0.359493,0.483872,1.000000,69.145088
0.316004,0.460837,-0.263327,-0.341165,-0.341178,0.100087,0.135635,-0.060245,0.107368,0.622270,0.772703,0.000000,68.909180
0.567808,0.699853,-0.198073,-0.289656,-0.289646,0.277300,0.458208,0.205445,0.330045,0.792642,1.031346,0.000000,68.709587
0.342108,0.473686,-0.407892,0.356526,0.356522,-0.092102,0.081588,-0.177432,-0.097984,0.298643,0.650300,0.000000,68.954552
0.772810,0.772810,-0.453037,-1.249996,-1.250010,0.983353,1.217873,1.022003,1.026855,1.434828,1.802627,-1.000000,68.092613
1.078171,1.603776,-0.902962,-1.132586,-1.132566,1.598379,2.109170,2.062000,2.099554,2.384018,2.831505,-1.000000,67.321419
-0.282979,0.646817,-0.336882,0.013480,0.013474,1.115753,1.781438,2.027587,1.991211,2.186809,2.670583,0.000000,67.330490
0.892247,1.304056,0.000000,-1.832638,-1.832639,2.212767,3.227185,3.690698,3.678372,3.879700,4.349892,-1.000000,66.096565
0.317464,0.552106,-0.262243,-0.549075,-0.549068,1.797097,3.300205,3.922709,3.984626,4.197134,4.643853,-1.000000,65.733650
0.332741,1.109113,-0.069312,-0.441684,-0.441698,1.439078,3.255244,4.023308,4.193487,4.381153,4.857481,0.000000,65.443306
0.735599,1.318525,-0.055518,-0.110903,-0.110891,0.954883,2.792495,3.755722,4.069393,4.307967,4.691806,0.000000,65.370735
-0.384297,0.425469,-0.411753,1.124216,1.124229,-0.538033,1.225621,2.265518,2.803995,2.997157,3.310475,1.000000,66.105652
-0.206814,0.689370,-0.261965,-0.452926,-0.452946,-0.173714,1.245007,2.397176,3.067706,3.273897,3.586061,0.000000,65.806229
-0.137928,0.551727,-0.455175,-0.041361,-0.041355,-0.118621,0.804135,2.113102,2.858623,3.106606,3.417958,0.000000,65.779015
0.068903,0.192916,-0.592533,0.096552,0.096557,-0.093704,0.365159,1.721549,2.521012,2.830644,3.107932,0.000000,65.842529
-0.766290,0.164197,-1.559934,0.702772,0.702760,-0.509025,-0.488502,0.726147,1.592782,1.980303,2.280034,1.000000,66.305244
-1.784280,0.067071,-1.784280,1.997809,1.997824,-2.006984,-2.393354,-1.372874,-0.531265,-0.011812,0.228661,1.000000,67.629906
1.571040,1.803279,-0.081964,-1.797698,-1.797711,-0.030045,-0.558733,0.202194,1.087442,1.693455,1.935520,-1.000000,66.414116
0.533733,0.656908,-0.218963,-0.177592,-0.177575,0.303810,-0.296985,0.113122,1.063353,1.705753,1.969208,0.000000,66.296181
1.588185,1.866821,-0.013934,-1.765432,-1.765438,1.886318,1.446085,1.608616,2.602393,3.296740,3.616374,-1.000000,65.125763
1.522631,1.860990,0.000000,-1.184172,-1.184173,2.501057,2.503876,2.518913,3.459745,4.237980,4.643075,-1.000000,64.354561
0.721565,0.919641,0.000000,-0.352460,-0.352469,1.771370,2.558014,2.548582,3.452892,4.275050,4.835888,0.000000,64.127731
-0.577470,0.521131,-0.746477,0.452745,0.452771,0.692943,1.880264,1.912657,2.653500,3.514346,4.152563,0.000000,64.418083
0.324635,1.213833,-0.042340,-0.211270,-0.211288,0.279468,1.863094,1.977890,2.507411,3.439944,4.123739,0.000000,64.281975
0.523924,0.594730,-0.297365,-0.324622,-0.324631,0.277547,1.918724,2.167474,2.527615,3.485700,4.207500,0.000000,64.073296
-0.393921,0.056276,-1.181773,0.651372,0.651376,-0.329205,0.977774,1.415308,1.644626,2.527292,3.293474,1.000000,64.490654
-1.171927,0.151661,-1.516612,2.039951,2.039947,-1.811655,-1.318067,-0.642485,-0.503232,0.288991,1.044175,1.000000,65.806229
-0.658881,0.205905,-0.864787,0.441195,0.441198,-1.735069,-1.799581,-1.049639,-0.940282,-0.309672,0.448874,0.000000,66.096565
-2.723523,0.584565,-2.723523,3.321893,3.321903,-3.719947,-4.664543,-3.985653,-3.937826,-3.553610,-2.815202,1.000000,68.292229
0.053484,1.042919,-0.120342,-0.637699,-0.637726,-1.986884,-3.650204,-3.171530,-3.143450,-2.948505,-2.234685,-1.000000,67.856712
1.188061,1.566090,-0.513026,-0.962697,-0.962692,-0.226806,-2.289715,-2.141205,-2.065600,-2.012137,-1.380663,-1.000000,67.203461
0.013438,1.075696,-0.524405,0.405026,0.405052,-0.134482,-2.187726,-2.551223,-2.359165,-2.398832,-1.849327,0.000000,67.475670
0.295900,0.793549,-0.551440,-0.026899,-0.026910,0.295897,-1.710828,-2.421876,-2.210488,-2.291860,-1.884777,0.000000,67.457512
1.029803,1.368557,-0.406508,-0.739738,-0.739737,0.644978,-0.578598,-1.628732,-1.393636,-1.490520,-1.252941,-1.000000,66.958504
-0.432316,0.175635,-0.891646,0.298095,0.298095,0.137803,-0.414753,-1.719353,-1.588757,-1.681164,-1.592810,0.000000,67.158104
-0.935700,0.240610,-0.989170,1.067281,1.067293,-0.721835,-0.967798,-2.411454,-2.512375,-2.571859,-2.604832,1.000000,67.874878
1.250507,1.590319,-0.095147,-1.657530,-1.657540,0.733994,0.842730,-0.504738,-0.935167,-0.891128,-0.992256,-1.000000,66.749825
0.450390,0.696058,-0.682408,-0.407779,-0.407772,0.851642,1.312946,0.109178,-0.524777,-0.444936,-0.567769,0.000000,66.477638
1.077049,1.077049,-0.552335,-1.160091,-1.160115,1.654256,2.108548,1.428717,0.597917,0.719154,0.597917,-1.000000,65.706421
0.124355,0.898154,-0.110546,-0.069035,-0.069007,1.268467,1.844670,1.659968,0.708148,0.777652,0.678440,0.000000,65.661079
0.978206,1.048072,-0.754613,-1.119255,-1.119257,1.506422,2.646724,2.855402,1.892109,1.833417,1.795221,-1.000000,64.926163
-0.167390,0.460308,-0.613756,0.181671,0.181668,0.797874,2.086754,2.590773,1.777782,1.489736,1.556226,0.000000,65.044113
-1.698627,0.424655,-1.712329,1.827309,1.827280,-1.084911,0.069885,0.763490,0.088375,-0.342446,-0.244729,1.000000,66.232651
-0.451243,0.341857,-0.615338,0.178078,0.178084,-1.066576,-0.199627,0.389277,0.066336,-0.516324,-0.393347,0.000000,66.350601
-0.246206,0.218843,-0.957457,-0.027343,-0.027344,-0.837088,-0.296801,0.263542,0.263996,-0.416347,-0.341483,0.000000,66.332458
-0.953025,0.313142,-1.048328,0.465047,0.465062,-0.781489,-0.943497,-0.256860,-0.038801,-0.740093,-0.786020,0.000000,66.640945
-0.026952,0.956614,-0.255998,1.048338,1.048340,-1.129090,-1.883596,-1.305134,-0.962011,-1.579095,-1.829701,1.000000,67.339569
-0.880464,0.160089,-0.893807,0.997033,0.997027,-1.582180,-2.626733,-2.225184,-1.798957,-2.339379,-2.720559,1.000000,68.010963
1.298700,1.298700,-0.202923,-1.387408,-1.387416,0.016241,-1.053831,-0.838733,-0.508647,-0.799232,-1.313571,-1.000000,67.067368
0.297370,0.689369,-0.432548,0.081176,0.081177,0.170318,-0.916463,-0.922768,-0.644089,-0.698024,-1.294490,0.000000,67.121811
0.189609,0.189609,-1.611585,-0.189250,-0.189229,0.465864,-0.419838,-0.822507,-0.471296,-0.360246,-0.975991,0.000000,66.994797
-2.075856,0.252820,-2.674655,1.774114,1.774108,-1.037933,-1.695289,-2.411187,-2.154366,-1.957694,-2.503890,1.000000,68.183357
0.454490,0.802040,-0.294081,-0.452434,-0.452426,-0.628268,-1.006563,-1.830426,-1.678930,-1.407310,-1.891024,0.000000,67.874878
-0.332049,0.783631,-0.956304,0.641629,0.641623,-0.897864,-1.350785,-2.202160,-2.206808,-2.034808,-2.319928,1.000000,68.310379
-1.535199,0.648498,-1.773421,0.358609,1.470473,-1.701237,-2.350105,-3.267991,-3.468415,-3.370337,-3.483406,1.000000,69.314865
-0.264627,0.330775,-1.204027,0.026474,0.026494,-1.052724,-1.987658,-2.869855,-3.388813,-3.273060,-3.276154,0.000000,69.333229
-1.309415,0.144036,-1.610585,1.045251,1.045243,-1.541116,-2.613512,-3.397488,-4.152091,-4.126197,-4.074401,1.000000,70.057930
-0.091479,0.548883,-0.496600,0.196404,0.196403,-1.072918,-2.493196,-3.210481,-4.075147,-4.158105,-4.067787,0.000000,70.195526
0.196748,0.327912,-0.314793,-0.365916,-0.365929,-0.243954,-1.724535,-2.512980,-3.420273,-3.635660,-3.636984,0.000000,69.938660
-1.437639,0.233130,-2.072268,1.272299,1.272302,-1.069801,-2.435856,-3.314542,-4.268838,-4.639019,-4.707752,1.000000,70.828491
0.013029,0.885763,-0.677344,-0.569877,-0.569853,-0.192797,-1.389643,-2.402219,-3.329789,-3.947653,-4.009139,-1.000000,70.424873
-0.730018,1.068961,-1.095028,-0.078153,-0.078163,-0.026079,-1.001795,-2.038795,-2.875761,-3.666747,-3.796959,0.000000,70.369827
3.064608,3.796245,-0.565990,-5.566415,-5.566414,4.740465,4.619676,3.579233,2.865815,2.010146,1.823357,-1.000000,66.452751
4.358351,5.569013,-0.085454,-3.078414,-3.078405,6.349514,7.336549,6.593733,5.982140,5.169476,4.925403,-1.000000,64.407066
-0.724836,0.278790,-1.686645,2.179175,2.179162,2.556463,4.514919,4.187596,3.682225,2.935629,2.619422,1.000000,65.810600
-0.399881,0.413683,-1.130723,1.087258,1.087258,0.281309,2.968840,3.020026,2.558427,1.924691,1.448104,1.000000,66.526131
0.290094,0.290094,-1.699123,-0.179258,-0.179260,-0.732140,2.603953,3.026689,2.672378,2.189816,1.613073,0.000000,66.406876
1.311510,2.030735,-0.789742,-2.044474,-2.044478,0.908194,3.954308,4.887416,4.587649,4.249897,3.660692,-1.000000,65.049202
1.752352,1.795797,-0.564807,-2.623045,-2.623048,3.290372,5.713258,7.189964,7.110942,6.868153,6.328630,-1.000000,63.342930
0.751874,0.896465,-0.708511,0.159306,0.159307,2.379988,4.381150,6.402548,6.650717,6.516054,6.043016,0.000000,63.443840
0.375292,0.663971,-0.360855,0.173503,0.173503,1.267327,3.119237,5.612019,6.195290,6.137272,5.787374,0.000000,63.553917
0.644587,0.937592,-0.410195,-1.472282,-1.472281,1.570466,3.422213,6.398088,7.337776,7.421665,7.238998,-1.000000,62.618225
-0.807379,0.014420,-1.182238,1.611484,1.611485,-0.487313,1.337950,4.022495,5.301691,5.442452,5.401776,1.000000,63.627308
2.081803,2.272399,-0.161268,-1.658019,-1.657993,0.944123,2.753241,4.991429,6.618510,6.932807,6.977520,-1.000000,62.572372
0.679066,1.121940,-0.369058,-0.689050,-0.689069,1.225275,2.875702,4.787918,6.781077,7.354161,7.494959,-1.000000,62.141205
-1.024286,0.029273,-1.565700,0.885737,0.885736,0.061463,1.360847,3.045562,5.313877,6.137073,6.341210,1.000000,62.691612
0.131758,0.805157,-0.292779,-0.043895,-0.043896,0.120045,0.808082,2.271022,4.770168,5.831375,6.139204,0.000000,62.664093
-0.335319,0.451970,-1.312136,0.409893,0.409892,-0.513187,0.058322,1.479328,3.764403,5.084422,5.436273,0.000000,62.920948
-0.375834,0.346918,-0.795032,0.860190,0.860210,-1.081255,-0.776254,0.514580,2.369164,3.882606,4.347675,1.000000,63.462200
-0.972681,1.530538,-1.273075,1.055224,1.055209,-1.493355,-1.705058,-0.709493,0.778135,2.474601,3.102679,1.000000,64.131859
-0.287973,0.878331,-0.388765,-0.657999,-0.658008,-0.521227,-1.029506,-0.346523,0.918657,2.800298,3.613728,-1.000000,63.709866
-1.070664,0.185577,-1.142046,0.863940,0.863945,-0.876517,-1.621700,-1.422797,-0.421131,1.558883,2.522731,1.000000,64.260284
0.621837,1.287056,-0.303688,-1.284798,-1.284815,0.575577,-0.371640,-0.309458,0.637036,2.454390,3.623780,-1.000000,63.434658
0.130271,0.390802,-0.911850,-0.086777,-0.086740,0.636838,-0.157778,-0.219051,0.643350,2.129384,3.454418,0.000000,63.379635
-2.061998,0.213312,-2.374855,1.780292,1.780285,-1.006836,-1.537268,-1.854390,-1.218014,-0.048929,1.396463,1.000000,64.507973
-0.565692,1.004100,-1.131375,0.554606,0.554583,-1.196423,-1.745142,-2.260864,-1.890809,-0.942993,0.607660,1.000000,64.865723
0.198721,1.149759,-0.156141,-0.367702,-0.367675,-0.718249,-1.078788,-1.692935,-1.666440,-0.932870,0.698830,0.000000,64.627228
-0.410011,0.240349,-0.975544,0.397454,0.397435,-0.664495,-1.167819,-1.952965,-2.068429,-1.421744,0.027334,0.000000,64.884079
-1.376154,0.111197,-1.793161,1.710729,1.710732,-1.542952,-2.446484,-3.256418,-3.514736,-2.983599,-1.854324,1.000000,65.994072
1.867836,2.065939,-0.948066,-1.765366,-1.765369,0.325462,-0.585815,-1.241443,-1.673970,-1.300686,-0.399029,-1.000000,64.829033
-0.889382,0.041688,-1.973316,1.825387,1.825386,-1.125619,-2.019171,-2.676480,-3.250409,-3.101161,-2.407348,1.000000,66.012413
-1.026273,0.301041,-1.778877,1.556424,1.556427,-1.921184,-3.106185,-3.732894,-4.403392,-4.548440,-4.068600,1.000000,67.039848
-0.136815,0.478870,-1.026132,0.013675,0.013668,-1.288812,-2.580365,-3.335598,-4.161292,-4.442180,-4.052067,0.000000,67.049011
0.660526,1.045826,-0.110089,-0.574631,-0.574620,-0.517412,-1.524701,-2.456767,-3.300536,-3.690655,-3.384706,-1.000000,66.663734
-0.821915,0.301371,-1.178084,0.454110,0.454122,-0.328782,-1.602754,-2.615539,-3.377410,-3.915629,-3.763940,0.000000,66.966469
0.927205,1.356208,-0.332141,-1.013696,-1.013713,0.774980,-0.380569,-1.358980,-2.116660,-2.766674,-2.790385,-1.000000,66.287621
-0.769017,0.892613,-0.782752,0.774976,0.774971,-0.071402,-0.821196,-1.863949,-2.559727,-3.263929,-3.518255,1.000000,66.801331
0.303324,0.785880,-0.386046,-0.398244,-0.398241,0.173728,-0.176474,-1.160892,-1.898517,-2.702322,-3.058038,0.000000,66.535301
0.304122,0.829425,-0.124407,-0.261965,-0.261980,0.345611,0.141022,-0.601764,-1.422425,-2.218388,-2.651804,0.000000,66.360992
-1.075124,0.149691,-1.619491,1.575901,1.575926,-1.080580,-1.030224,-1.857205,-2.708909,-3.422980,-3.966166,1.000000,67.406792
0.326139,0.788153,-0.190242,0.149691,0.149685,-0.866966,-0.956648,-1.742985,-2.573034,-3.281961,-3.914474,0.000000,67.507690
-0.122321,0.271809,-1.155204,-0.013581,-0.013572,-0.646929,-0.875250,-1.446057,-2.319934,-2.982341,-3.660424,0.000000,67.498528
-0.284938,0.515611,-0.529171,0.163081,0.163079,-0.491184,-0.953869,-1.337859,-2.170286,-2.862958,-3.620986,0.000000,67.608604
0.135389,0.704029,-0.406178,0.217102,0.217095,-0.295151,-1.007312,-1.378286,-2.059302,-2.819930,-3.574781,0.000000,67.755379
-1.385560,0.306426,-1.665334,1.624691,1.624701,-1.468162,-2.315488,-2.565066,-3.309359,-4.099126,-4.791282,1.000000,68.856201
1.532418,2.034174,-0.189856,-1.758593,-1.758603,0.336324,-0.366149,-0.659973,-1.373064,-2.149711,-2.842866,-1.000000,67.645294
2.339103,2.339103,-0.913500,-2.020610,-2.020605,2.037368,1.609683,1.312105,0.785462,-0.009970,-0.657443,-1.000000,66.278450
-0.220969,0.635270,-0.538609,0.221459,0.221451,1.455600,1.368594,1.025639,0.678771,-0.050823,-0.701101,0.000000,66.425224
1.327739,1.872811,-1.146052,-1.187683,-1.187689,2.029357,2.476598,2.135575,1.861640,1.288056,0.602848,-1.000000,65.636299
-0.530946,0.069866,-1.774482,0.027948,0.027966,1.025562,2.181075,1.973816,1.896037,1.329599,0.652035,0.000000,65.654655
0.223865,0.587656,-0.279843,-0.139722,-0.139713,0.531679,2.027410,2.042797,2.004319,1.513904,0.887068,0.000000,65.562927
-1.080629,0.152398,-1.510119,0.993422,0.993406,-0.476582,0.829872,0.979958,0.938626,0.611250,-0.006927,1.000000,66.214233
-0.539867,0.179963,-1.024360,0.083123,0.083123,-0.606306,0.544025,0.869328,0.795961,0.611298,0.052606,0.000000,66.269272
0.194634,0.861953,-0.319759,-0.429122,-0.429114,-0.072294,0.709018,1.266041,1.178917,1.044341,0.615406,0.000000,65.984901
0.489861,1.021698,-1.063674,-0.667320,-0.667331,0.565442,0.880346,1.756950,1.750183,1.766838,1.344072,-1.000000,65.544563
3.291021,3.394327,-1.018303,-5.164444,-5.164422,4.946852,5.491422,6.724695,6.959098,7.060780,6.717805,-1.000000,62.159565
-0.559078,1.324117,-0.941590,0.309916,0.309909,3.383838,4.535816,5.844725,6.271872,6.429294,6.266477,0.000000,62.352203
-0.178125,0.623420,-0.356251,-0.882739,0.335082,1.853130,3.569055,4.953372,5.599341,5.786916,5.787817,0.000000,62.561134
-1.025947,0.307781,-1.216475,1.276533,1.276542,-0.259328,1.904312,3.167982,4.031471,4.244938,4.315822,1.000000,63.359753
1.069997,2.258875,-0.014864,-1.377696,-1.377692,0.155313,2.820896,3.929633,5.091048,5.414418,5.648106,-1.000000,62.486851
0.837192,1.644489,-0.313947,-0.594445,-0.594443,0.740020,2.880744,3.957623,5.285436,5.776119,6.070752,-1.000000,62.115402
-1.240224,0.029525,-1.432159,1.255799,1.255787,-0.336627,1.077136,2.309742,3.613741,4.215865,4.535604,1.000000,62.895439
2.597598,3.311560,-0.273432,-2.805258,-2.805254,2.072006,3.153921,4.685270,6.074454,6.870148,7.230040,-1.000000,61.131062
-1.577378,0.148818,-2.053567,2.081110,2.081111,-0.315469,0.476989,2.205677,3.483099,4.437717,4.816382,1.000000,62.403267
-1.460067,0.058404,-1.810480,1.919644,1.919664,-1.842616,-1.721056,0.065384,1.120867,2.231285,2.665785,1.000000,63.601200
-0.361795,0.520986,-0.665700,0.890641,0.890625,-2.069462,-2.275683,-0.962918,-0.042772,1.120618,1.649363,1.000000,64.167648
1.529188,1.823258,-0.323483,-1.577418,-1.577416,-0.417589,-0.582271,0.301464,1.311994,2.466204,3.086066,-1.000000,63.155457
-0.470035,0.161575,-1.057581,0.102926,0.102911,0.141020,-0.580189,-0.123153,0.954380,2.083222,2.805311,0.000000,63.220451
0.369167,0.649739,-0.206732,-0.528791,-0.528786,0.826941,-0.126987,0.079286,1.272389,2.316176,3.167634,-1.000000,62.886150
0.340684,1.170198,-0.029631,-0.310099,-0.310089,0.850237,0.216259,0.087149,1.351043,2.241074,3.237806,0.000000,62.691147
-0.221371,0.693626,-0.309916,0.370315,0.370309,0.082644,-0.025088,-0.201198,0.767366,1.563688,2.614062,0.000000,62.923298
-0.014686,0.558337,-0.984424,0.442733,0.442734,-0.343812,-0.417274,-0.551468,0.084889,0.921299,1.935147,0.000000,63.201881
2.646303,2.737041,-0.105851,-2.835735,-2.835726,1.974895,2.534399,2.225917,2.610179,3.539977,4.573629,-1.000000,61.409649
-0.286882,0.754945,-1.102224,0.151226,0.151222,1.370975,2.233121,1.870244,2.090838,3.114785,4.076834,0.000000,61.502514
-0.820410,0.089494,-1.103816,1.223008,1.222997,0.005972,0.781628,0.614565,0.593128,1.650475,2.465889,1.000000,62.254688
-2.481747,0.087588,-2.525552,2.177803,2.177805,-1.909486,-1.454011,-1.373231,-1.436856,-0.638866,0.070509,1.000000,63.610474
-0.248400,0.233776,-0.920520,-0.087588,-0.087586,-1.712449,-1.304794,-1.217612,-1.255844,-0.719145,0.015381,0.000000,63.554760
-0.641310,1.297186,-1.034833,0.248391,0.248372,-1.233041,-1.472071,-1.192227,-1.410124,-1.125632,-0.374332,0.000000,63.712612
1.512675,1.527509,-0.177965,-1.719867,-1.719848,0.851249,0.209106,0.559594,0.255823,0.389462,1.208325,-1.000000,62.616852
-0.958128,0.206378,-1.252945,0.608032,0.608030,0.477597,-0.347871,-0.112020,-0.309543,-0.378966,0.456076,1.000000,62.997581
-0.934988,0.073050,-1.753100,0.899176,0.899190,-0.432443,-1.135143,-1.065505,-1.084009,-1.178383,-0.543987,1.000000,63.564049
-0.392208,1.002329,-0.842525,0.569758,0.569754,-0.880308,-1.581932,-1.545616,-1.563773,-1.639745,-1.226738,1.000000,63.926208
-1.056687,0.371272,-1.313720,1.728651,1.728645,-2.159075,-2.697417,-3.032987,-2.936599,-3.159217,-2.968620,1.000000,65.031265
-0.609929,0.737584,-1.134756,0.671142,0.671146,-1.940430,-2.740433,-3.416554,-3.349650,-3.676033,-3.641833,1.000000,65.467720
0.689661,1.077586,-1.178160,-1.276599,-1.276602,-0.166664,-1.114944,-1.967433,-2.020115,-2.297700,-2.442883,-1.000000,64.631958
0.214870,0.644613,-0.687575,0.301724,0.301719,-0.077347,-1.224750,-2.066558,-2.263998,-2.424289,-2.599192,0.000000,64.826965
-0.845665,0.281896,-1.818172,1.633002,1.633024,-1.088102,-2.458084,-3.368584,-3.627217,-3.810584,-3.985449,1.000000,65.885605
-1.180553,0.430553,-1.277775,1.479920,1.479904,-1.983333,-3.409724,-4.234263,-4.760420,-4.870559,-5.171299,1.000000,66.860649
-0.055526,0.485838,-0.194335,0.055557,0.055548,-1.610211,-2.823427,-3.749766,-4.513461,-4.654632,-5.047655,0.000000,66.897789
-0.236371,0.472753,-0.444939,-0.166578,-0.166563,-0.800894,-2.093998,-3.136826,-4.047560,-4.304790,-4.674645,0.000000,66.786362
-0.124366,0.525075,-0.276365,0.625702,0.625680,-0.710229,-2.161108,-3.382610,-4.325681,-4.719075,-5.014962,1.000000,67.204231
0.249343,0.567940,-0.096965,-0.248723,-0.248712,-0.119132,-1.453111,-2.795404,-3.801083,-4.249899,-4.572196,0.000000,67.037086
1.050567,1.162631,-0.910493,-1.108191,-1.108188,0.829247,-0.158285,-1.446515,-2.354673,-2.991456,-3.243219,-1.000000,66.294189
