-0.727624,1.265413,-1.138883,0.861522,0.861516,0.056947,5.064855,6.964044,8.106308,9.590753,10.688056,1.000000,26.859915
-0.221589,0.221589,-0.918015,-0.063274,-0.063258,-0.164619,4.055070,6.326887,7.643820,8.917811,10.255637,0.000000,26.842924
0.095514,0.668580,-0.732251,-0.569801,-0.569804,0.254693,3.505247,6.174249,7.657052,8.806585,10.341974,-1.000000,26.689972
-0.507937,0.285714,-0.793651,0.286533,0.286531,-0.031747,2.225395,5.089943,6.730361,7.869511,9.461870,0.000000,26.766447
0.510201,1.116065,-0.988527,-0.444441,-0.444441,0.427293,1.610327,4.829924,6.580031,7.756057,9.365128,0.000000,26.647486
0.541574,0.541574,-0.764572,0.095657,0.095649,0.191155,0.474682,3.931195,5.833075,7.129419,8.664221,0.000000,26.672974
-0.032051,1.538458,-0.288462,-0.605282,-0.605279,0.551282,0.817306,3.754271,5.879806,7.301757,8.657957,-1.000000,26.511528
3.026316,3.486839,-0.065793,-2.564106,-2.564111,2.532901,3.059219,5.473691,7.909547,9.493644,10.773446,-1.000000,25.831743
-0.748938,0.000000,-1.921192,1.019734,1.019745,0.983391,1.761640,3.564528,6.090848,7.777439,9.034235,1.000000,26.095161
0.293830,1.207969,-0.065289,-0.260501,-0.260504,0.770485,1.795627,2.944827,5.688868,7.450213,8.731914,0.000000,26.027182
0.130166,0.650830,-0.455581,0.326481,0.326482,0.013013,1.178000,1.759407,4.625769,6.487468,7.860725,0.000000,26.112156
-1.316212,0.000000,-1.508828,1.366743,1.366727,-1.367568,-0.327437,0.196908,2.598727,4.566304,6.000410,1.000000,26.469038
1.271186,1.890482,-0.032595,-1.508828,-1.508812,0.325940,0.961533,1.521073,3.464792,5.604949,7.132941,-1.000000,26.069670
1.939799,2.374585,-0.200669,-2.542373,-2.542384,2.401342,3.060205,3.812715,5.377933,7.652180,9.314532,-1.000000,25.406879
-0.594053,0.924096,-1.221119,1.337789,1.337795,0.831684,1.349836,2.213425,3.257429,5.638286,7.322335,1.000000,25.746771
-2.024824,1.077727,-2.547358,1.056112,1.056105,-0.293926,0.039192,0.929679,1.520252,3.942524,5.676032,1.000000,26.018684
-0.965248,0.707847,-2.477481,1.502283,1.502294,-1.814676,-1.480057,-0.673535,-0.136748,1.900896,3.699052,1.000000,26.409561
-0.382775,0.478469,-0.669860,0.868726,0.868727,-2.232860,-2.025524,-1.541738,-1.044661,0.556295,2.417858,1.000000,26.638988
0.964937,1.286587,-0.289482,-0.829346,-0.829348,-0.649728,-1.083953,-0.806264,-0.283051,0.945640,2.834778,-1.000000,26.418058
0.680055,1.198190,-0.129530,-0.675462,-0.675455,0.401551,-0.330317,-0.235326,0.320590,1.134709,3.112040,-1.000000,26.239616
2.077840,2.341692,-0.428757,-1.813468,-1.813483,2.058056,1.375335,1.372037,1.960758,2.431404,4.485493,-1.000000,25.763765
0.165457,1.323633,-0.231631,-0.329819,-0.329812,1.826608,1.403047,1.491288,2.071478,2.529453,4.305098,0.000000,25.678793
0.166220,0.365695,-0.598404,-0.463266,-0.463273,1.456122,1.675537,1.892736,2.325471,2.797879,4.244244,0.000000,25.559830
0.874243,1.075989,-1.008739,-1.130319,-1.130321,1.708142,2.784136,2.840177,3.199401,3.736390,4.891288,-1.000000,25.270922
-2.233172,0.000000,-2.298854,2.387360,2.387364,-0.945817,0.436781,0.402845,0.643677,1.200657,1.978107,1.000000,25.874231
-1.038621,0.292116,-1.071078,1.182259,1.182261,-1.785134,-0.675101,-0.752999,-0.626416,-0.085682,0.371096,1.000000,26.180132
0.457962,0.556101,-0.294406,-0.778965,-0.778965,-0.785086,-0.062152,-0.100315,0.050704,0.565261,0.998802,-1.000000,25.976198
-0.612906,0.064516,-0.903229,1.406608,1.406607,-1.567743,-1.561290,-1.417203,-1.240321,-0.882579,-0.472041,1.000000,26.341581
-0.128869,0.128863,-0.998715,0.129035,0.129032,-0.856958,-1.704252,-1.299397,-1.314431,-1.069586,-0.649697,0.000000,26.375570
-1.870048,0.316960,-2.060219,1.643035,1.643039,-1.762281,-3.080823,-2.630741,-2.763864,-2.644688,-2.233488,1.000000,26.808931
0.190664,0.317766,-0.699075,-0.253566,-0.253576,-1.093095,-2.469008,-2.203144,-2.399098,-2.387022,-1.999774,0.000000,26.740950
0.572704,0.699968,-0.318167,-0.127102,-0.127079,-0.419995,-1.959926,-2.004467,-2.230366,-2.233548,-1.892047,0.000000,26.706968
-0.659752,0.408417,-0.722589,1.272669,1.272672,-1.149872,-2.642176,-3.135421,-3.278368,-3.282452,-3.080965,1.000000,27.046860
-0.624223,0.031205,-0.998758,0.659758,0.659751,-1.173540,-2.562431,-3.572628,-3.578349,-3.750322,-3.660018,1.000000,27.225302
-0.959458,0.061903,-1.083262,0.842697,0.842683,-1.528932,-2.800987,-4.083357,-4.073039,-4.346639,-4.367067,1.000000,27.454725
0.404991,0.996885,-0.280374,-0.649963,-0.649943,-0.492211,-1.763246,-3.086197,-3.214960,-3.550163,-3.667713,-1.000000,27.276285
2.694035,2.790247,-0.320718,-2.866038,-2.866043,2.283514,1.330975,-0.021389,-0.343176,-0.700457,-0.827462,-1.000000,26.494535
-1.269435,0.126941,-1.459857,1.058371,1.058365,1.009205,0.431609,-0.765897,-1.361475,-1.635039,-1.748654,1.000000,26.774944
-0.758294,0.031596,-1.295419,0.444303,0.444289,0.315968,0.180108,-0.802516,-1.709309,-1.848962,-2.084244,0.000000,26.893902
-0.788892,0.725778,-1.072897,0.126385,0.126397,-0.201957,0.097823,-0.666879,-1.705588,-1.797415,-2.096353,0.000000,26.927895
1.271462,2.002546,-0.031780,-0.725787,-0.725794,0.120797,0.826460,0.197086,-0.805776,-0.972654,-1.303233,-1.000000,26.732454
2.647924,2.745995,-0.849951,-2.765413,-2.765399,2.582534,3.419413,3.051099,2.075834,1.779659,1.442730,-1.000000,25.993195
-0.714282,0.097406,-1.428565,0.686496,0.686487,1.422079,2.379875,2.305200,1.496757,1.014289,0.764073,1.000000,26.171635
0.587845,0.947090,-0.522541,-0.584409,-0.584415,1.345528,2.517965,2.815158,2.237103,1.546704,1.434795,-1.000000,26.018684
-0.130588,1.044734,-0.685599,0.032652,0.032661,0.620305,1.936011,2.581349,2.233105,1.480901,1.437589,0.000000,26.027182
0.958681,1.223144,-0.462807,-1.240611,-1.240607,1.084292,2.604952,3.601098,3.424787,2.746439,2.671068,-1.000000,25.704287
-2.172503,0.194553,-2.496757,1.950413,1.950414,-0.687425,0.531769,1.491564,1.489942,0.861212,0.680927,1.000000,26.205627
-1.531097,0.318982,-1.850080,1.653696,1.653694,-1.952155,-1.154710,-0.261566,-0.105267,-0.617549,-0.956943,1.000000,26.638988
0.000000,0.479846,-0.479843,-0.287081,-0.287079,-1.260399,-0.994887,-0.140761,0.217525,-0.136922,-0.653664,0.000000,26.562513
0.289765,0.450747,-0.386343,-0.639798,-0.639804,-0.347708,-0.560203,0.233959,0.783970,0.584677,0.005368,-1.000000,26.392565
0.821828,1.413544,-0.295858,-2.060525,-1.073151,1.043582,0.279854,1.023323,1.756310,1.664965,1.134336,-1.000000,26.109333
-0.361370,0.197106,-1.412618,0.065750,0.065747,0.916620,0.264989,0.863036,1.578365,1.621179,1.125008,0.000000,26.126499
-0.722018,0.164099,-0.951753,0.098548,0.098528,0.445045,0.158881,0.605018,1.307339,1.492193,1.100977,0.000000,26.152241
1.094164,1.458886,-0.431031,-1.017391,-1.017389,0.954914,1.137169,1.379554,2.089965,2.459753,2.219364,-1.000000,25.886171
0.569323,1.406564,-0.368389,-0.994692,-0.994686,1.373074,1.997785,2.060135,2.759392,3.304937,3.214404,-1.000000,25.628685
-0.896418,0.730408,-1.261623,0.870730,0.870727,0.298804,1.174405,0.952049,1.596860,2.275628,2.281116,1.000000,25.851841
0.636296,0.736768,-0.636306,-0.863214,-0.863211,0.783652,1.830243,1.736247,2.312570,2.997876,3.126508,-1.000000,25.628685
-2.701823,0.488288,-2.929684,2.880100,2.880097,-1.874995,-1.123689,-1.062478,-0.629033,0.011316,0.242703,1.000000,26.366816
-0.387594,0.129202,-1.195087,0.781250,0.781243,-2.118853,-1.886293,-1.690409,-1.459763,-0.862180,-0.509625,1.000000,26.572805
0.651463,0.846899,-0.032573,-0.839787,-0.839791,-0.742666,-1.071652,-0.776236,-0.734948,-0.190334,0.274861,-1.000000,26.349649
-0.261777,0.752624,-0.621721,-0.456033,-0.456025,0.000002,-0.572638,-0.188189,-0.376079,0.107271,0.669236,0.000000,26.229488
-0.521003,0.390755,-0.911752,0.490838,0.490837,0.065126,-0.970364,-0.637111,-0.793436,-0.402377,0.133426,0.000000,26.358232
0.558843,1.019066,-0.328731,-0.944315,-0.944293,0.821807,-0.042753,0.174870,0.140364,0.445110,0.968301,-1.000000,26.109333
-0.196786,0.655956,-0.295179,0.230112,0.230094,0.282059,-0.163988,-0.155241,-0.060726,0.103783,0.602018,0.000000,26.169409
1.894317,2.193420,-0.199398,-1.311906,-1.311910,1.209708,1.239618,1.025817,1.228885,1.263863,1.729165,-1.000000,25.826090
-0.265869,0.365573,-1.296108,0.000000,0.000000,0.897313,1.229647,0.952702,1.252466,1.123483,1.541990,0.000000,25.826090
0.000000,0.399338,-0.632273,-0.132938,-0.132931,0.592349,1.427619,1.000554,1.307009,1.226846,1.586324,0.000000,25.791759
-0.395902,1.055757,-0.461890,0.865225,0.865222,-0.343120,0.422304,0.098980,0.318052,0.334425,0.617533,1.000000,26.014915
0.297521,0.561983,-0.694212,-0.197951,-0.197948,-0.304137,0.386773,0.317352,0.401651,0.524915,0.697637,0.000000,25.963419
-0.976245,0.097624,-1.627075,1.586777,1.586771,-1.444841,-1.171492,-1.060851,-1.169863,-0.992461,-0.945070,1.000000,26.375399
1.925631,2.124831,-0.431610,-1.985028,-1.985024,0.571045,0.683927,0.942890,0.781868,1.035496,0.947469,-1.000000,25.851841
0.199867,0.732845,-0.399734,-0.332009,-0.331996,0.886065,0.789462,1.314664,1.047621,1.303800,1.254336,0.000000,25.766014
-0.265164,0.132579,-0.530328,0.499667,0.499650,0.291686,0.205505,0.689428,0.495528,0.685188,0.715292,0.000000,25.894754
0.661817,1.489083,-0.397085,0.165724,0.165725,0.105897,-0.049631,0.359590,0.339185,0.422243,0.538247,0.000000,25.937668
-0.461434,0.461437,-0.791035,0.397091,0.397094,-0.547131,-0.362558,-0.116459,0.021423,-0.029004,0.142320,0.000000,26.040665
-2.804642,0.548037,-3.062540,2.241266,2.241260,-2.146997,-2.246933,-2.207173,-2.026108,-2.143129,-1.937744,1.000000,26.624304
0.616086,1.102464,-0.907915,-0.580271,-0.580267,-1.044100,-1.420233,-1.608300,-1.295396,-1.520104,-1.332131,-1.000000,26.469812
2.389648,2.555596,-0.066372,-2.302208,-2.302200,1.261196,0.843010,0.646085,0.932620,0.755389,0.892574,-1.000000,25.860424
-1.183435,0.887577,-2.268245,0.962499,0.962509,0.427336,-0.062474,-0.328748,-0.118360,-0.170957,-0.127126,1.000000,26.109333
-0.196596,0.393182,-0.884666,0.328731,0.328722,0.216248,-0.458720,-0.561387,-0.475105,-0.411541,-0.479474,0.000000,26.195160
0.461900,1.154738,-0.329924,-0.688077,-0.688085,0.442107,0.293639,0.175965,0.173215,0.303534,0.197959,-1.000000,26.014915
0.930545,1.196414,-0.830841,-0.725830,-0.725834,0.677975,1.050188,0.917254,0.802598,1.067468,0.891774,-1.000000,25.826090
0.941493,1.378615,-0.537996,-1.163177,-1.163173,1.600541,2.094823,1.977137,1.874580,2.125084,1.997310,-1.000000,25.525688
0.101218,0.775985,-0.742237,-0.336251,-0.336257,1.417012,2.243600,2.183996,2.074909,2.291508,2.282961,0.000000,25.439856
0.101218,0.539811,-0.607287,0.000000,0.000000,0.823216,2.007432,1.938832,1.998998,2.148458,2.258219,0.000000,25.439856
-0.706829,0.605857,-1.211710,0.236167,0.236185,0.181746,1.326146,1.606635,1.694708,1.793328,1.971270,0.000000,25.499941
1.302705,1.336987,-0.239973,-1.817567,-1.817581,1.405554,2.629418,3.293341,3.426470,3.466580,3.780142,-1.000000,25.036459
-0.102631,0.376326,-0.410534,0.205691,0.205692,0.848442,2.110847,2.866920,3.029425,3.091347,3.397196,0.000000,25.087957
-0.034388,1.237968,-0.275103,-0.513171,-0.513171,0.983493,2.176753,3.136177,3.359699,3.429162,3.715040,-1.000000,24.959213
-0.955628,0.955635,-0.955628,0.756530,0.756538,-0.006828,0.993168,2.125139,2.339588,2.544707,2.777016,1.000000,25.148039
-0.942440,0.942447,-1.211710,1.399317,1.399322,-1.386745,-0.602499,0.421849,0.858290,1.078418,1.263316,1.000000,25.499941
-1.227194,0.165841,-2.388060,1.480986,1.480988,-2.175796,-2.033179,-1.196251,-0.592051,-0.383427,-0.276407,1.000000,25.877592
-0.527357,0.823995,-0.955837,0.630182,0.630171,-2.056687,-2.448912,-1.768841,-1.186552,-1.003295,-0.909690,1.000000,26.040665
0.532978,0.599604,-1.399067,-1.054713,-1.054700,-0.386415,-1.282489,-0.810583,-0.166567,0.021307,0.094369,-1.000000,25.766014
1.321138,1.456643,-0.237124,-1.665556,-1.665566,1.449868,0.348917,0.643629,1.385500,1.551489,1.725382,-1.000000,25.336864
0.730431,1.773913,-0.556522,-2.608401,-2.608405,3.499137,2.702612,2.977393,3.706089,4.080698,4.294495,-1.000000,24.675976
-1.205234,1.239666,-2.272734,1.008699,1.008694,1.701107,1.632237,1.707993,2.360542,2.906340,3.137056,1.000000,24.924881
1.078257,1.147826,-0.139134,-0.998626,-0.998621,1.620873,2.490439,2.504349,3.153046,3.746784,3.996524,-1.000000,24.675976
0.734783,1.294615,-0.734776,-0.591304,-0.591312,1.217641,2.925134,2.866816,3.444725,4.134369,4.420350,-1.000000,24.530064
-0.313702,0.383402,-1.673064,0.384888,0.384887,0.250961,2.317889,2.251663,2.729180,3.505061,3.782974,0.000000,24.624477
1.465856,1.894891,-0.822306,-2.509592,-2.509580,2.273862,4.329641,4.469076,4.955310,5.733287,6.198309,-1.000000,24.006506
0.540732,1.441957,-0.576784,-0.822306,-0.822306,2.184566,4.325881,4.991587,5.401944,6.162940,6.804852,-1.000000,23.809099
-0.751069,0.000000,-1.180258,0.793075,0.793075,0.815449,2.653792,3.862663,4.254293,5.017169,5.701003,1.000000,23.997923
-1.496259,0.391877,-1.496259,0.393423,0.393417,0.057002,1.556823,3.215774,3.566088,4.270754,5.031472,0.000000,24.092335
0.071305,1.069522,-0.784310,-0.071254,-0.071243,-0.327990,1.105163,2.992272,3.356502,3.992864,4.834220,0.000000,24.075171
-0.140102,1.225923,-2.591944,1.782531,1.782529,-1.667252,-0.735556,0.917686,1.343255,1.925040,2.709863,1.000000,24.504318
0.245270,1.016114,-1.436587,-0.035019,-0.035035,-1.072174,-0.875960,0.576973,1.268401,1.743523,2.477231,0.000000,24.495733
-0.069759,0.383680,-0.767349,0.455498,0.455508,-1.025463,-1.353334,-0.267412,0.711545,1.132890,1.842808,0.000000,24.607313
0.419724,0.524659,-0.979367,-0.279037,-0.279039,-0.384749,-1.073802,-0.321792,0.907661,1.268976,1.914422,0.000000,24.538649
1.168142,2.336283,0.000000,-1.189227,-1.189230,0.955755,-0.038935,0.578173,1.936287,2.290977,2.873159,-1.000000,24.246828
-2.033781,0.275767,-2.412964,2.690265,2.690265,-1.371939,-2.299204,-1.997011,-0.854874,-0.485346,0.028729,1.000000,24.899132
1.680679,2.030812,-0.245095,-1.551193,-1.551199,0.196088,-0.472678,-0.564882,0.428934,0.997212,1.426250,-1.000000,24.512897
0.070575,0.141140,-2.152435,-0.770305,-0.770284,0.740989,0.434004,0.110550,0.855669,1.655600,2.048918,-1.000000,24.324078
-2.149047,0.138645,-2.253029,1.799577,1.799567,-0.859621,-1.071059,-1.596767,-1.129985,-0.173311,0.153667,1.000000,24.761806
1.348949,1.952428,-0.390490,-2.357019,-2.357025,1.476752,1.359606,0.655548,1.017043,2.075973,2.397355,-1.000000,24.178164
-1.104772,0.356383,-1.318596,-0.390490,0.717863,0.303900,0.574509,0.032640,0.230472,1.159826,1.510351,1.000000,24.351730
0.645161,1.254480,-0.107523,-0.570203,-0.570189,0.631286,1.034444,0.717461,0.658224,1.464923,1.979091,-1.000000,24.212879
-0.960174,0.604552,-1.102425,0.788534,0.788514,-0.090662,0.160612,0.040381,-0.185036,0.402821,1.087813,1.000000,24.403801
0.748927,1.034233,-0.071330,-0.284495,-0.284480,-0.156925,0.362418,0.392099,0.059520,0.453934,1.290618,0.000000,24.334377
1.010105,1.406934,-0.360743,-1.141234,-1.141233,0.894660,1.441962,1.545904,1.096599,1.400718,2.308702,-1.000000,24.056665
1.086957,2.065217,-0.072464,-0.432897,-0.432907,1.000007,1.487818,1.833834,1.524887,1.720783,2.538184,0.000000,23.952522
-0.072336,1.012658,-0.361667,0.181159,0.181183,0.636512,1.088828,1.510802,1.380202,1.381962,2.091350,0.000000,23.995920
1.060325,1.425960,-0.073126,-1.084991,-1.084989,1.177318,1.949716,2.379414,2.436964,2.335529,2.887461,-1.000000,23.735567
0.440690,0.514142,-0.550863,-0.438757,-0.438755,1.028266,1.920659,2.574651,2.790872,2.634401,3.039779,0.000000,23.631426
1.038957,1.038957,-0.111321,-1.028274,-1.028283,1.506491,2.641920,3.395688,3.712022,3.489344,3.832636,-1.000000,23.388428
-0.111362,0.408307,-0.259837,-0.037106,-0.037108,1.054199,2.264286,3.000823,3.510021,3.420530,3.686373,0.000000,23.379749
0.111486,1.151984,-0.074326,-0.111362,-0.111357,0.616873,2.010399,2.784744,3.380911,3.457827,3.577707,0.000000,23.353714
0.185877,0.706320,-0.966546,-0.037161,-0.037159,0.319702,1.594790,2.543366,3.148988,3.384418,3.426171,0.000000,23.345036
-2.298428,0.036483,-2.444363,1.895911,1.895881,-1.415520,-0.525333,0.362417,1.071933,1.409604,1.397782,1.000000,23.787630
-1.407949,0.180502,-1.768960,1.058012,1.058037,-1.906144,-1.574012,-0.726844,-0.029412,0.341919,0.255047,1.000000,24.039312
-0.467454,0.000000,-2.481115,0.397105,0.397112,-1.668470,-1.887813,-1.179439,-0.583188,-0.116221,-0.123787,0.000000,24.134775
-1.969065,0.105478,-2.250359,2.265379,2.265370,-2.770749,-3.783404,-3.241917,-2.751298,-2.298726,-2.218410,1.000000,24.681517
-0.140495,0.105378,-1.229357,0.105478,0.105476,-1.770282,-3.491387,-3.261908,-2.776162,-2.385441,-2.225700,0.000000,24.707550
0.957440,0.992904,-0.354613,-0.948360,-0.948374,-0.269491,-2.223392,-2.297860,-1.904246,-1.461518,-1.237677,-1.000000,24.473230
0.535523,0.963945,-0.321314,-0.673762,-0.673740,0.628341,-1.181727,-1.566112,-1.212075,-0.782999,-0.535787,-1.000000,24.308344
0.071685,0.931900,-0.501792,-0.392717,-0.392725,1.089606,-0.448027,-1.106328,-0.851253,-0.505182,-0.183748,0.000000,24.212879
0.613718,1.227437,-0.613718,-0.716842,-0.716838,1.285191,0.555950,-0.380269,-0.171487,0.134382,0.473651,-1.000000,24.039312
-0.323974,0.863927,-0.323974,0.288809,0.288794,0.496767,0.583160,-0.563946,-0.520150,-0.189696,0.115390,0.000000,24.108736
0.108186,0.432744,-0.504868,-0.179989,-0.179976,0.338983,0.879913,-0.264456,-0.396683,-0.125498,0.230341,0.000000,24.065346
-0.751883,0.107408,-2.470462,0.721241,0.721236,-0.436804,0.239888,-0.744716,-1.072320,-0.830646,-0.488469,1.000000,24.238914
1.910364,2.020577,-0.367370,-2.542073,-2.542061,1.660539,2.637760,1.912804,1.438277,1.632617,1.927051,-1.000000,23.622746
0.000000,1.577406,-0.696992,0.146954,0.146939,1.188559,2.054297,1.848868,1.217909,1.389588,1.656969,0.000000,23.657457
0.773769,1.547531,-0.184226,-0.440209,-0.440195,1.164329,2.015471,2.358138,1.626747,1.693438,1.997356,0.000000,23.553318
-0.879450,0.219857,-0.879450,0.552697,0.552695,0.285812,1.121282,1.766207,1.079142,1.024543,1.284954,1.000000,23.683496
0.625230,0.956234,-0.110338,-0.366435,-0.366466,0.110355,1.191636,2.015469,1.495057,1.318155,1.575356,0.000000,23.596704
0.368324,1.104976,-0.073669,-0.147117,-0.147093,0.206260,1.064457,2.003684,1.683243,1.401108,1.613261,0.000000,23.561995
-1.164483,0.254727,-1.164483,1.215470,1.215474,-0.836977,-0.229262,0.545847,0.565863,0.158659,0.342064,1.000000,23.848385
0.547652,1.058784,-0.401599,-0.327515,-0.327511,-0.328592,-0.043815,0.613359,0.985757,0.493609,0.582935,0.000000,23.770279
1.067350,1.509017,-0.036805,-0.803209,-0.803222,0.390137,0.559445,1.175321,1.759299,1.298497,1.290645,-1.000000,23.579351
1.051837,1.314793,-0.638618,-2.024288,-2.024280,2.036058,2.144997,2.917599,3.658896,3.341842,3.245674,-1.000000,23.102039
-0.671892,0.261292,-0.895864,0.638618,0.638610,1.119823,1.336319,1.988305,2.810751,2.663681,2.489737,1.000000,23.249571
0.148530,0.259933,-0.891196,0.522579,0.522582,0.185669,0.686968,1.267485,1.995917,2.132939,1.867809,0.000000,23.371069
0.446591,0.818753,-0.409382,-0.222796,-0.222801,0.022332,0.811316,1.267835,1.925942,2.356534,2.035732,0.000000,23.318998
-0.554946,0.258968,-0.850914,0.595460,0.595467,-0.673329,0.118381,0.495741,1.106174,1.694409,1.407075,1.000000,23.457855
-0.036805,1.545823,-0.257637,0.517939,0.517933,-0.780268,-0.404853,-0.208558,0.430627,1.092387,0.911550,0.000000,23.579351
0.593028,0.741290,-0.370649,-0.699301,-0.699307,0.059311,0.233517,0.434900,0.967394,1.681256,1.627142,-1.000000,23.414459
0.371889,1.301603,-0.148750,-0.333584,-0.333563,0.364440,0.349566,0.679304,1.154697,1.790994,1.964788,0.000000,23.336357
0.448259,1.158013,-0.186780,-0.446259,-0.446269,0.739633,0.567800,1.038476,1.419500,1.993276,2.405678,0.000000,23.232214
-1.970080,0.109453,-2.188986,2.390736,2.390715,-1.335265,-1.692795,-1.291482,-1.006912,-0.503446,0.014614,1.000000,23.787630
1.029408,1.286757,-0.514713,-0.766140,-0.766117,-0.551481,-0.720597,-0.526968,-0.376846,0.145581,0.725483,-1.000000,23.605389
-1.800504,0.036014,-1.908534,2.095584,2.095577,-2.023764,-2.405471,-2.419874,-2.322647,-1.928696,-1.346773,1.000000,24.100058
-1.528610,0.142201,-1.670811,1.296359,1.296358,-2.396015,-3.227864,-3.514627,-3.418051,-3.122637,-2.646040,1.000000,24.412481
-1.200565,0.282486,-1.412429,0.675439,0.675450,-1.956224,-3.365120,-3.943038,-3.857703,-3.696333,-3.316860,1.000000,24.577375
-0.212243,3.148214,-0.247609,-0.176554,-0.176553,-1.174395,-2.755579,-3.513743,-3.514333,-3.449599,-3.137607,0.000000,24.533983
0.886525,0.886525,-0.425535,-0.247609,-0.247628,-0.219851,-2.148929,-2.900701,-3.095736,-3.171622,-2.874695,0.000000,24.473230
1.032025,1.138790,-0.711744,-0.354613,-0.354600,0.370105,-1.402137,-2.244368,-2.581852,-2.701781,-2.505339,0.000000,24.386448
-0.461164,0.248311,-0.851366,0.320288,0.320276,0.092238,-1.255760,-2.258479,-2.766932,-2.880447,-2.758655,0.000000,24.464552
-2.380135,0.310452,-2.587099,2.837882,2.837890,-2.207657,-3.214901,-4.468206,-5.174196,-5.305275,-5.302975,1.000000,25.158829
-0.689659,1.068962,-0.758617,0.034495,0.034501,-1.737937,-2.700003,-4.048280,-4.891383,-5.102073,-5.189658,0.000000,25.167509
0.517784,1.484298,-0.931992,-0.103452,-0.103439,-1.104602,-1.988276,-3.534704,-4.387309,-4.758037,-4.971821,0.000000,25.141476
1.037700,1.176064,-0.311311,-0.207107,-0.207112,-0.338991,-1.390532,-2.889437,-3.822217,-4.316855,-4.579740,0.000000,25.089405
-0.311854,0.762297,-1.004854,-0.172947,-0.172965,0.297998,-0.966730,-2.266109,-3.321202,-3.959802,-4.229610,0.000000,25.046009
-2.305870,1.322479,-2.305870,2.182949,2.182963,-1.505596,-2.685661,-3.739127,-4.942359,-5.726692,-6.009952,1.000000,25.592754
0.883152,0.883152,-1.222829,-0.169546,-0.169556,-1.039397,-2.122960,-3.115940,-4.371603,-5.258151,-5.606883,0.000000,25.549360
-0.170068,0.510201,-0.578231,-0.135873,-0.135874,-0.612238,-1.581626,-2.485255,-3.862240,-4.751015,-5.227886,0.000000,25.514645
-0.475056,0.508999,-1.119783,0.238092,0.238102,-0.468275,-1.350526,-2.332317,-3.668139,-4.613507,-5.190591,0.000000,25.575396
0.760190,0.794744,-0.518314,-1.798432,-0.754463,0.553453,-0.238972,-1.335090,-2.532774,-3.571410,-4.268392,-1.000000,25.382439
-1.768711,0.646259,-1.870748,1.589492,1.589497,-0.870032,-1.556679,-2.566378,-3.562603,-4.697484,-5.505677,1.000000,25.785892
-1.344990,0.201745,-1.613988,1.156463,1.156450,-1.593308,-2.330716,-3.284085,-4.224900,-5.384276,-6.265878,1.000000,26.084093
-0.965055,0.432616,-1.364393,1.042364,1.042390,-1.970060,-2.877496,-3.805603,-4.691134,-5.938961,-6.821335,1.000000,26.355991
0.000000,1.234983,-0.700931,-0.299501,-0.299503,-1.141529,-2.133765,-3.036973,-3.990584,-5.220643,-6.157377,0.000000,26.277054
-0.959309,0.165402,-1.653986,0.901205,0.901193,-1.171021,-2.454235,-3.387713,-4.451807,-5.587787,-6.600414,1.000000,26.513861
-0.525970,0.953317,-1.051940,0.628515,0.628505,-1.117677,-2.655792,-3.610913,-4.654450,-5.660492,-6.763799,1.000000,26.680502
0.098720,1.842718,-0.065805,-0.098623,-0.098611,-0.592297,-2.145199,-3.143923,-4.162610,-5.137185,-6.272037,0.000000,26.654192
0.000000,1.251644,-0.559947,-0.098710,-0.098709,-0.289861,-1.630441,-2.676081,-3.663331,-4.589420,-5.797807,0.000000,26.627882
0.065750,0.756082,-0.262985,0.197625,0.197612,-0.184083,-1.410248,-2.470458,-3.423417,-4.390725,-5.575551,0.000000,26.680502
0.629768,1.027511,-0.696059,-0.821828,-0.821810,0.603239,-0.185623,-1.305755,-2.245879,-3.288789,-4.399489,-1.000000,26.461239
-0.394604,0.559027,-0.526143,0.795492,0.795492,-0.197309,-0.641244,-1.814969,-2.733752,-3.737953,-4.724123,1.000000,26.671736
0.699297,1.032298,-0.033303,-1.249586,-1.249592,0.825840,0.712619,-0.372801,-1.280653,-2.245805,-3.195672,-1.000000,26.338448
-0.427632,0.328947,-1.217102,1.232098,1.232100,-0.375000,-0.398028,-1.298248,-2.196852,-3.107070,-3.991631,1.000000,26.662964
0.429323,0.726549,-0.297226,-0.394734,-0.394735,-0.072655,0.102374,-0.660506,-1.532821,-2.396058,-3.302683,0.000000,26.557716
1.308293,1.945656,-0.670909,-1.552186,-1.552178,1.261320,1.539747,1.100297,0.229925,-0.600017,-1.557160,-1.000000,26.145493
-0.469484,0.033535,-2.280352,0.033549,0.033543,0.831657,1.304493,1.160293,0.303661,-0.481108,-1.389197,0.000000,26.154263
-0.234270,0.267738,-0.937078,0.201204,0.201195,0.528792,0.930399,0.988409,0.227710,-0.522291,-1.374417,0.000000,26.206884
1.005359,1.005359,-0.536193,-0.133865,-0.133869,0.288212,0.891431,1.076864,0.487610,-0.231471,-1.025875,0.000000,26.171801
-1.424785,0.033138,-1.656726,1.139410,1.139425,-0.907892,-0.324721,-0.013259,-0.475485,-1.146822,-1.878525,1.000000,26.470009
-1.114389,0.557194,-1.179941,1.093439,1.093426,-1.520808,-1.291371,-1.033533,-1.294650,-1.959895,-2.653940,1.000000,26.759439
-0.685375,0.750659,-0.979109,0.426087,0.426100,-1.403400,-1.635119,-1.405572,-1.511099,-2.185243,-2.854292,0.000000,26.873461
-0.934881,0.128946,-1.611863,1.240212,1.240212,-1.876215,-2.520959,-2.477976,-2.511288,-3.139820,-3.794502,1.000000,27.206749
-0.192616,0.353130,-0.770465,0.419084,0.419076,-1.444620,-2.686996,-2.715888,-2.741570,-3.279612,-3.930104,0.000000,27.320766
0.418551,1.513207,-0.515129,-0.288928,-0.288919,-0.592404,-2.153899,-2.296631,-2.282681,-2.754671,-3.388362,0.000000,27.241831
-1.402617,0.223143,-2.518333,0.998075,0.998068,-1.026459,-2.623529,-3.007120,-3.066626,-3.405804,-4.044116,1.000000,27.513723
0.153607,0.983103,-1.904759,3.761549,3.761552,-3.440858,-5.314900,-6.084996,-6.253454,-6.520429,-7.177566,1.000000,28.548666
-1.123592,0.121473,-1.245065,1.167438,1.167438,-3.395082,-5.481326,-6.581639,-6.949591,-7.211662,-7.864083,1.000000,28.881954
-0.060735,0.303671,-1.396899,0.000000,0.000000,-2.314000,-4.542971,-6.069442,-6.559370,-6.861830,-7.475455,0.000000,28.881954
1.510484,1.726267,-1.171387,-1.488008,-1.488009,0.012333,-2.404437,-4.206739,-4.836619,-5.149197,-5.740853,-1.000000,28.452188
-1.096895,0.274223,-2.041432,1.171396,1.171379,-0.262022,-2.830576,-4.704435,-5.534720,-5.931734,-6.438133,1.000000,28.785471
-1.592079,0.120159,-1.982577,1.432057,1.432063,-1.225590,-3.406423,-5.354957,-6.435861,-6.914983,-7.369575,1.000000,29.197697
-0.476755,1.132294,-0.715140,0.811054,0.811078,-1.644832,-3.426714,-5.385395,-6.662709,-7.286069,-7.735414,1.000000,29.434513
0.328444,0.537462,-1.134670,-0.208579,-0.208595,-1.104811,-2.526130,-4.461035,-6.006273,-6.718425,-7.200161,0.000000,29.373114
-0.029836,0.746046,-0.835566,0.059707,0.059721,-0.525221,-1.853182,-3.855570,-5.580428,-6.405255,-6.902421,0.000000,29.390656
-0.621667,0.266430,-1.124917,0.805733,0.805725,-0.751921,-1.924216,-3.978685,-5.747484,-6.725873,-7.296231,1.000000,29.627464
-1.856684,1.189440,-2.001746,2.042635,2.042622,-2.053950,-3.330426,-5.160036,-6.959670,-8.121839,-8.760268,1.000000,30.232641
-0.691836,0.980110,-0.691836,0.638230,0.638234,-2.023631,-3.436142,-5.056205,-6.856435,-8.167188,-8.925715,1.000000,30.425596
-2.870008,0.028132,-3.376480,2.450280,2.450292,-3.213290,-5.011264,-6.503479,-8.282226,-9.785039,-10.618091,1.000000,31.171112
0.821765,1.303483,-1.246821,-0.703433,-0.703430,-1.518854,-3.530756,-5.042043,-6.908483,-8.578078,-9.524899,-1.000000,30.951845
0.740946,1.595902,-0.370479,-0.566736,-0.566748,-0.210882,-2.333993,-3.794050,-5.725274,-7.455112,-8.541841,-1.000000,30.776426
-0.341294,0.455063,-0.483498,0.199487,0.199484,-0.017058,-1.996579,-3.490703,-5.270187,-7.031849,-8.273600,0.000000,30.837820
-0.396710,0.113349,-0.651743,0.369741,0.369757,-0.045346,-1.867395,-3.400408,-5.014179,-6.761133,-8.114679,0.000000,30.951845
-1.555558,0.000000,-1.694447,2.011898,2.011883,-1.761104,-3.105549,-4.737031,-6.213883,-7.915550,-9.408328,1.000000,31.574560
-0.910601,0.027588,-1.296915,0.666672,0.666679,-1.887423,-2.993935,-4.668880,-6.120315,-7.856518,-9.460087,1.000000,31.785061
0.166384,0.721018,-0.721026,-0.496691,-0.496696,-0.859677,-1.877425,-3.594008,-5.001386,-6.780920,-8.430393,0.000000,31.627186
0.139129,1.307738,-0.500838,-0.332784,-0.332786,-0.094593,-1.140781,-2.780551,-4.212568,-5.879792,-7.557032,0.000000,31.521935
0.000000,0.585118,-0.668702,-0.139121,-0.139109,0.378932,-0.668711,-2.212318,-3.666762,-5.205910,-6.870069,0.000000,31.478085
0.250696,1.504170,-0.194986,0.027871,0.027842,0.295279,-0.596083,-1.791998,-3.279927,-4.703047,-6.333316,0.000000,31.486849
0.083319,0.610947,-0.860864,0.306396,0.306436,-0.138864,-0.699817,-1.629188,-3.079711,-4.444331,-6.079803,0.000000,31.583336
-0.689465,0.110317,-0.992819,0.694252,0.694236,-0.717043,-1.061773,-1.851440,-3.273575,-4.563703,-6.198746,1.000000,31.802599
-0.547787,0.246508,-0.766908,0.689465,0.689475,-1.084641,-1.369493,-2.151014,-3.494938,-4.783353,-6.305127,1.000000,32.021870
0.718626,1.022662,-0.552792,-0.903857,-0.903842,-0.022134,-0.223905,-0.983993,-2.252650,-3.555580,-4.975148,-1.000000,31.732443
-2.312298,0.942055,-2.312298,-3.178554,-3.178577,2.763353,2.774766,2.169570,1.176136,-0.149586,-1.486345,-1.000000,30.723803
-1.500419,0.583493,-1.750489,2.740517,2.740510,0.011118,-0.036122,-0.426046,-1.178106,-2.418451,-3.657499,1.000000,31.565792
0.390625,1.255583,-1.339283,-0.416788,-0.416771,0.195308,0.320859,0.130196,-0.477133,-1.673003,-2.838554,0.000000,31.434235
-1.296915,0.386311,-1.572859,1.116077,1.116063,-1.059599,-0.703644,-0.776309,-1.331405,-2.432675,-3.571565,1.000000,31.785061
1.470585,1.526079,-0.166484,-0.551879,-0.551857,-0.588251,-0.111007,-0.086962,-0.596581,-1.616005,-2.748821,-1.000000,31.609653
-2.121866,0.217633,-2.121866,1.997772,1.997773,-1.594129,-1.833523,-1.906070,-2.377598,-3.187174,-4.306326,1.000000,32.241142
0.493421,0.575655,-0.904600,-0.761692,-0.761716,-0.570162,-0.951196,-1.109278,-1.465182,-2.118417,-3.202665,-1.000000,31.995556
0.745856,1.436464,-0.027630,-0.767541,-0.767547,0.397803,-0.201644,-0.318592,-0.549716,-1.093916,-2.142719,-1.000000,31.749975
2.401124,2.824859,-0.169497,-2.209942,-2.209929,2.192089,1.740111,1.832386,1.731631,1.246320,0.267412,-1.000000,31.048323
-0.196464,0.364853,-0.729728,0.649715,0.649713,1.302273,0.928993,1.126391,1.122647,0.698285,-0.186177,1.000000,31.250048
1.724147,1.982767,-0.201147,-2.329503,-1.472276,1.873376,2.458638,2.486607,2.506287,2.153479,1.458706,-1.000000,30.789961
0.781479,1.070909,-0.086828,-0.718391,-0.718384,1.677021,2.873853,3.006918,3.049060,2.842517,2.321308,-1.000000,30.568771
0.465522,0.640096,-0.320049,-0.520984,-0.520976,1.327902,3.075634,3.240964,3.388520,3.332845,2.942894,-1.000000,30.409515
1.059762,1.589629,-0.206061,-1.163800,-1.163794,1.860452,3.713930,4.020486,4.361982,4.445485,4.135410,-1.000000,30.055611
0.118032,0.944231,-0.354084,-0.235508,-0.235510,1.257002,3.416881,3.877487,4.359343,4.563044,4.332239,0.000000,29.984827
0.088490,0.176982,-1.179947,0.029516,0.029495,0.696174,2.637072,3.684572,4.079656,4.321383,4.170621,0.000000,29.993671
-1.081868,0.497070,-1.286558,0.884953,0.884970,-0.391816,1.162872,2.487155,2.947847,3.204550,3.180518,1.000000,30.259106
-0.234266,0.819906,-0.322111,-0.146196,-0.146191,-0.374825,0.802917,2.368158,2.835828,3.168676,3.269627,0.000000,30.214870
-2.006792,1.611080,-2.035051,3.601754,3.601740,-3.041261,-2.620121,-1.293333,-0.854088,-0.445967,-0.271018,1.000000,31.303131
-2.361775,0.250069,-2.389555,1.724141,1.724131,-3.517635,-4.084460,-2.917501,-2.517186,-2.087498,-1.868063,1.000000,31.842838
0.083192,1.497496,-0.471442,0.194496,0.194521,-2.506942,-3.921253,-3.176265,-2.521364,-2.225191,-2.024079,0.000000,31.904779
-1.927784,0.054293,-2.090690,2.135333,2.135332,-3.117033,-5.310898,-5.079740,-4.402791,-4.146273,-3.990515,1.000000,32.586052
0.054648,0.327877,-0.765022,-0.624502,-0.624485,-1.169412,-4.106571,-4.353021,-3.655624,-3.472281,-3.309427,-1.000000,32.382557
-1.505776,0.161336,-1.855335,1.612025,1.612001,-1.763907,-4.762028,-5.494305,-5.013944,-4.896320,-4.703288,1.000000,32.904564
-0.509788,0.053665,-0.992750,0.215114,0.215122,-1.287898,-4.059570,-5.348366,-5.010763,-4.949702,-4.756501,0.000000,32.975349
-0.961028,0.266957,-0.987718,0.509791,0.509796,-1.041112,-3.595840,-5.355053,-5.356436,-5.139785,-5.072976,0.000000,33.143456
0.267303,0.855386,-0.187116,-0.133473,-0.133480,-0.598768,-2.608928,-4.718883,-5.063217,-4.827683,-4.793437,0.000000,33.099216
0.485426,0.997840,-0.134852,-0.882112,-0.882115,0.544766,-0.951999,-3.383679,-4.057179,-3.813280,-3.844057,-1.000000,32.807243
0.053821,0.645861,-0.269104,0.215744,0.215739,0.312172,-0.686214,-3.019370,-3.985464,-3.887374,-3.964255,0.000000,32.878021
0.951049,3.328669,-0.083913,-3.794403,-3.794425,3.418208,3.163668,1.152476,-0.138435,-0.093979,-0.187272,-1.000000,31.630489
-0.114060,0.769889,-0.741372,-1.902098,-1.902048,4.060427,4.881645,3.336163,1.836305,1.686848,1.780795,-1.000000,31.028862
-1.791710,0.335943,-2.379625,1.853439,1.853400,1.220614,2.662388,1.739469,0.146989,-0.213086,-0.067259,1.000000,31.603951
-0.526178,1.052343,-0.747718,1.091825,1.091832,-0.409859,1.417895,1.002499,-0.693708,-1.265905,-1.092864,1.000000,31.949013
-0.165338,0.578669,-0.385778,0.498477,0.498469,-1.383295,0.666862,0.668701,-0.866617,-1.623576,-1.549886,0.000000,32.108269
-1.655349,0.189959,-1.655349,1.543117,1.543151,-2.284950,-0.976947,-0.705573,-1.971518,-2.952523,-2.944398,1.000000,32.603748
-0.618776,0.269040,-0.726382,0.868385,0.868354,-1.996223,-1.907438,-1.361294,-2.375554,-3.532940,-3.714480,1.000000,32.886864
1.196961,1.278569,-0.326439,-1.103040,-1.103027,-0.337324,-0.990206,-0.273844,-0.938515,-2.216535,-2.586409,-1.000000,32.524113
1.846753,2.177511,-0.909587,-1.305764,-1.305773,1.074976,0.099233,0.986778,0.665666,-0.712228,-1.261292,-1.000000,32.099422
0.000000,0.331408,-0.331397,-0.192944,-0.192922,1.226168,0.030363,1.001553,0.974858,-0.272864,-0.967516,0.000000,32.037495
-0.193261,0.414130,-0.552184,0.027622,0.027611,0.850350,0.132517,0.780409,0.978736,-0.043076,-0.912026,0.000000,32.046341
0.553863,0.830792,-0.360014,-0.303700,-0.303710,0.570483,0.725562,0.838182,1.293276,0.506236,-0.489241,0.000000,31.949013
-0.909347,0.110226,-0.909347,0.498477,0.498469,-0.187369,0.383034,0.132277,0.716463,0.238094,-0.822988,0.000000,32.108269
-0.082234,0.630480,-0.630482,0.523557,0.523572,-0.597587,-0.038380,-0.498907,0.175437,-0.028509,-1.146747,0.000000,32.276379
1.064429,1.568619,-0.420174,-2.138155,-2.138155,1.288511,1.980388,1.402422,2.155458,2.191594,1.174600,-1.000000,31.586260
2.775366,2.891009,-0.751657,-3.109246,-3.109257,3.596421,4.599602,4.432890,5.046266,5.309061,4.488784,-1.000000,30.604162
1.177504,1.177504,-0.500447,-1.792423,-1.792407,4.227248,5.566666,6.123038,6.449798,6.984978,6.402699,-1.000000,30.055611
-0.873108,0.436545,-0.960425,1.148072,1.148059,1.920842,3.669968,4.654639,4.797732,5.483124,5.210521,1.000000,30.400667
0.466200,0.582751,-0.320516,-0.116417,-0.116402,0.780879,3.219689,4.428894,4.517763,5.340317,5.349642,0.000000,30.365280
0.321077,0.642154,-0.321062,-0.174831,-0.174835,0.116756,2.831291,4.216774,4.277582,5.182721,5.425182,0.000000,30.312191
-0.611173,0.320140,-0.611173,0.291894,0.291883,-0.308493,1.990690,3.430348,3.771831,4.537838,4.960230,0.000000,30.400667
1.124929,1.746596,-0.177614,-1.688015,-1.688016,1.290713,3.052111,4.537211,5.362649,5.896990,6.537410,-1.000000,29.887499
3.222870,3.222870,-0.091207,-2.634695,-2.634690,3.137735,4.806936,6.581539,7.783524,8.212834,9.020985,-1.000000,29.100056
0.152219,0.639279,-0.426177,-0.121621,-0.121605,2.368330,3.829520,6.015212,7.418559,7.829518,8.773203,0.000000,29.064669
-0.151791,0.030364,-0.941099,0.273976,0.273979,1.287175,2.707940,5.063738,6.616561,7.022449,8.045927,0.000000,29.144300
2.754307,3.599365,0.000000,-3.005459,-3.005469,2.917052,5.064156,7.428264,9.153354,9.862901,10.838801,-1.000000,28.268377
0.280461,0.810215,-0.685569,0.438182,0.438175,1.414777,4.019946,6.124443,7.885635,9.012153,9.797445,0.000000,28.392242
0.031033,0.279243,-1.179026,0.436273,0.436271,0.564700,2.907234,4.823667,6.714245,8.105494,8.784779,0.000000,28.516109
1.478914,1.636243,-0.062936,-1.396212,-1.396204,1.315290,3.565128,5.321999,7.517299,9.091244,9.769237,-1.000000,28.117966
0.251889,0.661206,-0.251889,-0.062936,-0.062938,0.636021,2.843198,4.561292,6.884444,8.589419,9.271617,0.000000,28.100269
-1.414643,0.408683,-1.697576,0.157428,0.157440,0.389807,1.879904,3.814305,6.023252,7.784961,8.686984,0.000000,28.144510
0.890299,1.717008,-0.222582,-1.131713,-1.131727,1.131956,2.305247,4.468467,6.496023,8.291253,9.547426,-1.000000,27.825991
-1.690144,0.563380,-1.784044,1.589825,1.589830,-0.625980,0.410013,2.330719,4.150228,5.994359,7.439741,1.000000,28.268377
1.493492,1.843025,-0.127102,-1.502354,-1.502357,0.692729,1.503025,3.287791,4.942806,6.999686,8.587016,-1.000000,27.843685
1.999352,2.096098,-0.515963,-1.461706,-1.461710,1.702683,2.386333,4.121256,5.743313,7.916160,9.630230,-1.000000,27.436691
-0.482625,1.319176,-0.900904,0.225734,0.225749,1.003852,1.875795,3.183173,4.940466,7.011571,8.764465,0.000000,27.498629
-1.268237,1.712115,-1.395057,1.480055,1.480045,-0.412176,0.215597,1.204817,3.024727,4.871270,6.583170,1.000000,27.905621
0.510201,0.542092,-2.232146,-0.570704,-0.570717,-0.216828,0.513404,1.460470,3.137764,4.844397,6.620969,-1.000000,27.746359
0.481857,1.381304,-0.289104,-0.733425,-0.733419,0.301967,1.047231,1.841750,3.387417,4.931586,6.857274,-1.000000,27.542862
-0.449003,0.224503,-1.443233,0.160620,0.160633,0.250154,0.699160,1.302110,2.727703,4.183443,6.148163,0.000000,27.587105
-0.950567,0.760456,-1.108999,1.218727,1.218722,-0.652726,-0.592521,0.000001,1.047213,2.544995,4.377904,1.000000,27.923315
-1.618926,0.093409,-1.743462,1.774398,1.774388,-2.023655,-2.117052,-1.737225,-0.972903,0.526785,2.144053,1.000000,28.418783
0.217998,0.685148,-0.311439,-0.031127,-0.031120,-1.526009,-2.036752,-1.731550,-1.063533,0.277793,1.741926,0.000000,28.409939
0.596172,0.909943,-0.219649,-0.747431,-0.747432,-0.320051,-1.173519,-0.972702,-0.472231,0.725446,2.025937,-1.000000,28.197594
0.413351,0.858499,-0.381561,-1.317854,-0.348547,0.393165,-0.592043,-0.626565,-0.310062,0.762741,1.969144,0.000000,28.099312
-0.879676,0.282752,-1.036758,1.208264,1.208272,-0.442834,-1.448218,-1.743937,-1.470239,-0.716149,0.497989,1.000000,28.438828
0.157236,1.257868,-0.503145,-0.094254,-0.094258,-0.353664,-1.177002,-1.513727,-1.373798,-0.830203,0.399978,0.000000,28.412022
0.345695,0.879943,-0.282841,0.062896,0.062896,-0.402261,-0.998691,-1.537758,-1.450953,-0.986828,0.105802,0.000000,28.429892
-0.156442,0.125160,-0.876092,0.439972,0.439977,-0.588237,-1.077922,-1.803008,-1.806126,-1.491953,-0.544035,0.000000,28.554977
-0.031260,0.093779,-0.437637,0.093870,0.093868,-0.343859,-0.822680,-1.628006,-1.813978,-1.663058,-0.839113,0.000000,28.581781
-0.992248,0.744192,-0.992248,0.812754,0.812749,-0.886819,-1.313102,-2.116724,-2.489363,-2.380092,-1.822087,1.000000,28.814079
-0.617475,0.710096,-0.648345,0.434105,0.434100,-0.950902,-1.559833,-2.301704,-2.718498,-2.726433,-2.355669,0.000000,28.939161
-1.127027,0.274127,-1.431620,1.358453,1.358450,-1.663111,-2.564723,-3.250648,-3.840952,-3.918834,-3.637950,1.000000,29.332285
1.671300,2.259362,-0.092857,-1.583920,-1.583907,0.136173,-0.764475,-1.387612,-2.116009,-2.268622,-2.109847,-1.000000,28.867689
-1.312176,0.030513,-1.312176,1.423705,1.423702,-0.793411,-1.754655,-2.386685,-3.175462,-3.479502,-3.468649,1.000000,29.278679
-1.151518,0.515145,-1.515152,0.701861,0.701855,-1.030301,-2.084845,-2.714089,-3.513581,-3.970469,-4.003986,1.000000,29.484173
-1.137035,0.000000,-1.316571,1.272721,1.272734,-1.657692,-2.830642,-3.615068,-4.398995,-4.904908,-5.046617,1.000000,29.859428
1.827591,1.918967,-0.700591,-1.765398,-1.765416,0.109660,-0.776725,-1.673262,-2.410571,-3.050830,-3.247419,-1.000000,29.332285
-0.691518,0.270595,-0.841846,1.309765,1.309789,-0.613356,-1.668678,-2.603735,-3.306536,-4.052154,-4.318983,1.000000,29.716476
-1.251857,0.000000,-1.490313,0.871921,0.871897,-1.007440,-2.053639,-3.028303,-3.743913,-4.542696,-4.937475,1.000000,29.975573
-0.976046,0.236610,-1.271813,0.774969,0.774974,-1.289559,-2.345460,-3.383613,-4.105997,-4.918029,-5.440834,1.000000,30.207876
1.106465,1.525126,-0.358849,-1.094357,-1.094350,-0.185408,-0.950956,-1.987639,-2.800885,-3.602017,-4.165717,-1.000000,29.877296
0.543478,0.543478,-0.332129,-0.956938,-0.956937,0.954105,0.093600,-0.778985,-1.662136,-2.421235,-3.090751,-1.000000,29.591389
0.302657,0.332933,-1.361988,-0.241540,-0.241536,1.065365,0.556892,-0.320832,-1.200068,-1.917082,-2.666836,0.000000,29.519915
-0.541353,0.751880,-0.631576,0.635590,0.635584,0.246618,0.066165,-0.697745,-1.553383,-2.251037,-3.026763,1.000000,29.707539
0.699936,0.912961,-0.852097,-1.172929,-1.172935,0.858189,1.211201,0.604587,-0.228239,-0.895282,-1.664601,-1.000000,29.359089
-0.993073,0.481490,-0.993073,1.125986,1.126006,-0.391223,0.027071,-0.347089,-1.123998,-1.827558,-2.559234,1.000000,29.689674
-1.803669,0.206975,-2.158486,1.775504,1.775493,-1.714960,-1.425194,-1.890402,-2.553225,-3.301007,-3.986581,1.000000,30.216812
0.623512,0.950119,-0.356292,-0.413956,-0.413948,-0.926371,-0.890745,-1.211411,-1.892824,-2.647278,-3.305139,0.000000,30.091730
-0.444044,0.621679,-0.503250,0.296909,0.296899,-0.905855,-1.116040,-1.304516,-1.918292,-2.659558,-3.304886,0.000000,30.181072
-1.685551,0.029056,-1.743676,1.865012,1.865023,-1.819243,-2.752114,-2.838331,-3.400184,-4.141829,-4.769433,1.000000,30.743956
-0.145812,1.808104,-0.612421,-0.348733,-0.348745,-0.857390,-2.163894,-2.329154,-2.785069,-3.515895,-4.194842,0.000000,30.636738
0.263775,0.791325,-0.498236,-0.495777,-0.495771,-0.187571,-1.383351,-1.590465,-2.111665,-2.765535,-3.490622,0.000000,30.484850
0.707762,0.766730,-0.206429,-0.615472,-0.615473,0.566204,-0.516072,-0.853241,-1.269540,-1.933356,-2.661951,-1.000000,30.297224
0.922625,1.309533,0.000000,-0.914191,-0.914196,1.386915,0.505963,0.071438,-0.235111,-0.836897,-1.550587,-1.000000,30.020248
-0.029680,0.237383,-0.949555,0.297628,0.297619,0.664694,0.456983,-0.247271,-0.427292,-0.959043,-1.657757,0.000000,30.109594
-1.671064,0.175893,-2.081498,1.216617,1.216635,-0.650846,-0.492532,-1.315360,-1.523023,-1.947825,-2.614101,1.000000,30.475918
0.557345,1.437378,-0.234679,-0.058637,-0.058656,-0.610140,-0.354930,-1.067748,-1.280422,-1.742434,-2.334984,0.000000,30.458042
-1.099222,2.256286,-1.157078,1.408038,1.408065,-1.608346,-1.481067,-2.146382,-2.461686,-2.845255,-3.439412,1.000000,30.886911
-0.748629,0.691048,-0.950181,0.462829,0.462814,-1.410883,-1.661386,-2.313080,-2.741145,-3.067089,-3.621269,0.000000,31.029860
-0.258028,0.086006,-1.519504,0.431906,0.431923,-1.158270,-1.949558,-2.347110,-3.006037,-3.268366,-3.784422,0.000000,31.163885
0.546131,0.689848,-0.517390,-0.258028,-0.258052,-0.511633,-1.552163,-1.795528,-2.561073,-2.860586,-3.305542,0.000000,31.083466
-0.172604,1.898734,-0.489062,-0.086240,-0.086245,-0.040255,-1.283066,-1.530475,-2.241062,-2.554642,-3.036997,0.000000,31.056658
-2.651412,0.083726,-2.846779,3.078263,3.078267,-2.322075,-3.695226,-4.071074,-4.771138,-5.177781,-5.605170,1.000000,32.012665
3.017239,3.390808,-0.057471,-2.874694,-2.874675,0.609187,-0.500008,-1.036406,-1.729892,-2.227594,-2.616867,-1.000000,31.092405
0.373233,1.579096,-0.143563,0.086216,0.086208,0.493816,-0.261276,-1.041257,-1.531733,-2.194668,-2.525609,0.000000,31.119209
2.286714,3.048962,-0.058637,-2.067186,-2.067183,2.216350,1.844026,1.012402,0.675747,-0.051606,-0.400673,-1.000000,30.475918
-1.327942,0.721709,-1.674359,1.553791,1.553784,0.583148,0.444578,-0.433022,-0.746243,-1.405308,-1.750382,1.000000,30.949448
2.623047,3.183018,-1.856767,-2.049651,-2.049665,1.567951,2.357810,1.654401,1.367536,0.762762,0.371367,-1.000000,30.315088
-1.906720,1.056031,-2.992080,0.471559,0.471561,0.674695,1.689657,1.273113,0.937238,0.388397,-0.046922,0.000000,30.458042
-0.116350,1.105285,-1.279820,0.850692,0.850692,-0.436296,0.686452,0.550718,0.081452,-0.281548,-0.834777,1.000000,30.717146
-1.829105,0.057148,-1.886253,1.774290,1.774315,-1.669069,-1.011736,-1.034598,-1.563321,-1.818822,-2.415944,1.000000,31.262165
0.571431,0.999994,-0.942863,0.028574,0.028542,-1.491417,-0.971410,-0.889504,-1.465696,-1.711981,-2.264742,0.000000,31.271088
-0.143346,1.490829,-0.229364,-0.342854,-0.342818,-0.607818,-0.903115,-0.489316,-0.987691,-1.236257,-1.752694,0.000000,31.163885
0.458716,1.232798,-0.114682,0.000000,0.000000,-0.154831,-0.880178,-0.460645,-0.804204,-1.110109,-1.596921,0.000000,31.163885
-2.071083,0.699692,-2.267008,2.436924,2.436885,-1.774395,-2.986266,-2.670006,-2.879911,-3.314841,-3.670097,1.000000,31.923313
1.022727,1.960222,-0.482960,-1.483345,-1.483305,-0.176154,-1.215931,-1.126915,-1.262804,-1.755702,-2.033164,-1.000000,31.449793
-1.147174,0.000000,-1.734759,1.534094,1.534064,-1.270274,-2.400667,-2.437972,-2.523777,-3.058753,-3.334261,1.000000,31.932253
1.502273,1.899099,-1.162132,-1.287082,-1.287050,0.243752,-0.745481,-1.269858,-1.152228,-1.639473,-1.922731,-1.000000,31.521269
-3.269757,0.245232,-3.378752,4.024949,4.024930,-2.643054,-3.874661,-4.744781,-4.708451,-5.107361,-5.452320,1.000000,32.789978
0.819893,0.819893,-1.065862,-0.299730,-0.299720,-1.880298,-2.981696,-4.137753,-4.188315,-4.506160,-4.969493,0.000000,32.691700
0.412080,1.208786,-0.604401,-0.519262,-0.519269,-0.708794,-2.087918,-3.217958,-3.467042,-3.756053,-4.280229,-1.000000,32.521942
-0.356460,0.356449,-1.233894,0.192305,0.192307,-0.499039,-1.872774,-3.069197,-3.417885,-3.679745,-4.249163,0.000000,32.584484
-1.998934,0.479747,-2.611938,2.879076,2.879070,-2.089546,-3.915240,-5.143921,-5.895521,-6.060767,-6.608032,1.000000,33.522614
0.026715,0.614314,-1.095085,-0.213222,-0.213229,-1.485029,-3.026163,-4.344718,-5.341871,-5.570504,-6.066587,0.000000,33.451134
-0.767805,0.344194,-1.032563,0.881413,0.881420,-1.720941,-3.333329,-4.582117,-5.779719,-6.089490,-6.528109,1.000000,33.745979
0.265965,0.398942,-1.329787,-0.450098,-0.450095,-0.638296,-2.257974,-3.687939,-4.889626,-5.365956,-5.796097,0.000000,33.594090
0.213055,0.905459,-0.319571,-0.132976,-0.132973,0.069236,-1.645805,-3.106968,-4.375502,-4.942746,-5.363518,0.000000,33.549419
2.978013,2.978013,-0.222661,-4.314245,-3.517721,3.005103,2.202135,0.673981,-0.571755,-1.432917,-1.760446,-1.000000,32.369244
2.149316,2.884615,-0.424214,-1.586415,-1.586426,3.663901,3.556357,2.441631,1.250405,0.251831,-0.090408,-1.000000,31.855730
-0.564815,0.395366,-0.649534,0.141400,0.141419,2.360671,3.162185,2.292255,1.292938,0.208257,-0.154501,0.000000,31.900780
-1.036122,0.448054,-1.288152,0.847215,0.847211,0.616073,2.186454,1.582366,0.583240,-0.422822,-0.880610,1.000000,32.171047
0.083820,0.977921,-0.335298,0.224032,0.224024,-0.419110,1.852170,1.419581,0.509147,-0.484911,-0.979507,0.000000,32.243118
-1.026350,0.055481,-1.775309,0.726454,0.726440,-1.070719,0.795766,0.884397,-0.013514,-0.936306,-1.645951,1.000000,32.477345
0.222596,0.389546,-0.445186,-0.305132,-0.305120,-0.445182,0.772896,1.108383,0.480026,-0.395895,-1.212557,0.000000,32.378250
0.110348,0.358623,-1.131034,0.862551,0.862548,-0.833102,-0.422178,0.236757,-0.266839,-1.010017,-1.900344,1.000000,32.657528
2.524820,2.836879,-0.141841,-2.758621,-2.758623,1.719150,1.824120,2.919693,2.610783,1.860493,1.017057,-1.000000,31.756630
0.341100,0.483223,-1.392840,-0.198582,-0.198582,1.574758,1.441166,2.937078,2.777300,2.116493,1.296319,0.000000,31.693567
-0.980664,0.084063,-1.092743,1.449684,1.449682,-0.078448,-0.075642,1.182168,1.406888,0.780336,0.039369,1.000000,32.153023
-1.437645,0.082950,-1.880000,1.344912,1.344900,-1.277287,-1.177751,-0.337684,0.029782,-0.382569,-1.070582,1.000000,32.585449
-0.827823,0.855400,-1.545259,0.193542,0.193559,-1.473522,-1.139633,-0.754312,-0.170073,-0.486165,-1.064510,0.000000,32.648521
-1.253403,0.354226,-1.716624,1.269313,1.269319,-1.918269,-2.109003,-2.105366,-1.339538,-1.538320,-2.123028,1.000000,33.062935
1.297620,1.739362,-1.131971,-1.307902,-1.307891,-0.044194,-0.693009,-0.995785,-0.025015,-0.147888,-0.687069,-1.000000,32.630508
1.653124,2.493704,-0.364242,-1.463285,-1.463309,1.440189,0.680870,0.429635,1.246673,1.413548,0.890311,-1.000000,32.153023
-0.899129,0.280975,-1.404889,-0.280188,-0.280198,1.399288,0.865425,0.754909,1.314680,1.607803,1.267265,0.000000,32.062931
-0.307008,0.306997,-1.088482,0.674352,0.674364,0.491208,0.072560,0.158151,0.408817,0.876063,0.625675,1.000000,32.279152
-1.540159,0.605063,-1.677670,1.479204,1.479202,-1.160614,-1.080858,-1.182618,-1.182615,-0.565690,-0.708102,1.000000,32.756626
1.307738,2.365058,-0.027821,-1.155121,-1.155113,-0.161385,0.286587,-0.000002,-0.208681,0.570833,0.498150,-1.000000,32.378250
-0.799559,1.185556,-0.909846,0.918200,0.918206,-0.749941,-0.465959,-0.869415,-1.069763,-0.447906,-0.298483,1.000000,32.675549
0.361918,1.503344,-0.334073,-0.964990,-0.964991,0.400890,0.434298,0.092795,-0.027842,0.387278,0.628736,-1.000000,32.360233
1.689673,1.858631,-0.506888,-1.141425,-1.141441,1.379905,1.388355,1.109558,1.140536,1.326918,1.717591,-1.000000,31.990860
0.000000,2.113867,-0.704622,-0.084478,-0.084471,0.969561,1.130214,1.238255,1.193629,1.208570,1.745383,0.000000,31.963837
-2.597050,0.874795,-2.679070,3.100344,3.100357,-1.716799,-1.812484,-1.550956,-1.741407,-1.907069,-1.276768,1.000000,32.954830
-2.211559,0.000000,-2.771109,2.597039,2.597018,-3.533164,-3.807611,-3.716128,-4.031432,-4.219547,-3.747330,1.000000,33.810673
-0.186121,0.771074,-1.169910,0.213168,0.213172,-2.839671,-3.475138,-3.665689,-4.013560,-4.183992,-3.909616,0.000000,33.882748
0.567422,1.188876,-1.215880,-1.595328,-1.595334,-0.453918,-1.591448,-1.965220,-2.354756,-2.457700,-2.392168,-1.000000,33.342205
-0.268537,0.886139,-0.725029,0.621465,0.621477,-0.123531,-1.962951,-2.474050,-2.690664,-2.895819,-2.999470,1.000000,33.549419
-1.585200,1.056809,-1.585200,1.638013,1.638019,-1.062094,-3.038312,-3.758701,-3.906213,-4.243069,-4.509030,1.000000,34.098965
-0.837477,1.151539,-1.125360,0.951126,0.951108,-1.638307,-3.444116,-4.225761,-4.481801,-4.919122,-5.209795,1.000000,34.423283
-1.139016,0.776596,-1.190792,1.099194,1.099207,-2.179661,-3.792397,-4.742435,-5.201921,-5.674354,-5.958242,1.000000,34.801666
1.128612,1.574811,-0.603672,-1.371998,-1.372018,-0.246701,-1.774260,-3.020104,-3.639088,-4.167961,-4.414680,-1.000000,34.324181
2.831712,3.155334,-0.188792,-2.677155,-2.677153,2.411006,1.359229,-0.222935,-0.937156,-1.334406,-1.662165,-1.000000,33.405270
-1.304227,0.212941,-1.304227,1.321462,1.321480,0.926261,0.300763,-1.235034,-2.049514,-2.366788,-2.786804,1.000000,33.846714
2.191778,2.904112,-0.794523,-2.848017,-2.848025,2.947945,2.958905,1.702285,0.932879,0.584112,0.104112,-1.000000,32.882751
1.104357,2.512424,-0.138054,-0.767121,-0.767098,2.413008,3.371042,2.543691,1.800088,1.367179,0.903714,-1.000000,32.630508
0.192997,0.771985,-0.523843,0.138043,0.138033,1.262747,3.024529,2.542036,1.720421,1.230760,0.766464,0.000000,32.675549
-0.328315,1.614227,-0.766071,0.771985,0.771972,0.197002,2.046518,1.951671,0.967175,0.438857,0.113093,1.000000,32.927795
1.178394,1.397638,-0.602910,-0.164150,-0.164159,-0.230190,1.841606,2.102864,1.208557,0.633604,0.397375,0.000000,32.873741
0.382198,0.764398,-1.173901,0.383664,0.383665,-0.540530,1.021029,1.548829,0.870878,0.351632,0.099198,0.000000,32.999866
1.068212,1.972068,-0.493005,-0.327609,-0.327601,-0.054774,0.772398,1.681739,1.283218,0.782260,0.459244,0.000000,32.891758
-1.706384,0.162519,-1.841809,1.122980,1.122974,-0.812562,-0.666293,0.536308,0.349417,-0.218838,-0.594966,1.000000,33.261124
-0.214653,0.321972,-1.046415,0.948001,0.948032,-1.357684,-1.548182,-0.402490,-0.352852,-1.058245,-1.477527,1.000000,33.576450
-0.481541,0.401279,-0.535048,0.295146,0.295121,-1.171750,-1.888708,-0.779382,-0.539058,-1.195290,-1.663990,0.000000,33.675541
0.671141,0.885911,-1.234897,-0.347782,-0.347775,-0.493963,-1.344968,-0.604925,-0.229534,-0.745238,-1.181211,0.000000,33.558426
-2.158473,0.078963,-2.895507,1.986583,1.986601,-1.653086,-2.800761,-2.653355,-2.122952,-2.460673,-2.895523,1.000000,34.225098
2.604030,2.684564,-0.671141,-1.947886,-1.947904,0.477860,-0.606713,-0.871589,-0.146310,-0.336109,-0.839376,-1.000000,33.558426
0.000000,0.749272,-0.133794,0.322145,0.322161,0.208717,-0.706462,-1.138180,-0.449573,-0.453854,-1.067716,0.000000,33.666538
-0.214253,0.214242,-1.044454,-0.080276,-0.080290,0.267816,-0.399036,-1.099803,-0.437870,-0.292451,-0.863241,0.000000,33.639507
-0.427693,0.775196,-0.454419,0.187467,0.187461,0.165742,-0.376898,-1.122689,-0.731084,-0.491844,-0.947159,0.000000,33.702568
1.027030,2.081081,-0.081078,-1.095964,-1.095958,0.740542,0.859461,0.113512,0.148647,0.544862,0.247745,-1.000000,33.333202
-0.081013,0.567116,-1.350257,0.081078,0.081072,0.540111,0.807465,0.169239,-0.076957,0.465575,0.303364,0.000000,33.360226
1.886792,2.663704,-0.083249,-2.673503,-2.673519,2.563832,3.235314,2.826507,2.523604,3.092137,3.110450,-1.000000,32.468334
-0.138693,1.026350,-0.943135,0.027741,0.027753,1.819699,2.837738,2.716608,2.284339,2.863811,3.032835,0.000000,32.477345
-2.247501,0.162475,-2.653666,2.441057,2.441077,-0.866519,0.300560,0.323124,-0.094784,0.274021,0.523501,1.000000,33.270142
1.630285,1.685549,-0.414474,-2.003794,-2.003803,0.712900,1.854104,2.315559,1.943908,2.054712,2.448190,-1.000000,32.603474
-0.737694,0.874317,-1.502730,1.132907,1.132913,-0.650279,0.535516,1.111111,0.846992,0.747539,1.263203,1.000000,32.972843
3.885717,4.114283,-0.828574,-4.371579,-4.371588,3.297144,4.454285,5.300955,5.235716,5.115431,5.679049,-1.000000,31.531406
1.450116,1.711137,-0.435029,-1.485714,-1.485709,3.944315,5.200110,6.328304,6.531319,6.342224,6.947018,-1.000000,31.062941
-1.571426,0.285709,-2.057146,1.508121,1.508115,1.297145,2.948571,4.320003,4.715717,4.590860,5.052382,1.000000,31.531406
0.700531,0.817288,-0.437820,-2.114291,-1.239558,1.628983,3.536582,4.968992,5.748843,5.712212,5.979020,-1.000000,31.140556
-0.348429,0.522648,-1.567936,0.525397,0.525408,0.031705,2.338637,3.940283,4.883563,4.984462,5.103531,0.000000,31.304171
-2.327658,1.492092,-2.685757,-2.700351,-2.700362,2.103621,4.519107,6.122861,7.282629,7.573867,7.698027,-1.000000,30.458845
1.027501,1.480816,-0.543971,-1.253351,-1.253357,2.744036,5.047697,6.680222,8.046125,8.567333,8.647226,-1.000000,30.077087
-2.359894,0.353976,-2.625380,2.447875,2.447870,-0.176989,1.740387,3.506120,5.019053,5.689404,5.827364,1.000000,30.813335
1.705578,1.765410,-0.568516,-1.415941,-1.415913,0.754029,2.468701,4.343956,5.894006,6.876233,7.100032,-1.000000,30.377045
0.149745,0.479185,-0.868527,-0.089764,-0.089778,0.215633,1.696499,3.776439,5.460549,6.588565,6.940829,0.000000,30.349773
-0.947306,0.000000,-1.332140,1.168014,1.168005,-0.781520,0.253000,2.195293,3.760596,4.983803,5.464783,1.000000,30.704260
-2.903139,0.488640,-3.219324,2.989941,2.989947,-2.684682,-2.480601,-0.951845,0.429324,1.676251,2.271073,1.000000,31.622301
0.695848,1.246727,-0.144978,-0.862314,-0.862309,-1.496093,-1.690355,-0.498724,0.927592,2.278812,2.985169,-1.000000,31.349619
1.943463,1.943463,-1.383972,-1.536686,-1.536698,0.359256,-0.244395,0.679327,2.103414,3.440013,4.373886,-1.000000,30.867870
-0.058950,0.383258,-0.678063,-0.117789,-0.117766,0.790086,-0.280079,0.335017,1.813714,3.208193,4.234272,0.000000,30.831518
3.320122,3.320122,-0.152309,-3.213432,-3.213423,3.557699,2.823610,3.288551,4.753779,6.121996,7.277677,-1.000000,29.840771
-0.151420,0.363413,-1.271962,0.578733,0.578728,1.889756,2.210768,2.461118,3.740566,5.028117,6.253688,1.000000,30.013468
1.624779,1.624779,-0.214592,-1.211390,-1.211406,1.992652,3.071742,3.294506,4.402195,5.769297,7.117225,-1.000000,29.649883
1.000904,1.000904,-0.515626,1.072968,1.072959,0.309386,1.841075,1.937121,2.854182,4.197313,5.506588,1.000000,29.968014
0.712736,1.084596,-0.464831,-2.123145,-2.123140,1.462669,3.703136,3.700035,4.464616,5.908189,7.314902,-1.000000,29.331751
0.716523,1.090352,-1.028031,-0.526811,-0.526801,1.545172,3.728975,3.956387,4.614424,6.017882,7.370355,-1.000000,29.177231
0.000000,1.493931,-0.622474,0.093467,0.093460,0.896354,2.804234,3.660130,4.198566,5.470624,6.763899,0.000000,29.204500
1.382344,1.759343,-0.377006,-0.933710,-0.933712,1.350928,2.937486,4.203587,4.731389,5.864898,7.220507,-1.000000,28.931814
-1.988370,0.917721,-1.988370,2.701850,2.701860,-1.486696,-0.159069,1.313346,1.736003,2.690782,3.993706,1.000000,29.713511
0.648345,0.648345,-1.667178,-0.917712,-0.917714,-0.500154,0.293303,2.045900,2.361840,3.162038,4.513150,-1.000000,29.440826
-0.397669,1.193035,-0.397669,0.926212,0.926214,-1.052311,-0.669931,0.887121,1.297031,1.970583,3.244976,1.000000,29.713511
-0.880659,1.062858,-1.548746,0.734173,0.734174,-1.287585,-1.421204,-0.224724,0.534461,1.076215,2.209002,1.000000,29.931660
-2.520765,0.800715,-2.906284,2.399031,2.399015,-2.479234,-3.404503,-2.714504,-1.847561,-1.406875,-0.470546,1.000000,30.649725
0.992487,2.315789,-0.541353,-1.393834,-1.393827,-0.763908,-1.954887,-1.481701,-0.485713,-0.134736,0.673728,-1.000000,30.222521
0.692768,1.867467,-0.090370,-0.150373,-0.150361,-0.126517,-1.527120,-1.477922,-0.364470,-0.133748,0.516513,0.000000,30.177078
-0.329739,0.929248,-0.449646,0.481928,0.481929,-0.203846,-1.621714,-1.844537,-0.905288,-0.630709,-0.098475,0.000000,30.322510
0.240897,0.933457,-0.933445,-0.449646,-0.449663,0.415548,-0.852143,-1.363035,-0.695563,-0.167410,0.255955,0.000000,30.186161
1.187576,1.735688,-0.274056,-1.114119,-1.114116,1.010968,0.572477,-0.207062,0.172050,0.828262,1.197729,-1.000000,29.849852
0.707257,1.353010,-0.368998,-0.974421,-0.974417,1.555967,1.509840,0.682655,0.936347,1.709716,2.015168,-1.000000,29.558990
0.709220,1.387607,-0.215846,-0.276753,-0.276748,1.362931,1.803881,0.994958,0.986736,1.873568,2.091678,0.000000,29.477186
-3.187370,0.476616,-3.366104,3.515264,3.515254,-1.954124,-1.391118,-2.142782,-2.332436,-1.610958,-1.369275,1.000000,30.513384
-0.862841,0.327284,-1.547162,0.119157,0.119154,-1.832785,-1.306155,-1.965681,-2.360902,-1.868488,-1.435086,0.000000,30.549742
-0.700149,0.608831,-1.674274,-2.261241,-2.261250,0.444462,0.712350,0.509407,-0.066951,0.202152,0.738733,-1.000000,29.858936
-1.497903,0.599164,-1.497903,1.613403,1.613423,-0.635121,-0.847820,-0.948679,-1.592278,-1.458364,-0.864797,1.000000,30.340687
-1.064147,0.738989,-1.359749,1.348116,1.348107,-1.129181,-1.980493,-1.982463,-2.670708,-2.779782,-2.140114,1.000000,30.749712
0.029592,0.591719,-0.207098,-0.088688,-0.088681,-0.905328,-1.763316,-1.676529,-2.332840,-2.578698,-2.051282,0.000000,30.722443
1.107778,1.137716,-0.179647,-1.183423,-1.183431,0.155686,-0.529942,-0.405191,-0.973055,-1.366469,-1.016966,-1.000000,30.358864
-0.328852,0.298948,-1.046347,0.149698,0.149689,0.364734,-0.496255,-0.607863,-0.878914,-1.414639,-1.268550,0.000000,30.404308
0.389446,0.928694,-0.299587,-0.209268,-0.209250,0.575187,-0.029967,-0.373484,-0.567712,-1.158785,-1.119439,0.000000,30.340687
0.452756,0.875330,-0.181108,-0.748951,-0.748961,0.911562,0.935708,0.364224,0.294298,-0.309083,-0.452759,-1.000000,30.113447
-0.657493,0.149429,-1.075915,0.996070,0.996080,-0.286912,-0.092651,-0.605701,-0.579798,-1.129708,-1.371789,1.000000,30.413401
-0.356397,1.039507,-0.445495,0.627612,0.627605,-0.748435,-0.697944,-1.134534,-1.089983,-1.563401,-1.922574,1.000000,30.604277
0.359386,0.389341,-1.018269,-0.831598,-0.831596,0.047921,0.296499,-0.195665,-0.309970,-0.551060,-1.023257,-1.000000,30.349773
0.666860,1.545917,-0.545623,-1.197955,-1.197960,1.024550,1.394361,1.109425,0.859351,0.691118,0.178842,-1.000000,29.986195
-1.544863,1.099225,-1.723108,2.030912,2.030925,-0.671427,-0.674398,-0.659544,-1.079923,-1.162216,-1.677566,1.000000,30.595192
1.661126,2.506789,-0.362425,-1.633984,-1.633995,0.767141,0.767141,0.898018,0.525522,0.530356,0.057387,-1.000000,30.095268
0.573839,0.906068,-0.332229,0.000000,0.000000,0.428875,0.679554,0.797343,0.510421,0.552101,0.156048,0.000000,30.095268
0.090659,0.725301,-0.423086,-0.060408,-0.060411,0.308258,0.631619,0.906627,0.608953,0.536727,0.343516,0.000000,30.077087
-2.818564,0.851430,-2.935995,2.931402,2.931414,-1.920147,-2.034652,-1.834025,-2.030247,-2.231362,-2.380119,1.000000,30.958771
2.187591,2.397360,-0.659266,-2.025843,-2.025846,-0.065926,0.062933,0.103888,0.136352,-0.189389,-0.263706,-1.000000,30.331594
-1.482799,0.118615,-1.779365,1.048852,1.048844,-0.741397,-0.898572,-0.950964,-0.880778,-1.182676,-1.197108,1.000000,30.649725
-0.975748,0.443527,-1.951508,0.296557,0.296570,-0.615027,-1.147255,-1.161054,-1.142820,-1.402725,-1.401542,0.000000,30.740623
-0.617281,0.058792,-1.851855,0.591366,0.591374,-0.652567,-1.543221,-1.630425,-1.552040,-1.843633,-1.951805,1.000000,30.922415
-0.175844,0.293089,-1.230944,0.293942,0.293932,-0.908556,-1.500585,-1.774131,-1.732122,-1.943728,-2.154161,0.000000,31.013306
-2.010916,0.488363,-2.556745,2.022280,2.022287,-2.045397,-3.122676,-3.399417,-3.539224,-3.613916,-3.939492,1.000000,31.640484
1.851858,2.469139,-0.558489,-2.269466,-2.269463,0.405640,-0.605535,-1.046454,-1.266913,-1.322763,-1.644142,-1.000000,30.922415
1.943783,2.153113,-0.867216,-1.704882,-1.704909,1.919878,1.217124,0.624022,0.451573,0.368439,0.084747,-1.000000,30.395216
-1.005025,0.561626,-1.152832,1.166277,1.166289,0.632574,0.268991,-0.449307,-0.650312,-0.672778,-0.971527,1.000000,30.749712
0.884173,1.768344,-0.559971,0.295590,0.295603,0.223985,-0.064847,-0.558020,-0.862078,-0.900687,-1.124874,0.000000,30.840609
1.408020,2.336726,-0.389458,-1.620981,-1.620986,1.018569,1.584777,1.024559,0.808861,0.678243,0.599153,-1.000000,30.340687
-1.069839,0.356606,-2.080241,0.808871,0.808864,-0.011890,0.748886,0.320948,0.028228,-0.147403,-0.200103,1.000000,30.586102
0.906615,1.601689,-0.423086,-1.664196,-0.749850,0.718194,1.383606,1.136313,0.743188,0.606720,0.532709,-1.000000,30.356752
-1.043536,0.089442,-1.073348,1.359930,1.359931,-0.620211,-0.026313,-0.070579,-0.540250,-0.695620,-0.717471,1.000000,30.769583
-2.347829,0.637684,-2.956522,2.862251,2.862258,-2.873925,-2.606937,-2.705570,-3.044943,-3.293368,-3.342196,1.000000,31.650288
-0.376924,0.260945,-0.840826,-0.028980,-0.028989,-2.023776,-2.578497,-2.401446,-2.851550,-3.072202,-3.220260,0.000000,31.641113
-0.982091,0.375508,-1.213166,0.376912,0.376918,-1.652222,-2.680480,-2.534800,-2.954209,-3.266526,-3.474737,0.000000,31.760374
0.786472,1.048637,-0.203915,-0.837657,-0.837663,-0.099039,-1.509396,-1.551930,-1.912312,-2.336337,-2.539173,-1.000000,31.494329
-0.319214,0.493331,-0.638413,0.378669,0.378687,0.058031,-1.607697,-1.777578,-2.039342,-2.544873,-2.779346,0.000000,31.613594
-0.145360,0.436038,-0.726744,-0.174106,-0.174134,0.174428,-1.208571,-1.491061,-1.773437,-2.175582,-2.481122,0.000000,31.558544
1.386846,1.445860,-0.855713,-1.482567,-1.482559,1.327833,0.519336,-0.126525,-0.173180,-0.639706,-0.908819,-1.000000,31.090670
-0.147272,0.441817,-0.324009,0.177049,0.177024,0.754072,0.521380,-0.255217,-0.269963,-0.680380,-1.005550,0.000000,31.145708
0.000000,0.412368,-0.736377,0.000000,0.000000,0.530207,0.774691,-0.094576,-0.204932,-0.545474,-0.947604,0.000000,31.145708
0.472953,0.561626,-0.738989,-0.353458,-0.353445,0.514332,1.217859,0.321203,0.167279,-0.069169,-0.522603,0.000000,31.035625
0.058829,0.676667,-0.676681,0.472953,0.472960,-0.200070,0.591348,-0.077966,-0.277127,-0.510889,-0.863003,0.000000,31.182411
0.118589,0.504008,-1.215535,-0.764937,-0.764941,0.474353,1.141423,0.822225,0.379016,0.335159,-0.061257,-1.000000,30.943884
1.077202,1.256739,-0.299216,-0.919069,-0.919060,1.089166,1.720529,1.773395,1.267239,1.267127,0.927104,-1.000000,30.659491
-0.833578,1.309911,-0.952664,0.508683,0.508684,0.363199,0.985407,1.357546,0.822901,0.764317,0.494205,0.000000,30.815451
-0.239312,0.299130,-1.046958,-0.476332,-0.476339,0.604250,1.160633,1.820725,1.292245,1.213499,1.039487,0.000000,30.668665
1.238294,1.268493,-0.211416,-0.957221,-0.957198,1.044981,1.748691,2.524896,2.194558,2.107633,1.951931,-1.000000,30.375105
-0.181220,0.543642,-0.543645,0.000000,0.000000,0.670478,1.513115,2.247035,2.200223,1.941000,1.956706,0.000000,30.375105
-0.380342,0.321829,-0.965483,3.231649,3.231637,-2.036276,-1.597430,-1.039599,-0.876246,-1.194832,-1.159863,1.000000,31.356718
0.408756,0.496345,-0.583945,0.204798,0.204776,-1.851074,-1.710932,-1.257405,-0.909471,-1.266171,-1.289679,0.000000,31.420929
0.560466,1.209437,-0.088504,-1.021892,-1.021876,-0.560470,-0.675519,-0.348090,0.166663,-0.201784,-0.251551,-1.000000,31.099846
-0.207036,0.532390,-0.621127,-0.265490,-0.265484,0.118304,-0.464365,-0.199162,0.331256,0.086653,0.014397,0.000000,31.017281
-0.705888,0.264706,-1.205882,0.561961,0.561961,0.082349,-0.941178,-0.735300,-0.301475,-0.363532,-0.592476,1.000000,31.191586
-0.526624,0.380342,-1.111764,0.529412,0.529412,-0.444709,-1.240492,-1.213190,-0.890876,-0.789939,-1.069812,0.000000,31.356718
-0.145940,0.788094,-0.204317,0.234049,0.234026,-0.671314,-1.275515,-1.383514,-1.132494,-0.884973,-1.191039,0.000000,31.430101
1.789448,2.117516,-0.089469,-2.130762,-2.130747,1.270507,0.903676,0.703853,0.881304,1.271703,0.961326,-1.000000,30.760405
0.838317,1.017964,-0.658689,-0.387704,-0.387690,1.419144,1.383218,0.978028,1.124233,1.534115,1.332568,0.000000,30.641150
1.402436,1.646345,-0.091460,-1.796416,-1.796414,2.542673,3.143283,2.636171,2.807916,3.185356,3.158528,-1.000000,30.090708
0.061013,0.488103,-0.305061,-0.060976,-0.060986,1.751067,2.779134,2.568642,2.692191,3.023795,3.164533,0.000000,30.072357
2.279110,2.279110,0.000000,-2.287981,-2.287978,2.741183,4.492663,4.645646,4.797064,5.148921,5.469871,-1.000000,29.384308
-0.093426,0.342572,-1.183435,0.249772,0.249763,1.600754,3.674871,4.110873,4.268144,4.594208,5.058655,0.000000,29.457699
0.880513,1.949682,-0.031440,-0.965438,-0.965428,1.584906,4.053458,4.851153,4.940251,5.286790,5.799789,-1.000000,29.173306
1.686827,2.227877,-0.445573,-1.194965,-1.194969,1.935073,4.490770,5.760662,5.841821,6.245702,6.753659,-1.000000,28.824694
-0.693350,0.031516,-0.913958,0.986633,0.986623,0.277348,2.697770,4.212636,4.541454,4.927838,5.407090,1.000000,29.109085
-0.343207,0.873644,-0.561616,1.008506,1.008527,-0.711397,0.982833,2.714501,3.257403,3.643050,4.117515,1.000000,29.402658
0.031309,0.845329,-0.970576,-0.343207,-0.343224,-0.475890,0.832816,2.659155,3.379779,3.763309,4.213109,0.000000,29.301741
-2.075069,0.396710,-2.105578,2.598619,2.598631,-2.404643,-1.913340,-0.152584,0.709486,0.986263,1.407785,1.000000,30.063185
-0.092018,0.889574,-0.613485,-0.518773,-0.518781,-1.171772,-1.463183,0.081807,1.156449,1.374242,1.804710,-1.000000,29.907223
0.523071,1.076917,-0.461545,-0.306742,-0.306742,-0.393844,-1.246153,0.045129,1.209232,1.572925,1.969232,0.000000,29.815485
-0.763359,0.458021,-1.068696,0.769231,0.769221,-0.726710,-1.780144,-1.025943,0.207644,0.694973,1.068713,1.000000,30.044832
0.489297,0.733939,-0.764526,-0.152669,-0.152645,-0.110107,-1.449557,-1.043847,0.177355,0.759619,1.108038,0.000000,29.998970
0.030513,0.549286,-0.671349,0.214064,0.214057,-0.323472,-1.364058,-1.383384,-0.195306,0.502894,0.767974,0.000000,30.063185
-0.304408,0.091333,-1.035008,0.244120,0.244123,-0.414003,-1.168952,-1.613396,-0.613396,0.226482,0.433281,0.000000,30.136576
-2.203043,0.327481,-2.203043,2.252670,2.252661,-1.958914,-2.792497,-3.620125,-2.890742,-2.051801,-1.762428,1.000000,30.815451
0.298591,0.865921,-0.686784,-0.297702,-0.297708,-1.224241,-2.072260,-3.041704,-2.715735,-1.850104,-1.479047,0.000000,30.723711
0.149745,0.149745,-0.898470,-0.298606,-0.298597,-0.515123,-1.344713,-2.495757,-2.445341,-1.617250,-1.187979,0.000000,30.631971
1.616846,1.769378,-0.030503,-1.826894,-1.826895,1.342283,0.494205,-0.482000,-0.724526,0.087860,0.617248,-1.000000,30.072357
0.030513,0.671144,-0.244045,0.000000,0.000000,1.299574,0.549117,-0.205409,-0.727577,-0.061012,0.583690,0.000000,30.072357
4.513451,4.545455,-0.512164,-4.697984,-4.697989,4.788735,5.102437,4.609479,3.919658,4.489120,5.228343,-1.000000,28.659561
1.067616,1.811708,-0.032352,-1.056338,-1.056332,4.238107,5.629245,5.480424,4.847943,5.171140,5.991586,-1.000000,28.356821
0.881492,2.285345,0.000000,-0.905859,-0.905856,3.388832,5.919032,6.159536,5.564803,5.753835,6.604634,-1.000000,28.099949
-0.483871,1.193552,-0.709674,1.207969,1.207963,1.006452,4.083872,4.511829,4.175807,4.181936,5.030108,1.000000,28.439386
0.931281,1.926786,-1.573536,0.451610,0.451613,-0.500963,3.066795,3.729395,3.662492,3.500321,4.251766,0.000000,28.567822
-1.674562,0.410746,-1.674562,1.637768,1.637766,-1.845181,0.793048,1.878884,1.979463,1.689731,2.305423,1.000000,29.035696
-0.436270,1.215332,-0.654413,1.390205,1.390213,-2.455599,-1.025249,0.344857,0.587403,0.302890,0.677255,1.000000,29.439354
-1.171035,0.400619,-1.232672,1.121848,1.121842,-2.416027,-2.412947,-0.819726,-0.449927,-0.767955,-0.550594,1.000000,29.769617
2.236217,2.456690,-0.125987,-2.157168,-2.157162,0.207871,-0.585832,1.152750,1.584245,1.413537,1.468760,-1.000000,29.127438
0.567286,1.449729,-0.063035,-0.062992,-0.063009,0.642937,-0.854070,0.981206,1.511199,1.516556,1.420327,0.000000,29.109085
-0.656452,0.156302,-2.281963,0.819414,0.819431,0.037508,-1.425451,-0.172977,0.606433,0.723970,0.513695,1.000000,29.347614
-1.633782,0.647358,-1.942047,1.406686,1.406680,-1.134399,-2.321205,-1.773528,-0.836926,-0.625152,-0.838469,1.000000,29.760441
0.839034,1.243014,-0.683658,-0.801477,-0.801480,-0.503416,-1.050338,-1.230575,-0.116529,0.207585,-0.030037,-1.000000,29.521917
0.436273,1.402309,-0.467432,-0.279677,-0.279667,-0.012472,-0.433162,-1.096921,0.057644,0.403857,0.280454,0.000000,29.439354
-2.600181,0.305910,-2.691955,1.869738,2.863419,-2.020966,-2.638641,-3.803871,-2.703605,-2.341547,-2.350613,1.000000,30.282326
-0.702290,0.427478,-1.770998,0.183545,0.183553,-1.547636,-2.387786,-3.611306,-2.960572,-2.451593,-2.394508,0.000000,30.337910
-1.481264,0.241832,-1.813791,1.007640,1.007630,-1.953366,-2.968559,-4.075358,-3.941687,-3.346555,-3.233212,1.000000,30.643604
-1.376830,0.808141,-1.466633,0.997576,0.997575,-1.999395,-3.545794,-4.409060,-4.839211,-4.178399,-4.011552,1.000000,30.949297
-1.101185,0.059527,-1.696426,0.568686,0.568679,-1.470225,-3.449330,-4.374300,-5.208164,-4.583739,-4.440585,1.000000,31.125299
-2.018719,0.292566,-2.486829,1.726197,1.726213,-2.270340,-4.281245,-5.345379,-6.565585,-6.010093,-5.877353,1.000000,31.662588
0.591719,1.893491,-0.147926,-1.111764,-1.111763,-0.550301,-2.578183,-3.796844,-5.091795,-4.890147,-4.660000,-1.000000,31.310575
2.303024,2.878791,-0.242430,-2.366861,-2.366858,1.812112,0.048214,-1.218187,-2.429086,-2.604637,-2.291523,-1.000000,30.569498
0.061278,2.757359,-1.501216,-1.090912,-1.090917,2.463235,1.387869,-0.025840,-0.999697,-1.582798,-1.187715,-1.000000,30.236010
9.111836,10.065786,-0.098681,-6.862742,-6.862744,7.907897,8.404604,7.111885,6.245632,5.397503,5.868032,-1.000000,28.160990
-0.826975,1.240455,-2.417306,3.421056,3.421055,2.595420,4.421117,3.572245,2.826693,1.780874,2.250187,1.000000,29.124393
-0.189152,0.220687,-1.670864,0.890579,0.890583,0.378312,3.174652,2.666193,1.978249,0.981018,1.185191,1.000000,29.383770
0.636943,1.464971,-1.496815,-1.008824,-1.008832,0.382170,3.691086,3.558207,2.957012,2.110588,2.028858,-1.000000,29.087337
1.300390,1.430432,-1.462942,-2.038217,-2.038217,1.248378,4.987000,5.472480,4.875408,4.290508,3.901648,-1.000000,28.494474
1.502006,2.269693,-0.700931,-2.600783,-2.600781,3.658215,6.575441,7.883850,7.428276,6.976434,6.397539,-1.000000,27.753395
0.801075,1.268361,-0.433909,0.000000,0.000000,2.670229,5.166895,7.276373,7.184038,6.859053,6.119019,0.000000,27.753395
-0.528751,0.297422,-1.057498,1.001338,1.001348,0.687367,2.954388,5.664235,5.886600,5.656306,4.992225,1.000000,28.031303
0.942130,1.278604,-0.437413,-1.784537,-1.784548,1.386276,3.721406,6.830423,7.405648,7.298797,6.799927,-1.000000,27.531071
-0.726316,0.132053,-1.056461,1.917907,1.917909,-0.831961,0.993724,4.133374,5.123801,5.035783,4.785293,1.000000,28.059092
1.846254,2.416915,-0.201413,-1.650710,-1.650698,0.718350,2.484041,5.028520,6.554198,6.576716,6.442130,-1.000000,27.595921
1.008400,1.210087,-0.369751,-0.134277,-0.134288,0.712609,2.053782,4.177033,6.203363,6.495023,6.463225,0.000000,27.558863
-0.067343,0.437707,-0.505057,-0.168064,-0.168062,0.505049,1.545451,3.432096,5.868683,6.407505,6.457910,0.000000,27.512547
-0.895229,0.895225,-0.895229,1.548818,1.548806,-0.736062,-0.414446,1.226801,3.769905,4.523769,4.655185,1.000000,27.938663
-0.590361,0.327976,-1.279108,1.094164,1.094186,-1.679246,-1.580856,-0.338919,2.167914,3.211535,3.342450,1.000000,28.244364
-1.706368,0.193181,-1.963934,1.869462,1.869460,-2.665811,-3.032843,-2.026190,-0.115908,1.224722,1.404825,1.000000,28.772381
-1.647137,1.172002,-2.058917,1.641987,1.641981,-3.085208,-4.089325,-3.581461,-2.142858,-0.552425,-0.217854,1.000000,29.244818
0.291168,2.070524,-0.129405,-2.090592,-2.090596,-0.232932,-1.831120,-1.697399,-0.520865,1.332904,1.829588,-1.000000,28.633427
1.343381,2.228050,-0.065531,-1.261728,-1.261732,1.277858,-0.314541,-0.633459,0.344042,2.292273,2.955350,-1.000000,28.272150
7.097685,7.449055,-0.175682,-6.749676,-6.749667,7.182010,6.257907,6.020146,6.872804,9.000703,10.008199,-1.000000,26.363874
-0.964852,1.619573,-1.929707,1.967678,1.967666,3.707793,3.942116,3.758336,4.572716,6.266032,7.568352,1.000000,26.882627
-0.687991,0.584795,-2.132779,0.172295,0.172301,1.809424,3.529413,3.375762,3.985209,5.380119,6.968239,0.000000,26.928946
-0.406783,0.745759,-1.491529,1.479188,1.479196,-0.630517,1.952535,1.697169,2.093214,3.261011,5.041801,1.000000,27.327278
0.342459,2.191777,-0.410962,-1.016946,-1.016947,-0.513706,2.671226,2.623281,2.765403,3.801362,5.678073,-1.000000,27.049374
0.823324,1.406515,-0.720408,-0.171236,-0.171242,0.130362,2.387652,2.538596,2.665525,3.500516,5.372214,0.000000,27.003054
-1.178455,0.202017,-1.919199,1.886796,1.886798,-1.265994,0.033666,0.619525,0.720536,1.489559,2.983162,1.000000,27.512547
1.609586,1.883558,-0.479459,-1.683502,-1.683497,0.513695,0.934924,2.216888,2.315062,2.920540,4.178075,-1.000000,27.049374
-1.106640,0.000000,-2.347414,2.123284,2.123284,-1.361502,-1.529178,0.118485,0.114014,0.525818,1.567177,1.000000,27.623709
-1.023099,1.485152,-1.254122,1.609655,1.609657,-2.198020,-3.161717,-1.436745,-1.376239,-1.211884,-0.338837,1.000000,28.068356
0.099308,0.728239,-1.125449,-0.297030,-0.297036,-1.204893,-2.293938,-1.204895,-1.095660,-0.990397,-0.310049,0.000000,27.984983
0.597411,1.294394,-0.265516,-0.264813,-0.264813,-0.657147,-1.666108,-1.148354,-0.776631,-0.704941,-0.075226,0.000000,27.910875
-2.623054,0.323837,-3.335489,2.489213,2.489216,-1.981865,-3.468262,-3.698186,-3.003561,-2.997408,-2.562607,1.000000,28.605637
0.162236,0.648929,-0.551590,-0.194297,-0.194301,-1.142115,-2.852042,-3.530174,-2.633029,-2.735884,-2.470257,0.000000,28.550056
-0.290042,1.095714,-0.418953,0.681379,0.681382,-1.340644,-2.919759,-4.073482,-3.151793,-3.225270,-3.170056,1.000000,28.744591
1.372998,1.928735,-0.196139,-1.417986,-1.417989,0.326905,-1.052630,-2.229485,-1.742398,-1.794049,-1.795793,-1.000000,28.336996
0.855548,1.020079,-0.526486,-0.653812,-0.653795,1.158266,-0.174410,-1.285521,-1.206000,-1.068784,-1.102348,-1.000000,28.151730
-1.453485,0.613698,-3.779063,1.875617,1.875597,-0.652446,-1.443790,-2.695943,-3.123378,-2.733842,-2.815453,1.000000,28.679743
2.068290,2.232436,-0.361126,-1.614987,-1.614983,0.741961,0.384114,-0.888593,-1.607022,-1.037423,-1.198289,-1.000000,28.216570
0.629559,0.927763,-0.728963,-0.919235,-0.919236,1.113321,1.275680,0.247407,-0.750495,-0.116631,-0.230835,-1.000000,27.957193
-1.209944,0.425111,-1.373447,1.325381,1.325387,-0.215831,0.071938,-0.752129,-1.702096,-1.411384,-1.504255,1.000000,28.327734
0.558109,1.280371,-0.262640,-0.392417,-0.392421,0.223245,0.574528,-0.194787,-1.078459,-1.101769,-1.042894,0.000000,28.216570
-1.386649,0.128987,-1.547885,1.805650,1.805659,-1.522097,-1.167373,-1.575843,-2.520162,-2.928096,-2.662590,1.000000,28.726065
3.348962,3.516406,-0.066983,-3.708478,-3.708479,1.868713,2.317473,2.223701,1.294364,0.669782,1.104031,-1.000000,27.660765
2.399729,2.845389,-0.651354,-2.310787,-2.310800,3.585885,4.100110,4.383506,3.685300,2.865965,3.382478,-1.000000,27.021580
1.716294,1.996504,-0.525391,-2.125475,-2.125475,4.413321,5.646246,6.262708,5.831885,5.112445,5.401062,-1.000000,26.447243
0.280112,1.435574,-1.260497,0.035026,0.035036,3.046220,4.968487,5.859011,5.595239,5.011206,5.072363,0.000000,26.456509
-0.454708,0.174883,-2.378454,0.105046,0.105048,1.245185,4.029376,5.213939,5.377749,4.833854,4.614662,0.000000,26.484301
2.686246,4.226361,-0.752153,-2.343477,-2.343490,2.285105,5.616055,7.046332,7.566270,7.123219,6.768156,-1.000000,25.863644
-1.409947,0.211487,-1.409947,1.611751,1.611745,0.098702,3.302795,4.723310,5.519926,5.307026,4.822007,1.000000,26.280500
-0.526128,0.245528,-1.438092,0.493475,0.493491,-0.420909,2.069447,3.722669,4.703611,4.700104,4.313105,0.000000,26.410192
-1.993127,0.000000,-2.199316,2.069449,2.069443,-2.068727,-0.467351,1.324172,2.403784,2.494850,2.207336,1.000000,26.956736
1.356990,1.635348,-0.208768,-1.237113,-1.237105,-0.737656,-0.010445,2.078399,3.314191,3.714678,3.449312,-1.000000,26.623253
0.925596,1.459594,-1.281595,-2.261656,-2.261658,1.680309,1.673188,3.878008,5.218937,5.868278,5.675802,-1.000000,26.021126
-2.117314,1.388407,-2.221447,2.563186,2.563183,-0.555358,-0.992709,0.964947,2.204100,3.015624,2.989707,1.000000,26.688095
-0.661103,0.939457,-0.835073,-0.242968,0.842102,-1.012256,-1.646489,-0.228670,1.086037,1.996020,2.118497,1.000000,26.912836
-0.103918,0.381015,-0.658126,0.452335,0.452345,-1.400421,-1.875558,-0.969426,0.424222,1.407067,1.599715,0.000000,27.034575
0.525210,1.470592,-0.035014,-1.073786,-1.073792,-0.239668,-0.713260,-0.388510,1.152427,2.229394,2.664500,-1.000000,26.744280
0.811574,1.905430,-0.282287,-0.770305,-0.770299,0.924484,0.311690,0.102771,1.621448,2.719751,3.325127,-1.000000,26.538269
-1.082024,0.034904,-1.326353,1.093860,1.093858,-0.062829,-0.569422,-1.028327,0.311540,1.322630,2.053087,1.000000,26.828560
3.250267,4.044774,-0.325031,-3.350782,-3.350787,2.643556,2.692446,2.269887,3.326865,4.464067,5.326997,-1.000000,25.929592
-1.493599,0.213368,-2.240402,1.552907,1.552913,0.540536,0.884953,0.674553,1.389030,2.590251,3.516538,1.000000,26.332256
0.106538,1.526989,-0.177553,0.142244,0.142248,0.113634,0.645503,0.502580,0.798220,2.094119,3.086860,0.000000,26.369713
1.000004,1.750000,-1.500000,-0.568182,-0.568190,0.442862,1.296432,1.167465,1.099449,2.372916,3.379701,-1.000000,26.219883
1.120347,1.445609,-0.216838,-1.178571,-1.178567,0.932418,2.204553,2.278908,2.090850,3.277936,4.248083,-1.000000,25.910864
-0.755943,0.323974,-1.367894,0.397546,0.397548,0.597549,1.454279,1.772344,1.603302,2.513194,3.537611,0.000000,26.013872
0.180502,0.433209,-0.794227,-0.287977,-0.287981,0.584838,1.324909,1.804692,1.796981,2.458039,3.552284,0.000000,25.938957
0.470670,0.796521,-0.217241,-0.288809,-0.288820,0.485165,1.278070,1.903884,1.971935,2.312190,3.489346,0.000000,25.864040
1.135123,1.537902,-0.109843,-1.122382,-1.122365,1.120468,2.050531,2.943976,3.072746,3.147110,4.319588,-1.000000,25.573751
-1.328546,0.107716,-1.543986,1.977301,1.977305,-0.710957,-0.215446,0.792334,1.035650,1.002617,2.056861,1.000000,26.079422
1.499634,1.792246,-0.292612,-1.831239,-1.831241,0.819308,1.517919,2.331135,2.762501,2.754637,3.605722,-1.000000,25.601845
0.294768,1.252767,-0.368452,-0.731533,-0.731529,1.149591,1.904934,2.660277,3.216375,3.347864,4.001707,-1.000000,25.414560
2.358671,2.770506,-0.224631,-1.584377,-1.584383,2.096598,3.002623,3.851245,4.555927,4.776178,5.181033,-1.000000,25.011896
-0.186850,0.523169,-1.793718,0.187200,0.187199,1.494770,2.346786,3.263577,4.168534,4.451918,4.638376,0.000000,25.058718
0.226070,0.602864,-1.205735,-0.822119,-0.822113,1.348900,2.769396,3.589541,4.662763,5.087948,5.214856,-1.000000,24.852707
-0.715096,1.844181,-0.978551,0.113033,0.113022,0.654880,2.197973,3.191575,4.136249,4.723434,4.886214,0.000000,24.880796
0.490940,1.019637,-0.604230,-0.338728,-0.338719,0.498487,2.084589,3.129403,4.038894,4.730887,5.019543,0.000000,24.796520
1.233612,2.313030,-0.231311,-2.039271,-2.039286,1.996924,3.562075,4.705739,5.699700,6.527031,6.904777,-1.000000,24.290848
2.081701,2.160255,-1.453256,-1.850432,-1.850425,2.898672,4.787912,6.014673,7.126875,8.169687,8.637524,-1.000000,23.841364
-0.584795,1.559450,-0.740745,0.746273,0.746279,1.442491,3.153995,4.704352,5.748537,6.923975,7.518986,1.000000,24.019287
-2.874436,0.567318,-3.063548,3.079926,3.079921,-1.686840,-0.268533,1.238023,2.352496,3.381241,4.084137,1.000000,24.759062
-0.601500,0.714289,-1.466169,0.605140,0.605128,-2.187961,-1.071415,0.353398,1.451143,2.418060,3.184038,1.000000,24.908886
-1.486989,0.520450,-2.379182,1.127820,1.127834,-2.565060,-2.104090,-0.944238,0.085502,1.028997,1.843587,1.000000,25.189817
-1.312432,0.291651,-2.150930,1.970260,1.970264,-3.011307,-3.751372,-2.829023,-1.952246,-1.055782,-0.167704,1.000000,25.686123
-0.508725,0.363376,-1.162787,0.328108,0.328099,-1.969475,-3.710027,-3.226740,-2.300141,-1.543600,-0.612883,0.000000,25.770399
-0.935588,0.251889,-1.295434,0.981108,0.981102,-1.950340,-4.206545,-4.059009,-3.247565,-2.485780,-1.692449,1.000000,26.023233
-0.288288,0.396400,-0.360360,-0.143940,-0.143925,-0.980185,-3.610818,-3.774180,-3.099104,-2.398563,-1.685290,0.000000,25.985779
-0.396254,0.216138,-1.440919,0.036036,0.036031,-0.396254,-2.989916,-3.556677,-3.108790,-2.491355,-1.816762,0.000000,25.995142
-0.143116,0.178887,-0.858683,0.684442,0.684447,-0.701261,-2.758507,-3.928453,-3.652960,-3.161368,-2.530718,1.000000,26.173065
0.180567,0.938967,-0.686172,-0.930233,-0.930243,0.353921,-1.108703,-2.749488,-2.777175,-2.249186,-1.731069,-1.000000,25.929592
-0.468135,0.288081,-1.620454,0.288909,0.288917,0.050414,-0.914660,-2.741571,-2.979837,-2.532232,-2.004564,0.000000,26.004507
