-0.438310,0.451203,-0.979763,0.609601,0.609576,0.146978,0.128935,-0.341177,-0.966854,-1.656811,-2.919928,1.000000,70.889107
0.259040,0.777100,-1.113847,-0.464098,-0.464087,0.442949,0.415755,0.297035,-0.378184,-0.994685,-1.999305,0.000000,70.560120
0.247787,0.625983,-0.286908,-0.686438,-0.686439,0.915495,0.940275,0.993748,0.406890,-0.168488,-0.905491,-1.000000,70.075768
-1.490040,0.038534,-1.888248,1.525819,1.525828,-0.729614,-0.521518,-0.417897,-0.946051,-1.459733,-2.132737,1.000000,71.145004
-1.036400,0.429722,-1.314460,1.631349,1.631368,-1.812463,-1.842797,-1.765274,-2.291480,-2.805891,-3.468176,1.000000,72.305641
0.559933,0.852632,-0.279971,-0.682509,-0.682519,-0.880640,-1.010448,-1.065592,-1.436763,-1.967945,-2.580824,-1.000000,71.812141
-0.281439,1.202511,-0.473321,-0.521766,-0.521792,-0.115113,-0.452844,-0.583327,-0.729800,-1.304321,-1.861313,-1.000000,71.437431
0.459771,0.893994,-0.498083,0.166311,0.166318,0.132830,-0.519792,-0.721155,-0.788628,-1.309831,-1.839504,0.000000,71.556244
0.102475,0.666064,-0.486740,-0.293746,-0.293752,0.484196,-0.262573,-0.373156,-0.402829,-0.883297,-1.367137,0.000000,71.346046
0.141027,1.282051,-0.128203,-0.089663,-0.089643,0.287171,-0.057700,-0.193170,-0.194236,-0.653339,-1.127358,0.000000,71.282089
0.318959,0.956877,-0.535848,0.487176,0.487152,-0.250052,-0.438868,-0.588567,-0.672345,-0.998192,-1.473146,0.000000,71.629341
-0.342417,0.798992,-0.405833,0.599644,0.599675,-0.672177,-0.824361,-1.098300,-1.248584,-1.403179,-1.908276,1.000000,72.058884
1.858067,1.883870,-0.025803,-1.712109,-1.712119,0.851607,1.009030,0.621932,0.440641,0.358708,-0.100649,-1.000000,70.825150
0.983865,1.836539,-0.131190,-1.638706,-1.638726,2.049073,2.479352,2.112916,2.035957,2.010771,1.599121,-1.000000,69.664520
0.800526,1.325462,0.000000,-0.039362,-0.039349,1.616800,2.136486,2.074370,2.027564,2.054076,1.680672,0.000000,69.637108
-0.575316,0.810663,-1.111409,0.367462,0.367462,0.747906,1.487965,1.605646,1.597801,1.585773,1.342399,0.000000,69.892998
0.719711,0.915997,-0.418739,-0.078458,-0.078441,0.191037,1.338641,1.616494,1.582688,1.551414,1.475171,0.000000,69.838173
-0.885867,0.102712,-1.540630,1.923582,1.923577,-1.599700,-0.626534,-0.197722,-0.311345,-0.369761,-0.386449,1.000000,71.181564
-0.419476,0.432190,-0.813524,1.001411,1.001404,-1.954999,-1.535528,-1.117749,-1.279396,-1.294013,-1.286809,1.000000,71.894379
0.140432,0.765987,-0.076605,-0.432180,-0.432194,-0.985563,-1.065996,-0.755770,-0.772366,-0.794580,-0.765130,0.000000,71.583656
-1.202384,0.455640,-1.328949,0.868122,0.868138,-1.197320,-1.837748,-1.573650,-1.535256,-1.563860,-1.588835,1.000000,72.205101
0.179325,0.845399,-0.602026,-1.189725,-0.484412,-0.154929,-1.388252,-1.055768,-0.965833,-1.046179,-1.108644,0.000000,71.855331
-0.548879,0.319122,-1.199890,0.345838,0.345830,-0.243217,-1.550767,-1.346138,-1.166507,-1.317796,-1.410627,0.000000,72.103828
-0.478465,0.188872,-1.007297,1.378609,1.378647,-1.270522,-2.419882,-2.527959,-2.376963,-2.577914,-2.644369,1.000000,73.097885
0.238338,0.539389,-0.426498,0.377742,0.377735,-1.154049,-2.277795,-2.704691,-2.671529,-2.785647,-2.871690,0.000000,73.374001
0.438264,0.851490,-0.175307,0.175615,0.175621,-0.974220,-1.957996,-2.705335,-2.727148,-2.813837,-2.913904,0.000000,73.502861
-0.756824,0.446651,-0.843672,0.926618,0.926609,-1.255583,-2.272311,-3.407626,-3.435096,-3.510708,-3.669524,1.000000,74.183945
-1.358393,0.327476,-1.491808,2.295284,2.295268,-2.474208,-3.845076,-5.130279,-5.316466,-5.369409,-5.609832,1.000000,75.886665
-0.387408,0.556901,-0.447936,0.181930,0.181932,-1.881345,-3.476404,-4.744832,-5.180705,-5.284516,-5.587327,0.000000,76.024727
-1.089033,0.023940,-1.208706,1.162228,1.162261,-2.089535,-3.893031,-5.208933,-5.904315,-6.133324,-6.392543,1.000000,76.908333
0.746892,1.048060,-0.072286,-0.658205,-0.658220,-0.681855,-2.706913,-4.012895,-4.968510,-5.271075,-5.531792,-1.000000,76.402107
0.120582,0.614979,-0.373806,-0.096376,-0.096383,-0.024117,-2.027010,-3.353416,-4.597142,-4.923369,-5.188743,0.000000,76.328468
-0.561396,0.513618,-0.752514,0.952612,0.952609,-0.664114,-2.308882,-3.757187,-5.093101,-5.535057,-5.781463,1.000000,77.055580
-0.699057,0.319900,-1.018959,0.812232,0.812232,-1.037909,-2.505922,-4.035954,-5.341741,-5.969925,-6.260090,1.000000,77.681450
-0.083105,0.688585,-0.356171,-0.201421,-0.201426,-0.679087,-1.773709,-3.331350,-4.641959,-5.458031,-5.846476,0.000000,77.524979
0.499819,0.630726,-0.297513,-0.237450,-0.237440,-0.199930,-1.043676,-2.658576,-3.933503,-4.937620,-5.384101,0.000000,77.340904
-0.339938,1.512132,-0.433708,1.523264,1.523277,-1.139384,-1.976332,-3.553326,-4.822119,-6.034857,-6.503106,1.000000,78.519020
-0.466202,0.139854,-1.363643,0.574382,0.574369,-1.219117,-2.145690,-3.524477,-4.872543,-6.158927,-6.724121,1.000000,78.970009
-0.628932,0.000000,-0.943394,0.069928,0.069908,-0.948039,-1.834362,-3.091837,-4.487823,-5.750675,-6.465370,0.000000,79.025215
-0.258756,0.364626,-1.211479,-0.978341,-0.978317,0.216417,-0.692780,-1.718813,-3.118092,-4.379137,-5.244360,-1.000000,78.252098
-0.560425,0.420315,-0.758905,0.741008,0.741001,-0.142441,-1.115005,-1.991050,-3.410393,-4.628908,-5.636781,1.000000,78.831947
0.187490,0.972583,-0.316377,-0.361945,-0.361948,0.227331,-0.473393,-1.264737,-2.633575,-3.838980,-5.018670,0.000000,78.546616
-1.163455,0.184314,-1.209533,1.722524,1.722530,-1.237189,-1.802788,-2.601850,-3.794492,-5.030884,-6.248470,1.000000,79.899605
-0.925818,0.057153,-1.200133,0.783320,0.783311,-1.632180,-2.212817,-2.986236,-4.081028,-5.340267,-6.527541,1.000000,80.525467
-0.741249,0.148247,-1.300033,0.228602,0.228611,-1.247583,-2.041286,-2.893530,-3.845368,-5.103893,-6.283446,0.000000,80.709557
-0.068694,0.583927,-0.125937,-0.399140,-0.399130,-0.464859,-1.269758,-2.173887,-3.031837,-4.316472,-5.472736,0.000000,80.387421
0.321772,0.597568,-0.264302,-0.366383,-0.366402,0.287299,-0.710174,-1.500795,-2.306357,-3.553196,-4.698329,0.000000,80.092880
0.413698,0.896353,-0.183861,0.000000,0.000000,0.335562,-0.569978,-1.247980,-2.043773,-3.154207,-4.327454,0.000000,80.092880
0.126554,0.414175,-0.529221,-0.114915,-0.114899,0.319827,-0.333648,-0.941103,-1.682588,-2.697659,-3.879635,0.000000,80.000854
1.002682,1.095957,-0.034976,-1.323057,-1.323085,1.217226,1.090144,0.506802,-0.235493,-1.110856,-2.280108,-1.000000,78.942375
-0.220933,0.220933,-0.837210,0.268163,0.268172,0.634885,0.860470,0.390705,-0.328481,-1.089759,-2.248829,0.000000,79.154076
0.867626,0.879353,-0.152418,-0.825580,-0.825562,1.066933,1.694207,1.224828,0.639571,-0.046441,-1.152940,-1.000000,78.500610
0.751705,1.157381,-0.107382,-1.735260,-1.735271,2.085671,3.132086,2.854076,2.422148,1.783562,0.810171,-1.000000,77.138412
-0.322384,0.656720,-0.405965,-0.071588,-0.071587,1.401787,2.759401,2.759800,2.456716,1.911404,1.054727,0.000000,77.083191
-0.855617,0.475343,-0.879380,0.477614,0.477619,0.534753,1.850259,2.202408,1.964936,1.455014,0.749845,0.000000,77.451355
0.035665,0.796574,-0.059450,-0.047535,-0.047538,0.133159,1.514678,2.128954,2.018187,1.555579,0.966192,0.000000,77.414536
0.346435,0.668974,-0.203080,-0.475570,-0.475585,0.234155,1.604360,2.487171,2.410119,2.078141,1.572507,0.000000,77.046364
-0.591716,0.224854,-0.745559,0.943736,0.943763,-0.539657,0.356199,1.346731,1.375724,1.160696,0.703734,1.000000,77.773499
-0.165465,0.118187,-0.496394,0.130179,0.130184,-0.465681,-0.047296,0.988043,1.170054,1.039100,0.651992,0.000000,77.874748
0.510446,1.139600,0.000000,-0.437304,-0.437319,-0.007120,0.210115,1.158593,1.568137,1.483379,1.121002,0.000000,77.534187
1.001078,1.736816,-0.217104,-1.578815,-1.578815,1.307438,1.444935,2.425110,3.032194,3.057281,2.739105,-1.000000,76.310066
0.024146,0.615574,-0.748334,-0.072375,-0.072374,1.173211,1.223899,2.163748,2.956546,3.013153,2.810297,0.000000,76.254837
-1.064848,0.227321,-1.340037,0.881115,0.881111,0.069399,0.312276,0.997047,1.864079,2.007175,1.906753,1.000000,76.926727
0.468467,0.552551,-0.288286,-0.394834,-0.394815,0.139327,0.649836,1.103486,2.013194,2.286107,2.264645,0.000000,76.623009
-0.035564,0.462359,-0.450500,1.321319,1.321300,-1.140479,-0.638998,-0.327204,0.484887,0.920452,0.935785,1.000000,77.635429
-1.011885,0.117659,-1.141312,0.758743,0.758740,-1.395450,-1.283672,-1.156991,-0.410043,0.129432,0.213363,1.000000,78.224480
-0.176494,0.070602,-0.776557,0.000000,0.000000,-0.891863,-1.133064,-1.180524,-0.529469,0.112959,0.200812,0.000000,78.224480
0.638525,0.709469,-0.957784,-0.494173,-0.494147,-0.165561,-0.633812,-0.629872,-0.180346,0.504175,0.649931,0.000000,77.837936
-0.609753,0.246246,-0.609753,0.839540,0.839511,-0.520631,-1.382495,-1.337545,-1.107521,-0.436203,-0.210672,1.000000,78.491394
-1.314273,0.023062,-1.406503,1.712006,1.712020,-1.643997,-2.754209,-2.799172,-2.716166,-2.155873,-1.824231,1.000000,79.835182
-0.690448,0.103563,-0.909092,0.184464,0.184440,-1.385486,-2.474093,-2.764081,-2.843482,-2.356258,-1.957026,0.000000,79.982430
0.450190,0.577167,-0.277038,-0.310708,-0.310681,-0.699531,-1.733815,-2.236334,-2.463355,-2.069959,-1.601839,0.000000,79.733940
-0.309877,0.172159,-0.941121,0.577167,0.577157,-0.681739,-1.890274,-2.596115,-2.832544,-2.626876,-2.154249,1.000000,80.194130
-0.567730,0.295222,-0.726695,1.078851,1.078858,-1.108216,-2.390151,-3.373836,-3.624394,-3.613950,-3.176647,1.000000,81.059311
-2.793355,0.067308,-2.793355,1.214942,1.214944,-1.756794,-3.024462,-4.167233,-4.501352,-4.619705,-4.284653,1.000000,82.044136
-0.436289,0.436290,-1.454305,0.280458,0.280453,-1.474437,-2.803446,-3.951972,-4.473096,-4.734759,-4.475895,0.000000,82.274231
-0.301177,0.323480,-0.836587,0.290864,0.290880,-1.086462,-2.565550,-3.724874,-4.418868,-4.816527,-4.655160,0.000000,82.513550
1.667613,1.769707,-0.056726,-1.673173,-1.673208,0.828152,-0.501404,-1.740957,-2.585350,-2.999872,-2.989966,-1.000000,81.132927
0.170622,0.796265,-0.341262,-0.272261,-0.272252,1.067006,0.069392,-1.119324,-2.131722,-2.545782,-2.687595,0.000000,80.912041
-0.090984,0.454910,-0.181966,0.022746,0.022743,0.768803,0.181972,-0.870380,-1.944150,-2.395986,-2.627838,0.000000,80.930443
0.341923,0.478694,-0.182352,-0.216083,-0.216079,0.610902,0.494652,-0.446767,-1.456568,-2.019139,-2.350877,0.000000,80.755569
-0.645892,0.237959,-0.770538,0.581265,0.581269,-0.287824,0.097452,-0.775824,-1.720111,-2.379600,-2.803397,1.000000,81.224976
-0.441725,0.101932,-0.634271,0.045327,0.045330,-0.301286,0.183485,-0.539890,-1.497906,-2.252125,-2.678296,0.000000,81.261795
-1.451094,0.445620,-1.542503,-0.872130,-0.872132,0.486746,1.002060,0.505792,-0.387337,-1.259137,-1.678469,-1.000000,80.553085
-1.164112,0.011296,-1.175408,1.096899,1.096905,-0.479214,-0.168409,-0.453596,-1.234751,-2.138797,-2.582136,1.000000,81.436676
0.605644,0.605644,-0.959895,-1.096294,-1.096311,0.571372,0.723353,0.696310,0.004008,-0.843780,-1.372786,-1.000000,80.543877
1.721326,1.721326,-0.918819,-1.748370,-1.748377,1.832996,2.088868,2.437790,1.841140,1.066309,0.470280,-1.000000,79.135666
-0.046562,0.430677,-0.582004,-0.081413,-0.081398,1.361886,1.911298,2.426568,2.002092,1.257128,0.606836,0.000000,79.071251
-0.939999,0.742718,-1.067655,0.302635,0.302633,0.742721,1.401884,1.970529,1.745974,1.087160,0.363630,0.000000,79.310547
1.577024,1.788863,-0.058848,-1.392593,-1.392598,1.339298,2.485589,3.083448,3.078741,2.543965,1.809667,-1.000000,78.206070
0.284763,0.735647,-0.794967,-0.812054,-0.154001,0.865974,2.301737,2.884835,3.116272,2.695014,2.042493,0.000000,78.085632
-2.722806,0.000000,-2.814331,3.713817,3.713815,-2.289013,-1.391074,-0.925076,-0.498870,-0.845944,-1.416760,1.000000,80.985588
-0.398813,0.011389,-0.706476,0.400410,0.400407,-2.128058,-1.778425,-1.305690,-0.827081,-1.070581,-1.630231,0.000000,81.309860
-0.774400,0.148051,-1.161596,0.056969,0.056975,-1.680903,-1.735640,-1.325494,-0.865307,-0.986062,-1.492317,0.000000,81.356186
1.197468,1.324124,-0.391475,-1.093270,-1.093260,-0.032246,-0.770018,-0.273217,0.132458,0.139779,-0.286180,-1.000000,80.466751
-0.445459,0.091370,-0.696746,0.805993,0.805988,-0.084528,-1.492958,-1.041010,-0.739581,-0.605017,-0.964640,1.000000,81.115303
-1.029640,0.135781,-1.357770,0.948023,0.948029,-0.803353,-2.082391,-1.916681,-1.710185,-1.433418,-1.745724,1.000000,81.884300
0.079184,0.169684,-0.542991,0.022635,0.022622,-0.680991,-1.758813,-1.886687,-1.685414,-1.372261,-1.602511,0.000000,81.902824
0.681816,0.840907,-0.079545,-0.452491,-0.452494,-0.186355,-1.039768,-1.360651,-1.200492,-0.900747,-1.030925,0.000000,81.532219
0.328939,0.601177,-0.192838,0.181823,0.181798,-0.070305,-0.793987,-1.519754,-1.333871,-1.098391,-1.135218,0.000000,81.680443
3.084769,3.189145,-0.463877,-2.189202,-2.189180,1.860139,1.652559,0.630039,0.820426,0.995946,1.073792,-1.000000,79.892311
-1.056022,0.034434,-1.526632,1.032123,1.032131,0.530293,0.580803,-0.267385,-0.241015,-0.124849,0.081828,1.000000,80.716904
-1.518246,0.045322,-1.937456,1.308539,1.308530,-0.799911,-0.661677,-1.335287,-1.498266,-1.383550,-1.146493,1.000000,81.773109
0.524813,0.581862,-0.353686,-0.691140,-0.691144,-0.189388,0.011417,-0.492862,-0.772420,-0.682650,-0.452417,-1.000000,81.207939
-0.068272,0.045518,-0.887573,0.262402,0.262428,-0.514349,-0.133148,-0.490074,-1.033098,-0.918502,-0.738482,0.000000,81.421051
1.849923,2.266157,-0.161868,-1.581701,-1.581715,1.144643,1.349289,1.279533,0.531809,0.642805,0.767723,-1.000000,80.133202
-0.011536,0.346304,-0.577167,0.161867,0.161854,0.868072,0.983505,1.055846,0.439579,0.432228,0.511420,0.000000,80.262901
-0.344239,0.665520,-0.562247,0.600260,0.600274,0.011468,0.237514,0.406191,-0.056110,-0.192659,-0.104350,1.000000,80.744698
0.436377,0.562699,-0.137808,-0.080321,-0.080343,-0.039030,0.212461,0.431038,0.109111,-0.106123,-0.033621,0.000000,80.679825
-0.057400,0.505170,-0.390351,0.022963,0.022998,-0.241119,0.067724,0.427081,0.240514,-0.165687,-0.066191,0.000000,80.698380
-0.091254,0.205315,-0.536102,0.654420,0.654411,-0.620515,-0.418620,-0.216727,-0.217867,-0.781151,-0.696592,1.000000,81.226479
1.048382,1.370962,-0.069130,-0.992352,-0.992354,0.414741,0.542618,0.662049,0.747112,0.277222,0.265378,-1.000000,80.420425
-0.504581,0.298167,-0.699542,0.460823,0.460826,-0.034406,-0.040141,0.108557,0.252863,-0.097615,-0.213974,0.000000,80.791023
0.057363,0.160606,-0.149130,-0.034403,-0.034411,0.020658,-0.060797,0.079540,0.250663,0.008722,-0.170952,0.000000,80.763222
0.034589,0.599558,-0.103775,-0.504755,-0.504752,0.442751,0.313611,0.477338,0.752329,0.623078,0.290646,-1.000000,80.355568
-0.654570,0.080386,-0.826827,0.403550,0.403528,-0.096446,-0.021803,0.138587,0.320411,0.347284,-0.106811,0.000000,80.679825
-0.500343,0.000000,-0.830115,0.987598,0.987615,-0.814193,-0.850579,-0.778562,-0.685696,-0.609961,-0.987950,1.000000,81.476631
-1.003268,0.078909,-1.600719,0.875594,0.875581,-1.334676,-1.535326,-1.605968,-1.530254,-1.429812,-1.720870,1.000000,82.190025
-0.335950,0.705484,-0.436729,0.665093,0.665128,-1.509542,-1.937311,-2.132908,-2.108087,-2.014356,-2.232199,1.000000,82.736694
-0.712616,0.133618,-0.846225,0.571103,0.571076,-1.382914,-2.192397,-2.545365,-2.572088,-2.438918,-2.586934,1.000000,83.209183
0.312429,0.892652,-0.357063,-0.211552,-0.211555,-0.607003,-1.767457,-2.105924,-2.176406,-2.139696,-2.181799,0.000000,83.033150
-1.207462,0.065868,-1.394068,1.651411,1.651416,-1.527987,-2.891324,-3.369185,-3.547195,-3.610094,-3.635925,1.000000,84.404373
-1.313076,0.075962,-1.551819,1.152584,1.152603,-1.903430,-3.460678,-4.108534,-4.435175,-4.545648,-4.575164,1.000000,85.377220
0.687171,0.883506,-0.414482,-0.510040,-0.510054,-0.881327,-2.473822,-3.282430,-3.725457,-3.895725,-3.945244,-1.000000,84.941750
-0.217577,0.402527,-0.250213,0.261778,0.261777,-0.681024,-2.163837,-3.185375,-3.757069,-3.983026,-4.012181,0.000000,85.164108
-0.303456,0.520216,-0.379320,0.380765,0.380761,-0.483357,-1.972465,-3.220252,-3.808924,-4.085394,-4.205766,0.000000,85.488380
0.730960,0.916426,-0.098193,-0.661096,-0.661098,0.301116,-0.914247,-2.222706,-2.894390,-3.248962,-3.448977,-1.000000,84.923218
0.197326,0.942777,-0.219255,-0.480038,-0.480036,0.581013,-0.161145,-1.457281,-2.202913,-2.652486,-2.880214,0.000000,84.515556
0.830197,1.129074,-0.354216,-0.964706,-0.964702,1.264114,0.926502,-0.263447,-1.069843,-1.585119,-1.847831,-1.000000,83.700233
0.581132,1.441656,-0.704074,-0.951952,-0.951939,1.691981,1.859617,0.899997,0.013954,-0.567741,-0.855328,-1.000000,82.903458
0.056030,1.154319,-0.145697,-0.279392,-0.279414,1.295534,2.101317,1.343350,0.381604,-0.166306,-0.465458,0.000000,82.671814
-0.804057,0.000000,-1.112460,1.748289,1.748308,-0.636642,0.312800,-0.188725,-1.123483,-1.698435,-2.040984,1.000000,84.117172
0.397658,0.497077,-0.132547,-0.286377,-0.286411,-0.503677,0.421982,0.231992,-0.655560,-1.266738,-1.676032,0.000000,83.876251
-0.353396,0.452784,-0.618448,0.022097,0.022122,-0.479298,0.274980,0.301853,-0.490895,-1.135289,-1.591023,0.000000,83.894806
1.159421,1.337798,-0.579707,-0.938714,-0.938710,0.512816,0.977700,1.244144,0.617610,-0.082500,-0.590861,-1.000000,83.107277
-0.467236,0.233618,-0.533980,0.211819,0.211805,0.447220,0.499508,1.050182,0.561251,-0.194896,-0.674890,0.000000,83.283302
-0.409930,0.398849,-0.974967,0.411618,0.411622,-0.081989,-0.067581,0.573900,0.277533,-0.450696,-0.948000,0.000000,83.626114
-0.483936,0.461942,-0.692914,0.731216,0.731217,-0.721509,-0.825996,-0.246366,-0.328854,-1.009673,-1.528810,1.000000,84.237602
-0.185920,0.065615,-0.470254,0.571936,0.571941,-1.091431,-1.269688,-0.831150,-0.778657,-1.385830,-1.929865,1.000000,84.719391
-2.298237,0.064135,-2.715127,2.307525,2.307521,-2.499201,-3.061467,-2.951721,-2.816676,-3.318440,-3.911990,1.000000,86.674309
0.312965,0.507223,-0.658322,-0.951362,-0.951352,-0.964827,-1.760210,-1.991521,-1.719199,-2.148942,-2.809565,-1.000000,85.849731
-0.781840,0.578345,-0.781840,0.766241,0.766239,-1.051734,-2.230918,-2.614694,-2.344978,-2.660391,-3.314062,1.000000,86.507545
0.719036,0.783434,-0.182440,-0.203495,-0.203497,-0.364883,-1.747157,-2.275883,-2.090580,-2.270016,-2.902986,0.000000,86.331505
-0.479894,0.000000,-0.671855,0.633180,0.633185,-0.494827,-2.021971,-2.646905,-2.595184,-2.694256,-3.279304,1.000000,86.878143
-0.938422,0.105447,-0.938422,1.141089,1.141088,-1.345421,-2.585408,-3.368482,-3.540175,-3.579926,-4.085479,1.000000,87.869499
-0.536844,0.042106,-0.578951,0.168709,0.168704,-1.018945,-2.211577,-3.126316,-3.558947,-3.515789,-3.969123,0.000000,88.017738
-0.136695,0.000000,-0.462665,0.105261,0.105247,-0.759187,-1.805452,-2.926029,-3.479480,-3.448986,-3.819123,0.000000,88.110374
-0.847729,0.219779,-1.245423,0.473191,0.473210,-0.730516,-1.783365,-3.032974,-3.707490,-3.761389,-4.033497,0.000000,88.527321
0.105539,0.823218,-0.221635,-0.837261,-0.837251,0.314499,-0.604761,-1.918747,-2.661755,-2.819222,-3.031500,-1.000000,87.786125
0.021115,0.664983,-0.422210,-0.010556,-0.010560,0.303984,-0.468656,-1.553733,-2.373873,-2.689896,-2.847802,0.000000,87.776855
0.518736,0.857504,-0.455219,-0.295545,-0.295547,0.486976,0.016935,-0.939379,-1.807649,-2.308708,-2.389024,0.000000,87.517433
-0.587870,0.419906,-0.619362,0.846923,0.846912,-0.323318,-0.624604,-1.421371,-2.397648,-2.977954,-3.063195,1.000000,88.258629
0.464530,0.612333,-0.548991,-0.566871,-0.566862,0.069679,0.104514,-0.591924,-1.620043,-2.277033,-2.420122,-1.000000,87.758324
-0.220525,0.777064,-0.252027,0.538431,0.538432,-0.365435,-0.278280,-0.858979,-1.901195,-2.594989,-2.818449,0.000000,88.230843
0.525762,0.567824,-0.599368,-0.136517,-0.136538,-0.153505,-0.114598,-0.614772,-1.483158,-2.225430,-2.574116,0.000000,88.110374
-0.126306,1.336698,-0.326287,-0.094633,-0.094615,0.056832,-0.018948,-0.355755,-1.120412,-1.889490,-2.385718,0.000000,88.027008
-0.541889,0.000000,-1.000416,0.999892,0.999898,-0.787833,-0.919136,-1.162295,-1.802319,-2.645276,-3.202730,1.000000,88.907188
-0.376601,1.108909,-0.690445,-0.385580,0.199138,-0.687334,-1.053536,-1.152725,-1.725454,-2.604916,-3.224157,0.000000,89.084236
0.052406,0.450734,-0.230610,-0.198759,-0.198742,-0.337418,-0.730402,-0.803736,-1.294237,-2.185454,-2.836219,0.000000,88.907188
-0.073320,0.471349,-0.146642,0.073374,0.073362,-0.216703,-0.668801,-0.793814,-1.237449,-1.993477,-2.680076,0.000000,88.972412
0.566624,1.647429,-0.094443,-0.178064,-0.178060,0.138508,-0.345631,-0.557084,-0.894399,-1.569565,-2.275954,0.000000,88.813988
-3.542397,0.953333,-5.820375,4.564532,4.564546,-3.379842,-4.199504,-4.556526,-4.878203,-5.468275,-6.227798,1.000000,92.867943
-1.565735,0.246184,-1.595276,1.906674,1.906651,-4.013777,-5.264904,-5.911753,-6.219026,-6.797334,-7.603187,1.000000,94.638611
1.759743,1.932663,-0.213610,-3.190551,-3.190559,-0.258349,-1.772888,-2.531969,-2.869543,-3.424409,-4.277026,-1.000000,91.619110
-2.091042,0.420216,-2.091042,1.668191,1.668215,-0.998503,-2.843870,-3.746882,-4.179986,-4.731085,-5.488394,1.000000,93.147514
-0.477615,1.223884,-0.477615,0.550278,0.550273,-0.505475,-2.774131,-3.836409,-4.403159,-4.918895,-5.636313,1.000000,93.660080
0.777696,0.989795,-0.585801,-1.482585,-1.482583,0.862530,-0.946375,-2.099317,-2.739046,-3.238156,-3.903923,-1.000000,92.271492
-1.343416,0.218928,-1.373268,1.494794,1.494781,-0.833907,-1.917593,-3.121705,-3.897933,-4.350613,-4.984150,1.000000,93.650749
-2.072845,0.858752,-2.447928,0.816002,0.816009,-1.044317,-2.128120,-3.469181,-4.324741,-4.805498,-5.410910,1.000000,94.414948
2.569309,3.351270,-0.071087,-2.803274,-2.803262,1.509077,0.999276,-0.419392,-1.347889,-1.890044,-2.497826,-1.000000,91.768250
1.143660,1.916128,-0.932986,1.228800,1.228774,0.112372,0.212693,-1.278745,-2.255898,-2.870912,-3.428531,1.000000,92.895874
0.384309,0.970873,-1.314720,-0.802571,-0.802551,0.896030,0.945585,-0.245419,-1.253944,-1.909731,-2.443110,-1.000000,92.150337
-1.057102,0.365535,-1.580713,2.366509,2.366504,-1.292236,-1.420672,-2.180730,-3.188363,-3.931275,-4.415748,1.000000,94.331078
-2.226700,0.374316,-2.572224,2.934204,2.934206,-3.553127,-3.666383,-4.406698,-5.491388,-6.286134,-6.789566,1.000000,97.098946
0.673100,1.102329,-0.068286,-1.612439,-1.612428,-1.184288,-1.837883,-2.382221,-3.554031,-4.425537,-4.994579,-1.000000,95.533295
-0.445649,0.513465,-0.639414,0.692614,0.692595,-1.178058,-2.249558,-2.542138,-3.792865,-4.722097,-5.364701,1.000000,96.194954
-0.356939,0.144698,-0.598112,0.426277,0.426285,-0.675286,-2.215904,-2.697929,-3.802823,-4.780941,-5.473299,0.000000,96.605019
-0.665190,0.269931,-0.800155,0.067527,0.067523,-0.258360,-1.969536,-2.623479,-3.475369,-4.476437,-5.256303,0.000000,96.670250
-2.566991,0.094028,-2.943110,2.525783,2.525783,-2.309350,-3.910667,-4.518410,-5.338502,-6.390573,-7.209461,1.000000,99.111931
-0.646244,0.421470,-1.114541,0.394921,0.394918,-1.895658,-3.511278,-4.468164,-5.181692,-6.300806,-7.181632,0.000000,99.503342
1.016530,1.890555,-0.199505,-1.414250,-1.414236,-0.100713,-1.597007,-2.796261,-3.348386,-4.546087,-5.490664,-1.000000,98.096130
-1.948954,0.232019,-2.060326,2.365569,2.365571,-1.650125,-3.047804,-4.501789,-5.206044,-6.293468,-7.271099,1.000000,100.416664
0.577015,0.707308,-0.362959,-0.278425,-0.278450,-0.683094,-2.197284,-3.803303,-4.666807,-5.590306,-6.600115,0.000000,100.137054
-1.369994,0.744757,-1.618244,1.219176,1.219185,-1.436188,-2.955127,-4.505329,-5.334679,-6.236114,-7.293410,1.000000,101.357910
0.314033,0.914385,-0.267843,-0.450538,-0.450532,-0.713030,-1.983928,-3.469719,-4.522027,-5.338874,-6.451292,0.000000,100.901260
0.194390,0.620196,-0.592428,-0.221666,-0.221665,0.020362,-1.320931,-2.739980,-3.961401,-4.657226,-5.824618,0.000000,100.677597
-0.917600,0.055054,-1.440630,0.879389,0.879394,-0.625815,-1.692981,-2.969972,-4.341173,-5.145908,-6.230205,1.000000,101.562950
-0.456454,0.648164,-0.684681,0.513854,0.513843,-0.752233,-1.665143,-2.959646,-4.417104,-5.339052,-6.285068,0.000000,102.084824
-2.305400,0.334510,-2.603741,0.976812,0.976812,-1.377810,-2.231260,-3.511433,-4.921342,-5.809960,-6.733265,1.000000,103.082001
-1.358075,0.807737,-1.384703,1.853361,1.853363,-2.393041,-3.487485,-4.666550,-6.021660,-7.072609,-7.921772,1.000000,104.992485
0.500721,1.126611,-0.134115,-0.727861,-0.727860,-0.996061,-2.191520,-3.453739,-4.788980,-5.985690,-6.753692,-1.000000,104.228287
-0.574248,0.610139,-0.654999,-0.348712,-0.348712,-0.206369,-1.517270,-2.649914,-3.891875,-5.210225,-6.074470,0.000000,103.864830
-0.591978,0.538163,-0.780335,0.035891,0.035883,0.107640,-1.190232,-2.220817,-3.465771,-4.849572,-5.810975,0.000000,103.902100
0.099622,0.787968,-0.362288,-0.968691,-0.968686,1.050626,-0.074270,-1.019232,-2.239833,-3.589167,-4.524348,-1.000000,102.895615
0.779886,1.504724,-0.064226,-1.286121,-1.286101,1.693718,1.293683,0.406140,-0.668883,-1.946981,-3.003958,-1.000000,101.572273
-0.804532,0.073141,-1.225083,0.357830,0.357816,0.881332,1.055953,0.299263,-0.741451,-1.941852,-3.079172,0.000000,101.935715
1.472362,2.157609,-0.638943,-1.270798,-1.270804,1.539036,2.265029,1.605091,0.736648,-0.342248,-1.554459,-1.000000,100.640312
0.204405,0.780455,-0.390224,-0.333365,-0.333360,1.161389,2.429621,1.956086,1.254763,0.229306,-1.004055,0.000000,100.304817
-1.890972,0.470431,-1.955542,0.724712,0.724720,0.064560,1.489702,1.200984,0.621240,-0.336143,-1.498029,1.000000,101.031746
-0.466182,0.219376,-0.658137,0.913198,0.913185,-0.765994,0.273310,0.354055,-0.169102,-0.986104,-2.056366,1.000000,101.954353
1.518244,2.138498,-0.499902,-1.261431,-1.261412,0.249944,1.200692,1.635488,1.234018,0.456570,-0.547750,-1.000000,100.668289
0.652678,1.053610,-0.354310,-0.712828,-0.712834,0.831698,1.535657,2.257645,1.937520,1.311693,0.426410,-1.000000,99.950691
1.120655,1.270078,-0.037356,-0.158506,-0.158510,0.889056,1.285018,2.266835,2.082082,1.597677,0.768267,0.000000,99.792259
0.863199,1.294799,-0.863199,-0.466941,-0.466958,1.018967,1.400839,2.494538,2.458728,2.082953,1.315768,0.000000,99.326271
-0.483052,0.808170,-0.780310,1.003941,1.003941,-0.310253,0.268474,1.165516,1.411530,1.100986,0.467885,1.000000,100.323448
1.434463,2.025123,0.000000,-0.919645,-0.919632,0.360018,0.944118,1.780732,2.288577,2.091876,1.507903,-1.000000,99.400841
-0.159825,0.808499,-0.817903,-0.271893,-0.271908,0.468185,1.067043,1.739851,2.444780,2.318334,1.869586,0.000000,99.130562
-1.179199,0.352837,-1.225627,1.250347,1.250358,-0.657382,-0.174552,0.248846,1.094249,1.064073,0.734453,1.000000,100.370049
-0.385602,0.238709,-0.670213,1.132777,1.132786,-1.340441,-1.245872,-0.965237,-0.115685,-0.062068,-0.315220,1.000000,101.507027
-0.474103,0.054703,-0.929974,0.697762,0.697760,-1.653907,-1.904635,-1.609534,-0.943658,-0.703140,-0.917521,1.000000,102.215302
-0.759429,0.542445,-0.777507,0.847922,0.847915,-1.766567,-2.495252,-2.362653,-1.832110,-1.444713,-1.589366,1.000000,103.082001
0.063126,0.387773,-0.622240,0.253140,0.253131,-1.199377,-2.413193,-2.434833,-2.105227,-1.624661,-1.743458,0.000000,103.342934
2.825743,3.269001,-0.258564,-2.344664,-2.344655,1.281743,0.041552,-0.051712,0.097425,0.691108,0.641488,-1.000000,100.919899
0.594518,1.486296,-0.473760,-0.591005,-0.591014,1.647939,0.735723,0.495441,0.564339,1.179758,1.205459,-1.000000,100.323448
1.193838,1.522846,-0.263206,-1.179754,-1.179739,2.241017,1.818947,1.505920,1.642225,2.151531,2.354452,-1.000000,99.139893
-1.749351,0.129581,-1.841909,1.560447,2.155810,-0.273007,-0.144488,-0.596096,-0.535260,-0.120745,0.214183,1.000000,101.277161
2.421718,2.828491,-0.056756,-2.156610,-2.156593,1.067341,2.052666,1.537192,1.578997,1.888101,2.339946,-1.000000,99.093025
0.361944,1.095343,-0.047620,-0.681110,-0.681112,1.252039,2.554192,2.140432,2.179755,2.363945,2.917587,-1.000000,98.418091
0.266344,0.846571,-0.865591,0.133345,0.133334,0.757165,2.117509,1.951866,1.917747,2.051230,2.627231,0.000000,98.549316
-1.171509,0.206187,-1.874414,1.493389,1.493382,-0.549193,0.395563,0.431581,0.321475,0.487603,0.951485,1.000000,100.021034
-0.674804,0.009246,-1.377332,1.387069,1.387083,-1.883901,-1.142990,-0.810451,-1.014537,-0.907974,-0.522329,1.000000,101.408409
-0.577662,0.394278,-1.329541,0.813457,0.813464,-2.061259,-2.049204,-1.408479,-1.701612,-1.645219,-1.378210,1.000000,102.233330
-0.100641,0.274469,-0.805128,0.220067,0.220053,-1.487650,-2.114126,-1.489081,-1.787343,-1.777104,-1.641726,0.000000,102.458298
1.221770,1.730843,-0.027767,-1.152792,-1.152798,0.199932,-0.878371,-0.355336,-0.545631,-0.621895,-0.547898,-1.000000,101.277161
-2.876859,0.466030,-4.516939,3.276565,3.276573,-2.104319,-3.501525,-3.364969,-3.496718,-3.673777,-3.606786,1.000000,104.595581
1.249778,1.421844,-0.452817,-1.039616,-1.039603,-0.670176,-2.272242,-2.322344,-2.284520,-2.552100,-2.543512,-1.000000,103.508202
0.908172,1.265936,-0.256856,-1.276939,-1.276949,0.605447,-0.705443,-1.134366,-0.871078,-1.204127,-1.232510,-1.000000,102.186455
2.309344,2.346592,-0.754257,-1.486105,-1.486108,1.767393,1.015925,0.340357,0.639099,0.321026,0.269444,-1.000000,100.667854
0.258636,0.757436,-0.120086,0.810134,0.810127,0.990217,0.493263,-0.389795,-0.170818,-0.400147,-0.521503,1.000000,101.483391
-0.977615,0.411151,-1.470992,1.099201,1.099210,-0.497028,-0.348101,-1.248057,-1.237525,-1.394342,-1.582151,1.000000,102.598907
-0.236854,0.929219,-0.537485,0.292371,0.292374,-0.905532,-0.493761,-1.430872,-1.534338,-1.545820,-1.796802,0.000000,102.898880
-0.936853,0.612557,-1.171068,1.129639,1.129645,-1.652114,-1.429611,-2.213625,-2.599710,-2.456048,-2.762086,1.000000,104.061272
-1.144082,0.098321,-1.313902,0.783709,0.783708,-1.614233,-1.965503,-2.563466,-3.168462,-3.042675,-3.356617,1.000000,104.876808
-0.340141,0.456500,-0.492305,-0.143007,-0.143019,-0.853915,-1.495699,-2.030668,-2.819545,-2.780831,-3.046308,0.000000,104.726814
0.035728,0.366206,-0.669882,0.214821,0.214822,-0.618072,-1.672914,-1.927469,-2.750978,-2.884936,-3.107140,0.000000,104.951790
0.035738,0.562850,-0.446708,-0.026794,-0.026788,-0.205487,-1.511662,-1.677837,-2.551151,-2.788704,-2.905722,0.000000,104.923676
-0.824541,0.000000,-1.516091,0.768338,0.768344,-0.650775,-1.927485,-2.207060,-2.980327,-3.439624,-3.437997,1.000000,105.729851
-1.610795,0.078367,-1.671744,1.826400,1.826395,-1.915543,-3.037006,-3.638951,-4.291251,-4.921113,-4.944233,1.000000,107.660896
-0.251540,0.581141,-0.468385,0.383111,0.383104,-1.670566,-2.797290,-3.587472,-4.215888,-4.997135,-5.104479,0.000000,108.073349
0.593051,1.055293,-0.078496,-0.546445,-0.546423,-0.659356,-1.808844,-2.878675,-3.342511,-4.164681,-4.419739,-1.000000,107.482811
1.183534,1.422011,-0.114825,-1.255890,-1.255907,0.832013,-0.255253,-1.478537,-1.890567,-2.762764,-3.108251,-1.000000,106.132927
-0.211340,0.123282,-0.995067,0.300298,0.300308,0.665724,-0.329347,-1.506406,-1.986183,-2.777395,-3.301011,0.000000,106.451653
-1.646055,0.156767,-1.741857,1.109547,1.109531,-0.444164,-1.167036,-2.155831,-2.821366,-3.501824,-4.154248,1.000000,107.632767
0.848956,1.308804,-0.397953,-1.515414,-1.515406,0.696853,0.473999,-0.366115,-1.103204,-1.735766,-2.500888,-1.000000,106.001694
-1.194944,0.069778,-1.212386,1.388398,1.388391,-0.683817,-0.667243,-1.428110,-2.323590,-2.804009,-3.577553,1.000000,107.473412
-0.243526,0.226122,-0.582714,0.287833,0.287838,-0.662725,-0.687075,-1.408941,-2.405638,-2.846410,-3.653102,0.000000,107.782761
-0.398302,0.337691,-0.441592,0.443551,0.443552,-0.767166,-0.891849,-1.585705,-2.556064,-3.052731,-3.796288,0.000000,108.260834
-0.515684,0.111736,-0.739149,0.744653,0.744652,-1.237643,-1.495485,-2.057010,-2.891274,-3.526943,-4.181922,1.000000,109.067001
-1.267436,0.161621,-1.701259,1.039966,1.039954,-1.491995,-2.316251,-2.733910,-3.495224,-4.195973,-4.815686,1.000000,110.201248
-0.372978,0.186489,-0.966347,0.348761,0.348761,-1.271505,-2.375173,-2.732323,-3.469517,-4.312274,-4.828055,0.000000,110.585587
-0.355576,0.084658,-0.973588,0.127153,0.127164,-0.865229,-2.084326,-2.506493,-3.238658,-4.173048,-4.668420,0.000000,110.726212
0.076262,0.389770,-0.330452,-0.084665,-0.084668,-0.352482,-1.623451,-2.128448,-2.859680,-3.786472,-4.334572,0.000000,110.632462
-1.149038,0.337953,-1.149038,0.288090,0.288087,-0.299088,-1.606960,-2.211892,-2.864984,-3.692122,-4.354226,0.000000,110.951180
-0.033796,0.253467,-0.422440,0.000000,0.000000,-0.163906,-1.160864,-2.038973,-2.584484,-3.350790,-4.063587,0.000000,110.951180
-1.770204,0.016548,-1.836381,2.137545,2.137548,-1.770204,-2.713211,-3.745553,-4.253865,-4.994952,-5.814650,1.000000,113.322815
-0.049661,0.587602,-0.289662,-0.049629,-0.049618,-1.272874,-2.180763,-3.277895,-3.838047,-4.581654,-5.480713,0.000000,113.266586
0.315036,0.878790,-0.273588,-0.173797,-0.173810,-0.669871,-1.585144,-2.719284,-3.346044,-4.096831,-4.995301,0.000000,113.069717
-0.223470,0.223470,-0.686974,0.165807,0.165807,-0.427078,-1.378082,-2.549244,-3.258977,-3.959606,-4.782041,0.000000,113.257195
0.375404,0.725782,-0.216903,-0.786291,-0.786280,0.613991,-0.403781,-1.399304,-2.301252,-2.926512,-3.704578,-1.000000,112.366676
1.105857,1.359109,-0.287013,-1.176278,-1.176279,1.401316,0.823059,-0.011261,-0.977972,-1.551582,-2.304860,-1.000000,111.044930
-0.318950,0.360921,-0.738624,0.574033,0.574027,0.538865,0.333224,-0.349168,-1.294694,-1.871409,-2.600300,1.000000,111.682358
-0.251674,0.427854,-0.419463,0.050359,0.050367,0.249998,0.381708,-0.191839,-1.107807,-1.705708,-2.420306,0.000000,111.738609
0.134344,0.235096,-0.764060,-0.083892,-0.083894,0.045341,0.528127,0.045897,-0.845091,-1.480439,-2.136302,0.000000,111.644867
-0.267468,0.125378,-0.986292,0.453401,0.453390,-0.444660,0.181386,-0.289751,-1.018466,-1.779665,-2.357342,0.000000,112.151054
-0.316559,0.108295,-0.883037,0.334338,0.334337,-0.513157,-0.223251,-0.507046,-1.123786,-1.927684,-2.458340,0.000000,112.526016
0.125465,0.460054,-0.092013,-0.408196,-0.408170,-0.036823,0.078610,-0.019537,-0.527415,-1.313947,-1.846109,0.000000,112.066719
0.909552,0.909552,-0.261073,-0.677545,-0.677563,0.567630,0.603002,0.702940,0.288026,-0.466227,-1.009486,-1.000000,111.307396
1.216899,1.851055,-0.051423,-1.726458,-1.726459,1.921331,2.016456,2.376669,2.064444,1.346474,0.782130,-1.000000,109.385719
-0.443614,0.162091,-0.870162,0.454194,0.454190,1.047609,1.329131,1.848952,1.588472,1.029522,0.381340,0.000000,109.882538
0.265001,0.333390,-0.700974,-0.204742,-0.204735,0.731749,1.410495,1.835070,1.754571,1.316461,0.653385,0.000000,109.657570
-0.612767,0.212766,-0.638298,0.444518,0.444520,-0.062982,0.822126,1.195459,1.277870,0.953869,0.329359,0.000000,110.145020
0.737882,0.866577,-0.145865,-0.808508,-0.808503,0.375796,1.416551,1.787493,2.040317,1.813117,1.232651,-1.000000,109.254494
-1.099183,0.532420,-1.537134,-0.085805,0.448541,-0.007027,0.790529,1.119590,1.529694,1.383178,0.844751,0.000000,109.744545
0.597404,0.822508,-0.320349,-0.815798,-0.815798,0.625567,1.316202,1.735876,2.268231,2.167380,1.761409,-1.000000,108.849251
0.025863,0.430960,-0.232716,0.450214,0.450203,0.116360,0.570665,1.175914,1.627716,1.663887,1.362213,0.000000,109.339294
0.362849,0.414689,-0.354215,-0.232716,-0.232721,0.155517,0.531905,1.253174,1.673103,1.840844,1.638442,0.000000,109.084839
0.757835,0.827523,-0.418121,-0.820732,-0.820725,0.787455,1.075640,1.872368,2.288927,2.593275,2.477321,-1.000000,108.189552
-0.536242,0.051892,-0.942747,0.714286,0.714285,-0.070924,0.319936,0.985743,1.366394,1.792653,1.747330,1.000000,108.962334
-1.263740,0.510693,-1.289707,-0.077845,-0.077847,0.012120,0.305785,0.863977,1.285133,1.795774,1.786072,0.000000,108.877510
-1.009842,0.145485,-1.317929,1.142560,1.142571,-0.975616,-0.785203,-0.421014,0.099024,0.529541,0.622184,1.000000,110.121513
0.351385,0.659922,-0.231399,-0.145484,-0.145491,-0.671923,-0.657352,-0.403570,0.166614,0.555781,0.745606,0.000000,109.961296
-0.527617,0.502082,-0.544634,0.711349,0.711351,-0.912266,-1.224580,-1.140992,-0.585818,-0.238492,0.037356,1.000000,110.743507
0.382944,0.544634,-0.306357,0.000000,0.000000,-0.590590,-1.134375,-1.059255,-0.626514,-0.329286,0.031105,0.000000,110.743507
0.826873,1.248928,-0.043062,-1.199901,-1.199900,0.714902,0.118000,0.113847,0.455304,0.773268,1.199146,-1.000000,109.414696
-0.841548,0.204011,-0.960555,1.326444,1.326443,-0.469228,-1.054915,-1.124055,-0.934600,-0.552388,-0.199498,1.000000,110.866020
-0.735104,0.101397,-1.056189,0.603535,0.603533,-0.784112,-1.428811,-1.634134,-1.552736,-1.154267,-0.849960,1.000000,111.535133
0.134961,0.497677,-0.168709,0.168995,0.168992,-0.776043,-1.278785,-1.652748,-1.700196,-1.321563,-1.057394,0.000000,111.723618
-0.314756,0.314750,-1.341839,1.838886,1.838882,-2.034288,-2.638114,-3.192244,-3.282150,-3.028382,-2.828719,1.000000,113.778084
-0.625619,0.370429,-0.683241,0.621221,0.621224,-1.753375,-2.749422,-3.461750,-3.678273,-3.545531,-3.366969,1.000000,114.484901
-0.148588,0.850255,-0.231136,-0.279885,-0.279879,-0.899788,-2.122339,-2.909033,-3.210545,-3.217411,-3.004671,0.000000,114.164482
0.190900,0.522907,-0.639114,-0.544821,-0.544830,-0.003318,-1.270747,-2.115424,-2.530707,-2.635232,-2.418708,-1.000000,113.542480
1.090790,1.283772,0.000000,-1.079020,-1.079017,1.193155,-0.053697,-0.802704,-1.331177,-1.537223,-1.337129,-1.000000,112.317337
0.016780,0.645922,-0.553641,0.025171,0.025180,0.912670,0.063748,-0.626910,-1.240253,-1.456624,-1.341175,0.000000,112.345619
1.335964,1.798412,-0.274043,-2.046810,-2.046828,2.214623,2.212055,1.520383,0.877808,0.608482,0.656639,-1.000000,110.046097
-0.817856,0.596358,-0.817856,0.522394,0.522422,1.042754,1.658702,1.022877,0.411472,0.120450,0.076116,0.000000,110.621002
0.127948,0.315615,-1.125991,-0.127785,-0.127799,0.617586,1.693249,1.183426,0.603085,0.260681,0.156291,0.000000,110.479630
0.558661,1.847875,-0.163295,-0.750665,-0.750678,0.892148,2.273325,1.882265,1.430611,1.033447,0.863453,-1.000000,109.650284
0.705881,1.080608,-0.130721,-1.375159,-1.375152,1.521569,3.178216,3.142487,2.806975,2.382923,2.231495,-1.000000,108.142426
0.305970,1.494885,-0.253520,-0.313726,-0.313727,1.424954,2.883123,3.367431,3.080694,2.666321,2.488937,0.000000,107.803154
-2.185051,0.110957,-2.185051,2.421545,2.421561,-1.010599,0.110944,0.896195,0.656779,0.277896,0.088609,1.000000,110.413673
0.033951,0.585641,-0.339503,0.563329,0.563324,-1.464953,-0.675613,0.301017,0.141311,-0.213552,-0.445318,1.000000,111.035660
0.426548,1.177271,-0.307115,-0.509251,-0.509254,-0.812149,-0.334418,0.738777,0.641525,0.379795,0.100945,-1.000000,110.470207
-1.066156,0.151108,-1.242448,1.620886,1.620886,-1.660512,-1.931671,-0.958143,-0.896161,-1.103767,-1.420982,1.000000,112.260803
0.193078,0.679984,-0.058764,0.000000,0.000000,-0.866352,-1.734389,-1.090223,-0.769398,-0.983216,-1.319684,0.000000,112.260803
0.175974,0.553045,-0.661968,0.184682,0.184672,-0.683748,-1.751289,-1.373098,-0.881087,-1.082276,-1.408850,0.000000,112.468117
-0.808717,0.255816,-0.833473,1.541817,1.541812,-1.637224,-2.917138,-2.832140,-2.269341,-2.435705,-2.756495,1.000000,114.202164
-0.336586,0.139566,-0.418681,0.519886,0.519897,-1.392333,-2.971019,-3.190761,-2.640998,-2.799112,-3.067618,0.000000,114.795898
-1.482022,0.218656,-1.611601,1.370992,1.370988,-2.019763,-3.576286,-4.269517,-3.846371,-3.920311,-4.166396,1.000000,116.369736
-0.169792,0.460867,-0.444698,0.161967,0.161983,-1.440829,-2.981090,-4.051865,-3.912932,-3.830542,-4.101726,0.000000,116.558235
-0.145337,0.427936,-0.589419,0.137450,0.137438,-0.847799,-2.574079,-3.835283,-3.935404,-3.761969,-4.044945,0.000000,116.718430
-0.184855,0.345604,-0.634947,0.460234,0.460240,-0.781227,-2.489957,-3.890590,-4.217172,-4.007720,-4.277183,0.000000,117.255615
0.209005,0.393888,-0.112540,-0.016071,-0.016078,-0.348873,-1.897107,-3.443730,-3.991962,-3.804181,-4.077171,0.000000,117.236763
0.491975,0.621021,-0.250019,-0.329585,-0.329582,0.062910,-1.179935,-2.627631,-3.481734,-3.380919,-3.585774,0.000000,116.850372
0.251234,0.324177,-0.364695,-0.483909,-0.483911,0.502473,-0.353352,-1.667881,-2.744144,-2.849177,-2.920010,0.000000,116.284920
-0.162269,0.283974,-0.494930,-0.113461,-0.113465,0.519274,0.077083,-1.226770,-2.395534,-2.670341,-2.658009,0.000000,116.152977
0.562526,0.962002,-0.097834,-0.478699,-0.478699,0.715800,0.679115,-0.488612,-1.704711,-2.131093,-2.072666,0.000000,115.596954
-1.104616,0.040025,-1.168654,1.850641,1.850646,-1.029378,-0.900504,-1.885323,-3.147363,-3.725287,-3.681796,1.000000,117.736244
0.200481,1.218929,-0.152362,-0.184105,-0.184106,-0.732958,-0.619885,-1.406040,-2.569765,-3.371610,-3.398020,0.000000,117.519485
-0.573929,0.039859,-1.506576,0.601443,0.601441,-0.998005,-1.072933,-1.659091,-2.711434,-3.672534,-3.870064,1.000000,118.226295
-0.405498,0.540669,-0.580421,0.255082,0.255083,-0.849168,-1.171978,-1.568469,-2.616678,-3.650788,-3.991940,0.000000,118.527870
-0.388092,0.601929,-0.427690,0.389604,0.389606,-0.663714,-1.409793,-1.682246,-2.660386,-3.738637,-4.211947,0.000000,118.989662
-1.012401,0.211901,-1.090880,0.918736,0.918736,-1.177210,-2.070319,-2.283785,-3.146288,-4.267462,-4.868414,1.000000,120.082863
0.371184,0.458059,-0.221140,-0.627841,-0.627841,-0.249570,-1.243884,-1.501083,-2.238197,-3.287636,-4.072294,-1.000000,119.328934
0.166138,0.229430,-0.474683,-0.173749,-0.173746,0.074362,-0.833867,-1.186188,-1.780070,-2.739246,-3.651377,0.000000,119.121605
-0.402051,0.220732,-0.843515,0.356009,0.355999,-0.110358,-0.901846,-1.379050,-1.832473,-2.778708,-3.744311,0.000000,119.545677
-0.900197,0.461836,-1.228963,0.709501,0.709505,-0.580820,-1.201565,-1.900065,-2.266926,-3.152719,-4.147944,1.000000,120.393860
-0.187153,0.514651,-0.709609,0.383566,0.383568,-0.832817,-1.320966,-2.075281,-2.389664,-3.179044,-4.205141,0.000000,120.855652
-0.525985,0.116023,-0.556931,0.810975,0.810976,-1.219060,-1.760521,-2.590245,-2.950573,-3.643566,-4.601125,1.000000,121.835762
0.424877,0.556200,-0.339901,0.131496,0.131490,-0.877554,-1.580527,-2.406072,-2.855151,-3.450903,-4.338606,0.000000,121.995964
0.976410,1.062335,-0.101551,-1.104668,-1.104667,0.412435,-0.305421,-1.067543,-1.607172,-2.101235,-2.987294,-1.000000,120.648315
1.309837,1.635308,-0.071449,-1.601315,-1.601310,1.763909,1.293956,0.717628,0.055565,-0.355961,-1.192880,-1.000000,118.716362
-0.661525,0.173251,-0.850528,0.801780,0.801779,0.756021,0.453611,0.024147,-0.638688,-0.985671,-1.722585,1.000000,119.668205
1.487882,1.591871,-0.247984,-1.551426,-1.551429,1.660667,1.907847,1.616937,0.967922,0.623630,-0.016800,-1.000000,117.811638
-1.746277,0.195771,-1.926389,2.151824,2.151821,-0.754887,-0.137034,-0.406154,-0.990206,-1.370080,-1.898976,1.000000,120.346733
-0.541215,0.776530,-0.705939,-0.164447,-0.164447,-0.674558,0.077658,-0.152164,-0.660832,-1.093415,-1.524298,0.000000,120.148827
0.322609,1.022900,-0.157366,-0.313752,-0.313752,-0.185691,0.340709,0.205635,-0.173887,-0.698082,-1.059348,0.000000,119.771858
1.512589,1.552820,-0.144823,-2.203159,-2.203158,1.630056,2.283369,2.295170,2.049240,1.535442,1.236088,-1.000000,117.133095
1.050902,1.518883,-1.018066,-2.003378,-2.003371,3.180614,3.760255,4.122598,4.016413,3.539237,3.259708,-1.000000,114.786484
-0.744696,0.202364,-0.898495,1.428570,1.428559,1.053913,1.820467,2.501758,2.474102,2.085807,1.801580,1.000000,116.426277
0.852898,1.470227,-0.584844,-0.348065,-0.348061,0.695313,1.777273,2.657245,2.723988,2.437820,2.137114,0.000000,116.021042
1.748282,1.872562,-0.024855,-1.965721,-1.965725,1.653828,3.380565,4.325687,4.552991,4.426552,4.082088,-1.000000,113.740387
-2.338615,0.138041,-2.931385,2.038280,2.565162,-0.969990,0.536974,1.476611,1.791324,1.777866,1.462451,1.000000,116.658012
1.390948,1.530865,-0.444445,-1.339831,-1.339810,0.428455,1.666238,2.464223,2.989723,3.075754,2.789478,-1.000000,115.095016
0.371223,1.014681,-0.552712,-0.230452,-0.230463,0.382374,1.420635,2.284863,3.040746,3.195539,2.984675,0.000000,114.829765
3.314454,4.075420,-0.093002,-2.433595,-2.433584,2.174678,3.226159,4.323620,5.275696,5.537724,5.430895,-1.000000,112.035286
-0.067450,1.298374,-0.404691,0.287481,0.287476,1.635609,2.270355,3.647266,4.616289,4.999083,5.032565,0.000000,112.357361
-0.322093,0.584841,-2.754704,-0.531151,-0.531151,1.301914,2.335749,3.729028,4.768027,5.261904,5.415197,-1.000000,111.760574
-1.578277,0.670345,-1.883751,-0.110192,-0.110194,0.794232,2.166561,3.474750,4.426840,5.102434,5.355856,0.000000,111.637421
-1.538844,0.521219,-1.538844,2.562584,2.562590,-1.782085,-0.554524,0.548840,1.490254,2.314867,2.614941,1.000000,114.498230
-0.651279,0.041216,-0.840894,0.355754,0.355755,-1.630672,-1.004130,-0.111806,0.880587,1.790640,2.146097,0.000000,114.905563
-2.179350,0.242153,-2.179350,2.135199,2.135191,-2.834767,-2.765353,-2.337086,-1.286204,-0.440786,-0.035637,1.000000,117.359016
0.688783,1.512155,-0.570028,1.953345,1.953359,-3.377411,-4.378125,-4.067926,-3.178195,-2.388532,-1.962907,1.000000,119.651459
-1.342642,0.843951,-1.434705,3.190561,3.190553,-4.448362,-6.656435,-6.565244,-5.942732,-5.353673,-4.882349,1.000000,123.469002
-1.630192,0.030183,-1.992452,1.657207,1.657211,-4.250569,-7.326796,-7.605663,-7.270161,-6.784441,-6.263157,1.000000,125.515144
-0.571038,0.150272,-0.939214,0.445280,0.445279,-2.903298,-6.624088,-7.483659,-7.446247,-7.025526,-6.506091,0.000000,126.074036
-2.049782,0.000000,-2.093705,2.637321,2.637300,-3.537324,-7.706431,-9.054163,-9.452454,-9.084314,-8.676475,1.000000,129.398987
-0.021985,0.344449,-0.622932,-0.109816,-0.109796,-1.945038,-6.251376,-8.304387,-8.883945,-8.687649,-8.359440,0.000000,129.256912
-1.974109,0.527884,-2.617684,1.348476,1.348486,-2.099943,-6.020688,-8.715027,-9.477451,-9.499904,-9.345573,1.000000,130.999924
0.021464,0.729825,-0.808522,1.062985,1.063002,-2.090748,-5.657578,-8.790806,-9.826599,-10.087864,-10.037337,1.000000,132.392456
0.028624,0.501000,-0.715717,-0.028616,-0.028641,-1.113656,-4.312199,-7.741200,-9.183730,-9.693226,-9.716744,0.000000,132.354538
-0.809716,0.071032,-1.058307,0.765812,0.765807,-1.269965,-3.839044,-7.392091,-9.138074,-9.971764,-10.036686,1.000000,133.368118
-0.570622,0.302929,-1.183510,0.823925,0.823908,-1.301846,-3.523053,-7.023113,-9.218370,-10.191821,-10.404995,1.000000,134.466949
0.310824,0.713485,-0.141281,-0.274744,-0.274737,-0.567947,-2.464670,-5.650362,-8.259740,-9.368376,-9.753339,0.000000,134.097519
0.970459,1.134578,-0.292567,-1.003108,-1.003093,0.493782,-0.931217,-3.777655,-6.655135,-7.958117,-8.527410,-1.000000,132.752396
-0.369269,0.461578,-0.639120,0.485235,0.485249,0.164724,-0.860696,-3.318207,-6.305235,-7.881574,-8.638100,0.000000,133.396576
-0.176929,0.580320,-0.205243,0.340858,0.340849,-0.103337,-0.864835,-2.825205,-5.820605,-7.593501,-8.597825,0.000000,133.851257
-0.297238,0.247694,-0.417548,0.000000,0.000000,-0.195333,-0.521592,-2.117962,-4.995410,-7.079699,-8.181488,0.000000,133.851257
-1.212256,0.553565,-1.275319,0.997880,0.997860,-1.020237,-1.194722,-2.507176,-5.063059,-7.403261,-8.585638,1.000000,135.186905
-0.035050,0.532731,-0.778074,-0.035038,-0.035035,-0.632261,-0.956816,-1.998219,-4.266082,-6.769658,-8.092021,0.000000,135.139542
0.112639,0.626539,-0.246396,-0.427591,-0.427596,-0.032372,-0.367467,-1.156859,-3.124594,-5.699674,-7.238054,0.000000,134.561691
-1.174174,0.534985,-1.389564,1.323471,1.323481,-0.972692,-1.450700,-2.108425,-3.693803,-6.227744,-7.897121,1.000000,136.342590
0.097649,0.188327,-0.627742,-0.389077,-0.389072,-0.297138,-0.966728,-1.404290,-2.722675,-5.153100,-7.067262,0.000000,135.812119
-0.688699,0.125213,-1.238260,0.265052,0.265050,-0.416005,-1.076173,-1.411710,-2.513392,-4.683132,-6.796987,0.000000,136.172089
0.525631,0.781524,-0.221310,0.584345,0.584334,-0.727568,-1.343095,-1.761752,-2.661652,-4.580665,-6.799676,1.000000,136.967789
0.144941,0.717831,-0.165658,0.200573,0.200583,-0.535622,-1.260358,-1.720969,-2.449617,-4.120655,-6.374014,0.000000,137.242523
0.553242,0.580910,-0.027668,-0.193263,-0.193278,-0.250339,-0.840933,-1.354993,-1.984084,-3.362093,-5.593582,0.000000,136.977264
0.255999,0.359790,-0.096866,-0.048414,-0.048401,-0.041515,-0.569434,-1.188217,-1.657093,-2.811041,-4.935536,0.000000,136.910965
-0.034399,0.529722,-0.227024,0.574277,0.574259,-0.390744,-0.954858,-1.578134,-1.975423,-2.952653,-4.847489,1.000000,137.697189
0.862552,1.001671,-0.041735,-1.100720,-1.100683,0.602375,0.223966,-0.314892,-0.745356,-1.559281,-3.257759,-1.000000,136.181580
-0.090144,0.291220,-0.242689,0.319982,0.319951,0.189994,0.054785,-0.475653,-0.905898,-1.564543,-3.036554,0.000000,136.617294
-0.261838,0.179146,-0.551232,0.630983,0.630982,-0.365185,-0.489899,-0.923763,-1.377722,-1.946659,-3.156701,1.000000,137.479324
0.303701,0.303701,-0.538376,-0.172259,-0.172245,-0.144956,-0.213978,-0.588081,-1.106438,-1.544731,-2.562355,0.000000,137.242523
-0.103337,0.241134,-0.296240,0.186354,0.186351,-0.359624,-0.303133,-0.660924,-1.166719,-1.538817,-2.403486,0.000000,137.498276
0.200050,0.462195,-0.455301,-0.130890,-0.130895,-0.063469,-0.146939,-0.424947,-0.870929,-1.266281,-1.989054,0.000000,137.318298
-1.006762,0.434416,-1.434286,0.041389,0.041415,0.005496,-0.178620,-0.329634,-0.767159,-1.160967,-1.755412,0.000000,137.375168
2.493981,2.614428,-0.141701,-2.675496,-2.675513,2.189318,2.320389,2.278586,1.955148,1.566102,1.052618,-1.000000,133.699677
-0.449438,0.667143,-0.512638,0.892727,0.892715,0.936812,1.265462,1.328195,1.091654,0.680070,0.297767,1.000000,134.893234
2.619890,2.823658,-0.050948,-3.504207,-3.504211,3.475741,4.364322,4.700298,4.569909,4.215425,3.918698,-1.000000,130.166290
1.519060,2.204856,-0.088486,-1.309950,-1.309946,3.470253,5.148594,5.648558,5.697963,5.465092,5.196036,-1.000000,128.461182
-0.711144,1.869504,-0.989730,0.582548,0.582539,1.607050,3.966295,4.622209,4.878686,4.724655,4.505642,1.000000,129.209518
-0.459076,0.466370,-1.275231,0.608506,0.608512,0.422649,2.761798,3.631385,4.000231,3.972613,3.787086,1.000000,129.995773
-0.786730,0.307533,-0.786730,1.887350,1.887363,-1.806623,0.496343,1.487141,1.946780,2.004283,1.813754,1.000000,132.449265
0.207390,0.722301,-0.057214,0.007148,0.007131,-1.467492,0.108714,1.216251,1.799340,1.914623,1.765254,0.000000,132.458710
-0.509195,0.431401,-0.841575,1.122786,1.122821,-1.742593,-1.254613,-0.018875,0.556208,0.747367,0.665003,1.000000,133.945984
0.587362,0.757205,-0.099073,-0.063646,-0.063668,-0.985066,-1.454250,-0.092465,0.493952,0.790605,0.740693,0.000000,133.860703
0.042400,0.360329,-0.077717,0.162759,0.162766,-0.536949,-1.586129,-0.423909,0.222551,0.559276,0.582639,0.000000,134.078583
0.381918,0.488014,-0.063651,-0.105973,-0.105986,-0.209343,-1.553146,-0.482817,0.217845,0.609953,0.691477,0.000000,133.936478
0.234593,0.454966,-0.312790,-0.509231,-0.509225,0.420847,-0.817516,-0.185775,0.564090,1.037325,1.158507,-1.000000,133.254440
0.709009,0.787790,-0.128918,-0.739314,-0.739302,0.915263,0.209109,0.303169,1.165209,1.647770,1.839611,-1.000000,132.269287
1.148090,1.649473,-0.079930,-1.439526,-1.439539,1.852935,1.761379,1.409684,2.403001,2.921385,3.219743,-1.000000,130.365219
0.014449,0.433374,-0.931739,0.603111,0.603117,0.795954,1.239437,0.672201,1.547852,2.126689,2.469003,1.000000,131.151474
1.770440,2.264685,-0.132777,-2.087395,-2.087400,2.084690,3.083509,2.482051,3.368992,4.039249,4.461497,-1.000000,128.413818
0.044207,0.655762,-1.134695,0.118031,0.118041,1.234889,2.659144,2.278210,2.899712,3.632471,4.141116,0.000000,128.565399
0.436388,1.087279,-0.170115,-0.383145,-0.383163,0.968945,2.595426,2.651392,2.934554,3.777824,4.310172,0.000000,128.072784
-1.682798,0.079445,-1.798358,2.411250,2.411282,-1.287036,-0.026024,0.333646,0.274060,1.167966,1.699623,1.000000,131.160980
-0.431752,0.388569,-1.144129,0.368333,0.368309,-1.574435,-0.577819,0.048936,-0.171978,0.619418,1.191388,0.000000,131.644058
1.225527,1.232786,-0.268307,-0.769955,-0.769940,-0.471359,-0.059469,0.732408,0.439440,1.197672,1.816285,-1.000000,130.630478
1.248278,2.148202,-0.798310,-0.079769,-0.079781,-0.091436,-0.188686,0.714137,0.533425,1.064814,1.714451,0.000000,130.526260
-1.106665,0.342192,-1.419739,-0.319317,0.131235,0.179277,-0.439758,0.416441,0.487218,0.729728,1.441275,0.000000,130.697556
0.326771,0.559138,-0.704380,0.262105,0.262113,-0.101064,-0.648532,0.010428,0.294366,0.273016,1.034211,0.000000,131.040131
-1.136120,0.057516,-1.625087,0.987583,0.987570,-0.973679,-1.530725,-1.055461,-0.598070,-0.748839,-0.083413,1.000000,132.334244
0.724165,1.303500,-1.071761,-0.704689,-0.704675,-0.153526,-0.604526,-0.481877,0.067501,-0.150763,0.477504,-1.000000,131.401718
-0.417597,0.323995,-0.777595,0.579335,0.579327,-0.480953,-0.904827,-1.110149,-0.520067,-0.665454,-0.235801,1.000000,132.162964
-1.267622,0.247851,-1.947454,1.670392,1.670382,-1.569287,-2.064211,-2.630594,-2.138661,-2.121546,-1.947989,1.000000,134.370590
-0.113220,0.771297,-0.700541,0.077898,0.077889,-1.135002,-1.893973,-2.502619,-2.191975,-2.041092,-2.096184,0.000000,134.475250
0.763963,0.763963,-0.392691,-0.891600,-0.891595,-0.104232,-0.888927,-1.519232,-1.342179,-1.061382,-1.226015,-1.000000,133.276276
0.823619,1.129740,-0.109325,-2.041983,-2.041973,1.848395,1.171286,0.642966,0.584871,0.942989,0.722198,-1.000000,130.554810
1.906163,4.046924,-0.197939,-0.583093,-0.583097,2.080647,1.708220,1.296336,1.041495,1.452901,1.303378,-1.000000,129.793549
1.368241,1.754908,-1.070793,-1.407623,-1.407617,2.537174,2.946907,2.737024,2.315959,2.714452,2.736816,-1.000000,127.966553
-0.285268,1.426315,-0.435404,-0.944370,-0.944349,2.297097,3.590543,3.484906,3.149107,3.469552,3.651795,-1.000000,126.758102
-1.638257,0.271826,-2.659415,2.184512,2.184474,-0.468687,1.159287,1.163673,0.881307,1.117049,1.423892,1.000000,129.527100
-1.475353,0.107959,-1.784812,2.079049,2.079049,-2.243960,-0.839139,-0.816586,-1.029413,-0.994334,-0.647593,1.000000,132.220032
0.158811,0.967297,-0.194907,-0.302266,-0.302245,-1.640084,-0.564509,-0.450450,-0.605909,-0.737703,-0.362536,0.000000,131.820404
-0.093737,0.367723,-0.483090,0.115501,0.115488,-1.146439,-0.860913,-0.500874,-0.572813,-0.861198,-0.527315,0.000000,131.972641
-0.430750,0.761012,-0.710740,0.432613,0.432607,-0.699254,-1.433688,-0.853841,-0.948933,-1.222492,-0.988912,0.000000,132.543564
1.248716,1.694167,-0.226374,-1.687121,-1.687125,1.124585,0.029949,0.743888,0.699571,0.446696,0.613726,-1.000000,130.307388
0.412559,0.412559,-1.056751,0.890903,0.890932,0.117237,-0.783893,-0.142367,-0.157806,-0.347377,-0.337337,1.000000,131.468338
0.641345,0.750673,-0.648641,-0.687606,-0.687635,0.618035,-0.037891,0.467416,0.534955,0.403853,0.284044,-1.000000,130.564316
-0.636982,0.289547,-0.788995,0.685072,0.685091,-0.144775,-0.452410,-0.363860,-0.120161,-0.176296,-0.418870,1.000000,131.458801
0.065399,0.428745,-0.465082,-0.390874,-0.390887,0.002911,0.257976,-0.152602,0.268153,0.208833,-0.013335,0.000000,130.944946
-0.536041,0.152113,-1.296637,0.319746,0.319766,-0.155028,0.078215,-0.567927,-0.088390,-0.119117,-0.326655,0.000000,131.363663
-0.663493,0.173078,-0.735616,0.441870,0.441849,-0.522137,-0.382948,-0.935138,-0.507354,-0.518675,-0.675937,0.000000,131.944092
-0.838649,0.293888,-1.075192,0.613004,0.613004,-0.798499,-0.919639,-1.390094,-1.091311,-1.057692,-1.175942,1.000000,132.752914
-2.052867,0.217940,-2.249727,1.956856,1.956864,-2.127394,-2.571715,-2.919015,-2.953465,-2.819183,-2.893442,1.000000,135.350708
0.339806,0.559258,-0.346872,-0.688983,-0.688992,-0.931605,-1.756325,-1.865582,-2.282307,-2.044447,-2.138971,-1.000000,134.418152
-0.564644,0.268214,-0.606992,0.297323,0.297324,-0.712869,-1.713005,-1.894872,-2.514813,-2.261142,-2.350603,0.000000,134.817810
1.098897,1.098897,-0.114174,-1.086952,-1.086932,0.589394,-0.491666,-0.760207,-1.338676,-1.128600,-1.209518,-1.000000,133.352432
0.552251,0.867823,-0.308393,-0.506641,-0.506672,1.090170,0.174300,-0.211796,-0.727585,-0.609605,-0.652397,-1.000000,132.676773
0.201757,0.547625,-0.036030,-0.466179,-0.466158,1.064986,0.688854,0.259878,-0.107730,-0.214158,-0.152764,0.000000,132.058289
-0.729617,0.586546,-0.729617,0.734979,0.734964,0.118745,0.110878,-0.447299,-0.600853,-0.985688,-0.831419,1.000000,133.028870
1.480778,1.517253,-0.539784,-1.938489,-1.938478,1.428259,2.019840,1.527952,1.399446,0.884967,1.080800,-1.000000,130.450134
0.205504,0.939449,-0.161469,-0.612733,-0.612714,1.482547,2.471904,2.060407,1.925484,1.479025,1.658939,-1.000000,129.650848
-0.161245,0.623035,-0.505745,0.132105,0.132074,0.908907,2.110987,1.887674,1.714081,1.346054,1.464747,0.000000,129.822083
0.787517,1.196137,-0.089160,-1.341338,-1.341323,1.659724,2.931638,3.097068,2.945012,2.727479,2.680525,-1.000000,128.080750
-1.140379,0.470865,-1.361088,0.980678,0.980688,0.101521,1.539127,2.012935,1.821278,1.809579,1.550898,1.000000,129.336823
1.371613,1.733366,-0.045216,-2.376395,-2.376396,1.875040,3.333320,4.226879,4.139709,4.184474,3.837751,-1.000000,126.263268
0.869232,1.111112,-0.173844,-0.293917,-0.293923,1.578227,3.045343,4.213646,4.225236,4.290542,4.020398,0.000000,125.892151
-0.845369,0.299251,-0.845369,1.035522,1.035523,0.124190,1.558312,2.854287,3.024606,3.076225,2.886205,1.000000,127.195793
1.021250,2.012258,-0.650579,-1.107201,-1.107210,0.880559,2.196841,3.499004,3.952644,4.033587,3.980381,-1.000000,125.787468
-1.504037,0.037047,-1.600358,2.103033,2.103030,-1.338067,-0.265978,1.056535,1.713718,1.762765,1.882148,1.000000,128.432816
0.104376,0.313128,-0.544256,-0.622358,-0.622356,-0.505479,0.137929,1.314148,2.204576,2.316259,2.470735,-1.000000,127.633507
-1.924769,0.124888,-2.696149,1.483628,1.483617,-1.398752,-1.335569,-0.363879,0.617118,0.760521,0.903385,1.000000,129.527100
0.206977,0.731819,-0.192190,-0.617100,-0.617104,-0.548482,-0.807935,0.050284,1.085543,1.329112,1.449848,-1.000000,128.727783
0.140316,1.395760,-0.376641,0.096101,0.096132,-0.168399,-0.843380,-0.211719,0.736264,1.150856,1.271674,0.000000,128.851532
0.419482,0.846331,-0.036799,0.347095,0.347093,-0.379763,-1.189299,-0.749204,0.189857,0.750057,0.837732,0.000000,129.298767
0.473372,1.457101,-0.059173,-0.500447,-0.500465,0.279591,-0.506650,-0.343186,0.454150,1.172491,1.302028,-1.000000,128.651672
1.584936,2.070876,-0.067282,-1.065090,-1.065083,1.006283,0.673595,0.605564,1.297100,2.115132,2.282945,-1.000000,127.281425
-1.144722,0.386534,-1.672489,0.575661,0.575657,0.316664,0.161303,-0.064418,0.535199,1.382592,1.631112,1.000000,128.014130
-0.510950,0.207356,-0.666465,0.379093,0.379103,-0.117004,-0.005929,-0.420124,0.017029,0.786429,1.170513,0.000000,128.499435
-1.345350,0.392705,-1.694424,1.829089,1.829115,-1.674085,-1.617365,-2.131751,-1.862801,-1.133038,-0.649195,1.000000,130.849838
0.552568,0.935684,-0.044204,-1.294451,-1.294474,-0.306491,-0.209244,-0.698942,-0.625879,-0.011794,0.596765,-1.000000,129.156021
0.813562,0.865803,-0.970296,-1.289324,-1.289334,1.028522,0.934475,0.681698,0.587406,1.110319,1.794300,-1.000000,127.490768
0.269199,1.084272,-0.082256,-0.186595,-0.186566,1.097720,1.007235,0.872879,0.674471,1.128818,1.840499,0.000000,127.252914
-1.660394,0.420638,-1.844882,1.331039,1.331004,-0.160854,-0.312139,-0.288774,-0.614333,-0.296055,0.337255,1.000000,128.946655
0.592595,0.896301,-0.037039,-0.376352,-0.376362,-0.155539,-0.000723,0.089400,-0.272945,-0.061612,0.561744,0.000000,128.461349
-0.769009,0.347532,-0.769009,0.177781,0.692436,-0.812017,-0.634338,-0.510377,-0.839393,-0.782856,-0.270674,1.000000,129.350861
-0.360882,0.567097,-0.788034,0.399286,0.399309,-0.840504,-0.830414,-0.888601,-1.080726,-1.170794,-0.756770,0.000000,129.867371
0.228090,0.669563,-0.264882,0.095747,0.095735,-0.513965,-0.773132,-0.918574,-1.067794,-1.260098,-0.920542,0.000000,129.991699
0.645541,1.209461,-0.163242,-0.838790,-0.838806,0.320555,0.097407,-0.077868,-0.110141,-0.399393,-0.164066,-1.000000,128.901321
1.164529,1.254694,-0.721267,-1.239147,-1.239104,1.397418,1.074754,1.071349,1.098796,0.786377,0.938629,-1.000000,127.304100
0.806932,1.372543,-0.090505,-0.375657,-0.375668,1.381588,1.272162,1.356498,1.448183,1.184170,1.223997,0.000000,126.825859
-0.645889,0.525732,-1.261730,0.414772,0.414773,0.567779,0.842944,0.941525,0.943741,0.812069,0.745708,0.000000,127.351898
0.990328,0.990328,-0.274244,-1.411934,-1.411953,1.301145,2.151857,2.256542,2.263030,2.203560,2.075243,-1.000000,125.553749
-0.922866,0.450185,-1.005400,1.531191,1.531199,-0.450171,0.495948,0.660893,0.666851,0.715212,0.520031,1.000000,127.476227
0.510747,0.736064,-0.322962,-0.105042,-0.105042,-0.339488,0.513747,0.583114,0.695886,0.786863,0.573523,0.000000,127.342323
-0.516044,0.201921,-1.278892,0.428127,0.428117,-0.598306,-0.029160,0.088210,0.236751,0.365161,0.187121,0.000000,127.887497
0.165663,0.414159,-0.399096,-0.680580,-0.680586,0.030129,0.431490,0.749203,0.913218,0.973868,0.903175,-1.000000,127.017113
-0.969428,0.074565,-1.178227,0.978918,0.978959,-0.517552,-0.677133,-0.175154,-0.055497,-0.019613,-0.047378,1.000000,128.260559
0.696322,0.823604,-0.142260,-0.402691,-0.402727,-0.073363,-0.366111,0.165730,0.319066,0.349984,0.407840,0.000000,127.744019
-0.149833,0.134858,-0.958944,-0.059900,-0.059903,0.037473,-0.277927,0.184315,0.254563,0.359023,0.448042,0.000000,127.667496
-1.328230,1.198299,-1.696388,3.783341,3.783326,-2.913428,-3.485142,-3.309485,-3.274027,-3.183368,-3.091331,1.000000,132.497574
0.429651,1.339934,-0.385970,-0.873451,-0.873418,-1.399665,-2.331066,-2.382767,-2.275213,-2.206690,-2.191438,-1.000000,131.340317
-1.655482,0.121307,-1.662624,2.053592,2.053577,-2.521766,-3.663475,-4.145846,-3.988598,-3.994787,-4.027549,1.000000,134.037491
-0.540548,0.277382,-1.187776,0.328248,0.328257,-1.839272,-3.458045,-4.183029,-4.097090,-4.131084,-4.202102,0.000000,134.477478
1.862594,1.862594,-0.304391,-1.863449,-1.863450,0.676908,-1.274099,-2.127843,-2.143062,-2.276695,-2.315550,-1.000000,131.971558
0.704789,0.791976,-0.341496,-0.253653,-0.253652,0.802147,-0.738219,-1.635310,-1.807387,-1.952805,-1.991551,0.000000,131.636810
-0.578455,0.065073,-0.896605,0.486811,0.486812,0.455527,-0.821409,-1.863589,-2.191979,-2.283046,-2.340455,0.000000,132.277634
-1.101227,0.211777,-2.054217,2.429502,2.429499,-1.712551,-2.640131,-3.702297,-4.308911,-4.357554,-4.472864,1.000000,135.491318
0.912851,0.912851,-0.035660,-1.016521,-1.016515,-0.757385,-1.165321,-2.383406,-3.131870,-3.221231,-3.352297,-1.000000,134.114029
-0.207985,0.308404,-0.702859,-0.563406,-0.563412,0.012918,-0.178580,-1.529557,-2.356016,-2.525994,-2.741984,-1.000000,133.358414
0.704932,0.978277,-0.187030,-0.294046,-0.294035,0.507831,0.151047,-0.984525,-1.837160,-2.129778,-2.359648,0.000000,132.966293
-0.666952,0.127709,-0.737908,1.381095,1.381087,-0.486732,-0.956437,-1.948351,-2.898047,-3.316592,-3.508971,1.000000,134.802673
0.635214,0.934978,-0.171298,-0.588904,-0.588923,-0.118462,-0.371833,-1.081518,-2.007337,-2.623923,-2.769301,-1.000000,134.008789
-0.057030,0.320785,-0.292275,0.121332,0.121356,-0.230973,-0.515403,-0.882054,-1.876612,-2.584836,-2.757350,0.000000,134.171417
0.121384,0.535523,-0.242768,-0.163955,-0.163970,0.021427,-0.204206,-0.406517,-1.468757,-2.226343,-2.461021,0.000000,133.951416
0.421576,0.678812,-0.035729,-0.071407,-0.071401,0.225795,0.032872,-0.267711,-1.175418,-1.946408,-2.279145,0.000000,133.855774
-0.645977,0.163279,-0.724064,0.657376,0.657359,-0.438689,-0.437973,-0.751027,-1.534374,-2.367554,-2.796885,1.000000,134.735687
0.171875,0.515613,-0.623027,-0.873143,-0.873133,0.370957,0.294334,0.099311,-0.468700,-1.267825,-1.851659,-1.000000,133.559265
1.065296,1.087035,-0.347859,-1.181606,-1.181592,1.239205,1.331968,1.170123,0.881936,0.049267,-0.600295,-1.000000,131.981140
-1.358853,0.305924,-1.444222,1.862449,1.862428,-0.539264,-0.440369,-0.557281,-0.710716,-1.568855,-2.240785,1.000000,134.439194
-0.320488,0.078342,-0.754931,-0.106712,-0.106690,-0.367511,-0.235040,-0.319077,-0.537722,-1.272856,-1.950965,0.000000,134.295761
0.249708,0.263980,-0.991724,-0.178050,-0.178055,-0.291101,-0.112738,-0.052804,-0.258996,-0.886708,-1.609359,0.000000,134.056641
0.071306,0.434938,-1.041003,0.064209,0.064196,-0.268082,-0.166838,-0.183949,-0.319064,-0.774895,-1.459053,0.000000,134.142700
-0.697021,0.348499,-1.458039,0.249559,0.249569,-0.145097,-0.392610,-0.414420,-0.567217,-0.821628,-1.530826,0.000000,134.477478
0.078192,0.831684,-0.305653,0.056890,0.056881,-0.184803,-0.404454,-0.411798,-0.527781,-0.673289,-1.408149,0.000000,134.553970
0.597210,1.439056,-0.395743,-1.208414,-1.208430,0.830355,0.744014,0.804456,0.737542,0.554639,-0.075765,-1.000000,132.927979
-0.517168,0.287311,-1.177991,0.172690,0.172701,0.521478,0.451811,0.548301,0.596907,0.435868,-0.094324,0.000000,133.157547
0.599973,1.199945,-0.014449,-0.632097,-0.632090,0.884775,0.996824,1.102602,1.116820,1.022705,0.643349,-1.000000,132.315872
-0.245167,0.548031,-0.612915,0.245769,0.245784,0.360527,0.798953,0.777801,0.813377,0.719637,0.519656,0.000000,132.641083
-2.020630,0.254346,-2.020630,2.062302,2.062289,-1.545855,-1.168571,-1.188353,-1.149140,-1.214915,-1.321646,1.000000,135.376526
-0.400708,0.295253,-0.794380,0.501630,0.501599,-1.577482,-1.532489,-1.573728,-1.528970,-1.578036,-1.726975,0.000000,136.055573
-0.204159,0.168948,-1.281244,-0.140595,-0.140571,-1.040482,-1.260827,-1.379795,-1.351284,-1.333893,-1.477644,0.000000,135.864319
-0.901281,0.337978,-1.295600,-0.021119,-0.021114,-0.501345,-1.115344,-1.247246,-1.263206,-1.302917,-1.412712,0.000000,135.835632
-1.061223,0.670255,-1.096134,0.851987,0.852011,-0.706578,-1.767112,-1.837625,-1.994365,-2.052661,-2.184383,1.000000,136.992966
-0.678198,0.200687,-1.121104,0.886689,0.886670,-1.169556,-2.366098,-2.518575,-2.701735,-2.773152,-2.893659,1.000000,138.207642
-0.911022,0.712373,-0.911022,1.031145,1.031148,-1.665871,-2.882400,-3.258682,-3.487920,-3.574501,-3.693868,1.000000,139.632767
0.344614,0.827071,-0.048240,-0.616487,-0.616514,-0.636821,-1.875367,-2.432035,-2.743793,-2.861926,-2.940451,-1.000000,138.771912
0.227008,0.481538,-0.701650,0.192983,0.193005,-0.367335,-1.580794,-2.385180,-2.734057,-2.904312,-3.042350,0.000000,139.039749
0.447141,0.447141,-0.509039,0.000000,0.000000,-0.072918,-1.120590,-2.166428,-2.480223,-2.764257,-2.924261,0.000000,139.039749
-0.185544,0.398572,-0.570370,0.103191,0.103193,-0.035742,-0.949018,-2.045547,-2.410329,-2.714136,-2.884833,0.000000,139.183228
1.297436,1.297436,-0.034693,-0.955194,-0.955193,0.670217,0.136676,-0.862657,-1.340120,-1.659900,-1.830070,-1.000000,137.853760
-0.809666,0.205838,-0.994931,1.117047,1.117032,-0.352676,-0.716336,-1.659572,-2.238572,-2.612593,-2.804761,1.000000,139.393631
1.783699,2.150312,-0.056402,-2.676004,-2.675993,1.889455,2.000848,1.208874,0.505498,0.127186,-0.091652,-1.000000,135.663467
0.508153,0.776336,-0.712830,-0.105749,0.382563,1.081523,1.552602,0.996526,0.185066,-0.131001,-0.423184,0.000000,136.182465
-0.516872,0.782283,-0.565759,1.044531,1.044554,-0.192804,0.458998,0.060431,-0.739743,-1.071378,-1.364062,1.000000,137.604965
0.454075,0.677612,-0.307361,-0.013972,-0.013972,-0.217817,0.324254,0.148557,-0.556605,-0.961905,-1.259912,0.000000,137.585739
-0.767400,0.481375,-1.130177,0.132729,0.132708,-0.586008,0.118447,0.107964,-0.521061,-0.985396,-1.317398,0.000000,137.768326
-0.062649,0.034809,-1.531498,0.216268,0.216286,-0.452493,-0.168134,-0.000378,-0.527507,-1.085416,-1.421561,0.000000,138.066299
0.330382,0.913822,-0.309284,-0.967629,-0.967628,0.600306,0.638403,0.963896,0.593958,-0.053032,-0.342588,-1.000000,136.730331
-0.055603,0.590764,-0.132057,1.138767,1.138743,-0.433685,-0.559491,-0.169037,-0.433406,-1.070368,-1.371895,1.000000,138.287338
-0.157434,0.602320,-0.609171,1.542953,1.542979,-1.542793,-1.887692,-1.648574,-1.790909,-2.360189,-2.725178,1.000000,140.421082
0.683854,0.909527,-0.225673,0.088973,0.088963,-1.235036,-1.892906,-1.651841,-1.711648,-2.236697,-2.657731,0.000000,140.546005
-0.272160,0.455874,-0.272160,0.506056,0.506046,-1.280526,-1.990875,-2.042367,-2.014623,-2.475740,-2.979962,0.000000,141.257233
-0.067916,0.332771,-0.353144,0.190514,0.190538,-0.790506,-1.799673,-2.111525,-2.040806,-2.410080,-2.998450,0.000000,141.526382
-0.303130,0.148199,-0.485012,0.814939,0.814916,-0.976749,-2.237781,-2.739414,-2.675921,-2.994184,-3.592705,1.000000,142.679703
-0.033628,0.127818,-1.116710,0.134723,0.134728,-0.766898,-1.999322,-2.636118,-2.693509,-2.933864,-3.490417,0.000000,142.871933
-0.248303,0.221462,-0.422784,0.242180,0.242181,-0.633512,-1.855575,-2.693327,-2.773378,-2.962989,-3.489428,0.000000,143.217941
1.538041,1.585897,-0.615212,-1.825382,-1.825381,1.121064,0.149707,-0.649846,-0.910009,-1.023115,-1.498506,-1.000000,140.603668
0.612863,0.791898,-0.729925,-0.731418,-0.731415,1.586550,1.091442,0.244224,-0.160726,-0.219844,-0.607141,-1.000000,139.575272
0.566293,1.056629,-0.145032,-0.289215,-0.289215,1.377065,1.448199,0.610031,0.128444,0.097277,-0.227952,0.000000,139.171600
1.535551,1.549577,-0.217359,-1.505530,-1.505534,2.081057,2.754876,2.123128,1.630596,1.552712,1.321933,-1.000000,137.076324
-0.203644,0.365135,-0.428341,-0.147238,-0.147226,1.304672,2.638143,2.230167,1.688420,1.646995,1.495926,0.000000,136.874512
-0.935610,1.095018,-0.984128,1.320124,1.320103,-0.292451,1.115129,0.927775,0.472327,0.312297,0.241934,1.000000,138.681396
-0.460125,2.293936,-0.593492,3.929596,3.929594,-3.430242,-2.527337,-2.546007,-3.050807,-3.339231,-3.383147,1.000000,144.131012
-0.219591,0.618850,-0.419221,0.213385,0.213397,-2.906576,-2.613124,-2.469612,-3.020695,-3.399524,-3.445089,0.000000,144.438583
0.972434,1.026087,-0.241433,-0.778545,-0.778539,-1.274234,-1.818129,-1.569766,-2.059896,-2.489149,-2.601849,-1.000000,143.314072
0.188108,0.490424,-0.799464,-0.174365,-0.174357,-0.236497,-1.657389,-1.280501,-1.703746,-2.216208,-2.331724,0.000000,143.064194
-0.067208,0.745968,-0.779573,-0.033593,-0.033618,0.403237,-1.455635,-1.165313,-1.497638,-1.977679,-2.206200,0.000000,143.016098
-0.046727,0.674139,-0.193571,0.685487,0.685501,-0.299029,-1.819523,-1.723854,-1.915973,-2.427987,-2.757272,1.000000,143.996475
0.434895,0.628922,-0.655701,-0.240288,-0.240279,-0.168616,-1.271257,-1.442096,-1.493057,-2.024638,-2.419395,0.000000,143.650482
-0.293883,0.173654,-0.861614,0.173956,0.173938,-0.260476,-0.968468,-1.565584,-1.543209,-2.019231,-2.448766,0.000000,143.900345
-0.848913,0.269800,-0.848913,1.496130,1.496132,-1.321399,-1.799816,-2.887163,-2.806002,-3.236642,-3.734756,1.000000,146.053284
0.046475,0.245681,-0.737052,-0.894973,-0.894988,-0.191219,-0.494008,-1.819373,-1.807754,-2.178206,-2.656249,-1.000000,144.746124
-0.851119,0.199483,-1.808632,-0.139447,-0.139436,0.023944,-0.326475,-1.453102,-1.566254,-1.825379,-2.327496,0.000000,144.544296
-0.272345,0.358715,-0.664275,0.099737,0.099738,0.067760,-0.408518,-1.297098,-1.594915,-1.746236,-2.261625,0.000000,144.688461
-0.791503,0.059360,-1.253212,0.710780,0.710798,-0.389173,-0.946519,-1.598411,-2.191820,-2.294320,-2.765441,1.000000,145.716904
-1.158001,0.098131,-1.321560,0.817891,0.817868,-1.080796,-1.488381,-1.941330,-2.859659,-2.913699,-3.346847,1.000000,146.908676
-0.639350,0.156579,-0.906837,0.281317,0.281331,-1.008616,-1.472471,-1.825419,-2.904164,-3.021401,-3.408579,0.000000,147.321976
0.026182,0.661208,-0.635025,-0.345772,-0.345762,-0.356148,-0.938801,-1.363022,-2.320797,-2.540896,-2.844529,0.000000,146.812592
1.960661,2.135237,-0.046997,-2.500823,-2.500835,1.983490,1.566510,1.106566,0.323311,-0.028197,-0.239481,-1.000000,143.141052
1.770343,1.770343,-0.027549,-2.524673,-2.524675,3.737690,3.883724,3.544354,3.009579,2.465251,2.323027,-1.000000,139.527206
-3.408851,3.742635,-6.242450,-3.003375,-3.003372,5.239686,6.308498,6.369812,6.142319,5.405014,5.363018,-1.000000,135.336685
3.781331,4.256701,-0.072019,-1.399050,-1.399053,4.652843,6.969897,7.400850,7.452108,6.685975,6.662830,-1.000000,133.443253
-1.527245,0.069414,-3.366891,3.752526,3.752513,-0.340153,2.660892,3.249345,3.360651,2.794875,2.731007,1.000000,138.450729
-0.241090,0.509751,-1.777228,0.777504,0.777516,-1.627059,1.498935,2.255746,2.387204,2.011989,1.863105,1.000000,139.527206
0.000000,0.581191,-0.788764,-0.440862,-0.440844,-1.280027,1.458505,2.469135,2.682126,2.516555,2.219131,0.000000,138.912109
1.218050,1.387032,-0.366123,-1.729745,-1.729750,0.629435,2.482565,3.806696,4.249443,4.310346,3.854574,-1.000000,136.509277
0.755996,1.252794,-0.439196,-2.210801,-2.210809,2.911657,3.763409,5.591473,6.249548,6.513067,6.024910,-1.000000,133.491318
-1.502281,0.000000,-1.572475,2.563178,2.563174,0.115136,0.447177,2.581026,3.335560,3.640299,3.310405,1.000000,136.912933
-0.522976,0.787943,-0.662434,0.673926,0.673931,-0.800503,-0.610145,1.562879,2.432877,2.754892,2.586517,1.000000,137.835632
0.304581,0.573744,-0.481650,-1.554990,-1.554998,0.291836,0.677159,2.674609,3.748414,4.153289,4.172933,-1.000000,135.692291
-0.678714,0.000000,-1.177365,2.273698,2.273700,-1.610914,-1.313108,0.001387,1.179791,1.714247,1.902719,1.000000,138.777527
2.182916,2.372433,-0.203557,-1.329731,-1.329720,0.217580,0.271627,0.843209,2.258008,2.907268,3.233419,-1.000000,136.932175
1.250795,1.257898,-0.461949,-1.235344,-1.235360,1.223796,1.288470,1.534126,3.193094,3.935472,4.305548,-1.000000,135.240570
-1.148862,0.014089,-1.310968,0.831496,0.831512,0.173375,0.221305,0.365555,2.036921,2.864660,3.248037,1.000000,136.365112
0.959834,1.286892,-0.263061,-0.866938,-0.866941,0.974052,0.821899,1.029031,2.539636,3.506290,3.950467,-1.000000,135.182907
-0.550108,0.211583,-1.170737,0.810522,0.810523,-0.204525,-0.005642,0.262830,1.325199,2.387190,2.948725,1.000000,136.278595
-0.007046,0.112806,-0.641570,0.035266,0.035259,-0.328534,0.167094,0.368495,0.886214,2.104064,2.748875,0.000000,136.326645
0.317884,1.554109,-0.204856,-0.197404,-0.197396,-0.011305,0.302342,0.449747,0.690515,2.056508,2.757600,0.000000,136.057541
0.524272,0.897731,-0.373459,-1.638876,-1.638886,1.275496,1.674089,1.839512,2.020253,3.432347,4.225078,-1.000000,133.827713
-0.128835,0.615517,-0.594047,0.344726,0.344734,0.794442,1.220294,1.260135,1.474730,2.736610,3.628440,0.000000,134.289063
0.050748,0.608913,-0.384196,-1.266822,-1.266822,1.530988,2.052192,2.362206,2.673067,3.622759,4.619544,-1.000000,132.587860
1.017793,1.281394,-0.402726,-1.000355,-1.000359,1.785163,2.651384,3.283293,3.627439,4.180414,5.334254,-1.000000,131.261505
-2.050391,0.346553,-2.794019,1.420508,1.420506,-0.080854,1.054804,1.647059,1.976037,2.310018,3.573031,1.000000,133.126083
0.876679,1.304161,-0.441965,-0.353759,-0.353760,0.097089,1.133894,1.747573,2.079048,2.357049,3.638361,0.000000,132.655136
1.258232,1.872547,-0.051816,-2.108392,-2.108403,1.570584,2.902093,3.639518,3.929035,4.263798,5.463462,-1.000000,129.858231
-0.560509,0.191762,-1.098894,0.355262,0.355283,0.862890,2.080533,2.839931,3.323619,3.740685,4.665777,0.000000,130.319595
-0.413187,0.405943,-1.203337,1.740542,1.740540,-0.662564,0.052191,0.862146,1.521926,1.940121,2.504769,1.000000,132.587860
-0.130260,0.441453,-1.273697,0.166724,0.166700,-0.875651,-0.358930,0.572224,1.198461,1.600546,1.982703,0.000000,132.808884
-2.256882,0.014367,-2.415008,0.687518,0.687541,-1.392954,-1.047231,-0.246301,0.353618,0.733120,1.051526,1.000000,133.722000
-2.525672,0.201227,-2.692194,3.586566,3.586572,-3.556765,-4.168062,-3.539649,-3.019018,-2.766034,-2.471558,1.000000,138.518036
2.026156,2.793966,-0.127974,-2.400771,-2.400793,-0.463523,-1.618079,-1.220429,-0.766022,-0.413186,-0.076061,-1.000000,135.192505
0.327733,1.268166,-0.548593,-0.213282,0.278646,-0.300279,-1.573705,-1.532156,-1.092034,-0.628601,-0.301449,0.000000,135.569214
-1.634845,0.190254,-2.318377,1.104305,1.104319,-0.768032,-2.361303,-2.558612,-2.105761,-1.709515,-1.424081,1.000000,137.066330
-0.567543,0.539521,-0.595576,0.570782,0.570759,-0.732471,-2.538667,-2.917150,-2.607520,-2.266955,-2.024108,1.000000,137.848648
-0.431481,0.222697,-0.668109,0.679653,0.679662,-1.364049,-2.553357,-3.356538,-3.135199,-2.837573,-2.688557,1.000000,138.785553
0.317548,1.312540,-0.084688,-1.377963,-1.377975,0.259693,-0.713002,-1.797487,-1.760058,-1.535647,-1.320033,-1.000000,136.873123
1.627243,2.086024,-0.200716,-1.559528,-1.559522,1.724737,1.019551,-0.069695,-0.262645,-0.040868,0.274139,-1.000000,134.738556
-0.523738,0.000000,-1.231503,1.283149,1.283149,0.348225,0.007832,-1.172474,-1.511192,-1.271283,-1.007108,1.000000,136.467453
-0.451658,0.218771,-0.931540,0.290186,0.290210,-0.086114,-0.052025,-1.253460,-1.685284,-1.542408,-1.317241,0.000000,136.863495
-0.226554,0.049562,-0.623012,-0.317570,-0.317599,-0.113267,0.113284,-0.617768,-1.293622,-1.192182,-0.984831,0.000000,136.428818
-0.042476,0.325669,-0.502660,0.000000,0.000000,-0.178401,0.203903,-0.319237,-1.152855,-1.187778,-1.042217,0.000000,136.428818
-0.761756,1.216022,-0.999365,1.302652,1.302662,-0.960235,-0.893841,-1.330039,-2.172703,-2.404021,-2.284002,1.000000,138.206024
-2.207131,0.292016,-2.281834,2.907264,2.907258,-2.948723,-3.331067,-3.676259,-4.616600,-4.987799,-4.880928,1.000000,142.224030
-0.020231,0.350691,-0.600216,0.699490,0.699500,-2.735374,-3.627602,-3.903294,-4.910375,-5.385504,-5.382146,1.000000,143.218887
0.047254,0.492751,-0.384740,-0.087675,-0.087684,-1.718525,-3.241980,-3.605798,-4.364460,-5.056357,-5.114837,0.000000,143.093307
-0.485176,0.451491,-0.673854,0.168748,0.168761,-0.920492,-2.954185,-3.389493,-4.071570,-4.916404,-5.110601,0.000000,143.334793
0.059687,1.147364,-2.367683,1.603777,1.603754,-1.464375,-3.737885,-4.453717,-5.137848,-6.022496,-6.395352,1.000000,145.633530
0.333400,0.640123,-1.646997,-0.537205,-0.537194,-0.569449,-2.639195,-3.579384,-4.209824,-5.191145,-5.687437,-1.000000,144.851196
1.191280,1.588370,-0.874952,-0.926851,-0.926855,0.401130,-1.265312,-2.414411,-2.972705,-4.001665,-4.580257,-1.000000,143.508636
0.349653,0.443790,-0.706027,0.094225,0.094217,0.383278,-0.855963,-2.280788,-2.885614,-3.708143,-4.452990,0.000000,143.643845
0.278592,0.631928,-0.679486,-1.042229,-1.042210,1.273347,0.590466,-1.004288,-1.618202,-2.361194,-3.222546,-1.000000,142.146774
0.006786,0.407391,-0.305538,0.074744,0.074745,0.722426,0.799829,-0.726063,-1.456756,-2.162346,-3.037270,0.000000,142.253021
0.095193,0.414759,-1.040330,-0.142580,-0.142577,0.471871,0.931514,-0.322310,-1.140629,-1.762426,-2.689414,0.000000,142.050201
0.527689,0.733283,-0.740133,-0.781947,-0.781962,0.899131,1.565247,0.656072,-0.251845,-0.783354,-1.726555,-1.000000,140.939423
0.810877,0.963338,-0.436613,-1.117054,-1.117056,1.424922,2.445086,1.933616,0.895776,0.361782,-0.389001,-1.000000,139.365051
-0.145898,0.548836,-1.000418,-0.242561,-0.242559,1.222736,2.384328,2.306056,1.218566,0.716135,0.061973,0.000000,139.027008
0.781519,1.032723,-0.034891,-0.437685,-0.437678,1.113668,2.313165,2.766029,1.796453,1.241224,0.642258,0.000000,138.418518
0.817757,0.817757,-0.162151,-1.018765,-1.018763,1.418388,2.793787,3.569958,2.863931,2.281555,1.780288,-1.000000,137.008362
0.448073,1.166429,-0.298729,-0.881213,-0.881236,1.563311,3.140128,4.126614,3.739344,3.130597,2.736217,-1.000000,135.800995
-1.416806,0.055836,-1.535453,1.906112,1.906133,-0.477389,0.831239,1.952352,1.869763,1.190115,0.811463,1.000000,138.389542
0.587956,1.105902,-0.258973,-0.286156,-0.286146,-0.341576,0.819619,1.986878,2.218791,1.512974,1.168420,0.000000,137.993546
-0.292265,0.187871,-0.995065,0.587956,0.587955,-0.868427,-0.018107,1.062773,1.642876,1.036794,0.654775,1.000000,138.804886
-0.254817,0.495868,-0.633607,1.036803,1.036791,-1.424238,-1.172863,-0.193293,0.529273,0.107716,-0.302569,1.000000,140.244003
0.515464,0.838489,-0.075602,0.206614,0.206615,-0.953948,-1.405499,-0.540206,0.226460,0.005772,-0.444445,0.000000,140.533768
0.809184,0.975174,-0.152155,-0.625432,-0.625438,-0.149377,-0.764221,-0.104655,0.734153,0.727582,0.202880,-1.000000,139.654816
-1.140661,0.329826,-1.298701,0.650116,0.650112,-0.428768,-1.295943,-0.825020,-0.015108,0.194608,-0.356848,1.000000,140.562729
0.309968,0.530379,-0.192863,-0.240504,-0.240493,0.013774,-0.929189,-0.682369,0.033064,0.493733,0.013777,0.000000,140.224686
-0.020609,0.295416,-0.288540,0.261747,0.261736,-0.197852,-0.932941,-1.010801,-0.379560,0.184950,-0.149528,0.000000,140.591705
0.027306,0.771534,-0.314084,0.618308,0.618311,-0.680055,-1.141609,-1.594521,-1.064113,-0.480405,-0.654787,1.000000,141.460999
-0.250684,0.541997,-0.521683,0.778369,0.778369,-1.039299,-1.612466,-2.205059,-1.866192,-1.263957,-1.278682,1.000000,142.562088
1.417267,1.472307,-0.082566,-1.524390,-1.524391,0.467834,0.081183,-0.626533,-0.409700,0.180530,0.343539,-1.000000,140.388885
2.451391,2.648629,-0.267685,-2.332301,-2.332290,2.413345,2.347831,1.683092,1.781125,2.324306,2.713194,-1.000000,137.114609
-0.966351,0.298949,-1.021970,1.324309,1.324302,0.835656,0.915603,0.446333,0.338574,0.816467,1.291717,1.000000,138.930420
0.468236,0.768751,-1.090221,-0.521413,-0.521409,0.893146,1.276118,1.088826,0.765602,1.191419,1.701726,-1.000000,138.206024
0.119717,0.401413,-0.809855,-0.761756,-0.761747,0.878865,1.871115,1.804684,1.458440,1.778863,2.338017,-1.000000,137.153244
1.234213,1.755017,-0.606400,-1.288734,-1.288739,1.456803,2.818717,3.005395,2.648566,2.907894,3.478391,-1.000000,135.385696
0.142855,0.742852,-0.350004,-0.121280,-0.121282,1.300000,2.573570,2.953806,2.654998,2.824855,3.347379,0.000000,135.221497
0.776268,1.022928,-0.195871,-1.542860,-1.542857,2.016832,3.620864,4.211159,4.118178,4.168308,4.673532,-1.000000,133.135223
-0.617860,0.079029,-1.530285,0.979401,0.979388,0.466996,2.093549,2.898202,3.057697,2.964586,3.433442,1.000000,134.439133
1.296732,1.767606,-0.065196,-0.826215,-0.826198,0.730219,2.251518,3.439094,3.726451,3.641258,4.037231,-1.000000,133.328400
-1.360637,0.322255,-2.305930,1.159089,1.159089,-0.499864,0.671004,1.972683,2.422291,2.330555,2.665416,1.000000,134.873795
1.020558,1.389692,-0.108576,-1.059865,-1.059883,0.299659,1.474385,2.726314,3.318621,3.277655,3.545171,-1.000000,133.444290
0.504708,1.031371,-0.460833,-1.049506,-1.049499,1.198155,2.029112,3.384291,4.103939,4.222658,4.390799,-1.000000,132.043793
-0.586572,0.760376,-1.035551,1.009428,1.009439,0.027516,0.647401,1.947036,2.795273,3.108403,3.158562,1.000000,133.376694
-0.578817,0.407312,-1.021872,1.339710,1.339690,-1.023285,-0.830345,0.234398,1.270198,1.649861,1.691212,1.000000,135.163528
0.386013,0.700548,-0.321679,-0.035732,-0.035718,-0.952179,-0.814926,0.010009,1.104796,1.600971,1.631043,0.000000,135.115250
-0.078661,0.250290,-0.250280,-0.035745,-0.035755,-0.676479,-0.790893,-0.055290,0.950026,1.526612,1.584680,0.000000,135.066940
0.114624,0.408344,-0.924130,-0.178776,-0.178756,-0.085976,-0.487866,-0.079287,0.916963,1.547666,1.712626,0.000000,134.825500
0.213769,0.676925,-0.427527,0.537288,0.537273,-0.299271,-0.937717,-0.743901,0.159619,0.857922,1.162896,0.000000,135.549881
0.696540,0.969414,-0.294405,-0.769560,-0.769560,0.376278,-0.081856,-0.105313,0.636944,1.487008,1.851219,-1.000000,134.506744
0.829935,1.004662,-0.538735,-1.364350,-1.364351,1.396330,1.134246,1.140072,1.738136,2.652885,3.126337,-1.000000,132.671600
