-1.142124,0.592225,-1.353634,1.372208,1.372204,-0.338412,-0.135365,-0.758604,-1.467855,-2.291035,-3.210664,1.000000,20.561911
-0.295858,0.422654,-1.056636,0.084607,0.084608,-0.371941,-0.181748,-0.614266,-1.322916,-2.138639,-2.967042,0.000000,20.579308
0.986274,1.114923,-0.471702,-1.437025,-1.437021,0.806168,1.127777,0.923374,0.252991,-0.535174,-1.292179,-1.000000,20.283579
-0.556027,0.042772,-1.197601,0.257286,0.257257,0.359305,0.662983,0.704326,0.074871,-0.579963,-1.343009,0.000000,20.335760
-1.341157,0.377200,-1.634543,2.053045,2.053034,-1.207022,-1.278268,-1.156726,-1.712048,-2.321856,-3.060889,1.000000,20.753260
0.420513,0.588726,-0.588738,-0.335289,-0.335273,-0.756938,-0.841039,-0.734505,-1.196378,-1.789734,-2.514713,0.000000,20.683680
-0.381679,0.466501,-0.424088,-0.841047,-0.841059,0.016974,-0.008463,0.110283,-0.203542,-0.787087,-1.502665,-1.000000,20.509718
0.851068,0.978723,-0.340426,-0.339271,-0.339244,0.510621,0.272333,0.405667,0.240419,-0.309793,-0.995750,0.000000,20.440140
-0.971280,0.464531,-1.435811,0.765957,0.765949,-0.000006,-0.456080,-0.408217,-0.428629,-0.954389,-1.532936,1.000000,20.596701
0.680272,0.977891,-0.255106,-0.675676,-0.675681,0.391159,0.306127,0.229599,0.301879,-0.154754,-0.693019,-1.000000,20.457533
-0.084140,0.336559,-0.504838,1.062925,1.062929,-0.673119,-0.694152,-0.757255,-0.687838,-1.058473,-1.569201,1.000000,20.674982
-2.055076,0.493222,-2.301685,2.355911,2.355915,-2.342788,-2.704485,-2.841486,-2.817510,-3.092479,-3.595012,1.000000,21.162067
0.917435,1.542952,0.000000,-1.438553,-1.438565,-0.517091,-1.009171,-1.328876,-1.332350,-1.516253,-2.007217,-1.000000,20.857637
1.634404,1.892477,-0.215049,-3.044204,-2.269874,1.584992,1.313745,0.916110,0.868771,0.804523,0.329303,-1.000000,20.384195
0.941777,1.198622,-0.642132,0.473123,0.473146,1.129177,0.703530,0.505024,0.369674,0.376799,-0.034648,0.000000,20.480642
0.828613,0.959442,-0.741387,-1.840758,-1.840763,2.457239,2.303482,2.237808,2.161708,2.199117,1.870722,-1.000000,20.103642
0.259624,0.605794,-0.735612,0.785002,0.784992,0.770231,1.384132,1.336916,1.300434,1.355815,1.140888,1.000000,20.261454
0.774194,0.817209,-0.989247,0.605794,0.605786,-0.301064,0.746214,0.759635,0.646874,0.707226,0.592426,1.000000,20.384195
0.385935,0.686106,-0.257290,0.301075,0.301081,-0.540302,0.369877,0.492982,0.324811,0.344728,0.328225,0.000000,20.445568
0.560582,1.078051,-0.129370,-0.557457,-0.557431,-0.129388,0.870566,0.918040,0.898997,0.858482,0.905625,-1.000000,20.331598
-0.556988,1.285343,-0.642669,0.646826,0.646845,-0.419910,0.118745,0.197593,0.226391,0.209666,0.266526,1.000000,20.463112
1.615721,1.921397,-0.087341,-1.885176,-1.885202,1.310043,1.502178,1.979243,2.027157,2.045511,2.122729,-1.000000,20.077341
-0.349192,0.305543,-0.654736,0.043668,0.043671,0.969011,1.073760,1.817223,1.933464,1.906213,1.996303,0.000000,20.086109
-0.301205,0.000000,-1.247844,1.440419,1.440398,-0.533541,-0.365735,0.299076,0.495799,0.429422,0.486200,1.000000,20.375429
0.171531,0.900519,-0.214408,0.344234,0.344233,-0.763276,-0.724687,-0.048904,0.075799,0.116588,0.119675,0.000000,20.445568
-0.423374,0.762058,-0.465711,1.286454,1.286455,-1.786618,-1.693473,-1.307579,-1.189264,-1.126676,-1.112950,1.000000,20.708591
0.764647,0.807133,-0.764656,-0.338696,-0.338686,-0.909098,-1.176723,-1.141324,-0.822281,-0.779205,-0.758913,0.000000,20.638454
-0.125317,0.083534,-1.294912,1.699235,1.699241,-1.704273,-2.539688,-2.751331,-2.348606,-2.302570,-2.349231,1.000000,20.989151
0.968013,1.010101,-0.715488,-0.751884,-0.751884,-0.521891,-1.616161,-1.871496,-1.552501,-1.467274,-1.560769,-1.000000,20.831337
0.423195,0.465514,-0.296234,-0.547142,-0.547152,0.287779,-0.888690,-1.255457,-0.948174,-0.932117,-0.949400,-1.000000,20.717358
0.981647,1.024328,-0.384123,-0.846378,-0.846368,0.981645,-0.004274,-0.270313,-0.135040,-0.114067,-0.107141,-1.000000,20.542013
0.000000,0.297366,-0.467294,0.469488,0.469482,0.509770,-0.199664,-0.614559,-0.728551,-0.555871,-0.564376,0.000000,20.638454
-0.126953,1.311900,-0.296234,0.382319,0.382315,-0.135413,-0.275067,-0.885869,-1.140491,-0.881089,-0.873292,0.000000,20.717358
-2.063107,0.930429,-2.508087,4.612781,4.612779,-3.762130,-4.073617,-4.878629,-5.202256,-5.052979,-5.038500,1.000000,21.673004
-0.362031,0.241348,-0.522932,0.566351,0.566364,-3.314572,-3.994378,-4.966487,-5.434442,-5.342103,-5.413865,1.000000,21.795752
0.647519,0.687981,-0.323756,-0.603387,-0.603402,-1.691614,-2.970445,-4.019954,-4.500191,-4.584816,-4.688794,-1.000000,21.664236
0.690496,0.893578,-0.243712,-0.364217,-0.364218,-0.454914,-2.177088,-3.203354,-3.844431,-4.157591,-4.174282,0.000000,21.585331
-0.324018,0.000000,-0.688542,0.284322,0.284337,0.121496,-2.150679,-2.997176,-3.825443,-4.283525,-4.260180,0.000000,21.646706
0.000000,0.040568,-0.608519,-0.162013,-0.162025,0.227186,-1.630828,-2.458413,-3.399587,-3.901008,-3.948266,0.000000,21.611633
0.163336,0.449163,-0.122503,-0.649087,-0.649076,0.579822,-0.637000,-1.502659,-2.503066,-3.088612,-3.163352,-1.000000,21.471357
0.367647,0.653591,-0.326797,-0.040833,-0.040845,0.433013,-0.167478,-1.228207,-2.230386,-2.795745,-3.001460,0.000000,21.462587
0.820677,1.313090,-0.041034,-0.449342,-0.449307,0.681140,0.623686,-0.555358,-1.487516,-2.150215,-2.531832,0.000000,21.366154
-0.081239,1.015435,-0.406178,1.025851,1.025814,-0.398042,0.004068,-1.380985,-2.140531,-2.921196,-3.409147,1.000000,21.585331
-0.728749,0.000000,-1.214579,0.324939,0.324929,-0.680145,-0.327919,-1.446679,-2.161929,-3.012129,-3.526301,0.000000,21.655468
0.203915,0.326264,-0.122349,-0.728749,-0.728730,0.073411,0.265090,-0.481239,-1.199021,-2.083196,-2.660412,-1.000000,21.497658
0.740440,0.781576,-0.246808,-0.856448,-0.856442,0.798027,0.966680,0.619771,-0.203621,-1.077747,-1.630331,-1.000000,21.313543
-0.534104,0.000000,-1.027116,0.123410,0.123410,0.649129,0.727195,0.714867,-0.162289,-0.963029,-1.583132,0.000000,21.339846
0.575417,0.863136,-0.452121,-0.041085,-0.041097,0.452121,0.620641,0.948082,-0.041095,-0.688855,-1.394703,0.000000,21.331076
0.371134,0.783509,-0.164953,-0.328812,-0.328802,0.412368,0.787627,1.151888,0.389687,-0.194642,-0.941582,0.000000,21.260939
-0.535645,0.123605,-0.865270,0.082474,0.082480,0.123603,0.613919,0.906461,0.438805,-0.120321,-0.874887,0.000000,21.278475
0.413215,0.413215,-0.413227,-0.288418,-0.288418,0.322306,0.789247,1.057841,0.888418,0.264452,-0.469709,0.000000,21.217104
0.540096,0.914005,-0.083095,-0.537194,-0.537189,0.639793,1.208962,1.451312,1.543403,0.894047,0.229873,-1.000000,21.103128
-0.125004,1.083333,-0.333333,-0.290818,-0.290838,0.658346,1.245842,1.555565,1.916675,1.198341,0.673618,0.000000,21.041752
-0.292284,0.417528,-0.375783,-0.208329,-0.208314,0.617950,1.144042,1.572712,1.968675,1.441325,0.982591,0.000000,20.997919
0.209644,0.461212,-0.377358,-0.417541,-0.417551,0.687639,1.287218,1.819712,2.184490,1.903568,1.480088,0.000000,20.910242
0.210797,0.548065,-0.379427,-0.545078,-0.545077,0.834747,1.593602,2.164147,2.535843,2.510969,2.050317,-1.000000,20.796265
0.465896,0.762389,-0.211783,-0.463735,-0.463737,0.914866,1.757732,2.425526,2.799663,3.000424,2.535650,0.000000,20.699825
-0.504630,0.084096,-0.714886,0.720034,0.720035,0.008410,0.798993,1.457807,1.873424,2.289319,1.780207,1.000000,20.848871
0.210257,0.294361,-0.588738,0.000000,0.000000,-0.134569,0.601348,1.199889,1.690497,2.131203,1.783010,0.000000,20.848871
0.550610,0.762389,-0.211783,-0.714886,-0.714888,0.381194,1.046169,1.671610,2.236342,2.654808,2.513060,-1.000000,20.699825
0.776536,0.905949,-0.301980,-1.821266,-1.821247,1.777382,2.480574,3.232659,3.852446,4.295068,4.378760,-1.000000,20.322830
-0.172418,0.862065,-0.172418,0.086286,0.086272,1.336205,2.017237,2.816089,3.510771,3.960341,4.239937,0.000000,20.340363
0.216352,0.822146,-0.086547,-0.387931,-0.387943,1.151026,2.029432,2.864570,3.587199,4.091743,4.570900,0.000000,20.261454
1.296465,1.555752,-0.432143,0.129805,0.129823,0.466725,1.547102,2.411409,3.115816,3.695764,4.207720,0.000000,20.287758
1.084128,1.691249,-0.607108,-0.345722,-0.345721,0.338249,1.556806,2.416882,3.156980,3.807457,4.309046,0.000000,20.217619
-0.776867,0.043159,-0.906349,0.477021,0.476995,-0.146726,0.837308,1.634316,2.421254,3.088496,3.592308,0.000000,20.314056
0.777202,0.820380,-0.302245,-0.043159,-0.043143,-0.138172,0.686530,1.416236,2.210710,2.924008,3.426888,0.000000,20.305292
-0.043178,0.949909,-0.863562,0.000000,0.000000,-0.094993,0.418827,1.174440,1.958120,2.671849,3.206680,0.000000,20.305292
-0.598542,0.299273,-0.897815,0.993087,0.993106,-0.863630,-0.735368,0.019939,0.771686,1.438210,2.012244,1.000000,20.506945
-0.837876,0.293255,-1.047340,2.052168,2.052139,-2.178463,-2.622531,-1.985749,-1.338492,-0.710507,-0.125673,1.000000,20.927776
-0.581150,0.000000,-1.535911,0.921655,0.921660,-2.308007,-3.134076,-2.778464,-2.262344,-1.653792,-1.091733,1.000000,21.120659
1.299790,1.467509,-0.335430,-0.996264,-0.996262,-0.746329,-1.886792,-1.733051,-1.324945,-0.746327,-0.169109,-1.000000,20.910242
-0.042056,0.504622,-0.126161,-0.293497,-0.293497,0.067282,-1.316234,-1.443791,-1.080741,-0.546677,0.007008,0.000000,20.848871
-0.331400,0.372829,-0.869921,1.513869,1.513876,-0.803648,-2.373655,-2.814139,-2.516570,-2.048051,-1.561722,1.000000,21.164497
-1.308802,0.081791,-1.390593,1.284184,1.284179,-1.586916,-3.042949,-3.817317,-3.629859,-3.260533,-2.819361,1.000000,21.436287
-1.568793,0.201122,-1.850366,1.676892,1.676900,-2.590515,-3.962197,-4.953080,-4.989953,-4.749808,-4.348359,1.000000,21.795752
1.390025,1.757972,-0.245294,-1.609018,-0.851239,-1.106389,-2.533820,-3.745312,-3.963607,-3.838179,-3.485440,-1.000000,21.610218
2.249059,2.290708,-0.041649,-1.839734,-1.839745,1.090080,-0.279342,-1.642343,-2.077923,-2.003664,-1.695149,-1.000000,21.212645
-0.329489,0.411853,-0.535424,1.124536,1.124527,0.233231,-0.948076,-2.374528,-3.026446,-3.008884,-2.758758,1.000000,21.451187
-0.411188,0.904609,-0.411188,0.164741,0.164751,0.115133,-0.850949,-2.141395,-3.002879,-3.061132,-2.886424,0.000000,21.486528
0.288894,1.031779,-0.123809,-0.370066,-0.370050,0.123801,-0.348916,-1.437550,-2.389376,-2.586955,-2.496148,0.000000,21.407017
0.206181,1.072165,-1.195880,0.082542,0.082534,-0.131963,-0.190977,-1.170511,-2.216817,-2.531955,-2.526526,0.000000,21.424685
0.207904,0.207904,-0.457372,-0.824746,-0.824745,0.731809,0.826875,-0.052866,-1.171501,-1.646273,-1.683580,-1.000000,21.247986
-0.041859,0.795316,-0.293005,-0.665281,-0.665282,1.079953,1.474732,0.805931,-0.315626,-0.938713,-1.007950,-1.000000,21.106627
-0.951589,0.206864,-1.117087,1.172043,1.172035,-0.215136,0.260658,-0.228795,-1.204344,-1.963755,-2.085459,1.000000,21.354004
-0.780933,0.082203,-1.150847,0.661978,0.661988,-0.789154,-0.538436,-0.768713,-1.579277,-2.390283,-2.620969,1.000000,21.495365
0.497921,0.622407,-1.078838,-0.945335,-0.945325,0.033182,0.261396,0.297879,-0.408257,-1.279940,-1.598903,-1.000000,21.292164
0.540545,0.540545,-0.623696,-0.207473,-0.207485,0.241167,0.486488,0.631639,0.020642,-0.888967,-1.331699,0.000000,21.247986
-0.417715,0.793642,-0.584804,-0.457372,-0.457385,0.743532,0.806188,1.089710,0.632429,-0.270349,-0.830749,0.000000,21.150801
1.056189,1.056189,0.000000,-1.127824,-1.127820,1.470223,1.681460,2.075769,1.776618,1.000120,0.334321,-1.000000,20.912258
1.145524,1.145524,-0.296988,-0.422476,-0.422470,1.255834,1.832838,2.197708,2.137166,1.526561,0.840211,0.000000,20.823910
-1.443299,0.000000,-1.773196,2.885023,2.885025,-1.459797,-1.022682,-0.725776,-0.606830,-1.111379,-1.818772,1.000000,21.424685
-0.327869,0.368852,-0.819668,0.618557,0.618548,-1.778685,-1.487699,-1.229502,-1.053553,-1.486997,-2.221978,1.000000,21.557207
-0.697293,0.000000,-0.902375,-0.081971,-0.081982,-1.337147,-1.205888,-1.121118,-0.885310,-1.214410,-1.948034,0.000000,21.539534
0.330711,1.074824,-0.165362,-0.779319,-0.779307,-0.132291,-0.421663,-0.380323,-0.121953,-0.355440,-0.997909,-1.000000,21.371675
-0.041055,0.164200,-0.944179,0.702770,0.702776,-0.180634,-1.104277,-1.039963,-0.882602,-0.976263,-1.501749,1.000000,21.521870
-1.215563,0.000000,-1.823339,1.313625,1.313608,-1.126411,-2.151530,-2.206903,-2.123164,-2.096116,-2.549653,1.000000,21.804583
-1.330724,0.782783,-1.800388,3.525118,3.525130,-3.592956,-4.896281,-5.145463,-5.154595,-5.124280,-5.533031,1.000000,22.573223
-1.032892,0.803370,-1.338937,2.309198,2.309187,-4.422332,-6.201215,-6.712562,-6.939543,-6.931413,-7.291743,1.000000,23.094481
0.653347,0.845503,-0.153728,-0.459063,-0.459058,-2.574943,-4.865487,-5.808349,-6.183700,-6.232125,-6.565396,0.000000,22.988464
1.128401,1.167311,-0.233471,-1.229819,-1.229817,-0.319074,-2.852146,-4.280159,-4.729574,-4.904282,-5.169314,-1.000000,22.705748
-0.385509,0.308400,-1.040867,0.933852,0.933852,-0.269859,-3.099466,-4.692885,-5.285276,-5.555900,-5.754706,1.000000,22.917786
0.734162,0.772801,-0.309119,-0.231311,-0.231309,0.216384,-2.302936,-4.000513,-4.712129,-5.047909,-5.242314,0.000000,22.864775
-0.804910,0.268302,-1.264852,0.811441,0.811436,-0.628589,-2.433879,-4.223837,-5.057488,-5.534682,-5.732314,1.000000,23.050308
-0.076299,0.343380,-0.534143,0.459943,0.459950,-0.938573,-2.109883,-4.016280,-5.103013,-5.678747,-5.916315,0.000000,23.156328
-0.303375,0.417137,-0.682594,0.610462,0.610451,-1.031473,-1.941600,-3.890783,-5.291995,-5.926427,-6.272275,1.000000,23.297686
0.803370,1.147674,-0.076503,-0.872211,-0.872211,-0.007644,-0.520267,-2.563113,-4.068468,-4.809476,-5.233347,-1.000000,23.094481
-1.846277,0.376782,-1.921628,1.530230,1.530249,-1.017348,-1.646587,-3.494113,-5.045230,-5.868891,-6.343896,1.000000,23.447884
0.605373,0.605373,-0.454033,-0.414472,-0.414481,-0.348092,-1.127509,-2.575360,-4.178967,-5.092700,-5.682937,0.000000,23.350697
-0.378501,0.378501,-0.605602,-0.037836,-0.037845,-0.151395,-0.938677,-1.975771,-3.622251,-4.716118,-5.382279,0.000000,23.341860
-1.598517,0.297398,-1.672859,1.816805,1.816813,-1.539035,-2.260225,-3.095418,-4.723051,-6.034202,-6.739778,1.000000,23.765938
1.278199,2.218049,0.000000,-1.115242,-1.115247,-0.082701,-0.909772,-1.521300,-3.206764,-4.598493,-5.393479,-1.000000,23.500889
-2.329017,0.036969,-2.402954,1.691726,1.691745,-1.367847,-2.125704,-2.789906,-4.327183,-5.741970,-6.597668,1.000000,23.898464
0.037023,0.111074,-0.444284,-0.147871,-0.147888,-0.792296,-1.640130,-2.431195,-3.698627,-5.147721,-6.074290,0.000000,23.863121
-0.480588,0.332717,-0.887246,0.148090,0.148107,-0.473205,-1.475055,-2.321636,-3.312395,-4.788180,-5.858296,0.000000,23.898464
-0.662987,0.000000,-1.473297,0.369689,0.369676,-0.655615,-1.550644,-2.325354,-3.154698,-4.611420,-5.858810,0.000000,23.986811
0.592812,0.778070,-0.481656,-0.589319,-0.589324,0.222312,-0.652087,-1.486966,-2.152646,-3.639864,-4.943803,-1.000000,23.845451
-0.698533,0.845585,-0.845596,0.778070,0.778077,-0.441181,-1.176476,-1.924026,-2.604786,-3.972066,-5.291673,1.000000,24.030987
0.220434,1.028659,-0.404107,0.073522,0.073513,-0.360019,-0.958845,-1.719315,-2.477949,-3.625267,-4.959580,0.000000,24.048653
0.369952,1.109874,-0.406959,-0.698009,-0.697993,0.325552,-0.037008,-0.826255,-1.605636,-2.527575,-3.877187,-1.000000,23.880795
0.111280,0.778935,-0.296736,-0.258979,-0.258978,0.445099,0.244803,-0.422854,-1.116475,-1.888731,-3.208464,0.000000,23.818949
0.408770,0.408770,-0.557414,-0.185456,-0.185457,0.572274,0.546260,-0.047077,-0.752517,-1.374963,-2.699130,0.000000,23.774775
-0.775476,0.036928,-0.812404,0.631735,0.631728,-0.147708,-0.073855,-0.541605,-1.153989,-1.768097,-2.980062,1.000000,23.924967
1.533853,1.646091,0.000000,-1.292467,-1.292478,0.793130,1.129829,0.835526,0.260018,-0.393556,-1.416626,-1.000000,23.615742
-0.224055,0.634802,-0.224055,0.187059,0.187070,0.418220,0.840176,0.736865,0.179234,-0.466024,-1.278322,0.000000,23.659920
0.000000,0.260902,-0.298174,0.186703,0.186687,0.134191,0.533000,0.531759,0.078286,-0.483027,-1.155410,0.000000,23.704090
0.337584,0.787701,-0.112532,-0.633619,-0.633604,0.585142,1.050263,1.187797,0.813954,0.259564,-0.277571,-1.000000,23.553900
-0.037509,0.300075,-0.375098,0.000000,0.000000,0.270063,0.847711,1.090272,0.836459,0.376593,-0.138786,0.000000,23.553900
0.150606,0.150606,-0.828310,-0.375098,-0.375101,0.519582,0.978923,1.357939,1.240594,0.825308,0.289916,0.000000,23.465549
-1.126122,0.075079,-1.651644,0.301205,0.301203,0.112615,0.529286,0.950959,0.977861,0.587095,0.066324,0.000000,23.536228
0.680522,0.718329,-0.378076,-0.713206,-0.713190,0.544409,1.058585,1.499670,1.618133,1.321724,0.879632,-1.000000,23.368370
-0.631036,0.148474,-0.965111,1.852552,1.852534,-1.076464,-0.768373,-0.358819,-0.167035,-0.402372,-0.831475,1.000000,23.801277
-0.956238,0.514891,-1.140132,0.927988,0.928005,-1.596187,-1.640323,-1.277443,-1.059226,-1.222521,-1.582703,1.000000,24.022154
-0.184226,0.921150,-0.257918,-0.183898,-0.183914,-0.987462,-1.308025,-1.115196,-0.852975,-0.935879,-1.272406,0.000000,23.977974
1.993984,2.069221,-0.150485,-2.063371,-2.063364,1.053425,0.696009,0.855278,1.147477,1.175318,0.854024,-1.000000,23.483221
-0.150720,0.602864,-0.226078,-0.150485,-0.150478,1.273539,0.738496,0.901770,1.184991,1.273537,1.027367,0.000000,23.447884
-0.931446,0.372582,-1.229508,1.130365,1.130349,0.067073,-0.320410,-0.243412,0.026087,0.177354,-0.014896,1.000000,23.712927
-0.148254,0.407709,-0.407706,0.521610,0.521606,-0.607850,-0.719041,-0.785759,-0.533719,-0.352844,-0.479357,0.000000,23.836615
0.258968,0.406948,-0.332963,0.185326,0.185345,-0.873114,-0.728830,-0.895314,-0.752879,-0.534233,-0.589481,0.000000,23.880795
-1.386352,0.218895,-2.079533,1.405842,1.405837,-1.641738,-1.824153,-2.116020,-2.059471,-1.860638,-1.847261,1.000000,24.216520
-0.549048,0.292826,-1.793558,-0.328347,0.478112,-1.382813,-1.895156,-2.409668,-2.420020,-2.270826,-2.236720,0.000000,24.332302
-0.328951,0.402039,-1.242694,0.146417,0.146414,-0.989399,-1.806046,-2.329640,-2.440974,-2.327942,-2.261047,0.000000,24.367928
0.109489,0.328467,-0.474453,0.146195,0.146196,-0.669302,-1.793104,-2.240110,-2.485337,-2.409458,-2.334738,0.000000,24.403553
-0.833039,0.181090,-0.905469,0.766427,0.766417,-0.847512,-2.290929,-2.678655,-3.028807,-3.063567,-2.978957,1.000000,24.590586
-0.538987,0.467118,-0.826446,0.796809,0.796829,-1.171406,-2.537535,-3.111724,-3.568131,-3.683713,-3.626509,1.000000,24.786531
0.035932,0.395261,-0.251527,0.000000,0.000000,-0.804894,-1.997465,-2.730291,-3.349778,-3.527567,-3.518962,0.000000,24.786531
-0.179272,0.322700,-0.322696,0.215591,0.215589,-0.638222,-1.754572,-2.660774,-3.298826,-3.563574,-3.593060,0.000000,24.839968
-0.463792,0.214053,-0.713525,0.501979,0.501961,-0.684972,-1.793408,-2.895249,-3.499254,-3.878644,-3.949903,0.000000,24.964655
1.309095,1.600004,-0.327273,-1.890835,-1.890833,1.149101,0.349101,-0.883693,-1.429751,-1.882916,-2.038333,-1.000000,24.492615
0.145560,0.436681,-0.254731,-0.072727,-0.072712,0.967971,0.527651,-0.541475,-1.166283,-1.678342,-1.886150,0.000000,24.474806
1.467351,1.724138,-0.403522,-0.800582,-0.800587,1.364634,1.316947,0.489379,-0.181140,-0.790144,-1.031181,-1.000000,24.278864
0.696222,0.732865,-0.293155,0.110055,0.110055,0.813479,1.179915,0.541465,-0.187131,-0.775503,-1.067185,0.000000,24.305584
0.514520,0.551275,-0.330753,-0.293155,-0.293163,0.507176,1.407581,0.946490,0.150119,-0.371450,-0.733746,0.000000,24.234329
0.404118,0.514335,-1.065389,0.036751,0.036762,0.264512,1.227039,1.009062,0.168025,-0.279747,-0.683947,0.000000,24.243238
0.853123,1.001487,-0.370912,-0.955180,-0.955190,0.845705,1.880573,1.926320,1.244087,0.761158,0.322689,-1.000000,24.011669
0.935279,1.384212,-0.187056,-0.853112,-0.853114,1.316876,2.345685,2.656199,2.190632,1.701831,1.200305,-1.000000,23.806822
-0.482013,0.111238,-0.852796,0.897864,0.897885,0.177962,1.093796,1.646264,1.345282,0.833311,0.364490,1.000000,24.020580
-0.694952,0.219459,-1.207023,1.371898,1.371878,-1.082659,-0.526696,0.256042,0.079205,-0.477405,-0.884760,1.000000,24.350113
0.073522,0.257349,-0.441180,-0.512067,-0.512051,-0.588248,-0.125012,0.671557,0.665429,0.075683,-0.270071,-1.000000,24.225428
1.128664,1.279157,-1.128664,-2.279415,-2.279411,1.444686,1.866052,2.706283,2.898783,2.442134,2.075500,-1.000000,23.673231
1.673636,1.711674,-0.950932,-1.091042,-1.091059,2.228990,2.620769,3.448714,3.837962,3.566540,3.208120,-1.000000,23.414942
1.192763,1.231239,0.000000,-1.141122,-1.141113,2.654867,3.305113,4.155440,4.772986,4.664329,4.305326,-1.000000,23.147751
0.619675,0.619675,-1.123156,-0.654098,-0.654098,2.153372,3.446938,4.270588,5.156852,5.207286,4.843385,-1.000000,22.996342
2.484966,2.565126,0.000000,-3.369477,-3.369479,3.911823,6.144285,7.225112,8.290576,8.577149,8.235763,-1.000000,22.221485
0.757878,0.877547,-0.678101,0.480958,0.480962,2.209810,4.882327,6.070996,7.221774,7.719181,7.545276,0.000000,22.328362
-0.510601,0.628445,-0.628437,1.555640,1.555640,-0.007853,2.776907,3.974862,5.113902,5.776904,5.784376,1.000000,22.675711
0.197703,0.909446,-0.514041,-0.667706,-0.667710,0.110714,2.803478,4.146561,5.306439,6.160532,6.319555,-1.000000,22.524303
0.000000,0.352941,-0.666667,0.830364,0.830361,-0.964702,1.235300,2.841833,3.943139,4.988237,5.278832,1.000000,22.711336
0.318345,0.994827,-0.198961,-1.450984,-1.450985,0.636696,1.902118,3.801572,5.001996,6.139282,6.605657,-1.000000,22.381798
3.203281,3.531823,-0.123203,-3.103856,-3.103857,3.268996,4.250517,6.412051,7.722796,8.967559,9.631762,-1.000000,21.687099
-0.162796,0.854705,-0.691901,0.903491,0.903496,1.619859,2.617012,4.873152,6.210824,7.461129,8.277029,1.000000,21.883041
-0.244702,0.489392,-0.815661,-0.203500,-0.203518,1.199033,2.226770,4.420898,5.862577,7.130522,8.111762,0.000000,21.838505
-0.601210,0.601198,-1.322645,1.753675,1.753691,-0.985980,0.116228,1.982629,3.585166,4.790375,5.921170,1.000000,22.221485
0.039698,0.357285,-0.754272,0.961924,0.961929,-1.881709,-0.742368,0.479018,2.195306,3.425159,4.591759,1.000000,22.435240
1.357285,1.357285,-0.479038,-0.555784,-0.555800,-0.774440,-0.195597,0.633413,2.385244,3.615183,4.806401,-1.000000,22.310545
-0.865124,0.353913,-1.061738,1.516970,1.516987,-1.580818,-1.698789,-1.095825,0.599680,1.778994,2.925671,1.000000,22.648993
0.708944,0.945254,-0.157538,-0.157298,-0.157314,-0.740437,-1.504520,-1.097533,0.447039,1.640028,2.759629,0.000000,22.613363
-0.825476,0.000000,-1.297170,0.196936,0.196932,-0.550310,-1.721693,-1.391503,-0.123812,1.161957,2.218299,0.000000,22.657896
-1.048955,0.427350,-1.398605,1.179241,1.179240,-1.282046,-2.630139,-2.336172,-1.571472,-0.247074,0.799028,1.000000,22.925087
1.403509,1.520472,0.000000,-0.349650,-0.349634,-0.467844,-1.781683,-1.842760,-1.407411,-0.101368,0.914876,0.000000,22.844933
1.102362,1.456693,-0.118106,-0.974659,-0.974667,0.488187,-0.488188,-0.892386,-0.612201,0.672446,1.664046,-1.000000,22.622271
0.756361,0.796174,-0.398093,-1.102358,-0.238287,0.688333,0.072902,-0.642645,-0.503169,0.655519,1.650291,0.000000,22.568365
0.721732,1.002406,0.000000,-0.716560,-0.716547,1.190761,0.877786,-0.016218,0.083330,1.035025,2.112025,-1.000000,22.406652
-1.067620,0.632661,-1.304871,1.403368,1.403360,-0.389216,-0.392489,-1.300376,-1.191817,-0.628071,0.475550,1.000000,22.721098
0.435295,0.831025,-0.395726,-0.079087,-0.079076,-0.435304,-0.140739,-0.923914,-1.031084,-0.720348,0.362942,0.000000,22.703131
0.118581,0.237162,-0.790510,0.118714,0.118702,-0.458488,-0.223459,-0.792945,-1.136463,-0.958576,0.086048,0.000000,22.730080
-1.137259,0.235290,-1.372549,0.790518,0.790508,-0.941163,-0.876637,-1.259301,-1.827731,-1.776918,-0.860556,1.000000,22.909763
0.274841,0.863769,-0.628190,-0.117651,-0.117631,-0.408327,-0.661608,-0.950343,-1.674646,-1.681086,-0.957541,0.000000,22.882814
0.358272,0.358272,-0.796182,-1.374158,-1.374171,0.843949,0.564428,0.469058,-0.263327,-0.249710,0.177688,-1.000000,22.568365
-0.506823,0.311891,-0.740745,2.109869,2.109856,-0.943459,-1.426884,-1.394558,-2.029625,-2.186502,-1.983185,1.000000,23.044525
-0.578477,0.115692,-1.079830,1.091618,1.091635,-1.527193,-2.202082,-2.274166,-2.784275,-3.136218,-3.058623,1.000000,23.296087
-0.610221,0.228841,-0.762773,1.118392,1.118394,-2.067125,-2.864224,-3.088087,-3.494825,-4.032262,-4.072961,1.000000,23.556629
0.765408,0.841948,-0.612323,-0.343249,-0.343249,-1.224648,-2.074244,-2.522031,-2.895286,-3.571468,-3.674483,0.000000,23.475771
0.307220,0.345614,-0.768053,-0.344424,-0.344423,-0.176661,-1.447780,-2.051251,-2.354575,-3.064977,-3.174377,0.000000,23.394915
0.617757,0.772201,-0.540541,-0.537638,-0.537634,0.555979,-0.671823,-1.400263,-1.620783,-2.269050,-2.516229,-1.000000,23.269136
-0.310559,0.271739,-0.504662,-0.540541,-0.540553,0.970503,0.046587,-0.714280,-0.979297,-1.520064,-1.919059,-1.000000,23.143354
2.604578,2.604578,-0.513027,-1.630435,-1.630438,1.949495,1.641680,0.989222,0.695459,0.275167,-0.258014,-1.000000,22.766016
0.557543,1.075261,-0.079654,-0.907652,-0.907638,2.070880,2.429300,1.959369,1.595947,1.253551,0.633122,-1.000000,22.559383
-0.668502,0.786469,-0.707825,1.274389,1.274392,0.306718,1.262279,0.713059,0.300392,0.051491,-0.565346,1.000000,22.846878
-0.506823,0.311891,-0.701758,0.865120,0.865094,-0.748524,0.393779,-0.051967,-0.516553,-0.679223,-1.221824,1.000000,23.044525
1.424043,1.661392,-0.672468,-1.442491,-1.442473,0.324361,1.606007,1.405583,0.959250,0.785537,0.345557,-1.000000,22.712114
0.395730,0.395730,-0.593585,-0.039561,-0.039552,0.308659,1.270271,1.385030,1.028877,0.841231,0.512208,0.000000,22.703131
1.141736,1.692913,-0.236220,0.514444,0.514422,0.023632,0.464578,0.847778,0.602372,0.353537,0.085211,0.000000,22.819921
0.314837,0.472259,-0.826442,0.039370,0.039378,-0.031484,0.177098,0.884168,0.586385,0.297183,0.103296,0.000000,22.828907
-0.466930,0.038903,-1.206233,1.141287,1.141299,-1.120632,-1.031141,-0.241257,-0.464994,-0.792230,-0.913842,1.000000,23.089453
0.702568,1.170956,-0.078068,-0.311284,-0.311281,-0.546459,-0.776751,-0.010423,-0.091741,-0.413755,-0.551065,0.000000,23.017580
-0.891124,0.154983,-1.162336,0.741600,0.741607,-0.860141,-1.325078,-0.852395,-0.767158,-1.039921,-1.200512,1.000000,23.188280
0.077284,0.540962,-0.386391,0.271213,0.271193,-0.757330,-1.294428,-1.184949,-0.956332,-1.162282,-1.382672,0.000000,23.251165
0.502128,0.733878,-0.309000,0.038640,0.038639,-0.424862,-1.154879,-1.261741,-0.845880,-1.107758,-1.372745,0.000000,23.260149
-0.154623,0.463854,-0.463862,-0.077242,-0.077244,-0.216463,-0.993426,-1.193144,-0.726710,-0.938540,-1.239531,0.000000,23.242182
-0.460833,0.076797,-0.652842,0.657132,0.657137,-0.545319,-1.347928,-1.766517,-1.353691,-1.471588,-1.774198,1.000000,23.394915
-0.304994,0.114373,-0.686241,0.729643,0.729637,-0.945480,-1.696525,-2.251868,-2.066331,-2.073957,-2.344639,1.000000,23.565613
1.345123,1.460415,-0.115296,-0.800610,-0.800607,-0.038432,-0.664869,-1.229821,-1.297077,-1.199076,-1.418139,-1.000000,23.376945
0.386851,0.735014,-0.425532,-0.653344,-0.653332,0.587999,0.158601,-0.471963,-0.684729,-0.436374,-0.697625,-1.000000,23.224216
0.038835,0.660194,-0.310680,-0.386847,-0.386842,0.885426,0.566979,-0.059559,-0.328169,-0.034189,-0.249854,0.000000,23.134375
-0.346821,0.038528,-1.387287,0.776703,0.776684,0.038539,-0.080923,-0.657672,-1.059729,-0.801541,-0.935132,1.000000,23.314056
1.993745,2.071935,-0.039093,-1.425823,-1.425809,0.977323,1.274425,0.860040,0.418288,0.533221,0.508200,-1.000000,22.981642
0.314589,1.297680,0.000000,-0.586396,-0.586398,1.108928,1.694845,1.462836,1.073531,1.016118,1.095812,-1.000000,22.846878
-0.505636,0.155585,-1.089067,1.101058,1.101052,-0.101119,0.517315,0.435635,0.027231,-0.135352,0.071311,1.000000,23.098434
-0.580945,0.271104,-0.929512,0.427853,0.427856,-0.472502,0.069713,0.038729,-0.365996,-0.573201,-0.333078,0.000000,23.197262
-0.421137,0.306279,-0.880559,1.161894,1.161909,-1.485466,-1.049021,-0.982662,-1.349559,-1.660050,-1.453568,1.000000,23.466793
-0.338855,0.753016,-0.414149,1.684525,1.684516,-2.379517,-2.564005,-2.434742,-2.740966,-3.105424,-3.043427,1.000000,23.862095
0.150429,0.451294,-0.112828,0.112956,0.112936,-1.617136,-2.459556,-2.366792,-2.626915,-2.992091,-3.095138,0.000000,23.889044
0.451471,0.714823,-0.037622,-0.037608,-0.037599,-0.925503,-2.148227,-2.157007,-2.370199,-2.782541,-2.990969,0.000000,23.880062
0.567752,0.908403,-0.113554,-0.601956,-0.601954,0.128692,-1.302042,-1.425686,-1.642694,-2.077213,-2.337876,-1.000000,23.736315
-0.075578,0.680272,-0.869233,0.151397,0.151405,0.234310,-1.258506,-1.468887,-1.632657,-2.046867,-2.397334,0.000000,23.772253
-0.112782,0.751876,-0.187974,0.529104,0.529087,-0.263153,-1.394728,-1.894727,-2.001872,-2.362398,-2.753125,0.000000,23.898029
-0.224055,0.261385,-0.933532,0.676695,0.676696,-0.791633,-1.553394,-2.364943,-2.492528,-2.812542,-3.198901,1.000000,24.059746
0.261584,0.448427,-0.635277,-0.074686,-0.074677,-0.582963,-1.087445,-2.065272,-2.257101,-2.538117,-2.960889,0.000000,24.041779
-0.334697,0.037192,-0.892521,0.485796,0.485796,-0.714020,-1.167718,-2.256103,-2.539975,-2.832277,-3.276309,0.000000,24.158573
-0.149421,0.224131,-0.485622,-0.446259,-0.446264,-0.037355,-0.481882,-1.613743,-1.966750,-2.224875,-2.657200,0.000000,24.050762
0.337331,0.712148,-0.074963,-0.336197,-0.336197,0.359821,-0.101199,-1.006994,-1.551720,-1.764615,-2.152671,0.000000,23.969904
0.413849,0.413849,-0.300978,-0.374813,-0.374812,0.586908,0.270881,-0.346123,-1.075994,-1.289689,-1.636566,0.000000,23.880062
1.221837,1.298205,0.000000,-1.467265,-1.467274,1.649489,1.615126,1.260030,0.462017,0.226048,-0.072538,-1.000000,23.529676
-0.980026,0.000000,-0.980026,1.298205,1.298207,0.075388,0.354319,0.140726,-0.678472,-0.958909,-1.248895,1.000000,23.835140
0.151282,0.605140,-0.529508,-0.339239,-0.339222,0.166402,0.688338,0.562267,-0.247742,-0.561281,-0.809391,0.000000,23.754286
0.529898,0.567752,-0.416355,-0.075647,-0.075654,0.045419,0.696440,0.603076,-0.013248,-0.457229,-0.657331,0.000000,23.736315
-1.005587,0.037248,-1.266294,1.627555,1.627557,-1.355682,-0.890133,-0.943517,-1.350096,-1.927748,-2.127873,1.000000,24.122637
-0.111445,0.111445,-0.557207,0.260708,0.260705,-1.069835,-1.088411,-1.116890,-1.381872,-2.023773,-2.254829,0.000000,24.185526
0.560538,0.747380,-0.336323,-0.594354,-0.594351,-0.306427,-0.545593,-0.440960,-0.616594,-1.286997,-1.559543,-1.000000,24.041779
0.451124,0.751876,-1.052632,-0.597907,-0.597917,0.413541,-0.011271,0.192989,0.071435,-0.595481,-0.897235,-1.000000,23.898029
-0.674916,0.037495,-1.124856,0.263158,0.263156,0.337465,-0.277457,-0.052485,-0.170596,-0.692904,-1.102352,0.000000,23.960918
-0.225487,0.300639,-0.488542,-0.224968,-0.224962,0.383312,-0.041339,0.130276,0.058248,-0.291620,-0.805461,0.000000,23.907015
1.178715,1.216738,-0.570338,-1.164983,-1.164984,1.095061,1.178715,1.193924,1.184418,0.973393,0.420795,-1.000000,23.628502
-0.452997,0.113250,-0.528501,0.722437,0.722433,0.166103,0.437909,0.367442,0.471884,0.350330,-0.206358,1.000000,23.799202
-0.339495,0.226330,-0.754436,0.075500,0.075494,0.022640,0.388544,0.226342,0.405520,0.333473,-0.211226,0.000000,23.817169
0.150883,0.264051,-0.301773,0.000000,0.000000,-0.098070,0.422492,0.183590,0.388545,0.325927,-0.094290,0.000000,23.817169
-0.075277,0.225815,-0.451633,0.226330,0.226345,-0.353792,0.090321,-0.045167,0.122316,0.096347,-0.176893,0.000000,23.871078
-0.375098,0.187543,-0.487618,0.338728,0.338732,-0.420116,-0.345096,-0.265073,-0.234441,-0.229564,-0.395104,0.000000,23.951937
-0.186982,0.000000,-0.710550,0.300075,0.300076,-0.531049,-0.650721,-0.511102,-0.560965,-0.480187,-0.578416,0.000000,24.023811
-0.559918,0.000000,-0.709224,0.186990,0.186981,-0.507654,-0.765216,-0.609684,-0.742817,-0.616651,-0.680605,0.000000,24.068731
-0.447264,0.074543,-0.819974,0.149306,0.149310,-0.417442,-0.853527,-0.655986,-0.862843,-0.730528,-0.795133,0.000000,24.104668
-0.149313,0.074647,-0.447932,-0.149083,-0.149087,-0.104515,-0.638302,-0.522587,-0.675628,-0.580816,-0.622125,0.000000,24.068731
0.715635,0.715635,-0.037657,-0.895864,-0.895872,0.715644,0.354060,0.283752,0.290031,0.286265,0.272455,-1.000000,23.853106
-0.859167,0.037359,-1.195364,0.828629,0.828638,-0.089654,-0.366083,-0.537918,-0.489354,-0.555847,-0.508032,1.000000,24.050762
-1.434875,0.220751,-1.545254,1.531565,1.531573,-1.309794,-1.622524,-1.896012,-1.854313,-1.995593,-1.920538,1.000000,24.419117
-1.384847,0.327988,-1.567059,0.956589,0.956591,-1.800302,-2.215753,-2.638497,-2.598409,-2.813423,-2.747826,1.000000,24.652708
-0.364834,0.182412,-0.620212,-0.109333,-0.109339,-1.240424,-1.802262,-2.337350,-2.389642,-2.585921,-2.564760,0.000000,24.625753
0.626151,0.773484,-0.331495,-0.948559,-0.948556,0.147329,-0.681403,-1.193376,-1.412530,-1.511608,-1.583800,-1.000000,24.392164
0.519292,0.741843,-0.259644,-0.699820,-0.699823,0.994072,0.100152,-0.380809,-0.680638,-0.753708,-0.881552,-1.000000,24.221462
-0.591723,0.110943,-0.591723,0.296743,0.296741,0.591717,-0.103552,-0.544874,-0.893126,-0.958584,-1.141522,0.000000,24.293337
0.484717,0.559280,-0.260999,-0.813613,-0.813635,0.954531,0.712177,0.348022,-0.052179,-0.086482,-0.313178,-1.000000,24.095678
-0.297730,0.409375,-0.707112,0.186432,0.186465,0.364704,0.554508,0.235689,-0.189819,-0.269461,-0.462737,0.000000,24.140608
-0.037189,0.185950,-0.743764,0.074425,0.074418,0.096689,0.606175,0.218173,-0.154334,-0.348086,-0.449982,0.000000,24.158573
-1.002599,0.185667,-1.002599,0.148758,0.974892,-0.728189,-0.224414,-0.648218,-0.996390,-1.252435,-1.334739,1.000000,24.394093
0.185395,0.259555,-0.370775,0.148530,0.148511,-0.763258,-0.367786,-0.696876,-1.017713,-1.311716,-1.388811,0.000000,24.430321
1.386803,1.424284,-0.299850,-1.075265,-1.075254,0.374934,0.514445,0.399860,0.130673,-0.204819,-0.257476,-1.000000,24.167633
0.300978,1.128664,-0.263356,-0.374813,-0.374824,0.699780,0.664719,0.779901,0.550171,0.198892,0.111478,0.000000,24.077047
0.189247,0.340651,-0.302801,-0.601956,-0.601943,1.120357,1.082102,1.412222,1.154950,0.856431,0.682445,-1.000000,23.932117
0.646626,0.646626,-0.342335,-0.492048,-0.492063,1.133513,1.410999,1.847521,1.611180,1.357707,1.148483,0.000000,23.814356
-0.529697,0.000000,-0.756716,0.532518,0.532519,0.189185,0.726731,1.174947,1.046308,0.841535,0.618708,0.000000,23.941172
0.608828,0.646880,-0.228318,-0.567533,-0.567533,0.456621,1.179669,1.515109,1.560173,1.415115,1.171221,-1.000000,23.805298
-0.492424,0.378788,-0.530303,0.456617,0.456629,-0.136369,0.624994,0.855248,1.066176,0.961309,0.712317,0.000000,23.914000
-0.977080,0.150316,-1.014660,0.795458,0.795446,-0.781661,-0.191655,-0.020308,0.320683,0.189825,-0.016687,1.000000,24.104223
-0.186158,0.111683,-0.297841,0.939496,0.939495,-1.280713,-1.146685,-0.920944,-0.555529,-0.692243,-0.874469,1.000000,24.330681
0.186912,0.336449,-0.261682,-0.409535,-0.409532,-0.635511,-0.822426,-0.530654,-0.185406,-0.257080,-0.409915,0.000000,24.231039
0.948047,1.061809,-0.075848,-1.420557,-1.420554,0.864616,0.489189,0.844433,1.092631,1.143761,1.034923,-1.000000,23.886824
0.417933,0.417933,-0.227964,-0.189613,-0.189619,0.995445,0.581313,0.952388,1.120221,1.297795,1.222738,0.000000,23.841530
-0.267183,0.343511,-0.381683,-0.455923,-0.455919,1.145035,0.958013,1.295164,1.444451,1.741474,1.655571,0.000000,23.732832
-1.355925,0.000000,-1.619578,1.335870,1.335862,-0.421836,-0.274942,-0.135581,0.071483,0.400116,0.319106,1.000000,24.049870
-0.112532,0.750191,-0.150034,0.414316,0.414318,-0.900222,-0.600145,-0.625150,-0.371198,-0.058799,-0.083670,0.000000,24.149513
0.526114,0.714010,-0.225487,-0.187543,-0.187540,-0.533638,-0.289366,-0.455970,-0.182231,0.037964,0.104004,0.000000,24.104223
-1.221314,0.481125,-1.332346,1.540770,1.540780,-1.524804,-1.572916,-1.857889,-1.628429,-1.504549,-1.359560,1.000000,24.475616
1.164972,1.390451,-0.037584,-1.517391,-1.517400,0.300636,-0.056371,-0.298134,-0.124013,-0.034733,0.194998,-1.000000,24.104223
1.171584,1.209380,-0.793647,-0.563705,-0.563698,0.801209,0.359031,0.309901,0.353363,0.489722,0.751535,-1.000000,23.968348
1.347190,1.347190,-1.000774,-1.814055,-1.814059,2.140109,1.916858,2.047729,2.016936,2.217203,2.487562,-1.000000,23.533548
0.192160,0.307456,-0.653344,0.153965,0.153950,1.529605,1.625684,1.824251,1.733295,1.970832,2.176872,0.000000,23.569778
0.617522,0.694712,0.000000,-0.422752,-0.422741,1.103820,1.898881,2.130452,2.035895,2.289466,2.446524,0.000000,23.470139
0.038550,0.539703,-0.154206,0.115789,0.115785,0.470315,1.680801,1.840145,1.825368,2.058599,2.201099,0.000000,23.497314
0.697937,0.775490,-0.232652,-0.578257,-0.578241,0.535076,1.977496,2.155859,2.320652,2.475363,2.672793,-1.000000,23.361443
0.312622,0.547089,-0.586163,-0.775498,-0.775517,1.016028,2.356397,2.652085,2.956241,3.060579,3.315202,-1.000000,23.180271
0.471509,1.060896,0.000000,-0.547085,-0.547077,1.123770,2.463651,2.975765,3.359525,3.434181,3.732828,-1.000000,23.053457
-0.234005,0.585031,-0.936034,0.746554,0.746552,0.163813,1.166152,2.035887,2.445404,2.521067,2.832820,1.000000,23.225563
1.510938,1.630215,0.000000,-1.911073,-1.911071,1.487079,2.556660,3.745526,4.151093,4.316501,4.634859,-1.000000,22.781706
-1.104536,0.039452,-2.366864,0.795229,0.795230,0.339248,1.309663,2.611439,3.031557,3.345167,3.601577,1.000000,22.962873
0.237436,0.593589,-0.672734,-0.315582,-0.315583,0.403641,1.349426,2.569582,3.064899,3.488722,3.705317,0.000000,22.890406
0.319744,1.079141,-0.279772,-0.989315,-0.989314,1.063148,1.962429,3.170796,3.824938,4.321342,4.520383,-1.000000,22.663948
-1.218561,0.511002,-1.375790,1.678661,1.678670,-0.762590,0.094327,1.053445,1.937879,2.448099,2.645427,1.000000,23.044401
0.431376,0.784318,-0.313725,0.235845,0.235823,-0.721556,-0.313713,0.525502,1.560796,2.032953,2.283672,0.000000,23.098745
-0.779427,0.038971,-1.402966,0.627451,0.627471,-1.098993,-0.985978,-0.309179,0.754084,1.209656,1.564035,1.000000,23.243683
0.193870,0.814265,-0.271431,0.506629,0.506632,-1.194271,-1.407535,-0.860813,0.077535,0.550586,0.969353,0.000000,23.361443
0.937130,0.976181,-0.078098,-0.697945,-0.697971,-0.039034,-0.652078,-0.270716,0.585720,1.138628,1.591837,-1.000000,23.198387
-0.425865,0.348432,-0.503287,0.859035,0.859051,-0.588464,-1.424699,-1.140792,-0.501356,0.201315,0.652987,1.000000,23.397673
0.038640,0.270487,-0.579594,0.193569,0.193558,-0.486848,-1.333061,-1.347229,-0.834607,-0.041717,0.364517,0.000000,23.442961
1.209056,1.287052,-0.507016,-0.927357,-0.927349,0.429020,-0.296406,-0.462813,-0.066297,0.751956,1.145351,-1.000000,23.225563
-0.767161,0.000000,-0.843882,1.677071,1.677070,-1.012662,-1.634060,-1.981841,-1.697351,-1.000381,-0.609894,1.000000,23.615072
0.345489,0.422269,0.000000,-0.076720,-0.076714,-0.598853,-1.163148,-1.753040,-1.616123,-1.010365,-0.574537,0.000000,23.596956
-1.062219,0.151741,-1.327773,1.190027,1.190001,-1.365696,-1.976466,-2.726337,-2.687768,-2.274642,-1.738729,1.000000,23.877760
-0.037836,0.075675,-0.491869,0.265550,0.265569,-1.210749,-1.884223,-2.661116,-2.852817,-2.560725,-1.969982,0.000000,23.941172
0.726577,0.841304,-0.152960,-1.059402,-1.059397,0.237087,-0.646278,-1.414918,-1.743790,-1.564822,-0.971323,-1.000000,23.687540
-0.190844,0.343511,-0.687027,0.191208,0.191206,0.145031,-0.679398,-1.366418,-1.814891,-1.719089,-1.218834,0.000000,23.732832
0.807378,1.038066,0.000000,-0.725195,-0.725206,0.845835,0.199930,-0.392148,-0.989994,-1.002681,-0.574128,-1.000000,23.560720
-0.306162,0.267899,-0.420968,0.461357,0.461370,0.206660,-0.145429,-0.673556,-1.350936,-1.423649,-1.144277,0.000000,23.669422
0.076897,0.307574,-0.192238,-0.459238,-0.459251,0.346028,0.365251,-0.084575,-0.730479,-0.958083,-0.765081,0.000000,23.560720
0.192460,0.423403,-0.307929,-0.115340,-0.115328,0.331019,0.612004,0.112902,-0.494615,-0.814476,-0.712089,0.000000,23.533548
0.154735,0.696329,-0.309478,-0.500385,-0.500396,0.564800,1.032887,0.631855,0.117996,-0.275427,-0.229521,-1.000000,23.415787
0.115603,0.192674,-0.500967,0.386851,0.386871,0.131005,0.604992,0.331389,-0.088648,-0.582675,-0.623008,0.000000,23.506376
0.115566,0.654854,-0.269646,0.038528,0.038534,-0.038532,0.412160,0.326127,-0.026979,-0.571662,-0.654867,0.000000,23.515434
-0.766284,0.000000,-1.149429,0.539295,0.539263,-0.505731,-0.252860,-0.155799,-0.448263,-0.959373,-1.167291,0.000000,23.642244
0.230058,0.728528,-0.076691,-0.076628,-0.076617,-0.352757,-0.203219,0.033232,-0.291410,-0.771470,-1.054445,0.000000,23.624130
0.656371,0.810815,-0.193050,-0.690184,-0.690176,0.378376,0.374511,0.684678,0.422772,0.015438,-0.326904,-1.000000,23.461082
0.154139,0.308285,-0.385360,0.193054,0.193060,0.184959,0.157982,0.464981,0.294781,-0.033927,-0.454736,0.000000,23.506376
-0.422752,0.269024,-0.730208,0.269746,0.269723,-0.038422,-0.153716,0.107621,0.061501,-0.213671,-0.673829,0.000000,23.569778
0.386540,0.386540,-0.270591,-0.576476,-0.576459,0.363349,0.371079,0.543735,0.639727,0.422101,-0.005163,-1.000000,23.433908
-0.347222,0.115745,-0.655864,0.193270,0.193267,0.046298,0.154321,0.290636,0.499611,0.268515,-0.124745,0.000000,23.479198
-1.106444,0.228924,-1.259061,1.118823,1.118820,-0.824106,-0.816475,-0.816478,-0.585650,-0.776800,-1.110259,1.000000,23.741888
0.190331,0.494861,-0.647126,0.228924,0.228929,-0.807008,-0.921205,-0.977036,-0.770846,-0.902936,-1.177520,0.000000,23.796240
-0.076299,0.572308,-0.305227,-0.228401,0.614189,-1.101262,-1.347694,-1.505504,-1.363082,-1.416859,-1.655750,1.000000,23.942394
0.228220,0.418406,-0.152153,0.305235,0.305241,-0.917895,-1.492492,-1.678995,-1.647776,-1.621502,-1.827782,0.000000,24.015476
0.421783,0.728528,-0.191714,-0.798787,-0.798797,0.169104,-0.615535,-0.806108,-0.827251,-0.728911,-0.956124,-1.000000,23.823641
-0.115296,0.461180,-0.153728,-0.230061,-0.230040,0.422741,-0.256905,-0.478372,-0.591014,-0.474145,-0.670625,0.000000,23.768837
0.308523,0.308523,-0.925565,-0.345888,-0.345907,0.678756,0.165405,-0.082195,-0.219382,-0.113541,-0.257139,0.000000,23.686619
1.291585,1.291585,-0.078270,-1.465488,-1.465477,1.659492,1.556472,1.353600,1.193949,1.279793,1.218001,-1.000000,23.339497
-0.195080,0.273125,-0.780332,0.313112,0.313117,0.827150,1.230363,0.971838,0.846445,0.873349,0.897734,0.000000,23.412577
-0.236031,0.393391,-0.472073,-0.819348,-0.819346,1.140826,1.955340,1.690170,1.612198,1.626269,1.730573,-1.000000,23.220747
-1.014832,0.312256,-1.131932,0.786786,0.786775,0.039030,1.014829,0.879924,0.816342,0.776643,0.906288,1.000000,23.403442
1.073132,1.232110,-0.317965,-1.795476,-1.795488,1.255975,2.507961,2.572582,2.545774,2.518653,2.662164,-1.000000,22.983236
0.278662,0.517512,-0.437902,-0.158979,-0.158964,1.074837,2.237255,2.554873,2.585119,2.555897,2.690370,0.000000,22.946701
-0.433067,0.118110,-0.984252,1.114646,1.114653,-0.220478,0.759834,1.357848,1.359489,1.363597,1.452224,1.000000,23.202477
1.506745,1.625694,-0.594762,-0.708665,-0.708679,0.333077,1.137995,1.953617,1.955730,2.001034,2.082352,-1.000000,23.038046
1.168888,1.531649,-0.040306,-1.625694,-1.625689,1.338172,2.321648,3.321245,3.464647,3.553886,3.612044,-1.000000,22.663519
-1.188115,0.000000,-2.336634,1.773483,1.773467,-0.356423,0.269321,1.309584,1.566128,1.672928,1.734964,1.000000,23.065449
1.815977,2.138813,-0.201780,-1.861382,-1.861377,1.259081,1.860376,2.846386,3.286281,3.445956,3.512390,-1.000000,22.636114
2.142567,2.472192,-0.247223,-2.058115,-2.058109,2.455703,3.440463,4.452687,5.171703,5.354144,5.478495,-1.000000,22.170238
1.210852,1.586635,-0.208772,-1.318496,-1.318497,2.764087,4.208766,5.255393,6.210960,6.442532,6.635556,-1.000000,21.877924
0.331950,2.240660,-0.207473,0.626301,0.626312,1.535260,2.929451,4.069149,5.157669,5.517264,5.759737,1.000000,22.014948
-1.729819,0.494230,-2.429983,0.746892,0.746888,-0.016480,1.803947,2.844584,4.013584,4.495689,4.776252,1.000000,22.179375
-1.072165,1.072165,-1.195880,-0.123563,-0.123570,-0.329891,1.571137,2.614438,3.738149,4.368959,4.700715,0.000000,22.151968
0.725222,1.732474,-0.483477,2.350515,2.350532,-2.175672,-0.995178,0.040279,1.059618,1.837770,2.153662,1.000000,22.672657
-0.479429,0.359569,-1.278474,0.846096,0.846076,-2.133433,-1.901715,-0.902913,0.002002,0.875833,1.185869,1.000000,22.864485
-0.707273,0.314342,-1.257375,1.677986,1.677987,-2.687618,-3.269152,-2.582839,-1.760311,-0.873867,-0.514527,1.000000,23.248148
0.595470,1.151246,-0.158797,-1.021611,-1.021617,-0.960691,-2.294552,-1.569397,-0.893202,0.012713,0.440512,-1.000000,23.010641
-0.078620,0.982704,-0.157237,0.992457,0.992467,-0.998429,-2.995283,-2.452831,-1.888758,-1.091195,-0.593975,1.000000,23.239014
-0.780023,0.039005,-0.897032,0.786156,0.786156,-1.131043,-3.217622,-3.151321,-2.652100,-1.964112,-1.371102,1.000000,23.421709
0.548589,0.705333,-0.548593,-0.468015,-0.468023,-0.282127,-2.147326,-2.617546,-2.174755,-1.590898,-0.931220,0.000000,23.312090
-1.159192,0.000000,-1.236476,1.410654,1.410671,-1.336946,-2.820714,-3.696552,-3.485320,-2.981455,-2.323547,1.000000,23.640947
0.857362,0.935308,-1.052225,-0.850073,-0.850080,-0.124710,-1.449729,-2.764354,-2.560405,-2.191738,-1.536762,-1.000000,23.439980
-0.973899,0.194776,-1.363459,0.038971,0.038976,0.015576,-0.934949,-2.571099,-2.491240,-2.211146,-1.645245,0.000000,23.449116
0.193731,0.464940,-0.542422,0.545380,0.545377,-0.395194,-1.088725,-2.701793,-2.940720,-2.713674,-2.240731,0.000000,23.577002
-0.817124,0.544743,-0.856035,-0.426184,-0.426170,0.171191,-0.404689,-1.831406,-2.431926,-2.253715,-1.871613,0.000000,23.476524
0.116728,0.389097,-0.428019,0.000000,0.000000,0.031117,-0.307411,-1.416360,-2.258773,-2.241263,-1.913118,0.000000,23.476524
0.309837,0.309837,-0.580945,0.466922,0.466909,-0.309831,-0.526723,-1.476892,-2.602634,-2.593340,-2.383166,0.000000,23.586138
-1.783012,0.113801,-1.858877,2.091406,2.091406,-1.828526,-2.215481,-2.961562,-4.298183,-4.400612,-4.280480,1.000000,24.079420
-0.454370,0.378644,-0.757293,0.189678,0.189672,-1.560004,-2.109044,-2.743907,-4.074210,-4.428623,-4.363243,0.000000,24.125092
-0.226668,0.226679,-0.340008,0.227183,0.227187,-1.201353,-1.972037,-2.601684,-3.815636,-4.456363,-4.447799,0.000000,24.179901
0.341168,0.454894,-0.530701,-0.340008,-0.340010,-0.348745,-1.448058,-2.034364,-3.055339,-3.892338,-4.025772,0.000000,24.097687
-0.942685,0.301659,-0.942685,0.530709,0.530711,-0.346909,-1.644039,-2.217194,-3.144796,-4.208145,-4.361488,0.000000,24.225576
0.189247,0.946253,-0.189247,-0.377074,-0.377073,0.075697,-0.987887,-1.599799,-2.367526,-3.597276,-3.835480,0.000000,24.134228
-0.113375,0.188968,-0.302343,0.151397,0.151391,-0.037788,-0.891902,-1.541941,-2.205208,-3.411934,-3.847310,0.000000,24.170765
-0.526125,0.263055,-0.714021,0.566901,0.566900,-0.496055,-1.108604,-1.823872,-2.459600,-3.556556,-4.215206,1.000000,24.307789
-1.147719,0.148090,-1.184743,1.503190,1.503197,-1.503149,-2.088118,-2.998889,-3.615329,-4.553870,-5.362213,1.000000,24.673183
0.260030,0.297177,-0.557207,-0.333210,-0.333204,-0.876679,-1.352162,-2.362561,-2.971774,-3.842503,-4.839036,0.000000,24.590971
-0.186223,0.446924,-0.372439,-0.260030,-0.260030,-0.297957,-0.912484,-1.815026,-2.456244,-3.204475,-4.333960,0.000000,24.527027
0.370508,0.407558,-0.481656,0.521415,0.521400,-0.422369,-1.211553,-2.032842,-2.712107,-3.384949,-4.494249,0.000000,24.654911
0.037037,0.333333,-0.703707,0.037051,0.037064,-0.170373,-1.051856,-1.748151,-2.474077,-3.128893,-4.153090,0.000000,24.664049
0.558447,0.632911,-0.074464,-0.518515,-0.518532,0.238282,-0.357400,-0.948118,-1.783311,-2.413990,-3.310986,-1.000000,24.536158
0.074425,0.372155,-0.334946,0.037230,0.037235,0.163754,-0.264232,-0.724473,-1.594710,-2.200219,-3.025675,0.000000,24.545294
1.170249,1.547754,-0.188747,-1.414220,-1.414210,1.328798,1.192900,0.732348,-0.028314,-0.638734,-1.352714,-1.000000,24.198172
0.538048,0.768636,-0.653344,-1.774254,-1.774246,2.413517,2.851642,2.451948,1.817823,1.214440,0.582874,-1.000000,23.768837
0.076779,0.575823,-0.076768,0.115292,0.115281,1.566222,2.518238,2.226491,1.767758,1.179275,0.597572,0.000000,23.796238
-0.833961,0.341168,-1.099314,1.266795,1.266793,-0.068228,0.996973,0.947693,0.623583,-0.010608,-0.543336,1.000000,24.097687
0.651591,0.728252,-0.651591,-1.099314,-1.099309,0.444613,1.801453,1.959879,1.793787,1.166728,0.677140,-1.000000,23.832779
0.499804,0.538255,-0.307574,-0.306631,-0.306645,0.384477,1.791627,2.168406,2.039610,1.530192,1.059859,0.000000,23.759697
0.739580,1.557022,-0.311405,-1.230292,-1.230281,1.377961,2.553517,3.241204,3.170488,2.776173,2.325154,-1.000000,23.467386
-0.469120,0.430027,-1.211884,-0.428186,-0.428190,1.446443,2.439407,3.416735,3.440190,3.199378,2.773003,0.000000,23.366901
1.385046,1.424610,-0.474871,-1.211884,-1.211894,1.812435,3.066889,4.226367,4.489525,4.397321,3.953317,-1.000000,23.083719
-0.354191,1.101932,-0.393550,0.554017,0.554027,0.716251,1.924440,3.255937,3.695397,3.757577,3.347766,1.000000,23.211609
1.848136,1.928493,-0.120522,-2.046442,-2.046442,1.920452,3.411012,4.888178,5.554444,5.689036,5.402443,-1.000000,22.736597
1.748678,1.789349,-0.732005,-1.205299,-1.205308,2.269219,4.091100,5.517156,6.461985,6.682400,6.522987,-1.000000,22.462551
0.204169,2.817477,-0.367497,-0.406669,-0.406672,1.796656,3.879142,5.264744,6.463874,6.794622,6.793262,0.000000,22.371202
-0.202753,0.243305,-2.433094,0.694161,0.694174,0.600156,2.465527,3.944306,5.253445,5.779398,5.916462,1.000000,22.526497
-0.039777,0.039781,-1.829749,1.946468,2.906257,-2.267230,-0.709376,0.616426,1.976817,2.611783,2.866960,1.000000,23.181175
-1.951600,0.312256,-2.419988,1.909316,1.909325,-3.347213,-2.627172,-1.430771,-0.124947,0.602867,0.875401,1.000000,23.623779
-0.233368,0.233376,-0.583431,0.351280,0.351269,-2.635868,-2.867042,-1.793258,-0.674523,0.172427,0.463478,0.000000,23.706762
-0.734150,0.463682,-1.081913,0.661221,0.661229,-2.024730,-3.296987,-2.419568,-1.494709,-0.560060,-0.240646,1.000000,23.863518
0.232284,0.425865,-0.503287,-0.193196,-0.193211,-0.751056,-2.801736,-2.309118,-1.454904,-0.511281,-0.086752,0.000000,23.817411
0.232735,0.465473,-0.155163,-0.193569,-0.193547,-0.062077,-2.377793,-2.136911,-1.426600,-0.456274,0.043304,0.000000,23.771313
0.000000,0.583654,-0.077825,-0.310318,-0.310336,0.311286,-1.668388,-1.849747,-1.225368,-0.286404,0.293316,0.000000,23.697542
0.156437,0.508412,-0.586625,-0.505840,-0.505837,0.711775,-0.695506,-1.319559,-0.763728,0.037793,0.719366,-1.000000,23.577671
0.593589,0.989315,0.000000,-1.173250,-1.173258,1.424624,0.882481,-0.166880,0.308132,0.991447,1.771074,-1.000000,23.301044
1.117322,1.596169,-0.758172,-0.831029,-0.831010,1.660013,1.979246,0.676531,0.934411,1.590406,2.398020,-1.000000,23.107410
1.666667,1.666667,-0.325203,-1.835591,-1.835606,2.601630,3.666674,2.403826,2.568427,3.161720,4.032449,-1.000000,22.683249
1.620270,2.077275,-0.581637,-2.154472,-2.154475,3.506446,5.305369,4.495852,4.474298,5.072151,5.972847,-1.000000,22.194544
0.539863,1.287371,-0.415282,0.041545,0.041551,2.225913,4.584721,4.374751,4.146355,4.746564,5.560855,0.000000,22.203766
-0.205174,0.041026,-0.984826,1.204323,1.204327,0.270819,2.720553,3.162355,2.707712,3.264214,3.979398,1.000000,22.471172
2.039114,2.080732,-0.332917,-1.395158,-1.395152,0.832282,3.424876,4.511019,3.951946,4.375070,5.092780,-1.000000,22.157665
0.375313,0.667219,-0.875730,-0.208077,-0.208081,0.525436,2.889906,4.406449,3.919951,4.281338,4.945028,0.000000,22.111559
1.676442,1.969820,-0.963965,-0.500413,-0.500412,0.854985,2.636205,4.439782,4.275400,4.486033,5.139922,-1.000000,22.000910
-0.546682,0.294361,-1.555933,-0.335289,-0.335291,0.941969,2.228759,4.250066,4.504114,4.556569,5.213661,0.000000,21.927143
1.187451,1.653940,-0.084822,-0.841047,-0.841063,1.128092,2.379150,4.484042,5.245988,5.144614,5.791259,-1.000000,21.742722
-0.339127,0.254345,-0.593468,0.042409,0.042428,0.712162,1.712586,3.806694,5.023312,4.855121,5.386925,0.000000,21.751947
-0.041929,0.083862,-1.257866,1.102162,1.102159,-0.494760,0.289307,2.135568,3.607967,3.490162,3.958997,1.000000,21.991688
-0.873548,0.166385,-1.372720,0.796650,0.796642,-1.131446,-0.515803,0.868000,2.460486,2.569427,2.897843,1.000000,22.166883
0.082364,0.329489,-1.317965,0.998336,0.998350,-1.696881,-1.416812,-0.483261,1.153203,1.542261,1.720037,1.000000,22.388186
-0.204248,1.674833,-0.776140,0.823719,0.823716,-1.764706,-2.177288,-1.511440,0.040847,0.748364,0.771703,1.000000,22.572601
0.528666,0.610004,-0.772672,0.449346,0.449337,-1.390802,-2.387142,-2.079430,-0.658797,0.323716,0.260695,0.000000,22.674028
0.041017,0.328138,-0.738302,-0.854010,-0.854004,-0.106640,-1.382276,-1.296140,-0.090234,1.063172,1.015877,-1.000000,22.480391
2.642613,2.726510,-0.125843,-2.214926,-2.214921,1.988252,0.843116,0.875276,1.782713,3.053687,3.189626,-1.000000,21.982468
-0.996678,0.498343,-1.245843,1.006711,1.006702,0.805651,-0.037372,-0.130116,0.458891,1.755819,2.122317,1.000000,22.203766
-0.041859,0.920896,-0.293005,-0.789041,-0.789019,1.113424,0.887389,0.530197,0.969012,2.231884,2.882644,-1.000000,22.028574
-0.867406,0.041305,-1.280459,1.339473,1.339465,-0.536971,-0.190008,-0.749006,-0.541103,0.612966,1.492492,1.000000,22.323639
-0.735586,0.245206,-0.858190,1.073936,1.073920,-1.520217,-0.997128,-1.670061,-1.624427,-0.670198,0.322856,1.000000,22.563377
1.034768,1.117550,-0.331126,-1.266853,-1.266858,0.008288,0.322859,-0.325596,-0.343531,0.349349,1.408676,-1.000000,22.277531
-1.020408,0.000000,-1.061224,1.407285,1.407297,-1.036736,-0.979593,-1.512926,-1.640816,-1.217960,-0.163265,1.000000,22.591042
0.081570,0.938010,-0.203919,0.081633,0.081643,-0.603601,-1.044056,-1.337693,-1.690466,-1.420891,-0.429591,0.000000,22.609486
-0.689935,0.446433,-0.771096,0.489392,0.489392,-0.738643,-1.505687,-1.534096,-2.045460,-1.969161,-1.075492,0.000000,22.720135
0.202269,0.323625,-0.687702,0.324675,0.324668,-0.857603,-1.686891,-1.618121,-2.212781,-2.266988,-1.538564,0.000000,22.793900
-0.242233,0.201857,-0.686314,0.202269,0.202273,-0.565202,-1.509896,-1.620245,-2.226490,-2.351237,-1.862474,0.000000,22.840006
-0.321414,0.401772,-0.723182,0.484453,0.484461,-0.731222,-1.659309,-1.931173,-2.474899,-2.691853,-2.426687,0.000000,22.950657
-0.636183,0.079523,-0.834986,1.044600,1.044571,-1.256446,-2.174937,-2.767382,-3.170960,-3.573743,-3.451279,1.000000,23.190393
-0.198645,0.158915,-0.754867,0.079523,0.079550,-0.913797,-1.871288,-2.691046,-2.934060,-3.469221,-3.513454,0.000000,23.208841
0.158420,0.158420,-0.396040,0.317839,0.317814,-0.807909,-1.873256,-2.769625,-2.964345,-3.573850,-3.733322,0.000000,23.282602
0.079972,0.799676,-0.239900,-0.950495,-0.039953,-0.395910,-1.406177,-2.361003,-2.687861,-3.316624,-3.540341,0.000000,23.273300
-1.309004,0.039667,-1.626339,0.799676,0.799663,-0.752360,-1.818184,-2.778765,-3.231543,-3.822369,-4.127160,1.000000,23.459408
0.198645,0.516484,-0.278109,-0.158663,-0.158640,-0.396732,-1.315200,-2.227623,-2.896421,-3.382734,-3.839481,0.000000,23.422192
-1.063403,0.236321,-1.181564,0.874052,0.874039,-0.905867,-1.786480,-2.707050,-3.536137,-3.902460,-4.465395,1.000000,23.626911
-1.775372,0.578923,-1.813968,2.048054,2.048050,-2.207639,-3.211386,-4.231803,-5.134008,-5.479524,-6.106327,1.000000,24.110802
0.193132,0.463503,-0.309000,-0.077194,-0.077185,-1.452300,-2.616874,-3.655683,-4.622885,-5.086855,-5.744454,0.000000,24.092192
-0.615621,1.077337,-0.923432,0.386253,0.386245,-1.231239,-2.481092,-3.586934,-4.580211,-5.154826,-5.795888,0.000000,24.185247
-0.880896,0.038300,-0.995791,0.461720,0.461711,-0.965143,-2.473862,-3.567036,-4.551954,-5.306851,-5.878426,0.000000,24.296913
0.734718,0.850731,-0.309358,-0.957488,-0.957484,0.355762,-1.175560,-2.262406,-3.267556,-4.160325,-4.648217,-1.000000,24.064274
0.389712,0.428683,-0.740456,-0.773399,-0.773395,0.943103,-0.155883,-1.197895,-2.238289,-3.179178,-3.641675,-1.000000,23.878162
-0.774589,0.000000,-0.929512,0.623539,0.623540,0.263360,-0.460883,-1.480785,-2.480022,-3.438774,-3.980719,1.000000,24.027052
1.140830,1.416212,-0.354052,-1.549187,-1.549183,1.392599,1.188038,0.267932,-0.720630,-1.673952,-2.291308,-1.000000,23.654829
-0.468015,0.234017,-0.585020,0.865456,0.865460,0.156004,0.503117,-0.405429,-1.310517,-2.210663,-2.949886,1.000000,23.859552
1.311085,1.867298,0.000000,-1.833069,-1.833060,1.477938,2.292396,1.515016,0.682170,-0.197045,-1.031205,-1.000000,23.422192
0.357285,1.190945,-0.198499,0.079464,0.079446,1.024218,1.925366,1.479422,0.740232,-0.126545,-0.973197,0.000000,23.440800
-0.511811,0.039370,-0.905512,0.833660,0.833662,-0.141727,0.889765,0.742783,0.075773,-0.722336,-1.558698,1.000000,23.636217
0.958466,1.277955,-0.918538,-1.417319,-1.417321,0.990418,1.960862,2.145900,1.589783,0.826889,0.013585,-1.000000,23.301216
-1.532424,0.117874,-1.925352,1.637380,1.637395,-0.785864,0.058926,0.573659,0.057103,-0.616176,-1.364826,1.000000,23.682749
-0.039510,0.316081,-0.869218,-0.550106,-0.550114,-0.126429,0.395103,1.108917,0.683524,0.074930,-0.645306,-1.000000,23.552467
-1.794068,0.819037,-2.067075,1.303833,1.303834,-1.060841,-0.904834,-0.262611,-0.491420,-1.034432,-1.742969,1.000000,23.859552
0.434272,1.105413,-0.276352,-1.209045,-1.209046,0.094750,0.114489,0.810631,0.789575,0.300813,-0.357529,-1.000000,23.571079
-0.236220,0.511815,-0.393705,0.276352,0.276347,0.102367,-0.169286,0.377956,0.549215,0.140417,-0.484732,0.000000,23.636217
0.039266,1.060075,-0.078516,0.275587,0.275586,-0.157042,-0.510395,-0.065429,0.331770,-0.048563,-0.604668,0.000000,23.701355
0.435295,0.831025,0.000000,-0.785234,-0.785229,0.601502,0.316581,0.569846,1.102096,0.794616,0.294698,-1.000000,23.515245
1.284625,1.686070,0.000000,-1.424614,-1.424616,1.469289,1.653956,1.822564,2.362506,2.233642,1.799719,-1.000000,23.180243
0.000000,0.483875,-0.524190,-0.441594,-0.441600,1.491943,1.862915,2.000013,2.596785,2.653237,2.285618,0.000000,23.077879
0.241348,0.241348,-0.603387,0.241944,0.241959,0.812537,1.544639,1.603636,2.121871,2.349143,2.065104,0.000000,23.133718
-0.557329,0.318471,-0.597142,1.045857,1.045850,-0.509558,0.362256,0.414009,0.867830,1.281842,1.035123,1.000000,23.375662
1.128581,1.128581,0.000000,-1.234084,-1.234083,0.362759,1.414753,1.571949,1.916568,2.453850,2.279995,-1.000000,23.087187
-0.483096,0.322061,-1.086957,0.120923,0.120907,0.185197,0.970221,1.355354,1.628436,2.157823,2.132327,0.000000,23.115101
-0.521259,0.240573,-0.962310,0.402581,0.402590,-0.104250,0.408980,0.825982,1.044508,1.595830,1.713445,0.000000,23.208160
-1.111994,0.913423,-1.548844,0.962305,0.962325,-0.802238,-0.635440,-0.097976,0.033743,0.498793,0.739990,1.000000,23.431498
0.599520,1.039173,-0.079936,-0.635425,-0.635452,-0.247792,-0.179845,0.426337,0.549573,0.967239,1.364254,-1.000000,23.282602
0.159932,0.439828,-0.559772,-0.039968,-0.039953,-0.047985,-0.243906,0.386508,0.557774,0.871648,1.354121,0.000000,23.273300
-2.487369,0.388651,-3.148076,2.878848,2.878853,-2.153133,-2.716680,-2.399282,-2.151192,-1.940154,-1.505383,1.000000,23.943304
-4.840410,0.596282,-5.296387,10.804508,10.804499,-9.189755,-10.901436,-11.172687,-11.146964,-11.124516,-10.803226,1.000000,26.530258
1.556279,2.026790,-0.470499,-3.086640,-3.086630,-4.524072,-7.061169,-7.805530,-7.848357,-7.973945,-7.764511,-1.000000,25.711367
-0.901551,0.396682,-1.262175,0.361929,0.361922,-2.913810,-6.455103,-7.594663,-7.769564,-8.004327,-7.902392,0.000000,25.804422
0.837589,1.420251,-0.109246,-0.973678,-0.973682,-0.174792,-4.570278,-6.154400,-6.471225,-6.766199,-6.802616,-1.000000,25.553169
0.109963,0.806448,-0.366573,-0.655492,-0.655492,1.620234,-3.046187,-4.956012,-5.553520,-5.844575,-5.989736,-1.000000,25.385670
0.550459,1.651380,-1.211009,-0.109974,-0.109983,0.807349,-2.091731,-4.251976,-5.097237,-5.469346,-5.711303,0.000000,25.357750
1.110289,1.554408,-0.037010,-0.844037,-0.844030,1.213916,-0.577347,-2.904018,-3.989633,-4.371572,-4.711320,-1.000000,25.143723
1.540195,1.652885,-0.262968,-1.480381,-1.480381,1.900823,1.517657,-1.069371,-2.330953,-2.758827,-3.156773,-1.000000,24.771500
-0.780375,0.408770,-1.151988,1.089403,1.089401,0.393908,1.129697,-1.615256,-3.078776,-3.568928,-3.984882,1.000000,25.041361
-0.260704,0.819367,-0.521419,-0.222965,-0.222967,0.297953,1.772817,-0.896331,-2.500924,-3.173177,-3.564238,0.000000,24.985527
0.298507,0.522396,-0.373127,-0.186223,-0.186212,0.149250,1.324624,-0.248757,-1.945896,-2.773135,-3.210199,0.000000,24.939001
0.297619,0.446432,-0.260417,0.298507,0.298504,-0.252977,0.744047,-0.124007,-1.861977,-2.842260,-3.270087,0.000000,25.013445
-0.626844,0.147489,-1.769919,0.892865,0.892860,-0.766965,-0.372422,-0.491643,-2.361727,-3.458702,-3.920846,1.000000,25.236780
-0.516792,0.590624,-0.701366,-0.110623,-0.110616,-0.524183,-0.398677,0.130425,-1.832784,-3.083060,-3.595426,0.000000,25.208864
-0.073859,0.997046,-0.406208,-0.036914,-0.036916,-0.317579,-0.435750,0.499751,-1.382941,-2.726737,-3.382572,0.000000,25.199558
-0.805562,0.036620,-1.171728,0.849332,0.849340,-0.783600,-1.252296,-0.639578,-1.779574,-3.178329,-3.954602,1.000000,25.413588
0.330037,1.246795,-0.073341,-0.146463,-0.146473,-0.352033,-1.015769,-0.581837,-1.252293,-2.682802,-3.585137,0.000000,25.376364
1.225854,1.634476,-0.260030,-1.283462,-1.283458,0.794947,0.382611,0.510148,0.384469,-1.150078,-2.152059,-1.000000,25.050669
0.708695,1.380086,-0.745983,-0.408622,-0.408636,0.999641,0.757193,0.760922,1.132054,-0.446089,-1.559106,0.000000,24.948303
-0.961538,0.295858,-1.405329,0.857896,0.857906,0.110944,-0.029589,-0.155330,0.514049,-0.967459,-2.133879,1.000000,25.162336
-0.402050,0.475143,-0.511703,1.183432,1.183427,-1.023392,-0.994151,-1.296296,-0.871710,-1.771929,-2.966617,1.000000,25.460114
1.225854,1.411586,-0.222879,-1.608191,-1.608182,0.334319,0.638927,0.292219,0.616637,0.092120,-1.125561,-1.000000,25.050669
-0.776918,0.221972,-1.035890,0.408622,0.408616,0.007396,0.196078,-0.014800,0.077689,-0.017760,-1.292393,0.000000,25.153030
-0.698269,0.110257,-1.065781,0.665919,0.665924,-0.360159,-0.422637,-0.602718,-0.630283,-0.355751,-1.651353,1.000000,25.320530
-0.328347,0.072966,-0.948559,0.735028,0.735020,-0.817215,-1.028817,-1.191774,-1.331627,-0.837646,-2.056422,1.000000,25.506641
0.403370,0.623399,-0.073341,-0.510762,-0.510757,-0.374038,-0.535388,-0.569613,-0.821417,-0.510452,-1.268794,-1.000000,25.376364
-0.366166,0.292933,-0.366166,0.146678,0.146688,-0.234353,-0.666429,-0.610283,-0.913592,-0.703047,-1.153431,0.000000,25.413588
-0.292505,0.146249,-0.511887,0.146470,0.146457,-0.146250,-0.654477,-0.699570,-0.925043,-0.903837,-1.014013,0.000000,25.450808
-1.085380,0.217084,-1.591889,1.060325,1.060324,-0.882773,-1.396519,-1.608772,-1.832482,-1.917504,-1.735400,1.000000,25.720669
-0.144297,0.252532,-0.613276,0.289436,0.289433,-0.945158,-1.435777,-1.738807,-1.958864,-2.137076,-1.779692,0.000000,25.795113
0.036131,0.361275,-0.216759,-0.144297,-0.144279,-0.505791,-1.177756,-1.507718,-1.658247,-1.933537,-1.737727,0.000000,25.757896
0.000000,0.218023,-0.508725,-0.578035,-0.578048,0.225291,-0.385172,-0.874513,-0.970200,-1.290695,-1.179746,-1.000000,25.609003
0.181686,0.363376,-0.218027,0.000000,0.000000,0.348837,-0.207121,-0.729165,-0.897526,-1.159881,-1.205182,0.000000,25.609003
-0.470499,0.000000,-1.194354,0.399706,0.399719,-0.057914,-0.452414,-0.926535,-1.194360,-1.449156,-1.578002,0.000000,25.711367
0.843418,0.843418,0.000000,-1.302928,-1.302937,0.931428,0.810414,0.437599,0.144847,-0.086542,-0.279918,-1.000000,25.376364
-0.073317,0.219938,-0.769798,0.036674,0.036672,0.601171,0.777124,0.381230,0.102637,-0.052788,-0.312808,0.000000,25.385670
-0.402492,0.329308,-0.658617,0.183281,0.183277,0.278088,0.600078,0.297602,-0.069516,-0.169771,-0.457368,0.000000,25.432196
-0.363244,0.108965,-0.617508,0.731800,0.731801,-0.443151,-0.065383,-0.309964,-0.684707,-0.835451,-1.070346,1.000000,25.618309
0.586941,1.320620,-0.183423,-0.980752,-0.980748,0.271460,0.785033,0.689655,0.381512,0.171681,-0.047688,-1.000000,25.367058
-0.109934,0.329784,-0.476369,0.110055,0.110056,0.175884,0.516670,0.549648,0.316962,0.092338,-0.103827,0.000000,25.394976
0.293686,0.440532,-0.110136,-0.183221,-0.183217,0.330393,0.539644,0.726868,0.479071,0.265782,0.133379,0.000000,25.348448
-0.182945,0.512254,-0.585437,0.330396,0.330387,0.000006,0.139047,0.400054,0.223203,-0.055611,-0.141475,0.000000,25.432196
-0.977191,0.180966,-1.121965,1.097691,1.097707,-1.013396,-0.908438,-0.622518,-0.756431,-1.038009,-1.164200,1.000000,25.711367
0.218103,0.472552,-0.545253,-0.434307,-0.434329,-0.399843,-0.519800,-0.220514,-0.268982,-0.504532,-0.682164,0.000000,25.599695
0.182556,0.328591,-0.401599,-0.436209,-0.436201,0.109534,-0.040155,0.136310,0.164300,-0.017518,-0.209315,0.000000,25.488029
0.661522,0.661522,-0.367505,-0.657174,-0.657167,0.749721,0.595368,0.683572,0.815876,0.621830,0.438564,-1.000000,25.320530
-0.183685,0.073479,-0.808226,0.036751,0.036753,0.631885,0.517999,0.573106,0.762305,0.628948,0.395541,0.000000,25.329836
-0.293359,0.476714,-0.586722,0.183692,0.183689,0.183347,0.238355,0.327587,0.562888,0.479646,0.254246,0.000000,25.376364
-1.059558,0.146142,-1.242236,0.366707,1.220419,-0.957320,-0.846030,-0.888635,-0.656340,-0.674918,-0.858783,1.000000,25.686062
0.110132,0.513946,-0.220264,-0.474976,-0.474981,-0.425159,-0.306679,-0.366680,-0.227416,-0.191907,-0.333253,0.000000,25.564058
-0.437640,0.291758,-0.474103,0.660793,0.660799,-0.758264,-0.811693,-0.930755,-0.887224,-0.791674,-0.952179,1.000000,25.732985
-0.471866,0.181492,-0.580762,0.474103,0.474096,-0.820319,-1.116199,-1.289207,-1.307327,-1.191509,-1.315850,0.000000,25.854984
1.063826,1.210565,-0.036684,-1.052628,-1.052617,0.396179,-0.114501,-0.248352,-0.262535,-0.119727,-0.210032,-1.000000,25.582830
0.887574,1.146446,-0.073968,-0.807040,-0.807049,0.968934,0.610175,0.565688,0.482938,0.638642,0.609209,-1.000000,25.376364
-0.184566,0.147652,-0.664452,0.184908,0.184920,0.671827,0.399005,0.387489,0.306697,0.394383,0.412577,0.000000,25.423290
0.975980,1.238739,-0.412905,-1.661133,-1.661142,1.786791,1.967130,1.990581,1.924143,1.969144,2.058699,-1.000000,25.000973
0.940911,1.467817,-0.150542,-0.262759,-0.262762,1.317280,2.077534,2.126424,2.093025,2.129711,2.263637,0.000000,24.935280
0.037509,0.787701,-0.712682,0.338728,0.338729,0.525133,1.590400,1.597373,1.628755,1.690729,1.860979,0.000000,25.019743
-0.298730,0.186703,-0.672147,0.450116,0.450109,-0.119487,0.914867,1.018157,1.126673,1.142908,1.326521,0.000000,25.132359
0.836192,1.254276,-0.418084,-1.755048,-1.755044,1.071840,2.364128,2.607617,2.790696,2.838736,2.987595,-1.000000,24.691275
-0.340008,0.302229,-2.040042,0.608134,0.608142,0.332449,1.386474,1.858814,2.067311,2.129477,2.242095,1.000000,24.841433
0.772503,1.351877,-0.038625,-2.191160,-2.191170,2.054853,3.016618,3.857355,4.120298,4.230574,4.352603,-1.000000,24.297115
0.576480,1.460415,-0.038432,0.502128,0.502142,1.053026,2.025357,3.077112,3.335482,3.513369,3.668798,0.000000,24.419121
0.456791,0.647130,-0.875520,0.960799,0.960792,-0.296919,0.761323,1.817028,2.160242,2.412551,2.539237,1.000000,24.653738
0.075561,0.226679,-0.868904,0.761321,0.761325,-0.929355,-0.234230,0.853796,1.258203,1.549618,1.692700,1.000000,24.841433
-1.162791,0.262566,-1.162791,0.717798,0.717793,-1.492873,-0.937735,-0.055014,0.476449,0.773346,0.919207,1.000000,25.019743
-0.597680,0.074714,-0.635039,0.412603,0.412606,-1.240195,-1.270082,-0.659945,0.022411,0.310024,0.463492,0.000000,25.122976
-0.221897,0.000000,-0.739649,1.008595,1.008591,-1.471894,-2.115387,-1.706116,-0.976333,-0.744397,-0.571437,1.000000,25.376364
0.073421,0.330396,-0.770921,0.739641,0.739641,-1.483110,-2.665197,-2.378853,-1.727237,-1.478718,-1.275764,1.000000,25.564058
-0.073685,0.257922,-0.478994,-0.367111,-0.367113,-0.626375,-2.000730,-2.006871,-1.383559,-1.118499,-0.902154,0.000000,25.470209
0.595903,1.117318,-0.186223,-1.068530,-1.068519,0.588448,-0.800751,-0.896345,-0.424588,-0.069962,0.148267,-1.000000,25.198055
0.938791,1.239204,-0.225306,-0.819371,-0.819381,1.314313,0.296665,-0.062580,0.225317,0.701472,0.916875,-1.000000,24.991587
1.218583,1.294745,-0.228481,-1.389407,-1.389392,2.147741,1.801207,1.243958,1.447056,2.001512,2.194440,-1.000000,24.644356
2.174753,2.213592,-0.310680,-1.942117,-1.942128,3.013592,3.615534,2.982523,3.205825,3.770097,4.020701,-1.000000,24.165731
-1.579961,0.115603,-1.657037,0.776703,0.776699,1.302507,2.616570,2.096339,2.190750,2.771483,3.063703,1.000000,24.353426
0.000000,0.536398,-0.574709,0.578031,0.578038,0.145592,1.812258,1.415067,1.499996,1.978541,2.358927,1.000000,24.494198
-0.647372,0.076165,-0.799699,0.613027,0.613035,-0.746388,0.997705,0.891079,0.822532,1.160690,1.642538,1.000000,24.644356
0.421129,0.459414,-0.421137,-0.533126,-0.533128,-0.321600,1.186819,1.457365,1.259558,1.528318,2.069921,-1.000000,24.512970
0.498084,0.727973,-0.191575,-0.076574,-0.076580,0.022992,0.827586,1.491697,1.206894,1.462067,1.985949,0.000000,24.494198
0.966370,1.005017,-1.043684,-0.881222,-0.881225,0.850409,1.233089,2.239400,2.021644,2.175489,2.716141,-1.000000,24.278349
-0.038614,0.617757,-0.270270,0.115961,0.115972,0.579148,0.749028,1.925345,1.793427,1.942847,2.401534,0.000000,24.306505
-0.038314,0.881226,-0.268195,0.772201,0.772192,-0.314172,-0.226051,0.973180,1.053640,1.089653,1.431671,1.000000,24.494198
0.461003,0.576254,-0.268928,-0.268195,-0.268215,-0.115238,-0.046085,0.986056,1.327329,1.264708,1.546946,0.000000,24.428501
0.620395,1.046910,-0.697945,-0.922013,-0.922001,0.573867,0.899577,1.550991,2.177202,2.053510,2.330361,-1.000000,24.203270
-1.295732,0.228655,-1.295732,1.744858,1.744872,-0.868909,-0.720279,-0.419213,0.381091,0.292675,0.467471,1.000000,24.625586
1.244660,1.244660,-0.272268,-2.019821,-2.019822,1.026834,1.174641,1.338000,2.265654,2.241927,2.417992,-1.000000,24.128193
-1.237432,0.077332,-1.972162,0.583438,0.583434,0.255215,0.433098,0.551686,1.496515,1.644233,1.732399,1.000000,24.268965
-0.077553,0.465293,-0.659170,-0.270688,-0.270696,0.341222,0.577746,0.703119,1.529665,1.884454,1.896085,0.000000,24.203270
-1.648773,0.076687,-1.763800,1.124463,1.124468,-0.552144,-0.548311,-0.332308,0.178299,0.722394,0.673569,1.000000,24.475428
-0.991980,0.114464,-1.564288,0.498462,0.498463,-1.068291,-0.911862,-0.760518,-0.495989,0.183140,0.161520,0.000000,24.597429
0.383583,0.537012,-0.498654,-0.534143,-0.534149,-0.260832,-0.314533,-0.235257,-0.111232,0.630616,0.648260,-1.000000,24.466042
0.660707,1.165958,-0.427513,-1.304181,-1.304171,0.956076,0.858914,0.945715,1.033810,1.798675,1.957503,-1.000000,24.146963
1.270341,1.786415,-0.039702,-2.098714,-2.098728,2.643910,2.687581,2.863576,2.987304,3.687184,4.033353,-1.000000,23.640184
1.260675,2.196011,-0.122005,-2.381901,-2.381889,3.936555,4.705162,4.964075,5.264334,5.786090,6.344040,-1.000000,23.077101
-4.315044,0.712191,-18.852115,-2.928015,-2.928015,5.111011,6.870542,7.571561,8.003764,8.428984,9.188654,-1.000000,22.401400
6.274173,6.317147,0.000000,-2.513620,-2.513629,5.414704,8.577574,9.591755,10.180498,10.609376,11.518415,-1.000000,21.838312
-0.666389,0.249896,-3.082049,3.180060,3.180076,0.733020,4.460632,5.633754,6.316110,6.763840,7.698172,1.000000,22.532787
-2.319072,0.000000,-2.518996,4.164931,4.164922,-3.438622,-0.027989,1.138212,1.843263,2.295083,3.121418,1.000000,23.471260
-0.953895,0.039746,-1.510330,0.599760,0.599763,-3.561209,-0.989669,0.368307,1.049282,1.591413,2.231052,1.000000,23.612032
0.644641,0.644641,-0.966962,-1.351351,-1.351353,-1.474617,-0.193393,1.361804,2.221998,2.800967,3.319903,-1.000000,23.292950
1.507542,2.010059,-0.837517,-3.787272,-3.787275,2.914580,2.818264,4.840877,5.822870,6.475719,6.972368,-1.000000,22.410782
-1.750106,0.040700,-3.011803,2.889452,2.889453,0.480260,-0.541310,1.546601,2.539682,3.210420,3.688781,1.000000,23.058331
1.019992,1.795190,-0.489600,-0.244200,-0.244202,0.318239,-0.575272,1.447030,2.480623,3.200329,3.704613,0.000000,23.002022
0.750000,0.750000,-0.625000,-2.080783,-2.080787,1.483337,1.291672,3.025005,4.285422,5.043339,5.665284,-1.000000,22.523399
-1.802881,0.080132,-2.764419,3.999996,4.000000,-2.307691,-2.167464,-1.271363,0.018034,0.857377,1.469023,1.000000,23.424335
2.647666,2.729124,-0.285128,-1.642628,-1.642621,-0.130351,-0.012222,-0.035304,1.452136,2.321789,2.953155,-1.000000,23.039562
-0.486228,0.729340,-0.729335,0.529536,0.529524,-0.567259,-0.267419,-0.845484,0.678691,1.552679,2.197466,0.000000,23.161562
-0.841687,0.040072,-1.803611,1.094007,1.094024,-1.290596,-1.370756,-1.982646,-0.579173,0.280546,0.935189,1.000000,23.414955
0.807424,0.847800,-0.686314,-0.721447,-0.721453,0.048444,-0.811470,-1.221912,-0.121119,0.844566,1.489701,-1.000000,23.246027
-1.581024,0.592893,-2.371534,2.139681,2.139665,-1.778641,-2.699591,-2.914346,-2.393266,-1.416586,-0.711447,1.000000,23.743414
-1.542611,0.385658,-1.966834,2.490123,2.490131,-3.100653,-4.273040,-4.589275,-4.791744,-3.777860,-3.119935,1.000000,24.334656
0.591716,2.287968,-0.315582,-2.236791,-1.361868,-1.061480,-2.557703,-2.863560,-3.507167,-2.493628,-1.850518,-1.000000,24.003250
1.411294,1.653226,-0.362903,-2.169629,-2.169623,1.190221,-0.192088,-0.706145,-1.400788,-0.453972,0.191893,-1.000000,23.482470
-0.797134,0.438426,-0.996413,1.169359,1.169345,0.450852,-0.826415,-1.813114,-2.397319,-1.725506,-1.028761,1.000000,23.757061
-1.393871,0.199120,-2.031067,0.079717,0.079724,0.398244,-0.757508,-1.755885,-2.185997,-1.941986,-1.226711,0.000000,23.776001
-0.517100,0.755772,-0.636432,0.119466,0.119473,-0.167067,-0.554631,-1.482822,-1.889750,-2.170178,-1.389918,0.000000,23.804407
-0.160574,2.167808,-1.043758,-0.914873,-0.914877,0.401444,0.543786,-0.423868,-0.760477,-1.361918,-0.575858,-1.000000,23.586626
0.321027,0.481545,-0.240766,0.040145,0.040150,0.457458,0.580201,-0.295987,-0.773853,-1.408979,-0.701534,0.000000,23.596096
1.563151,1.768824,0.000000,-2.447837,-2.447841,2.336491,3.005179,2.349243,1.587068,1.054747,1.579148,-1.000000,23.018501
-0.976801,0.122100,-1.261701,1.069523,1.069518,0.814004,1.709404,1.220435,0.506000,0.133814,0.313284,1.000000,23.264688
-1.942899,0.079306,-2.101499,2.645499,2.645507,-1.720857,-1.102301,-1.153673,-1.776709,-2.104943,-2.353896,1.000000,23.880157
-0.158797,0.476372,-1.587932,-0.118945,-0.118952,-1.381502,-1.048037,-0.843042,-1.493408,-1.767163,-2.278861,0.000000,23.851751
-2.355705,0.078528,-2.512756,1.111544,1.111541,-2.033759,-1.872784,-1.739064,-2.345177,-2.739977,-3.287245,1.000000,24.116873
-1.677849,1.416857,-2.237140,5.300357,5.300364,-5.093216,-6.167041,-6.120910,-6.695284,-7.354764,-7.851081,1.000000,25.395155
-1.099307,0.439718,-1.209241,1.752427,1.752429,-4.734340,-6.984249,-7.196781,-7.834762,-8.556038,-8.994517,1.000000,25.840187
-0.972272,0.000000,-1.620454,1.758882,1.758888,-4.544479,-7.644947,-8.303932,-8.808855,-9.545807,-10.002607,1.000000,26.294687
-1.427050,0.606493,-2.140567,0.936266,0.936258,-3.403498,-7.388514,-8.517068,-9.018095,-9.859979,-10.334013,1.000000,26.540873
-0.320627,0.356252,-0.641258,0.142701,0.142701,-1.688632,-6.398289,-7.870799,-8.552569,-9.450142,-10.072064,0.000000,26.578747
-0.391598,0.284799,-0.640797,0.071250,0.071237,-0.854383,-5.119247,-7.224385,-7.987602,-8.901874,-9.761907,0.000000,26.597681
0.358802,1.471116,0.000000,-0.783193,-0.783185,0.344457,-3.186221,-5.831837,-6.759956,-7.733347,-8.658477,-1.000000,26.389372
0.507246,0.869565,-0.434783,-0.968787,-0.968780,1.202894,-1.376814,-4.316427,-5.503626,-6.357153,-7.290065,-1.000000,26.133717
-0.820557,0.499461,-1.391373,1.557975,1.557972,-0.349631,-1.876564,-5.042220,-6.475208,-7.284402,-8.274921,1.000000,26.540873
-1.276739,0.724641,-2.622502,3.389222,3.389225,-2.988272,-3.881989,-7.221075,-8.819878,-9.736942,-10.742627,1.000000,27.440403
-0.655402,1.966192,-0.827872,0.034507,0.034497,-2.400821,-3.166602,-6.176836,-8.178676,-9.155484,-10.175169,0.000000,27.449869
0.138982,0.764416,-0.277971,-0.724384,-0.724386,-1.056285,-1.942317,-4.517021,-6.871086,-7.977758,-9.051663,-1.000000,27.251026
-0.207969,1.351820,-0.242631,0.243221,0.243228,-0.429809,-1.805892,-3.909877,-6.454071,-7.764297,-8.750356,0.000000,27.317308
-2.129814,0.540906,-2.265044,2.530329,2.530337,-1.839087,-3.705213,-5.291869,-7.973298,-9.468565,-10.425453,1.000000,28.008528
0.643853,1.084378,-0.304981,-0.236646,-0.236653,-1.247036,-2.988818,-4.154523,-6.977295,-8.615384,-9.672893,0.000000,27.942245
-0.101519,0.372254,-0.473770,0.135544,0.135540,-1.001686,-2.626051,-3.668351,-6.216575,-8.135357,-9.231174,0.000000,27.980118
-0.169718,0.610998,-0.780716,-0.304569,-0.304563,-0.237610,-1.788865,-2.883004,-5.100134,-7.264085,-8.457795,0.000000,27.894901
-0.204148,0.646482,-0.816601,-0.237610,-0.237620,0.367481,-0.945890,-2.284214,-4.164671,-6.464773,-7.821244,0.000000,27.828617
-0.579414,0.136329,-0.954332,-0.170122,-0.170113,0.374909,-0.330610,-1.820044,-3.294140,-5.701433,-7.210863,0.000000,27.781277
1.037341,1.417704,-0.034578,-1.431493,-1.431489,1.424612,1.096120,-0.198255,-1.293228,-3.778705,-5.388433,-1.000000,27.383591
-1.564622,0.000000,-1.768711,1.659751,1.659738,-0.333329,-0.414961,-1.530606,-2.465980,-4.657137,-6.444438,1.000000,27.838087
-1.284221,0.675907,-1.385603,0.646259,0.646269,-0.885439,-0.780674,-1.775379,-2.703620,-4.590744,-6.540501,1.000000,28.017996
0.033846,0.846310,-0.270826,-0.168973,-0.168977,-0.616115,-0.379150,-1.171296,-2.239340,-3.844282,-5.885807,0.000000,27.970652
-0.573549,0.337385,-1.113360,0.338517,0.338519,-0.748985,-0.695006,-1.142599,-2.297570,-3.568149,-5.671388,0.000000,28.065338
-1.604275,0.100271,-2.239305,0.944673,0.944678,-1.009364,-1.487306,-1.858296,-2.902747,-3.875674,-5.997109,1.000000,28.330465
0.033613,0.672272,-1.243701,-0.568182,-0.568180,-0.208408,-0.857150,-1.127179,-2.068915,-2.932444,-4.850428,-1.000000,28.169497
-1.626833,0.498005,-1.693227,1.243701,1.243682,-1.082329,-1.855903,-2.045146,-2.898400,-3.748997,-5.405040,1.000000,28.519836
-1.532439,0.489077,-1.532439,1.826026,1.826038,-2.119335,-3.198565,-3.406153,-4.139225,-5.096839,-6.509076,1.000000,29.040619
0.828912,2.453581,-0.165779,-1.662863,-1.662864,-0.119362,-1.289787,-1.644563,-2.165120,-3.209550,-4.378868,-1.000000,28.557713
-1.387054,0.693524,-1.552186,0.397881,0.397882,-0.277414,-1.231839,-1.864821,-2.338181,-3.301193,-4.228317,0.000000,28.671339
-1.581034,0.790511,-1.943350,0.264201,0.264194,-0.138338,-1.175885,-1.945540,-2.369892,-3.256914,-4.092004,0.000000,28.747087
0.824538,1.418206,-1.055409,-0.131756,-0.131742,0.125324,-0.804755,-1.627096,-1.987144,-2.806076,-3.632373,0.000000,28.709215
-0.982965,0.163827,-1.376147,0.659631,0.659624,-0.629095,-1.133683,-2.024902,-2.355833,-3.060290,-3.963523,1.000000,28.898588
0.363393,0.792864,-0.066072,-0.819135,-0.819137,0.264291,-0.109017,-1.010900,-1.435414,-1.963660,-2.923687,-1.000000,28.661869
-1.304631,1.076321,-1.467714,1.288404,1.288402,-0.763206,-1.138287,-1.891712,-2.501628,-2.991517,-3.876927,1.000000,29.031149
0.000000,0.751880,-1.078784,-0.228311,-0.228306,-0.385747,-0.637464,-1.407867,-2.108533,-2.560315,-3.384549,0.000000,28.964869
-1.076321,0.684935,-1.239397,0.228833,0.228829,-0.391387,-0.688189,-1.400301,-2.136331,-2.537505,-3.301802,0.000000,29.031149
0.922260,0.955201,-0.197635,-0.978470,-0.978473,0.487485,0.191044,-0.245934,-1.009549,-1.375491,-2.043256,-1.000000,28.747087
-0.296446,0.065870,-0.559947,0.000000,0.000000,0.546773,0.256920,-0.087832,-0.841565,-1.272725,-1.787437,0.000000,28.747087
1.302602,1.703407,0.000000,-1.383399,-1.383396,1.476284,1.549765,1.318191,0.719772,0.169672,-0.302829,-1.000000,28.349401
-0.596619,0.265164,-0.994362,0.768200,0.768207,0.424257,0.712624,0.638599,0.079546,-0.511771,-0.932498,1.000000,28.567183
0.400404,0.867538,-0.300300,-0.662913,-0.662911,0.633964,1.267931,1.276829,0.810808,0.220217,-0.139031,-1.000000,28.377808
0.199797,0.732597,-0.199807,0.200207,0.200206,0.213114,0.902422,0.932393,0.690968,0.105220,-0.207579,0.000000,28.434622
-1.377501,0.098393,-1.738278,1.531798,1.531788,-1.213505,-0.547716,-0.518197,-0.688745,-1.254176,-1.613639,1.000000,28.870180
0.164633,0.230491,-0.823181,-0.393568,-0.393565,-0.540006,-0.250248,-0.105368,-0.222260,-0.673034,-1.130503,0.000000,28.756557
-0.397486,0.629341,-0.927463,-0.592690,-0.592686,0.066244,0.211986,0.452684,0.445506,0.023844,-0.470360,-1.000000,28.586121
-1.476859,0.393833,-1.673778,0.927453,0.927454,-0.525105,-0.771249,-0.437589,-0.420085,-0.779783,-1.274477,1.000000,28.851244
-0.685152,0.913540,-0.913537,0.590748,0.590744,-0.704730,-1.259378,-0.994017,-1.008155,-1.217617,-1.717236,1.000000,29.021681
0.198282,1.156646,-0.363516,-1.272431,-1.272421,0.422995,-0.019834,0.279789,0.284196,0.137468,-0.349204,-1.000000,28.652403
0.000000,0.660935,-1.619299,0.000000,0.000000,0.350293,0.085917,0.191665,0.280891,0.182412,-0.201594,0.000000,28.652403
0.263852,0.956468,-0.329819,0.198282,0.198280,0.237465,-0.062668,-0.065968,0.075852,0.059361,-0.297939,0.000000,28.709215
-1.678505,0.806972,-1.807618,2.176781,2.176768,-1.568745,-1.865712,-2.126095,-1.949638,-1.961259,-2.272427,1.000000,29.334148
1.276602,1.636661,-0.065460,-1.387995,-0.650409,-0.840847,-0.980070,-1.394699,-1.265741,-1.305330,-1.498506,-1.000000,29.143356
0.363269,0.990750,0.000000,-0.883791,-0.883790,0.204919,-0.091734,-0.483453,-0.346597,-0.379868,-0.525520,-1.000000,28.885790
0.065789,0.657895,-0.822368,0.396298,0.396288,0.049286,-0.402061,-0.726647,-0.745279,-0.727725,-0.841182,0.000000,29.000261
0.000000,0.459164,-1.082322,0.296053,0.296059,0.013119,-0.524157,-0.900745,-1.017421,-0.974138,-1.028838,0.000000,29.086119
-1.389341,0.161548,-1.389341,1.508695,1.508696,-1.344107,-1.774461,-2.114610,-2.404949,-2.335418,-2.386344,1.000000,29.524940
0.227052,0.324359,-0.454100,-0.387725,-0.387730,-0.778459,-1.259937,-1.512401,-1.912292,-1.885651,-1.964476,0.000000,29.410463
-0.517799,0.323625,-0.938508,0.227052,0.227059,-0.601946,-1.203804,-1.598224,-2.010653,-1.997279,-2.082588,0.000000,29.477242
-0.863175,0.639383,-0.895144,1.229777,1.229772,-1.246804,-2.006107,-2.551640,-2.951335,-3.079457,-3.141601,1.000000,29.839745
0.740747,1.256045,-0.128821,-0.735300,-0.735294,-0.154590,-0.972626,-1.597029,-2.054681,-2.273011,-2.325859,-1.000000,29.620335
-0.930976,1.091493,-1.155695,0.322064,0.322063,-0.346711,-1.162121,-1.718985,-2.143993,-2.494592,-2.526516,0.000000,29.715731
