-0.543753,0.000000,-1.302477,0.533941,0.533961,0.275666,-0.158074,-0.941670,-1.829803,-2.896824,-3.601005,0.000000,71.900589
2.440302,2.857893,-0.717728,-3.098135,-2.617880,2.241496,2.558369,1.750686,0.922872,-0.112970,-0.873216,-1.000000,70.018318
1.344878,2.330226,-0.266306,-1.996606,-1.996623,3.259750,4.218783,3.660431,3.005620,2.034505,1.238699,-1.000000,68.620316
-2.899307,0.142378,-2.912244,2.876171,2.876163,-0.090054,1.041427,0.741986,0.268987,-0.566570,-1.404378,1.000000,70.593948
-1.282696,0.292104,-1.460505,1.915604,1.915608,-1.849112,-0.829919,-0.951032,-1.409667,-2.142322,-3.014937,1.000000,71.946251
1.556669,2.508680,-0.257306,-1.282696,-1.282664,-0.820815,0.346647,0.443070,0.006101,-0.658053,-1.551437,-1.000000,71.023422
-0.489625,1.185412,-0.837524,-0.154383,-0.154407,-0.414896,0.267791,0.703934,0.245674,-0.364177,-1.214365,0.000000,70.913757
2.146595,2.486912,-0.052357,-1.559076,-1.559053,1.502598,1.502639,2.131128,1.798056,1.302818,0.499002,-1.000000,69.808174
-0.235203,0.392007,-0.588001,0.170153,0.170155,1.139412,1.001170,1.716605,1.562031,1.208198,0.508124,0.000000,69.926956
-0.483085,0.470037,-0.678935,0.078397,0.078382,0.498771,0.702445,1.468872,1.496750,1.186075,0.587027,0.000000,69.981766
1.234572,1.759921,-0.591013,-0.587540,-0.587562,0.675094,0.962718,1.853155,2.074240,1.810641,1.292936,-1.000000,69.570580
-1.386189,0.233192,-1.386189,1.379043,1.379047,-0.803201,-0.338118,0.274510,0.738111,0.472262,0.014432,1.000000,70.529991
1.501383,1.764779,-0.013173,-1.632338,-1.632331,0.719085,1.425001,1.660333,2.252274,2.086380,1.728098,-1.000000,69.378708
2.111814,2.111814,-0.094761,-2.713021,-2.713017,2.807625,3.794501,4.027980,4.736423,4.736897,4.511804,-1.000000,67.496452
0.907610,1.178545,-1.083721,-0.067691,-0.067684,2.126783,3.198317,3.696373,4.488961,4.669578,4.506917,0.000000,67.450768
-0.829819,0.693776,-1.496392,-0.419938,-0.419958,1.841934,3.059459,3.663911,4.583379,4.949338,4.851288,0.000000,67.167503
-0.094415,0.782306,-0.458586,0.857022,0.857041,0.153759,1.715671,2.559118,3.338161,3.936592,3.863556,1.000000,67.743156
-1.162940,0.264312,-1.440460,2.063662,2.063670,-1.940010,-0.437435,0.535650,1.022213,1.694874,1.707608,1.000000,69.141151
-0.367116,0.721126,-0.616224,0.792915,0.792897,-2.082067,-1.254746,-0.341758,0.045380,0.736130,0.853937,1.000000,69.689369
-1.690973,0.413063,-2.000778,1.573363,1.573373,-2.656518,-2.670719,-1.994754,-1.556091,-0.878533,-0.661027,1.000000,70.785843
0.988674,1.222837,-0.312223,-0.774491,-0.774485,-1.022514,-1.816066,-1.304378,-0.906088,-0.194905,0.131215,-1.000000,70.237617
-0.025866,1.047736,-0.452722,0.572388,0.572387,-0.765749,-2.359336,-1.891953,-1.426082,-0.872425,-0.398625,1.000000,70.639648
-0.952020,0.334485,-1.042075,0.543274,0.543284,-0.771917,-2.655362,-2.308009,-1.789548,-1.478455,-0.962199,0.000000,71.023422
-0.485371,0.344868,-1.136798,0.720440,0.720407,-0.965621,-2.787058,-2.856887,-2.426221,-2.221875,-1.713446,1.000000,71.535080
-0.833127,0.403938,-0.858369,1.187891,1.187907,-1.686439,-3.246655,-3.775985,-3.541403,-3.321889,-2.837874,1.000000,72.384850
-0.200748,0.564624,-0.464235,0.605903,0.605915,-1.568386,-3.052703,-4.057724,-3.998753,-3.853459,-3.377061,1.000000,72.823441
0.340045,0.377827,-0.994963,-0.376405,-0.376413,-0.670028,-2.023933,-3.509661,-3.523305,-3.350637,-3.013092,0.000000,72.549324
0.513393,1.026796,-0.350612,0.579344,0.579345,-0.708745,-2.063615,-3.737378,-3.862390,-3.668927,-3.539938,1.000000,72.969635
-0.769808,0.260739,-0.769808,0.851490,0.851513,-0.988348,-2.360339,-3.998038,-4.425157,-4.319371,-4.292632,1.000000,73.590981
0.286063,0.932836,-0.286075,-0.173825,-0.173850,-0.522383,-1.825869,-3.285242,-4.021770,-4.070152,-4.037732,0.000000,73.463043
0.236852,0.585890,-0.473704,-0.223882,-0.223887,-0.169524,-1.187976,-2.510591,-3.552104,-3.730738,-3.758829,0.000000,73.298569
0.397812,0.982100,-0.062162,0.274247,0.274258,-0.183989,-1.069124,-2.255103,-3.613881,-3.853315,-3.864174,0.000000,73.499596
0.387409,0.537366,-0.074979,-0.522134,-0.522144,0.379918,-0.263675,-1.379646,-2.852404,-3.167702,-3.154622,-1.000000,73.115822
0.075101,0.287901,-0.588310,-0.162457,-0.162448,0.380520,0.098886,-0.917095,-2.317565,-2.841913,-2.887308,0.000000,72.997047
-0.024996,0.074997,-0.937500,0.137691,0.137680,0.142505,0.058759,-0.842492,-2.065619,-2.804996,-2.968328,0.000000,73.097549
-0.062356,0.349169,-0.411524,0.237503,0.237500,-0.102253,-0.117214,-0.801423,-1.881151,-2.833267,-3.095976,0.000000,73.271156
0.224243,0.249164,-0.859593,0.099757,0.099773,-0.244183,-0.108386,-0.654461,-1.597113,-2.776634,-3.082103,0.000000,73.344261
1.392579,1.405241,-1.392580,-1.594617,-1.594621,1.111531,1.400178,1.061737,0.207621,-1.046210,-1.402290,-1.000000,72.174698
-0.406401,0.800108,-0.622299,-0.316496,-0.316520,1.140479,1.493543,1.420733,0.682649,-0.484611,-0.995662,0.000000,71.946251
-0.038133,0.394057,-0.381333,-0.088900,-0.088896,0.892345,1.363939,1.464362,0.848499,-0.149469,-0.819442,0.000000,71.882294
0.725191,0.852416,-0.101782,-0.088979,-0.088976,0.577613,1.248100,1.461421,1.048359,0.198486,-0.626791,0.000000,71.818336
-0.430213,0.885745,-0.430213,0.547075,0.547062,-0.283427,0.518807,0.878170,0.607388,-0.099179,-1.089859,0.000000,72.211227
1.119021,1.691254,-0.038146,-0.493483,-0.493455,0.122057,0.841800,1.275002,1.164160,0.547299,-0.484491,0.000000,71.854897
-1.981807,0.336529,-2.156304,2.021877,2.021890,-1.490741,-1.114323,-0.757846,-0.719827,-1.247933,-2.192468,1.000000,73.307724
0.364038,0.364038,-0.364048,-0.710456,-0.710459,-0.537302,-0.449433,-0.109655,0.018183,-0.431353,-1.248242,-1.000000,72.786903
-0.537164,0.349780,-1.636483,0.489579,0.489554,-0.659578,-0.951901,-0.610447,-0.447214,-0.757520,-1.456999,0.000000,73.143234
0.926038,0.938726,-0.291772,-1.524049,-1.524017,0.827084,0.398300,0.791551,1.057315,0.855488,0.266372,-1.000000,72.028519
-0.762120,0.224888,-1.186913,1.534947,1.534924,-0.347315,-0.988258,-0.730469,-0.459145,-0.553723,-1.067383,1.000000,73.134102
0.899074,0.962393,-0.557176,-1.336832,-1.336848,0.683825,0.382439,0.536927,0.790189,0.828180,0.387084,-1.000000,72.156410
-0.732316,0.429298,-0.782822,0.291245,0.291277,0.275244,0.157820,0.177598,0.421706,0.534334,0.168341,0.000000,72.366585
-0.377647,0.251759,-1.711984,0.303037,0.303018,-0.181264,-0.039019,-0.187982,0.069235,0.217525,-0.026433,0.000000,72.585869
2.208161,2.311468,-0.335746,-2.517623,-2.517644,2.037724,2.337320,2.146198,2.459990,2.704569,2.561146,-1.000000,70.758415
1.783343,1.943038,-0.372635,-2.970045,-2.970010,3.856787,5.003987,4.931227,5.271482,5.597009,5.585563,-1.000000,68.656883
-0.252050,1.286815,-0.596971,0.319401,0.319391,2.573629,4.026272,4.299993,4.637173,4.987001,5.120725,0.000000,68.876167
0.372290,1.635425,-0.039887,-0.225521,-0.225505,1.744432,3.669709,4.229032,4.555227,4.948260,5.180589,0.000000,68.720848
3.701709,4.320903,-0.861487,-1.223239,-1.223275,1.617998,4.178239,5.133057,5.452972,5.928675,6.240428,-1.000000,67.880203
1.179974,2.170079,-0.406894,-0.753800,-0.753788,1.383430,4.277771,5.452332,5.810391,6.369186,6.790997,-1.000000,67.368530
-0.121616,0.270266,-0.878381,0.366197,0.366190,0.705415,3.081091,4.649565,5.087174,5.655688,6.137401,0.000000,67.615227
0.351878,0.419540,-1.055621,-0.148650,-0.148638,0.452022,2.547030,4.233323,4.915416,5.488159,5.995400,0.000000,67.514725
-2.121169,0.954530,-2.134429,2.084181,2.084178,-1.540505,-0.046401,1.731409,2.558667,3.092141,3.611740,1.000000,68.921852
0.984883,1.497571,-0.229366,-1.736706,-1.736692,0.153789,1.002412,2.996028,4.069063,4.586600,5.168629,-1.000000,67.724892
-1.226174,0.386513,-1.359452,1.227733,1.227701,-0.714364,-0.543762,1.409234,2.540342,3.038806,3.652783,1.000000,68.556351
-0.106598,0.812793,-0.333111,0.026661,0.026664,-0.461017,-0.582268,0.938940,2.273833,2.801345,3.404410,0.000000,68.574631
0.845758,0.859174,-0.416161,-0.746176,-0.746155,0.448377,0.045640,1.296816,2.657403,3.345951,3.940124,-1.000000,68.062958
1.258457,1.826790,-0.297702,-0.792047,-0.269909,0.413037,0.192418,1.130247,2.573736,3.389754,3.965173,0.000000,67.879250
-0.215803,0.499060,-0.539521,0.324759,0.324747,0.198076,-0.099671,0.363715,1.871402,2.836661,3.375510,0.000000,68.099686
1.479658,1.671463,-0.205510,-1.551121,-1.551094,1.325393,1.425794,1.575562,3.104635,4.148558,4.690951,-1.000000,67.043396
1.169197,1.182945,-0.674000,-0.397316,-0.397337,1.191206,1.704879,1.793093,3.039948,4.259860,4.839147,0.000000,66.777008
-0.815438,0.285402,-0.924164,1.210461,1.210475,-0.160380,0.498937,0.448320,1.469421,2.674237,3.370191,1.000000,67.585327
-0.857908,0.067029,-1.152815,1.386241,1.386233,-1.337800,-0.933486,-0.944414,-0.198469,1.021442,1.793378,1.000000,68.522217
-0.506393,0.093284,-1.172704,0.589816,0.589812,-1.676435,-1.340053,-1.424043,-1.049123,0.184382,1.056651,1.000000,68.926369
-0.291780,0.450923,-0.570293,0.479745,0.479737,-1.506624,-1.709929,-1.712903,-1.629952,-0.454014,0.431975,0.000000,69.257034
0.292905,0.399418,-0.359479,-0.384617,-0.384604,-0.484625,-1.270139,-1.200517,-1.225966,-0.309910,0.681344,0.000000,68.990669
0.675142,0.992851,-0.450098,0.572494,0.572482,-0.532163,-1.641507,-1.583147,-1.751498,-1.037101,-0.080178,1.000000,69.385628
-0.211087,0.461740,-0.303434,0.344191,0.344218,-0.556748,-1.728252,-1.853478,-2.023635,-1.534119,-0.574345,0.000000,69.624466
-2.067993,0.788419,-2.610837,2.071240,2.071233,-1.972350,-3.304909,-3.531593,-3.787594,-3.617707,-2.689299,1.000000,71.066551
-0.853402,0.267481,-1.108143,1.473438,1.473425,-2.603484,-4.005856,-4.603482,-4.855624,-4.942034,-4.098344,1.000000,72.113663
2.350647,2.350647,0.000000,-1.923324,-1.923301,-0.202609,-1.564950,-2.529886,-2.769861,-2.960871,-2.331156,-1.000000,70.726700
0.724536,1.119744,-0.184438,-1.415579,-1.415608,1.327902,0.155454,-0.971319,-1.215166,-1.518728,-1.044908,-1.000000,69.725487
-0.315621,0.986323,-0.604943,0.171251,0.171264,1.217782,0.173592,-0.953009,-1.317981,-1.622728,-1.334440,0.000000,69.844902
0.476695,1.046082,-0.344273,-0.683856,-0.683855,1.424792,0.926910,-0.149185,-0.520110,-0.859588,-0.809730,-1.000000,69.367264
-0.591556,0.460100,-0.591556,0.728288,0.728290,0.049953,0.285262,-0.601204,-1.145195,-1.433055,-1.569165,1.000000,69.872459
-0.408106,0.171139,-0.763562,-0.144605,-0.144634,-0.078969,0.542417,-0.171117,-0.916247,-1.166674,-1.373349,0.000000,69.771400
-0.883320,0.303235,-1.173367,-0.144814,-0.144787,0.050094,0.729072,0.173148,-0.657219,-0.899605,-1.192344,0.000000,69.670380
-0.498302,0.209803,-0.813012,0.540546,0.540527,-0.430101,0.247848,-0.220287,-1.036574,-1.368140,-1.660449,0.000000,70.046967
-0.602724,0.078612,-1.153037,0.078676,0.078693,-0.298750,0.031443,-0.186935,-0.971569,-1.310054,-1.632124,0.000000,70.102089
0.685299,1.251983,-0.487605,-0.576524,-0.576519,0.229300,0.264888,0.434016,-0.206909,-0.672272,-0.950321,-1.000000,69.697937
0.026397,0.620218,-0.395878,-0.131784,-0.131761,0.314043,0.236181,0.625469,0.127975,-0.481949,-0.724300,0.000000,69.606102
0.359384,0.958340,-0.053242,-0.857749,-0.857783,0.990294,0.999609,1.459703,1.097440,0.433923,0.206817,-1.000000,69.009033
1.009829,1.346439,-0.134643,-1.144683,-1.144679,1.623814,1.930797,2.497201,2.245865,1.616809,1.332808,-1.000000,68.219101
0.283247,0.674400,-0.323708,-0.175034,-0.175046,1.213935,1.923400,2.386490,2.364460,1.794997,1.528844,0.000000,68.099686
-0.622435,0.000000,-1.019738,1.847859,1.847879,-0.720441,-0.000011,0.263973,0.514493,0.081569,-0.274716,1.000000,69.358086
-1.139941,0.406181,-1.179248,1.072703,1.072698,-1.632605,-1.014152,-0.859542,-0.473009,-0.790882,-1.260484,1.000000,70.102089
-0.798952,0.222658,-0.995418,0.039306,0.039321,-1.351683,-0.987570,-0.860089,-0.459083,-0.684756,-1.201062,0.000000,70.129654
1.276934,1.409947,-0.119718,-1.532414,-1.532446,0.425660,0.409700,0.606558,1.048832,0.891742,0.393293,-1.000000,69.054955
0.667200,0.867353,-0.493731,-0.319231,-0.319230,0.960780,0.547116,0.877155,1.210312,1.209512,0.750389,0.000000,68.834511
-1.623972,0.092421,-1.623972,1.067515,1.067512,-0.044877,-0.533387,-0.217395,-0.041572,0.158455,-0.192747,1.000000,69.569328
0.763154,1.084480,-1.271929,-1.386316,-1.386278,0.923792,0.718944,1.071960,1.208970,1.543956,1.299122,-1.000000,68.604904
-0.026809,0.241222,-0.629859,-0.093719,-0.093737,0.554799,0.745099,1.056901,1.217492,1.589914,1.440623,0.000000,68.540596
0.240449,0.360668,-0.360680,0.321627,0.321636,0.146929,0.500921,0.608233,0.814171,1.213985,1.126978,0.000000,68.761047
-0.719234,0.439534,-0.759190,0.293883,0.293877,-0.109219,0.331640,0.203331,0.489468,0.795408,0.832436,0.000000,68.963120
-1.771296,0.078141,-1.784312,2.264247,2.264242,-2.050002,-1.724406,-1.937135,-1.689243,-1.526440,-1.340193,1.000000,70.524612
0.393447,0.472132,-0.314751,-0.690283,-0.690290,-0.959989,-1.050485,-1.214422,-0.986880,-0.881307,-0.604585,-1.000000,70.037788
0.118333,0.447021,-0.341829,-0.249183,-0.249183,-0.333937,-0.841434,-0.886135,-0.725735,-0.625815,-0.333501,0.000000,69.863266
-1.354843,0.064520,-1.432259,1.893245,1.893281,-1.504541,-2.384542,-2.449920,-2.490350,-2.396933,-2.112287,1.000000,71.185974
-0.256801,0.924501,-0.462250,0.490319,0.490285,-1.266041,-2.483296,-2.605709,-2.865939,-2.751919,-2.568046,0.000000,71.534988
0.128385,0.718960,-0.475031,0.012843,0.012862,-0.993719,-2.219804,-2.414528,-2.749402,-2.670960,-2.607109,0.000000,71.544189
1.285888,1.350826,-0.194833,-1.155477,-1.155496,0.355901,-0.778013,-1.215734,-1.533959,-1.479666,-1.469017,-1.000000,70.717499
0.233766,0.545452,-0.506492,0.012991,0.013011,0.587006,-0.481829,-1.172308,-1.425339,-1.432742,-1.434648,0.000000,70.726700
0.169598,0.195696,-0.756689,-0.454543,-0.454550,0.824521,0.206125,-0.593180,-0.819970,-0.962306,-0.958046,0.000000,70.405212
0.392571,0.484170,-0.667357,-0.300070,-0.300081,0.745889,0.683076,-0.164869,-0.372277,-0.658983,-0.620688,0.000000,70.193939
1.492929,1.981768,-0.026429,-0.955242,-0.955245,1.136219,1.510113,0.793596,0.600480,0.289078,0.321049,-1.000000,69.523415
-0.264976,0.304711,-0.927403,-0.277446,-0.277442,1.017489,1.690515,1.143792,0.824721,0.552197,0.578959,0.000000,69.330528
-0.132687,0.398030,-0.583791,-0.145734,-0.145741,0.732391,1.747388,1.357754,0.906865,0.711694,0.704529,0.000000,69.229485
-0.446317,0.538194,-0.603832,1.074694,1.074701,-0.462064,0.492258,0.395558,-0.100417,-0.258859,-0.369736,1.000000,69.973495
-2.461335,0.115985,-2.461335,1.864004,1.864023,-1.979394,-1.382743,-1.225098,-1.757099,-1.905683,-2.137900,1.000000,71.277817
-1.013432,0.506706,-1.114776,1.726809,1.726802,-2.819871,-2.923749,-2.719374,-3.222075,-3.397021,-3.669887,1.000000,72.508644
-1.486946,0.074968,-1.836812,1.380792,1.380766,-3.006356,-3.866033,-3.729417,-4.206530,-4.527286,-4.804850,1.000000,73.509819
0.414211,1.004146,-0.602480,-0.449833,-0.449815,-1.488639,-3.096523,-2.992341,-3.456757,-3.929208,-4.184762,0.000000,73.179161
2.289132,2.351331,-0.149285,0.891175,0.891173,-1.313756,-3.488428,-3.610348,-3.966157,-4.519031,-4.777720,1.000000,73.831314
1.228844,1.228844,-0.463954,-0.783773,-0.783758,0.005001,-2.308478,-2.692594,-2.914748,-3.523524,-3.791028,-1.000000,73.252655
0.288107,0.288107,-0.588752,0.100316,0.100298,0.127770,-1.887760,-2.628084,-2.820994,-3.415255,-3.707044,0.000000,73.326126
0.530434,0.808285,-0.505179,-0.814233,-0.814243,0.735047,-0.615042,-1.644341,-1.838203,-2.395541,-2.796148,-1.000000,72.729073
-0.564260,0.363638,-0.564260,0.719879,0.719907,0.035097,-0.776189,-2.117465,-2.308477,-2.835876,-3.348813,1.000000,73.252655
-0.174236,0.684510,-0.323587,0.752349,0.752319,-0.719337,-0.998117,-2.541367,-2.860594,-3.288099,-3.856031,1.000000,73.803749
-0.396737,0.111575,-0.669478,0.385820,0.385823,-0.875278,-0.999253,-2.565497,-3.061612,-3.383085,-3.989167,0.000000,74.088501
0.260319,0.892526,-0.049586,0.012390,0.012408,-0.679319,-0.797082,-2.166032,-2.901332,-3.202187,-3.797368,0.000000,74.097694
0.852451,1.228536,-0.313401,-1.115658,-1.115666,0.589198,0.289586,-0.703686,-1.631561,-1.933554,-2.499682,-1.000000,73.271011
0.317622,0.978280,-0.508196,-1.328818,-0.844042,1.280247,1.070798,0.455656,-0.661683,-0.945217,-1.481074,-1.000000,72.652573
-0.318878,0.446426,-0.892863,-0.393847,-0.393848,1.283482,1.268012,1.073310,-0.133387,-0.488300,-0.925453,0.000000,72.366432
-0.280113,1.273237,-0.343779,0.178570,0.178584,0.663500,0.983067,1.005124,-0.152666,-0.612689,-0.939644,0.000000,72.495667
-0.951896,0.263035,-1.290078,1.655201,1.655204,-1.084675,-0.611055,-0.532119,-1.495363,-2.114192,-2.409169,1.000000,73.695618
0.389455,1.256281,-0.087938,-0.300599,-0.300619,-0.731145,-0.209975,-0.235441,-0.916373,-1.668971,-1.959012,0.000000,73.474075
0.903192,1.679174,-0.267140,-1.243715,-1.243697,0.493568,0.951319,0.964092,0.560965,-0.329550,-0.600425,-1.000000,72.560280
-0.784814,1.025314,-0.784814,0.496119,0.496109,0.149371,0.331805,0.382381,0.266590,-0.683622,-1.011844,0.000000,72.920258
0.585762,0.853175,-0.318350,-0.594938,-0.594917,0.746197,0.711253,0.912677,0.950032,0.037271,-0.375669,-1.000000,72.486443
0.101245,0.708768,-0.620181,0.611235,0.611212,-0.075936,-0.060750,0.263376,0.365614,-0.383640,-0.917569,1.000000,72.929489
0.139066,0.834392,-0.214915,0.113905,0.113914,-0.316054,-0.209862,0.175177,0.217361,-0.295267,-0.925530,0.000000,73.012566
0.877633,0.953956,-0.012722,-0.606820,-0.606820,0.295086,0.387936,0.724014,0.787209,0.497556,-0.236009,-1.000000,72.569511
-1.561524,0.012486,-2.173648,1.818876,1.818862,-1.234220,-1.199243,-1.067557,-1.009290,-1.085712,-1.860981,1.000000,73.889450
0.162608,0.650412,-0.387740,-0.124929,-0.124927,-0.755463,-0.899301,-0.970130,-0.848578,-0.825433,-1.575473,0.000000,73.797142
0.174911,0.987008,0.000000,0.112575,0.112595,-0.609708,-0.985770,-1.101130,-0.922592,-0.862713,-1.489598,0.000000,73.880234
-0.608240,0.446872,-0.645478,0.649671,0.649664,-0.888779,-1.505710,-1.641842,-1.452429,-1.456870,-1.899989,1.000000,74.360207
-0.099208,0.396825,-0.099208,0.099306,0.099296,-0.486106,-1.351679,-1.579855,-1.470828,-1.487187,-1.764229,0.000000,74.434044
-0.870640,0.232980,-0.907425,1.128477,1.128470,-1.228688,-2.139783,-2.420593,-2.472633,-2.509806,-2.625700,1.000000,75.274010
0.012253,0.734933,-0.514451,0.110357,0.110365,-0.923563,-1.866728,-2.275024,-2.495978,-2.505578,-2.552606,0.000000,75.357086
-0.329514,0.048817,-0.585798,0.367471,0.367482,-0.822565,-1.868450,-2.461974,-2.751414,-2.740485,-2.771656,0.000000,75.634010
-0.425064,0.157888,-0.752969,0.488155,0.488153,-0.871997,-1.951665,-2.713951,-3.044087,-3.040638,-3.134619,0.000000,76.003220
0.109734,0.670572,-0.268220,-0.388631,-0.388652,-0.148730,-1.154581,-2.057205,-2.464016,-2.532615,-2.645347,0.000000,75.707832
0.024429,0.720484,-0.073265,-0.158495,-0.158478,0.092803,-0.772992,-1.666466,-2.096107,-2.283494,-2.413355,0.000000,75.587852
0.678180,1.085086,0.000000,-0.964710,-0.964708,0.934645,0.335385,-0.497333,-0.984590,-1.290480,-1.391246,-1.000000,74.858650
-0.233131,0.515335,-0.515335,0.493221,0.493208,0.331292,0.022090,-0.781999,-1.368706,-1.714841,-1.790940,0.000000,75.227859
-0.476015,0.012208,-1.098500,0.527607,0.527613,-0.295377,-0.335654,-1.072461,-1.744171,-2.106188,-2.178750,0.000000,75.624771
0.404563,0.453601,-0.735563,-0.439399,-0.439384,0.034314,0.218202,-0.394768,-1.129106,-1.533912,-1.656735,0.000000,75.292488
-0.353617,0.036580,-0.719429,0.539416,0.539400,-0.473112,-0.263383,-0.769826,-1.476040,-1.886112,-2.100914,0.000000,75.698616
0.790416,1.432624,-0.012353,-1.268139,-1.268155,0.773141,0.934930,0.588711,-0.059884,-0.505851,-0.814459,-1.000000,74.738640
0.333288,0.592514,-0.493767,0.049402,0.049448,0.602370,0.770245,0.618823,0.014165,-0.497253,-0.833261,0.000000,74.775597
-0.271373,0.444061,-0.407058,0.074062,0.074034,0.315783,0.539042,0.586325,0.061676,-0.498333,-0.837136,0.000000,74.830956
-0.443022,0.147668,-0.590700,0.234368,0.234363,0.004928,0.210441,0.402005,-0.009842,-0.600538,-0.964391,0.000000,75.006332
0.395062,0.432096,-0.432096,-0.319963,-0.319969,0.076555,0.422235,0.679024,0.369764,-0.182704,-0.539495,0.000000,74.766335
1.044002,1.292569,-0.807856,-0.666668,-0.666680,0.621450,1.016677,1.256963,1.075092,0.583170,0.207580,-1.000000,74.267883
0.573575,0.760600,-0.349126,-0.323144,-0.323130,0.745638,1.182056,1.440575,1.412729,0.968590,0.547393,0.000000,74.027901
-0.772676,0.074782,-1.308569,0.049877,0.049881,0.488530,0.920991,1.215524,1.342227,0.975080,0.523851,0.000000,74.064827
0.568465,1.061137,0.000000,-1.345955,-1.345956,1.328943,1.993427,2.355565,2.631378,2.379988,1.918477,-1.000000,73.067947
-0.101344,0.291355,-0.532056,-0.277921,-0.277921,1.089429,1.888775,2.391691,2.752091,2.609071,2.199985,0.000000,72.864876
-0.152792,0.496561,-0.916732,-0.506715,-0.506704,1.115345,2.098284,2.695857,3.078040,3.059833,2.720898,-1.000000,72.495667
2.086592,2.699531,-0.065210,-2.368221,-2.368244,2.649987,4.010182,4.767881,5.235409,5.384470,5.111301,-1.000000,70.778793
0.389969,1.078905,-0.363965,0.326030,0.326050,1.455864,3.134008,3.994102,4.541786,4.853238,4.675675,0.000000,71.009567
-0.845805,0.806770,-1.301236,-0.103993,-0.103993,0.960310,2.667527,3.692905,4.314247,4.765125,4.707870,0.000000,70.935722
2.064194,2.184055,-0.213072,-2.290178,-2.290172,2.301234,4.286846,5.508937,6.306426,6.876542,6.941886,-1.000000,69.311172
0.720289,1.173799,-1.067097,-0.159802,-0.159817,1.512607,3.721490,5.144282,6.067763,6.691747,6.891649,0.000000,69.200401
-0.704224,0.385332,-1.727349,0.386823,0.386837,0.744079,2.665414,4.229766,5.244473,5.925578,6.268035,0.000000,69.468094
-1.273637,0.052512,-1.299903,1.195857,1.195861,-0.648647,0.916475,2.568256,3.621961,4.349245,4.819658,1.000000,70.298836
-0.366251,0.196208,-0.784825,0.380768,0.380749,-1.130137,0.179213,1.759763,2.894057,3.662011,4.239382,0.000000,70.566498
0.196302,0.235561,-0.693636,-0.052313,-0.052297,-0.732897,-0.099475,1.412539,2.581452,3.429379,4.069696,0.000000,70.529594
-0.338977,0.378098,-0.691003,0.379522,0.379493,-0.657080,-0.717057,0.702326,1.915277,2.808889,3.461562,0.000000,70.797249
-0.478772,0.064704,-0.789339,0.756196,0.756202,-0.879906,-1.384561,-0.305370,0.909043,1.818854,2.484054,1.000000,71.332619
-0.322206,0.360880,-0.837729,0.401135,0.401135,-0.907325,-1.693501,-0.931375,0.281623,1.188314,1.870532,0.000000,71.618759
-0.230977,0.256637,-0.782754,0.438206,0.438202,-0.959831,-1.983819,-1.468826,-0.369551,0.560003,1.251138,0.000000,71.932594
0.451203,0.657473,-0.644579,-0.461953,-0.461946,-0.201115,-1.209226,-1.129296,-0.128266,0.797738,1.535395,0.000000,71.600304
1.046440,1.399608,-0.065396,-1.443861,-1.443857,1.195549,0.431659,0.136914,1.072602,2.037940,2.820151,-1.000000,70.566498
-1.148693,0.103246,-1.213219,1.347294,1.347292,-0.098098,-0.616937,-1.125452,-0.446567,0.499224,1.280331,1.000000,71.517235
-0.488805,0.385906,-0.488805,0.335564,0.335569,-0.393624,-0.746082,-1.386673,-0.940313,-0.008233,0.761943,0.000000,71.757225
-0.038535,0.487989,-0.526524,0.167231,0.167244,-0.575336,-0.729443,-1.463997,-1.188538,-0.349320,0.435322,0.000000,71.877235
-1.605338,0.024694,-2.037541,3.993836,3.993804,-3.551483,-3.977521,-4.763307,-4.857362,-4.177318,-3.464219,1.000000,74.747871
-0.869032,1.236233,-1.113826,0.889101,0.889118,-3.116277,-4.211753,-5.053447,-5.502447,-4.961076,-4.285188,1.000000,75.412468
-0.378183,0.280586,-1.659144,0.330482,0.330479,-2.339879,-3.955109,-4.820465,-5.491033,-5.187751,-4.561426,0.000000,75.661690
-0.170669,1.304400,-0.780202,0.073195,0.073206,-1.365360,-3.484100,-4.413031,-5.249307,-5.169823,-4.592231,0.000000,75.717079
-1.548777,0.036584,-1.682923,-0.036571,-0.036586,-0.321947,-2.952434,-3.926827,-4.900605,-4.996580,-4.527231,0.000000,75.689377
0.024129,0.398207,-0.193078,1.060979,1.060977,-0.912269,-3.331721,-4.415752,-5.429585,-5.804268,-5.454323,1.000000,76.492424
0.000000,0.349768,-0.398024,0.048270,0.048274,-0.668196,-2.599205,-3.962534,-4.996384,-5.638887,-5.401441,0.000000,76.529350
0.448969,0.582447,-0.218421,-0.603064,-0.603059,0.041252,-1.410028,-2.964858,-3.986174,-4.788259,-4.738104,-1.000000,76.067833
0.072681,0.145360,-0.617810,0.169881,0.169893,-0.002437,-0.994563,-2.728868,-3.761980,-4.677423,-4.806395,0.000000,76.197067
0.316381,0.438064,-0.547575,-0.448217,-0.448219,0.491599,-0.024345,-1.946143,-2.980055,-3.988814,-4.255302,0.000000,75.855537
0.492067,0.688888,-0.295237,-1.082987,-0.514013,0.738685,0.587308,-1.098066,-2.151745,-3.166543,-3.645744,-1.000000,75.465630
0.211029,0.359980,-0.397219,-0.898023,-0.898030,1.185850,1.415289,0.174454,-0.998276,-1.990223,-2.670446,-1.000000,74.787926
2.868014,2.868014,-0.101525,-2.184701,-2.184726,2.649233,3.337628,2.561035,1.337440,0.400390,-0.388340,-1.000000,73.154015
-0.705464,0.629882,-0.743255,0.736033,0.736062,1.219449,2.307820,1.986713,0.737684,-0.149014,-0.994830,1.000000,73.692474
-0.012568,0.766524,-0.414680,0.251959,0.251931,0.429771,1.805555,1.910980,0.616204,-0.220635,-1.110868,0.000000,73.878128
-0.212977,0.927083,-0.250560,0.301581,0.301610,-0.240554,1.176691,1.546329,0.482381,-0.327891,-1.192769,0.000000,74.100952
0.275863,0.927897,-0.438869,-0.087697,-0.087680,-0.356138,0.928703,1.511496,0.804872,-0.065440,-0.888346,0.000000,74.035980
-0.474463,0.187292,-0.774123,0.426327,0.426317,-0.456990,0.269428,0.963105,0.567554,-0.327253,-1.090144,0.000000,74.351608
0.447651,1.840343,-0.211388,0.412039,0.412019,-0.606804,-0.348162,0.454248,0.349164,-0.573406,-1.301373,0.000000,74.657951
0.941501,1.004262,-0.577463,-0.945031,-0.945034,0.361546,0.345221,1.256048,1.446850,0.484423,-0.207122,-1.000000,73.952408
0.729838,0.780162,-0.390081,-0.238517,-0.238501,0.513398,0.356100,1.252658,1.623516,0.842616,0.178133,0.000000,73.776031
0.786097,1.153792,-0.215552,-0.754999,-0.755018,1.054907,0.905293,1.721540,2.246841,1.754696,1.050502,-1.000000,73.219009
-0.063552,0.432126,-0.393997,-0.240907,-0.240899,0.940519,1.133710,1.691064,2.314464,2.083949,1.372556,0.000000,73.042625
0.254061,0.990852,-0.292179,0.050840,0.050837,0.457320,0.998480,1.355018,2.082035,2.104467,1.387687,0.000000,73.079758
0.101102,0.252755,-0.366487,0.520828,0.520832,-0.197141,0.418306,0.612499,1.401399,1.661633,0.931688,0.000000,73.460381
-0.176366,1.146390,-0.176366,0.315936,0.315943,-0.534145,0.046611,0.135211,0.892062,1.284165,0.708440,0.000000,73.692474
-0.512816,1.013140,-0.575358,0.718065,0.718065,-0.973112,-0.641654,-0.629563,0.017296,0.497887,0.154598,1.000000,74.221634
0.692689,0.780850,-0.528966,-0.687924,-0.687936,-0.105792,-0.040301,0.109156,0.550249,1.088182,0.947577,-1.000000,73.711037
1.168697,1.244914,-0.292179,-0.856424,-0.856424,0.757116,0.607218,0.918026,1.205543,1.817051,1.879908,-1.000000,73.079758
2.022566,2.022566,-0.129649,-2.019822,-2.019823,2.315579,2.353178,2.786649,2.994953,3.687731,3.967388,-1.000000,71.603676
-0.259366,0.427961,-0.894829,-0.025925,-0.025913,1.753331,2.073652,2.578994,2.750608,3.440399,3.847064,0.000000,71.585121
-0.668729,0.218619,-0.797329,0.842953,0.842925,0.339520,1.077691,1.550944,1.711695,2.335235,2.830162,1.000000,72.188530
1.094040,1.875491,-0.104196,-1.260292,-1.260276,0.937745,2.120348,2.559699,2.878360,3.372651,3.937680,-1.000000,71.278755
1.215332,1.796567,-0.066044,-1.406619,-1.406592,1.579900,3.178316,3.607202,4.103020,4.510418,5.162443,-1.000000,70.276154
0.434385,1.171515,-0.605501,0.356676,0.356650,0.913521,2.395684,2.915188,3.495463,3.836781,4.544712,0.000000,70.526794
0.527081,0.672029,-1.686649,-0.105307,-0.105299,0.698375,2.043743,2.709180,3.345630,3.661612,4.369146,0.000000,70.452530
-0.208937,0.000000,-1.018541,0.909215,0.909202,-0.517100,0.684255,1.584404,2.207500,2.519723,3.173880,1.000000,71.093086
-1.076656,0.765344,-1.530668,0.665962,0.665958,-1.094808,-0.281475,0.774867,1.336765,1.752774,2.281676,1.000000,71.566536
0.500255,0.500255,-0.371987,1.128555,1.128569,-1.618784,-1.491794,-0.414745,0.048099,0.544381,0.964169,1.000000,72.374214
-1.167315,0.702906,-1.305386,2.193431,2.193421,-2.801552,-3.287303,-2.507000,-2.098648,-1.609127,-1.288221,1.000000,73.961685
1.719315,1.948556,-0.101879,-1.443456,-1.443445,-0.708105,-1.691292,-1.152150,-0.725294,-0.234335,0.039905,-1.000000,72.894089
-1.002878,0.050145,-1.316279,1.591951,1.591962,-1.464223,-2.979827,-2.716154,-2.224531,-1.796676,-1.560747,1.000000,74.054535
0.037802,0.403124,-0.440915,-0.488906,-0.488911,-0.403127,-2.175615,-2.239864,-1.700055,-1.349967,-1.052746,0.000000,73.692474
-0.798302,1.222407,-1.047769,0.995214,0.995216,-0.833234,-2.582021,-3.082624,-2.578278,-2.334546,-1.994934,1.000000,74.425873
1.006040,1.006040,0.000000,-0.810778,-0.810793,-0.060350,-1.339278,-2.090032,-1.757411,-1.543251,-1.196335,-1.000000,73.822433
0.289267,0.289267,-0.981007,-0.012569,-0.012567,0.201235,-0.871590,-1.876494,-1.736889,-1.528865,-1.196913,0.000000,73.813156
0.226900,0.403378,-0.479018,-0.226387,-0.226401,0.317673,-0.300000,-1.521899,-1.552993,-1.282225,-0.990363,0.000000,73.646042
-0.100758,0.957181,-0.302264,0.088239,0.088253,0.234254,-0.096978,-1.388749,-1.639799,-1.332998,-1.106633,0.000000,73.711037
0.444782,0.622694,-0.165210,-0.894207,-0.894193,0.762470,0.897179,-0.245704,-0.754239,-0.444288,-0.287640,-1.000000,73.051918
1.575822,1.730824,-0.090416,-1.613933,-1.613943,1.872902,2.261692,1.515544,0.892536,1.100492,1.251616,-1.000000,71.872902
0.998957,1.141667,-0.726524,-0.439158,-0.439147,1.691737,2.525935,2.066237,1.335611,1.427075,1.594866,0.000000,71.557274
-0.142766,0.882544,-0.506164,-0.038919,-0.038938,1.139528,2.212853,2.146661,1.329011,1.316032,1.555703,0.000000,71.529411
-0.836444,0.051475,-1.158153,0.856581,0.856574,-0.154403,1.129857,1.332320,0.528263,0.368565,0.651584,1.000000,72.142113
-0.574929,0.217203,-0.664363,0.720625,0.720647,-0.976112,0.163532,0.633701,-0.026833,-0.372560,-0.087733,1.000000,72.662003
1.410643,1.824774,-0.297652,-1.277629,-1.277642,0.266605,1.168638,1.729013,1.351116,0.924042,1.125069,-1.000000,71.733643
1.336658,1.389077,-0.183462,-1.242396,-1.242392,1.326169,2.022019,2.815713,2.653654,2.151754,2.263142,-1.000000,70.842430
-0.249206,0.065586,-1.206713,-0.091731,-0.091723,1.206708,1.710385,2.601431,2.725600,2.165789,2.194820,0.000000,70.777451
-0.736815,0.012929,-0.904857,1.469049,1.469050,-0.349025,-0.025860,0.941909,1.255810,0.716642,0.627362,1.000000,71.817207
0.104578,0.745098,-0.169931,-1.111687,-1.111690,0.308494,0.811762,1.756859,2.298690,1.890716,1.661871,-1.000000,71.018822
-0.051310,1.103131,-0.718313,1.908495,1.908497,-1.393023,-1.006929,-0.282199,0.273215,0.084656,-0.206519,1.000000,72.374214
0.217723,0.550717,-0.422646,0.153929,0.153918,-1.091182,-1.030992,-0.557544,0.090937,0.043037,-0.318473,0.000000,72.485611
-1.294741,0.342732,-1.294741,0.896513,0.896521,-1.325208,-1.690787,-1.487687,-0.861260,-0.734197,-1.161040,1.000000,73.135460
-0.517811,0.277850,-0.846171,0.507744,0.507740,-1.363979,-2.001766,-2.003870,-1.374714,-1.130081,-1.559314,0.000000,73.506798
-0.389014,0.389005,-0.489395,0.644105,0.644100,-1.194626,-2.450743,-2.547367,-2.036011,-1.675990,-2.022416,1.000000,73.980255
0.087851,0.401606,-0.514562,-0.012551,-0.012540,-0.750507,-2.136048,-2.346055,-2.013684,-1.663156,-1.854924,0.000000,73.970978
-0.025038,0.112636,-0.575720,0.276107,0.276107,-0.568216,-1.956200,-2.379649,-2.259080,-1.864837,-1.957871,0.000000,74.175217
-0.573359,0.049849,-0.810172,0.413018,0.413009,-0.615728,-1.862144,-2.516930,-2.605009,-2.245543,-2.209480,0.000000,74.481567
-0.729832,0.272145,-0.828795,0.760305,0.760322,-0.954977,-2.172198,-2.994398,-3.250872,-2.910942,-2.792766,1.000000,75.047867
-0.595012,0.260319,-0.644597,-0.210289,0.373266,-0.965471,-1.963943,-3.119195,-3.459582,-3.224091,-3.023550,0.000000,75.327995
-0.273157,0.434564,-0.595981,-0.161147,-0.161139,-0.477033,-1.429098,-2.654970,-3.082130,-2.994275,-2.811853,0.000000,75.206612
0.360788,0.597168,-0.124407,-0.198664,-0.198693,-0.043883,-0.890240,-2.086808,-2.656029,-2.734850,-2.522298,0.000000,75.057182
-0.074401,0.781248,-0.161207,0.323466,0.323484,-0.148809,-0.922357,-2.002120,-2.719536,-2.960614,-2.781474,0.000000,75.299980
0.024806,0.880783,-0.235706,-0.037200,-0.037205,-0.052102,-0.650977,-1.659666,-2.475426,-2.841549,-2.675345,0.000000,75.271965
-0.594496,0.136240,-0.644039,0.161267,0.161280,-0.195698,-0.623518,-1.431195,-2.451321,-2.873769,-2.789282,0.000000,75.393364
0.814436,1.152744,-0.062644,-1.151845,-1.151847,0.784355,0.608819,-0.090209,-1.127343,-1.599643,-1.625094,-1.000000,74.524948
1.657533,1.721279,-0.293259,-1.729104,-1.729102,2.060429,2.250858,1.736068,0.775784,0.223443,0.079584,-1.000000,73.236336
0.537976,0.666064,-0.409889,-0.459008,-0.459026,1.872689,2.505453,2.183698,1.386094,0.760828,0.506988,0.000000,72.900162
-1.191385,0.240804,-1.191385,1.063151,1.063162,0.367552,1.240806,1.123987,0.445629,-0.215918,-0.551944,1.000000,73.675209
-1.474633,0.549865,-1.612090,1.419512,1.419503,-1.217186,-0.257427,-0.225287,-0.712508,-1.502306,-1.869394,1.000000,74.721031
-0.842523,0.061954,-1.139881,0.862287,0.862278,-1.838670,-1.089072,-0.954925,-1.362882,-2.151618,-2.553852,1.000000,75.365334
0.335650,0.509692,-0.609156,-0.334527,-0.334503,-1.009464,-0.749640,-0.539251,-0.856920,-1.595781,-2.068994,0.000000,75.113235
0.648627,0.785836,-0.386675,-0.335659,-0.335664,-0.152180,-0.473995,-0.170474,-0.407755,-1.046162,-1.590818,0.000000,74.861107
-0.595232,0.198418,-0.830851,0.586255,0.586250,-0.302580,-1.050345,-0.729992,-0.869142,-1.437890,-2.024588,1.000000,75.299980
-0.062170,0.497329,-0.745988,-0.260415,-0.260422,0.059685,-0.830529,-0.490690,-0.535504,-0.962973,-1.660394,0.000000,75.103882
-0.211099,0.099344,-0.509122,0.124330,0.124340,-0.109275,-0.864276,-0.615094,-0.577486,-0.935795,-1.628983,0.000000,75.197266
-0.371521,0.272447,-0.780182,0.273191,0.273187,-0.304643,-0.847058,-0.855313,-0.766961,-1.050941,-1.695391,0.000000,75.402695
-0.591637,0.419085,-0.616295,0.470585,0.470587,-0.534943,-0.934301,-1.279425,-1.147537,-1.375956,-1.936709,0.000000,75.757530
0.074108,0.333503,-0.592880,-0.209538,-0.209544,-0.247032,-0.471834,-1.043307,-0.903527,-1.058173,-1.564053,0.000000,75.598785
-0.611098,0.183330,-0.733316,1.062254,1.062259,-0.955758,-1.297972,-1.995437,-1.874847,-1.971363,-2.363852,1.000000,76.401840
-0.170782,0.243958,-0.439131,0.195555,0.195574,-0.795336,-1.335711,-2.010267,-1.978553,-2.027880,-2.372546,0.000000,76.551262
0.024372,0.365625,-0.304692,0.085387,0.085392,-0.563091,-1.223668,-1.799741,-1.960415,-1.984008,-2.276114,0.000000,76.616631
0.380748,0.822891,-0.343895,-0.767831,-0.767863,0.277591,-0.305808,-0.765565,-1.153880,-1.144178,-1.393089,-1.000000,76.028320
0.817231,0.953439,-0.260028,-0.810607,-0.810582,1.047541,0.523760,0.198927,-0.336816,-0.317005,-0.503052,-1.000000,75.412048
0.470702,0.619348,-0.681287,-0.037146,-0.037139,0.815052,0.598271,0.294788,-0.300407,-0.276997,-0.404014,0.000000,75.384041
-0.440805,0.226700,-1.826203,-1.647468,-1.647489,1.853914,2.141062,1.864821,1.343828,1.336019,1.271998,-1.000000,74.142097
-0.025129,0.364277,-0.502452,0.264482,0.264511,0.972222,1.728405,1.526584,1.150582,1.029994,1.012138,0.000000,74.338211
0.578906,0.755096,-0.339790,-0.188421,-0.188440,0.669528,1.710297,1.658694,1.429017,1.161334,1.190111,0.000000,74.198128
-0.450790,0.250435,-0.550968,0.503400,0.503387,-0.060090,1.063124,1.084406,0.981098,0.617086,0.661997,0.000000,74.571632
0.477024,0.728087,-0.351503,-0.250435,-0.250422,-0.077834,1.045693,1.273740,1.212017,0.815456,0.872447,0.000000,74.384888
-0.125715,0.414826,-0.402263,-0.138088,-0.138106,0.098066,0.879966,1.331670,1.279081,0.941807,0.970467,0.000000,74.282158
-0.349649,0.249746,-0.786720,0.666246,0.666258,-0.447054,-0.033713,0.605231,0.586289,0.356142,0.289708,1.000000,74.777069
0.376368,0.401455,-0.225819,-0.462042,-0.462047,0.077787,0.215795,0.953468,1.024347,0.904285,0.716354,0.000000,74.431564
-0.223491,0.260739,-0.422155,1.041277,1.041289,-0.784710,-0.844303,-0.121681,-0.022975,-0.054142,-0.324484,1.000000,75.206612
-0.691185,0.086397,-0.999751,0.595972,0.595973,-1.036785,-1.395952,-0.779229,-0.578870,-0.596892,-0.903484,1.000000,75.654823
-0.012309,0.418724,-0.381771,0.222167,0.222151,-0.849742,-1.392842,-1.063202,-0.757990,-0.793089,-1.066079,0.000000,75.822891
0.086387,0.333215,-0.172776,-0.209357,-0.209342,-0.407262,-1.010742,-0.939572,-0.532521,-0.555847,-0.751578,0.000000,75.664162
0.160352,0.333041,-0.505731,0.049366,0.049358,-0.120881,-0.860983,-1.017222,-0.585292,-0.560500,-0.677190,0.000000,75.701508
0.284016,1.024938,-0.111143,-0.111011,-0.111023,0.098796,-0.612489,-0.889097,-0.473561,-0.433183,-0.481179,0.000000,75.617462
-0.318006,0.110073,-0.843936,0.963200,0.963201,-0.675143,-1.303810,-1.750643,-1.426724,-1.317993,-1.359661,1.000000,76.345810
0.296844,0.902912,0.000000,-1.113019,-1.113013,0.356219,-0.032152,-0.525244,-0.387126,-0.191456,-0.243652,-1.000000,75.496071
1.015671,1.667714,-0.012542,-1.360542,-1.360549,1.419441,1.305338,0.858527,0.842647,1.135062,1.103462,-1.000000,74.468910
-0.412348,0.274898,-0.462320,0.351096,0.351109,0.804692,0.990876,0.553125,0.402977,0.726231,0.743890,0.000000,74.730377
-0.312383,1.037114,-0.312383,0.000000,0.000000,0.567282,0.927149,0.567286,0.357368,0.679749,0.718482,0.000000,74.730377
-0.720312,0.620964,-0.832090,0.612268,0.612268,-0.352709,0.250868,0.026495,-0.266390,0.002490,0.109294,1.000000,75.187927
0.347955,0.745618,-0.223686,-0.062091,-0.062090,-0.385243,0.222437,0.164859,-0.137943,-0.010440,0.169005,0.000000,75.141243
-1.649885,0.036393,-1.880387,2.435689,2.435700,-2.103613,-1.990795,-2.026784,-2.341393,-2.369536,-2.144860,1.000000,76.971458
-0.325767,0.229251,-0.458491,0.545914,0.545893,-1.947382,-2.304529,-2.303722,-2.665289,-2.829137,-2.605762,0.000000,77.391640
-0.205014,0.205014,-0.289433,0.048264,0.048284,-1.297644,-2.117715,-2.159523,-2.527748,-2.771836,-2.573974,0.000000,77.429008
-0.168431,0.324827,-0.457176,0.241202,0.241193,-0.909530,-2.189612,-2.226507,-2.554145,-2.890765,-2.756259,0.000000,77.615761
-0.918203,0.131171,-1.335563,0.890277,0.890275,-0.975434,-2.693777,-2.877815,-3.157050,-3.534941,-3.539629,1.000000,78.306755
0.418209,0.477947,-1.003709,-0.202718,-0.202712,-0.473181,-2.025338,-2.468644,-2.744662,-3.143993,-3.278376,0.000000,78.148018
0.741719,1.232213,-0.358889,-0.119496,-0.119516,-0.184213,-1.482216,-2.150960,-2.396203,-2.830466,-3.076107,0.000000,78.054619
-1.507425,0.861379,-1.881450,5.550912,5.550939,-4.229866,-5.733890,-6.749042,-7.093408,-7.561162,-7.891131,1.000000,82.387383
-2.842977,0.352617,-2.942147,2.856168,2.856163,-5.207717,-7.224246,-8.678060,-9.137198,-9.639236,-10.080814,1.000000,84.740501
-0.515636,0.724077,-0.526609,0.440774,0.440773,-4.024140,-6.459686,-8.325477,-8.990134,-9.526722,-10.045719,0.000000,85.114014
-0.318577,0.329565,-0.417442,-0.131654,-0.131660,-2.284958,-5.391626,-7.378518,-8.320883,-8.926288,-9.508953,0.000000,85.001953
0.054828,0.679828,-0.274123,0.186749,0.186745,-0.798234,-4.655692,-6.734641,-7.936398,-8.592099,-9.248532,0.000000,85.160690
-0.709368,0.218275,-0.796677,0.471491,0.471485,-0.521651,-4.152557,-6.328337,-7.787286,-8.536931,-9.246233,0.000000,85.562210
-0.206817,0.097960,-0.609562,0.261930,0.261939,-0.537721,-3.450531,-5.749430,-7.477961,-8.303477,-9.040315,0.000000,85.786331
-1.199870,0.237813,-1.340401,0.696635,0.696645,-0.931804,-3.183449,-5.533825,-7.487849,-8.448827,-9.202619,1.000000,86.383957
-0.812836,0.021387,-0.951871,1.070152,1.070142,-1.452407,-3.159357,-5.744740,-7.732084,-8.884706,-9.685561,1.000000,87.308388
2.073504,2.369716,-1.426225,-2.513367,-2.020853,0.669791,-0.286484,-3.165358,-5.196976,-6.545191,-7.389784,-1.000000,85.544014
2.370788,2.595503,-0.022469,-2.358751,-2.358749,2.614199,2.258674,-0.339441,-2.380257,-3.908830,-4.820554,-1.000000,83.526245
-1.034138,0.911820,-1.034138,1.044944,1.044945,1.224282,1.160720,-0.834259,-2.844092,-4.520871,-5.459489,1.000000,84.399048
-2.128585,0.032745,-2.543393,1.868121,1.868119,-0.726995,-0.594199,-2.058159,-3.995706,-5.784262,-6.799599,1.000000,85.975723
0.616601,1.057035,-0.275270,-0.862352,-0.862347,-0.350147,0.297742,-0.651953,-2.675900,-4.459514,-5.614629,-1.000000,85.234314
1.439333,1.574274,-0.168673,-2.081039,-2.081047,1.268417,2.225638,1.891281,-0.243916,-2.010606,-3.298792,-1.000000,83.460548
-0.661060,0.168069,-1.030810,0.359834,0.359839,0.961343,1.644052,1.635269,-0.223618,-1.930695,-3.321439,0.000000,83.760872
-0.168125,0.224162,-0.672493,-0.033612,-0.033611,0.836132,1.432969,1.589203,0.175196,-1.489528,-2.994867,0.000000,83.732719
0.607835,0.742913,-0.427732,-0.425919,-0.425922,0.643859,1.506082,1.884781,0.907693,-0.673086,-2.264894,0.000000,83.376083
-0.223760,0.179015,-0.872677,0.607835,0.607837,-0.286417,0.484449,1.180289,0.639881,-0.943610,-2.481284,1.000000,83.882874
-1.107788,0.520661,-1.927549,0.995749,0.995734,-0.972625,-0.603730,0.147909,0.040930,-1.574301,-3.049758,1.000000,84.718124
-0.646792,0.350800,-1.403200,1.052403,1.052434,-1.572042,-1.395546,-0.891404,-0.812769,-2.217144,-3.635865,1.000000,85.609726
-0.282326,0.380070,-0.966445,0.953733,0.953708,-1.878589,-2.092508,-1.778324,-1.652267,-2.733131,-4.112772,1.000000,86.426193
0.552309,1.526970,-0.151613,0.271474,0.271486,-1.386185,-2.278538,-2.022961,-1.829299,-2.610883,-3.929297,0.000000,86.660828
0.097948,0.576775,-0.228533,-0.487326,-0.487331,-0.356950,-1.683536,-1.625858,-1.276847,-1.758691,-3.100628,0.000000,86.238503
0.327908,0.797905,-0.043722,-0.435304,-0.435301,0.345393,-0.973880,-1.170987,-0.804322,-0.965411,-2.348105,0.000000,85.863106
-1.440547,0.096758,-1.795312,1.672313,1.672311,-0.918083,-2.197377,-2.508421,-2.336423,-2.369289,-3.577422,1.000000,87.299004
0.979326,1.196951,-0.380848,-1.204037,-1.204042,0.248097,-0.713819,-1.177366,-1.119424,-1.109538,-2.068688,-1.000000,86.247887
-0.592412,0.172344,-1.120199,1.022844,1.022841,-0.659190,-1.288229,-2.089607,-2.077759,-2.018235,-2.722674,1.000000,87.130066
-0.549089,0.312232,-1.001292,0.043086,0.043099,-0.488807,-0.953924,-1.983926,-2.128019,-1.961067,-2.419668,0.000000,87.167618
1.406149,1.602356,-0.370608,-1.227389,-1.227397,0.802269,0.437109,-0.561730,-0.879657,-0.699253,-0.895692,-1.000000,86.097725
1.230501,1.450230,-0.109865,-0.784828,-0.784821,1.160181,1.209621,0.354498,0.015379,0.079680,0.006669,-1.000000,85.422012
-1.008239,0.238509,-1.268428,1.340366,1.340347,-0.104065,-0.112736,-0.754540,-1.182228,-1.207922,-1.245708,1.000000,86.566963
-1.090447,0.149668,-1.282879,1.409370,1.409385,-1.342746,-1.372679,-1.798878,-2.452430,-2.517001,-2.516697,1.000000,87.787025
0.493244,1.061546,-0.214458,-0.299336,-0.299328,-0.965056,-0.929671,-1.226691,-2.028749,-2.214466,-2.127965,0.000000,87.524254
0.616416,1.178757,-0.032442,-0.847095,-0.847090,0.038919,0.022694,-0.224232,-1.000340,-1.321958,-1.229511,-1.000000,86.782845
-1.615470,0.074405,-1.966201,1.751914,1.751907,-1.030928,-1.585719,-1.738765,-2.447660,-2.804552,-2.826617,1.000000,88.303200
0.902551,1.848072,-0.053726,-1.084064,-1.084069,0.232088,-0.381435,-0.591671,-1.171702,-1.604386,-1.702127,-1.000000,87.345932
0.734738,1.415449,-0.010807,-0.558716,-0.558706,0.581301,0.146935,-0.018023,-0.416006,-1.010928,-1.131656,-1.000000,86.857925
2.516555,2.582786,-0.187636,-2.106975,-2.106987,2.158950,2.050778,2.039003,1.794705,1.109936,0.906919,-1.000000,85.027840
0.299673,0.477249,-1.753608,-0.551876,-0.551883,2.199789,2.435084,2.502414,2.350176,1.722983,1.428052,-1.000000,84.558586
0.273191,1.502561,-1.400108,-2.497225,-2.497234,3.396715,4.697800,4.735363,4.779756,4.264560,3.982185,-1.000000,82.446960
-2.846534,0.945099,-2.846534,1.172452,1.172463,1.255630,3.106446,3.295087,3.384909,3.040961,2.737781,1.000000,83.413620
-1.041661,0.975183,-1.318700,1.530154,1.530166,-0.782369,1.186832,1.546242,1.710433,1.550083,1.138810,1.000000,84.689987
-2.155683,0.239523,-2.264563,1.784131,1.784129,-2.249328,-0.740340,-0.308477,-0.074581,-0.122377,-0.596629,1.000000,86.200966
-1.772822,0.180473,-2.208062,2.558518,2.558518,-3.817414,-3.032911,-2.621374,-2.423569,-2.447135,-2.889952,1.000000,88.406433
1.028506,1.767733,-0.107133,-0.912952,-0.912940,-1.754884,-2.219853,-1.558471,-1.507404,-1.457480,-1.849166,-1.000000,87.599335
-0.316459,0.759487,-0.379748,1.564182,1.564168,-2.018988,-3.543255,-2.894519,-2.871314,-2.860765,-3.164564,1.000000,88.969536
-0.410570,0.210553,-0.905360,0.200417,0.200430,-1.214872,-3.479327,-2.986992,-2.952429,-2.943481,-3.142450,0.000000,89.147858
-0.534201,0.219963,-0.796064,0.505320,0.505307,-0.953176,-3.454492,-3.320417,-3.304706,-3.281454,-3.416785,0.000000,89.598328
-0.703998,0.010355,-1.128477,1.173138,1.173135,-1.606781,-3.902055,-4.157085,-4.174858,-4.191734,-4.318593,1.000000,90.649437
0.207431,0.860819,-0.643015,-0.176000,-0.176012,-0.794425,-2.843793,-3.826993,-3.725872,-3.881753,-3.970117,0.000000,90.489883
-1.435597,0.287127,-1.527890,1.140841,1.140854,-1.355617,-3.053727,-4.607599,-4.541115,-4.735436,-4.867717,1.000000,91.522240
1.292045,1.784255,-0.194827,0.000000,0.000000,-0.836752,-2.307215,-4.267841,-4.337055,-4.543475,-4.690659,0.000000,91.522240
0.749300,0.770118,-0.114469,-1.466367,-1.466389,0.768046,-0.412089,-2.462252,-2.766132,-2.989256,-3.126558,-1.000000,90.180168
0.104209,0.229263,-0.802415,-0.135287,-0.135278,0.773241,-0.093777,-1.923012,-2.452572,-2.681938,-2.840060,0.000000,90.058174
0.845685,1.117142,-0.657754,-0.187578,-0.187562,0.828972,0.348711,-1.186751,-2.181043,-2.300274,-2.561428,0.000000,89.889259
-0.966187,0.226129,-1.315653,1.576532,1.576520,-0.783227,-0.952819,-2.144099,-3.482367,-3.608997,-3.889054,1.000000,91.306381
-0.491556,0.102405,-0.983103,0.370029,0.370038,-1.122387,-1.045579,-1.998980,-3.577066,-3.796009,-4.079197,0.000000,91.644249
-0.529752,0.010181,-1.181748,0.522275,0.522270,-1.214346,-1.285661,-2.079598,-3.692951,-4.096169,-4.398261,0.000000,92.122879
0.326065,0.621562,-0.264930,-0.020380,-0.020373,-0.749950,-1.107608,-1.792000,-3.263708,-3.845529,-4.161403,0.000000,92.104111
-0.192908,0.213219,-0.893489,0.356632,0.356627,-0.552337,-1.248857,-1.792396,-3.067312,-4.008525,-4.249158,0.000000,92.432579
-0.101008,0.363637,-0.666671,0.517821,0.517815,-0.719185,-1.608077,-2.015483,-3.055548,-4.263427,-4.514806,0.000000,92.911209
0.671828,0.773618,-0.223942,-0.767679,-0.767676,0.168978,-0.773614,-1.036913,-1.898406,-3.291118,-3.616646,-1.000000,92.197952
0.142812,0.938486,-0.234618,-0.213761,-0.213760,0.357034,-0.363153,-0.650821,-1.373046,-2.780778,-3.247981,0.000000,92.000870
1.219003,1.802455,0.000000,-2.091193,-2.091189,2.050420,1.767030,1.428762,0.826209,-0.459267,-1.059599,-1.000000,90.076958
-0.155113,0.630818,-0.723885,0.750150,0.750142,0.920378,1.104455,0.692871,0.249233,-0.834323,-1.706298,1.000000,90.752663
-1.527107,0.409963,-1.588606,0.899693,0.899687,-0.272618,0.231638,-0.201556,-0.502706,-1.362292,-2.429013,1.000000,91.569153
0.712255,0.834350,-0.468049,0.727682,0.727695,-0.984945,-0.428371,-0.870984,-1.054134,-1.747660,-2.939561,1.000000,92.235497
0.284551,0.508130,-0.182928,0.122103,0.122097,-1.030489,-0.525407,-0.835365,-1.025915,-1.601217,-2.793697,0.000000,92.348114
1.680236,1.917329,-0.618491,-1.412602,-1.412594,0.599929,0.783416,0.657658,0.413867,-0.075461,-1.163459,-1.000000,91.043610
-0.655066,0.010237,-0.706239,0.711262,0.711255,0.094170,-0.009208,0.077794,-0.229781,-0.602655,-1.525411,1.000000,91.691162
-1.348093,0.402415,-1.408453,1.740026,1.740019,-1.249491,-1.679070,-1.492281,-1.841544,-2.117499,-2.856800,1.000000,93.286606
0.616910,0.738273,-0.576455,-0.523144,-0.523143,-0.608812,-1.097282,-0.891308,-1.256566,-1.445380,-2.054668,-1.000000,92.798584
0.468622,0.855742,-0.173193,-0.728148,-0.254018,-0.309298,-0.784697,-0.607224,-0.876394,-1.066287,-1.576134,0.000000,92.562859
-0.497006,0.152147,-0.557861,0.438052,0.438042,-0.330022,-0.906401,-0.978735,-1.152190,-1.397997,-1.841827,0.000000,92.968323
-0.808484,0.161702,-1.182413,0.365150,0.365153,-0.346129,-0.993089,-1.276466,-1.328637,-1.635934,-1.995021,0.000000,93.307800
-0.873145,0.040146,-0.983536,0.697324,0.697333,-0.893224,-1.424421,-1.885824,-1.870809,-2.213394,-2.496719,1.000000,93.958466
-0.716918,0.517771,-0.766699,0.792855,0.792841,-1.270531,-1.939227,-2.481222,-2.481185,-2.848225,-3.068142,1.000000,94.703407
0.050184,0.341232,-1.053797,-0.786619,-0.786604,-0.190694,-0.990371,-1.569156,-1.610336,-1.917116,-2.144944,-1.000000,93.958466
0.424499,1.303821,-0.121288,-0.702526,-0.702540,0.586218,-0.048196,-0.642560,-0.850216,-1.084251,-1.357968,-1.000000,93.298370
-0.987332,1.126962,-1.116979,1.344244,1.344261,-0.484697,-1.071364,-1.692547,-2.053264,-2.199022,-2.523162,1.000000,94.552544
-0.090195,1.473242,-0.390860,-0.488679,-0.488688,0.032071,-0.500101,-1.031126,-1.509593,-1.600375,-1.953481,0.000000,94.090477
-0.039981,1.189400,-0.759622,0.270599,0.270608,-0.313851,-0.604708,-1.149151,-1.661604,-1.751424,-2.118351,0.000000,94.345093
2.390273,3.266026,-0.072120,-2.988511,-2.988517,2.225430,2.343911,1.836116,1.341824,1.249098,0.945971,-1.000000,91.525574
-1.364469,0.202140,-1.869826,1.936950,1.936941,0.283008,0.434613,0.062206,-0.411168,-0.623571,-0.856375,1.000000,93.298370
-0.327806,0.019871,-1.360877,1.748530,1.748528,-1.360872,-1.120481,-1.429908,-1.902574,-2.226114,-2.383149,1.000000,94.929718
-0.990878,0.068675,-1.098795,1.251616,1.251625,-2.158344,-2.118120,-2.452010,-2.878586,-3.301302,-3.422981,1.000000,96.117882
-1.207729,0.067633,-1.227050,1.540273,1.540271,-2.975847,-3.306278,-3.603863,-4.077086,-4.546799,-4.684610,1.000000,97.598358
-0.096374,0.424051,-0.424057,0.251210,0.251211,-1.927530,-3.151505,-3.485610,-4.036624,-4.547130,-4.728562,0.000000,97.843536
0.473160,0.791811,0.000000,-0.192756,-0.192755,-0.845888,-2.518346,-2.979270,-3.512788,-4.052386,-4.355096,0.000000,97.654938
0.221690,0.549398,-0.260238,0.183470,0.183479,-0.433743,-2.361454,-2.848522,-3.375550,-3.938578,-4.346226,0.000000,97.834114
-0.908827,0.258303,-1.214959,0.751806,0.751802,-0.679233,-2.635610,-3.261587,-3.828570,-4.371299,-4.868636,1.000000,98.569633
0.163043,0.450754,-0.402799,-0.248734,-0.248720,-0.283889,-1.988123,-2.774862,-3.307774,-3.885149,-4.423738,0.000000,98.324471
-0.209585,1.000282,-0.390591,0.671338,0.671327,-0.718303,-1.888166,-3.084698,-3.628188,-4.257911,-4.825912,1.000000,98.984550
1.672633,2.156051,-0.734798,-1.467087,-1.467068,0.734782,0.006745,-1.352306,-1.959320,-2.566278,-3.154052,-1.000000,97.532379
1.501083,1.501083,-0.464153,-2.098035,-2.098052,2.401740,2.208172,0.826906,0.255768,-0.319287,-0.913390,-1.000000,95.486099
1.109463,1.109463,-0.604261,-0.306148,-0.306171,2.006961,2.424986,1.213822,0.628548,0.066982,-0.482164,0.000000,95.193748
-2.030460,0.057463,-2.308212,3.427446,3.427458,-1.346609,-0.882095,-1.861890,-2.515563,-3.019251,-3.569445,1.000000,98.456474
-1.264991,0.252996,-1.592957,2.212429,2.212449,-3.154057,-2.750198,-3.382698,-4.293961,-4.797617,-5.382262,1.000000,100.634773
1.897224,1.897224,-0.066736,-1.714769,-1.714785,-1.186002,-0.926678,-1.318838,-2.340544,-2.896366,-3.466388,-1.000000,98.909103
0.718253,0.833177,-0.344762,-0.448089,-0.448094,-0.135984,-0.416575,-0.635245,-1.702252,-2.249753,-2.802537,0.000000,98.465897
1.619590,2.226933,-0.559145,-0.660788,-0.660780,1.064298,0.168707,0.141390,-0.858001,-1.441825,-2.001677,-1.000000,97.815254
-0.214342,0.750200,-0.740454,-1.050809,-1.050804,1.792671,1.073654,1.148997,0.321020,-0.309046,-0.823596,-1.000000,96.787407
2.286900,2.613603,-0.188102,-1.588072,-1.588083,2.304724,2.312648,2.599748,2.135435,1.353928,0.870873,-1.000000,95.250343
-3.131005,0.182477,-3.726474,3.078904,3.078900,-0.898959,-0.677098,-0.428984,-0.666533,-1.474447,-1.965036,1.000000,98.183006
1.539948,1.646486,-0.871673,-0.835577,-0.835571,-0.290555,0.352543,0.377729,0.295403,-0.528811,-1.000159,-1.000000,97.362617
-0.463630,0.511928,-0.994880,0.271185,0.271191,-0.598863,0.330337,0.041856,0.101419,-0.652953,-1.142667,0.000000,97.626656
-1.593290,0.226264,-2.385216,2.453396,2.453400,-2.332429,-1.915721,-2.240663,-2.174512,-2.804947,-3.332711,1.000000,100.021828
0.797187,1.053431,-0.056947,-0.659939,-0.659952,-0.856028,-1.392234,-1.565906,-1.448224,-1.843785,-2.509250,-1.000000,99.361732
-0.940203,0.131627,-1.222267,0.939544,0.939545,-1.357649,-2.171865,-2.298479,-2.233915,-2.478370,-3.184149,1.000000,100.295280
-0.361359,0.618100,-0.722710,-1.128241,-1.128230,0.131221,-0.985174,-0.936360,-1.051262,-1.194759,-1.924378,-1.000000,99.163719
0.544205,2.568266,-0.133664,-0.399397,-0.399405,0.763801,-0.491689,-0.297875,-0.644446,-0.691230,-1.373237,0.000000,98.767654
-2.304408,0.111499,-2.889798,2.749671,2.749668,-1.644675,-2.691877,-2.767141,-3.147646,-3.195685,-3.778106,1.000000,101.483437
1.857885,2.336720,-0.038308,-2.973430,-2.973431,1.187518,0.616747,0.065767,-0.205890,-0.203783,-0.594386,-1.000000,98.465897
0.335152,0.545820,-2.738677,0.009579,0.009592,0.808190,0.636783,0.026805,-0.167584,-0.180030,-0.428683,0.000000,98.475342
-2.191346,0.074601,-2.265946,2.690796,2.690782,-1.445352,-1.628117,-2.418866,-2.504656,-2.665415,-2.833512,1.000000,101.125099
-1.217607,0.544227,-1.531228,1.091016,1.091027,-1.831943,-2.239654,-3.184216,-3.212811,-3.572739,-3.682939,1.000000,102.228401
-0.009171,0.321129,-0.770709,0.535000,0.534999,-2.102946,-2.491973,-3.311009,-3.517755,-3.912653,-4.027587,0.000000,102.775322
0.220101,0.641963,-0.531917,0.045879,0.045877,-1.300440,-2.200112,-2.864394,-3.455615,-3.807411,-3.910187,0.000000,102.822472
0.498432,1.033785,-0.276901,-0.641971,-0.641976,0.059080,-1.385446,-1.977101,-2.672597,-3.004608,-3.142259,-1.000000,102.162376
-1.698741,0.162646,-1.816205,2.150639,2.150647,-1.427669,-2.963769,-3.593869,-4.439326,-4.706608,-4.973044,1.000000,104.359528
0.262895,0.444207,-0.453268,-0.325291,-0.325282,-0.761500,-2.142155,-2.869499,-3.829219,-4.056215,-4.488269,0.000000,104.020065
-1.203643,0.035657,-1.738592,1.677097,1.677087,-1.833099,-3.351467,-4.109611,-4.991090,-5.362345,-5.829177,1.000000,105.764572
0.107251,0.446867,-0.527300,-0.240732,-0.240745,-1.086770,-2.450609,-3.489726,-4.275617,-4.949136,-5.395764,0.000000,105.509949
-0.276784,0.205360,-1.232140,0.098312,0.098326,-0.530359,-1.870539,-3.248813,-4.017861,-4.788575,-5.233635,0.000000,105.613693
-0.348245,0.160729,-0.884006,-0.008930,-0.008929,-0.285741,-1.437630,-2.833590,-3.619076,-4.509692,-4.905799,0.000000,105.604263
0.964485,1.361092,-0.270419,-0.937580,-0.937582,0.771585,-0.276730,-1.541378,-2.372909,-3.345957,-3.705611,-1.000000,104.614136
-1.274056,0.008911,-1.951172,1.171801,1.171792,-0.381320,-1.142187,-2.407334,-3.228788,-4.123300,-4.588375,1.000000,105.839996
0.632347,0.783759,-0.427499,0.035639,0.035639,-0.347340,-0.888843,-1.975412,-2.955551,-3.755961,-4.457303,0.000000,105.877716
0.642398,1.002140,-1.387583,3.981120,3.981134,-3.349044,-3.963176,-5.024989,-6.226132,-7.008144,-7.776739,1.000000,110.092850
0.894162,0.894162,-0.395495,-0.376875,-0.376879,-2.240566,-3.114953,-4.145819,-5.392058,-6.207207,-7.087097,0.000000,109.677933
0.537357,0.901370,-0.156006,-0.799588,-0.799592,-0.682960,-1.894607,-2.970472,-4.168398,-5.040386,-6.001616,-1.000000,108.800957
0.383444,0.801741,-0.165579,-0.546019,-0.546016,0.299780,-1.130287,-2.103125,-3.331593,-4.216474,-5.133772,-1.000000,108.206886
-1.085086,0.809503,-1.085086,1.193902,1.193896,-0.222182,-1.932483,-2.851647,-3.968308,-4.976231,-5.819267,1.000000,109.498764
0.034463,0.043080,-1.094165,-0.043061,-0.043066,-0.296366,-1.539581,-2.365806,-3.425512,-4.600665,-5.435506,0.000000,109.451607
0.548969,0.618682,-0.444407,-1.128628,-1.128632,0.571635,-0.174268,-1.013700,-1.995459,-3.177056,-4.021717,-1.000000,108.216301
-0.586663,0.163915,-0.733333,1.002093,1.002099,-0.334743,-0.735915,-1.673710,-2.644290,-3.752219,-4.617948,1.000000,109.300735
1.319355,1.319355,-0.393182,-1.259604,-1.259609,0.884236,0.723472,-0.285994,-1.163814,-2.285701,-3.157116,-1.000000,107.923973
-0.754883,0.199569,-0.763555,0.698998,0.698999,0.032974,0.282003,-0.783795,-1.580468,-2.588103,-3.543592,1.000000,108.678360
1.146055,1.581377,0.000000,-2.334058,-1.831496,1.381166,1.833782,1.134374,0.467804,-0.462813,-1.544307,-1.000000,106.687920
-0.344919,0.645620,-0.583706,0.453093,0.453095,0.728873,1.140570,0.775685,0.145824,-0.686111,-1.739334,0.000000,107.171318
-1.937985,0.310078,-2.006892,2.679754,2.679751,-1.765015,-1.386121,-1.525466,-2.194123,-2.993955,-3.962205,1.000000,110.043243
1.018984,1.297682,-0.714161,-1.102496,-1.102486,-0.503406,-0.229538,-0.244533,-0.962970,-1.690017,-2.666582,-1.000000,108.830032
-1.004290,0.094421,-1.012876,1.463160,1.463143,-1.622311,-1.584629,-1.408671,-2.168689,-2.832387,-3.709241,1.000000,110.422371
-0.112481,0.432601,-0.380691,-0.789698,-0.789690,-0.316666,-0.792251,-0.656920,-1.210302,-1.789200,-2.605806,-1.000000,109.550377
-0.577186,0.292898,-2.386289,0.432601,0.432593,-0.227425,-1.055242,-1.063834,-1.434952,-2.006277,-2.755698,0.000000,110.024284
0.911771,1.102810,-0.078156,-0.792555,-0.792547,0.406387,-0.278394,-0.251996,-0.439656,-1.035351,-1.767390,-1.000000,109.152290
-1.651200,0.425568,-1.838451,2.023267,2.023260,-1.130305,-1.947395,-2.041329,-2.166197,-2.796945,-3.458492,1.000000,111.360725
0.835703,1.447402,0.000000,-1.208612,-1.208603,0.005165,-0.626351,-0.811641,-0.781285,-1.443982,-2.059494,-1.000000,110.014816
0.043043,1.446405,-0.094706,0.068926,0.068919,0.034438,-0.385707,-0.841257,-0.849719,-1.349195,-1.886894,0.000000,110.090637
2.005629,2.577411,-0.035187,-2.126562,-2.126558,1.785713,1.832334,1.284345,1.215095,0.873891,0.349743,-1.000000,107.749496
0.881016,0.943310,-0.703035,-1.152355,-1.152359,2.475749,2.687550,2.290295,2.287403,2.120991,1.597472,-1.000000,106.507835
-1.563322,0.324962,-1.633586,1.325975,1.325985,0.497096,1.259433,0.951452,0.935550,0.861701,0.334512,1.000000,107.920113
0.287885,1.238773,-0.087235,0.676266,0.676252,-0.429198,0.416130,0.271607,0.218493,0.286263,-0.243111,1.000000,108.649925
0.079215,1.549161,-0.052810,-0.889816,-0.889799,0.017595,1.144254,1.233448,1.036129,1.097111,0.716554,-1.000000,107.683159
0.662954,0.769029,-0.618755,-0.422502,-0.422502,0.344732,1.312644,1.666513,1.418746,1.434677,1.194372,0.000000,107.228195
-1.685001,0.331759,-1.763580,1.246357,1.246346,-0.511608,0.011352,0.324197,0.136376,0.177305,0.069961,1.000000,108.564629
-1.304915,0.521971,-1.339707,0.357950,0.357953,-0.676813,-0.566330,-0.026096,-0.173552,-0.152602,-0.191718,0.000000,108.953239
0.463691,1.303585,-0.061242,-0.565458,-0.565455,-0.169731,-0.155735,0.414109,0.378384,0.372311,0.451534,-1.000000,108.337158
-1.401501,0.190330,-1.522618,1.128603,1.128602,-0.941256,-1.318451,-0.705942,-0.610779,-0.743898,-0.685727,1.000000,109.559853
0.776817,1.466352,-0.375317,-0.882426,-0.882431,0.192025,-0.362220,0.090195,0.339533,0.153644,0.165154,-1.000000,108.593063
-0.668168,0.355783,-0.711558,0.584794,0.584790,-0.268997,-0.692459,-0.487092,-0.281145,-0.431299,-0.404161,1.000000,109.228104
0.454384,0.865080,-0.078647,-0.694200,-0.694188,0.339035,0.052422,0.030868,0.399328,0.284857,0.300136,-1.000000,108.469856
0.131516,0.815432,-0.824202,-0.340789,-0.340802,0.638319,0.343714,0.254863,0.635252,0.606404,0.600003,0.000000,108.100189
0.996038,1.551346,-0.061701,-0.526090,-0.526081,0.793300,0.860291,0.626415,1.073601,1.169855,1.072519,-1.000000,107.531494
-0.026468,0.546877,-0.308729,-0.070510,-0.070517,0.652730,0.952634,0.679194,1.025405,1.251832,1.120247,0.000000,107.455666
0.722574,0.900984,-0.294381,-1.120230,-1.120223,1.232827,1.878678,1.803746,2.033451,2.256198,2.170206,-1.000000,106.251923
0.124047,0.735425,-0.159491,0.677969,0.677966,0.271130,1.007442,1.059128,1.141236,1.498138,1.452535,1.000000,106.972275
0.291598,0.715742,-0.592028,0.274674,0.274665,-0.159044,0.630918,0.696308,0.736071,1.102423,1.130757,0.000000,107.266090
0.185856,0.283211,-0.708024,-0.159053,-0.159037,-0.081429,0.561105,0.820126,0.756699,1.171780,1.304535,0.000000,107.095497
-1.070552,0.482628,-1.228502,0.858484,0.858475,-0.828359,-0.348366,0.010532,-0.088624,0.236226,0.468296,1.000000,108.014885
0.158311,0.299036,-0.703602,-0.228152,-0.228151,-0.320139,-0.255934,0.189976,0.198333,0.414076,0.627679,0.000000,107.768448
2.388010,2.441873,-0.098752,-2.031661,-2.031648,1.483067,1.538727,2.054632,2.165354,2.277394,2.611833,-1.000000,105.578972
0.289383,1.076139,-0.479290,-0.727172,-0.727185,1.758005,1.968710,2.577921,2.730602,2.827998,3.185024,-1.000000,104.811218
1.343022,1.471805,-0.588721,-1.691086,-1.691091,2.721008,3.286733,3.920529,4.272383,4.323069,4.749340,-1.000000,103.038765
1.476907,2.084498,-0.336511,-1.591386,-1.591374,3.077203,4.359684,5.128052,5.671144,5.759572,6.159709,-1.000000,101.399033
-2.345961,0.219076,-2.464633,2.402318,2.402311,-0.098584,1.678684,2.315532,2.964398,3.175535,3.498553,1.000000,103.834953
-0.109028,0.354351,-0.672359,0.465536,0.465546,-0.803203,0.953111,1.576104,2.265122,2.559325,2.793924,0.000000,104.318352
1.054969,1.684249,-0.074028,-1.817191,-1.817195,0.566352,2.348695,3.086556,3.869145,4.214324,4.449378,-1.000000,102.422684
-0.101561,0.553971,-0.987905,0.231353,0.231348,0.260370,1.680366,2.532241,3.293328,3.778048,3.967012,0.000000,102.659637
-1.490366,0.617957,-1.626682,1.597270,1.597274,-0.759726,-0.274448,0.718523,1.463555,2.034165,2.222219,1.000000,104.299393
-0.062238,0.898019,-0.320085,2.208288,2.208295,-2.384642,-2.538462,-1.435651,-0.851792,-0.243986,0.016587,1.000000,106.602631
0.303839,0.902593,-0.080433,-0.506801,-0.506821,-1.558525,-1.996416,-0.990757,-0.460224,0.155147,0.467688,-1.000000,106.062347
-1.244218,0.266622,-1.501951,0.554062,0.554072,-1.308210,-2.364021,-1.574828,-1.076695,-0.460005,-0.148415,1.000000,106.650009
1.555892,1.582872,-0.080946,-1.182008,-1.182008,0.390322,-0.973109,-0.505442,0.004945,0.572352,0.973407,-1.000000,105.389397
0.098268,0.250133,-0.991603,0.674521,0.674517,0.057176,-1.193493,-1.292355,-0.728959,-0.195459,0.261452,1.000000,106.100266
-1.261579,0.044115,-1.349800,1.259600,1.259602,-1.032200,-2.087336,-2.540798,-1.908686,-1.503657,-1.020728,1.000000,107.436707
-0.402343,0.236155,-1.023352,0.864582,0.864589,-1.455442,-2.553141,-3.204763,-2.685215,-2.351794,-1.887233,1.000000,108.365593
3.364792,3.685248,0.000000,-1.740581,-1.740568,0.258134,-0.445980,-1.385686,-0.998321,-0.682939,-0.207419,-1.000000,106.479416
0.080289,0.704729,-0.785011,-0.213635,-0.213650,0.635149,0.105264,-0.972940,-0.826048,-0.518466,-0.097532,0.000000,106.251923
-0.026782,0.285689,-0.348182,-0.080282,-0.080278,0.728503,0.361569,-0.594001,-0.833414,-0.487106,-0.093452,0.000000,106.166626
-0.258560,0.329881,-0.624113,0.133918,0.133916,0.381597,0.199709,-0.571807,-1.034688,-0.618052,-0.318599,0.000000,106.308800
0.964572,1.126837,-0.216351,-1.096651,-1.096662,0.881649,1.223303,0.582959,0.041927,0.414323,0.681218,-1.000000,105.142952
-0.998576,0.329881,-1.203643,1.108811,1.108822,-0.256780,0.081130,-0.276396,-0.984759,-0.722901,-0.479084,1.000000,106.308800
-0.249575,0.454582,-0.294145,0.026746,0.026747,-0.267405,0.143504,-0.072500,-0.856141,-0.777971,-0.543131,0.000000,106.337234
0.376950,1.050079,-0.044871,-0.686339,-0.686354,0.315934,0.788922,0.700666,0.028285,-0.183436,0.085874,-1.000000,105.607384
0.268651,0.599980,-0.376106,0.224376,0.224387,0.003582,0.412828,0.427452,-0.100740,-0.479624,-0.151038,0.000000,105.844353
-0.752752,0.528725,-0.851328,-0.071641,0.459121,-0.230124,-0.237493,-0.014724,-0.462694,-0.906191,-0.627496,0.000000,106.330307
-1.272537,0.282785,-1.511141,1.406943,1.406938,-1.332877,-1.496704,-1.329210,-1.593122,-2.169187,-1.988889,1.000000,107.826309
0.951012,1.525215,-0.260184,-1.502302,-1.502298,0.147375,0.001397,0.227015,0.074768,-0.557757,-0.521916,-1.000000,106.206436
0.878856,0.896981,-0.090610,-0.977926,-0.977912,1.052809,0.894009,1.157718,1.104363,0.567648,0.370260,-1.000000,105.167831
0.191030,0.800508,-0.090965,-0.398662,-0.398678,1.248071,1.148909,1.391540,1.420556,1.005081,0.675916,0.000000,104.748550
0.237380,0.657355,-0.456496,-0.363869,-0.363856,1.241664,1.443981,1.506415,1.709728,1.375816,1.004874,0.000000,104.367416
-0.973149,0.189222,-1.432694,1.323842,1.323843,-0.473966,0.065639,0.134144,0.338246,0.177116,-0.285239,1.000000,105.749077
-0.260581,0.934496,-0.260581,0.279328,0.279328,-0.781744,-0.240702,-0.157822,0.089640,0.025748,-0.468515,0.000000,106.044464
0.262207,0.895116,-0.162749,-0.620004,-0.620016,-0.121149,0.360766,0.415758,0.680242,0.691073,0.278582,-1.000000,105.386971
0.199983,0.409051,-0.418143,-0.533450,-0.533444,0.429052,0.801742,0.859912,1.095610,1.163243,0.847857,-1.000000,104.824791
-0.299375,0.199577,-0.435456,0.199983,0.199977,0.355624,0.477187,0.651729,0.735270,0.922198,0.669312,0.000000,105.034416
0.235360,0.742283,-0.461666,0.217725,0.217723,0.045266,0.015395,0.366836,0.458648,0.650242,0.540555,0.000000,105.263100
-0.706303,0.402329,-0.974516,1.249205,1.249224,-1.088969,-1.183736,-0.856437,-0.765521,-0.546980,-0.577373,1.000000,106.578072
-0.702660,0.773817,-0.880546,0.518553,0.518540,-1.273679,-1.510271,-1.273087,-1.232441,-1.021548,-1.002164,0.000000,107.130722
-0.123817,0.486427,-0.256479,0.569243,0.569242,-1.291233,-1.790038,-1.714570,-1.725040,-1.570505,-1.527306,1.000000,107.740555
0.053011,0.362251,-0.220887,0.097285,0.097297,-0.865885,-1.563004,-1.716448,-1.695274,-1.685475,-1.567912,0.000000,107.845383
0.525148,1.183802,0.000000,-0.733347,-0.733352,0.201158,-0.713842,-1.038423,-0.934200,-0.937670,-0.828132,-1.000000,107.054497
0.890948,1.309694,0.000000,-0.097908,-0.097920,0.368862,-0.531887,-0.895095,-0.808468,-0.814477,-0.682298,0.000000,106.949669
0.150976,0.657192,-0.328592,0.320741,0.320749,0.078154,-0.672289,-1.079927,-1.047068,-1.089615,-0.962793,0.000000,107.292709
0.922740,1.610276,-0.072374,-1.829482,-1.829479,1.485432,1.226702,0.800311,0.772567,0.716475,0.816161,-1.000000,105.329811
0.018001,0.566908,-0.485918,0.533740,0.533740,0.577701,0.770269,0.361139,0.216863,0.210059,0.203057,0.000000,105.891998
0.339071,0.660300,-0.535379,0.845859,0.845861,-0.315879,0.067811,-0.415816,-0.672352,-0.612530,-0.627789,1.000000,106.787697
0.977670,1.130148,-0.349807,-0.517535,-0.517537,0.068168,0.556103,0.114209,-0.154274,-0.099335,-0.111356,-1.000000,106.235031
-0.943229,0.547970,-1.033060,-0.152478,-0.152487,-0.008976,0.609960,0.310223,0.040880,0.070793,0.038253,0.000000,106.073036
-0.604983,0.213520,-1.512460,0.970178,0.970186,-0.638793,-0.416373,-0.511866,-0.810501,-0.843776,-0.898287,1.000000,107.102142
0.648650,1.315314,-0.180177,-1.245553,-1.245561,0.590996,0.643248,0.789194,0.506762,0.385591,0.371356,-1.000000,105.768120
0.843960,1.086370,-0.161609,0.342340,0.342344,0.123902,0.212787,0.499794,0.181813,-0.020826,0.023304,0.000000,106.130211
-0.380195,0.335990,-0.893017,1.544264,1.544264,-1.114059,-1.235189,-0.954906,-1.261714,-1.483287,-1.453541,1.000000,107.769142
-0.600525,0.104434,-0.722369,1.591516,1.591517,-2.040038,-2.582248,-2.363217,-2.621413,-2.868932,-2.879319,1.000000,109.484306
-0.745493,0.147363,-0.840848,0.400347,0.400340,-1.917473,-2.552873,-2.620198,-2.777821,-3.067956,-3.142910,0.000000,109.922615
-0.138436,0.493165,-0.441255,0.190708,0.190710,-1.311645,-2.353346,-2.667126,-2.731439,-3.043084,-3.212202,0.000000,110.132248
0.993637,1.028503,-0.784451,-0.735420,-0.735408,0.003477,-1.398076,-1.807733,-1.825165,-2.194031,-2.449529,-1.000000,109.322327
0.017469,0.463003,-0.410589,-0.226621,-0.226630,0.469993,-0.913777,-1.454820,-1.487726,-1.860749,-2.140298,0.000000,109.074570
-1.022841,0.617227,-1.093383,-0.926004,-0.926010,1.146286,0.196634,-0.486139,-0.523760,-0.844367,-1.136287,-1.000000,108.064529
-0.395220,0.096610,-1.036361,0.396788,0.396795,0.483049,-0.071142,-0.685054,-0.882225,-1.101003,-1.411969,0.000000,108.493324
-0.818105,0.156658,-0.957353,0.913403,0.913404,-0.544822,-0.636208,-1.365248,-1.704529,-1.833597,-2.148537,1.000000,109.484306
0.541062,1.326473,-0.139625,-0.269805,-0.269812,-0.300193,-0.087259,-0.951791,-1.340859,-1.424199,-1.778797,0.000000,109.188904
1.012415,1.443795,-0.140854,-0.872677,-0.872677,0.422578,0.835469,0.043439,-0.412880,-0.495105,-0.846603,-1.000000,108.236038
0.265325,0.725214,-0.318388,-0.457783,-0.457780,0.824268,1.137349,0.606705,0.065890,-0.014856,-0.317795,0.000000,107.740555
-0.940434,0.165450,-1.445486,1.565398,1.565406,-0.559043,-0.466739,-0.802278,-1.289187,-1.494255,-1.713981,1.000000,109.427132
-1.039786,0.335137,-1.082755,1.332295,1.332296,-1.613829,-1.707493,-1.798869,-2.361872,-2.679737,-2.830348,1.000000,110.885025
-0.446503,0.240425,-0.953118,0.077336,0.077330,-1.368710,-1.634896,-1.583948,-2.248840,-2.613772,-2.733985,0.000000,110.970772
-0.042721,0.939928,-0.563955,0.489438,0.489434,-1.261210,-1.895237,-1.839410,-2.488247,-2.924374,-3.060179,0.000000,111.513901
0.624522,0.692957,-0.624515,-0.119627,-0.119620,-0.489350,-1.480027,-1.608352,-2.133205,-2.661308,-2.816896,0.000000,111.380508
-0.765764,0.246746,-1.089083,0.547523,0.547529,-0.573476,-1.704254,-2.021052,-2.447894,-2.953467,-3.219611,0.000000,111.990349
0.322031,0.449152,-0.762714,0.399899,0.399890,-0.693220,-1.833052,-2.274576,-2.539831,-3.107119,-3.468927,0.000000,112.438187
1.570008,1.664381,-0.420383,-1.220341,-1.220350,0.550799,-0.451260,-0.962585,-1.113579,-1.755996,-2.155961,-1.000000,111.066048
-0.196701,0.196702,-0.983495,0.317435,0.317441,0.215516,-0.480627,-1.135720,-1.262719,-1.880781,-2.331877,0.000000,111.418617
-0.059523,0.629250,-0.204079,0.572991,0.572986,-0.234687,-0.662407,-1.461444,-1.710451,-2.226182,-2.746590,1.000000,112.057030
-0.569296,0.382358,-0.790212,0.076534,0.076555,-0.283813,-0.496233,-1.319867,-1.686649,-2.121181,-2.618476,0.000000,112.142815
-0.475831,0.161437,-1.690887,0.000000,0.000000,-0.336491,-0.384073,-1.161824,-1.597006,-1.893803,-2.432676,0.000000,112.142815
-0.856996,0.941020,-1.033436,1.130083,1.130072,-1.036797,-1.282136,-2.018147,-2.516383,-2.733322,-3.328292,1.000000,113.410110
-0.375780,0.116909,-1.077245,0.613345,0.613339,-1.169095,-1.656780,-2.272507,-2.890184,-3.104130,-3.687679,1.000000,114.105698
-0.501252,0.877196,-0.810354,-0.041756,-0.041756,-0.776932,-1.380946,-1.862427,-2.586878,-2.903252,-3.414085,0.000000,114.058052
-0.789903,0.814332,-1.343649,2.589813,2.589818,-2.449513,-3.441372,-3.907712,-4.682007,-5.112055,-5.570036,1.000000,117.011948
-0.073317,0.839035,-0.513201,-0.032574,-0.032575,-1.591726,-3.022159,-3.529381,-4.330810,-4.847183,-5.219943,0.000000,116.973831
1.194626,1.650903,0.000000,-1.808407,-1.808408,0.472871,-0.905923,-1.527017,-2.322051,-2.901942,-3.221061,-1.000000,114.858467
2.909777,3.615700,-0.008611,-3.633646,-3.633649,3.643250,2.764292,2.136134,1.471677,0.817493,0.515955,-1.000000,110.684914
-2.212545,2.967830,-18.100234,-3.116394,-3.116389,5.704637,5.620224,5.163791,4.712100,4.029498,3.679281,-1.000000,107.235542
5.433900,5.433900,-0.072093,-1.395060,-1.395069,5.068043,6.508974,6.257554,6.019202,5.397141,5.014275,-1.000000,105.739532
-1.613044,0.086258,-3.320968,4.469676,4.469688,-0.605542,1.800220,1.592336,1.464242,0.923311,0.531351,1.000000,110.465759
-0.135988,0.365453,-1.980284,1.492283,1.492282,-2.556524,0.187823,0.160910,0.023366,-0.456236,-0.863795,1.000000,112.114220
-0.076580,0.799866,-0.510551,-0.118993,-0.119006,-2.208974,0.117439,0.313719,0.163390,-0.203867,-0.659166,0.000000,111.980797
0.472268,0.884423,-0.455091,-0.901972,-0.901963,-0.645716,0.750473,1.161489,1.056587,0.820884,0.332304,-1.000000,110.970772
0.813653,1.485805,-0.451050,-2.910870,-2.416495,2.285523,2.439885,3.429342,3.388194,3.275513,2.810584,-1.000000,108.289169
-1.416553,0.000000,-1.854398,3.015834,3.015821,-0.513639,-1.044832,0.366285,0.321885,0.276112,-0.137356,1.000000,111.554977
0.368783,1.269300,-0.360204,0.103018,0.103018,-0.695600,-1.432204,0.159105,0.245679,0.197958,-0.166070,0.000000,111.669899
0.227235,1.109949,-0.812795,-1.869640,-1.869624,0.758600,0.345115,1.792178,2.071807,2.036459,1.776956,-1.000000,109.582092
-0.635573,0.180365,-1.460102,1.756688,1.756677,-0.884651,-1.004119,-0.117625,0.285031,0.279493,0.132524,1.000000,111.507095
2.755111,3.070984,-0.236908,-2.112857,-2.112852,1.412648,1.445221,1.558173,2.312597,2.339935,2.285413,-1.000000,109.151115
-0.427983,0.803569,-0.698748,0.456258,0.456256,0.604420,0.909995,0.651570,1.734197,1.773378,1.783277,0.000000,109.649124
-1.273390,0.017322,-1.507281,0.829770,0.829770,-0.424464,-0.061108,-0.435993,0.768041,0.917496,0.933244,1.000000,110.558960
0.671138,0.828028,-0.270204,-0.615037,-0.615050,0.245802,0.366085,0.131267,1.199315,1.485981,1.508278,-1.000000,109.878967
-1.205028,0.387327,-1.962470,1.263834,1.263848,-1.048375,-0.859875,-0.876859,-0.189118,0.190984,0.237999,1.000000,111.267670
-1.476827,0.178237,-1.570191,1.411603,1.411601,-1.772196,-1.836702,-1.837198,-1.763377,-1.178972,-1.132217,1.000000,112.838326
0.356202,1.619876,-0.542793,0.076391,0.076389,-1.267070,-1.790351,-1.766969,-2.017654,-1.226713,-1.193327,0.000000,112.924522
1.207435,1.806805,-0.121612,-2.366212,-2.366213,1.070187,0.461258,0.501193,0.148124,1.052557,1.176715,-1.000000,110.252487
-0.531826,0.454623,-1.123696,1.268241,1.268236,0.121810,-0.611592,-0.777144,-1.062832,-0.300929,-0.083445,1.000000,111.650749
-0.345424,0.509496,-0.785841,-0.669068,-0.669066,0.730572,0.003456,-0.112836,-0.231042,0.256849,0.554902,-1.000000,110.903732
-0.275458,0.327111,-0.439007,0.319512,0.319523,0.125674,-0.125682,-0.253082,-0.300804,-0.269340,0.208122,0.000000,111.258095
-0.859550,0.266466,-1.289324,0.146336,0.146323,-0.290520,-0.112592,-0.406844,-0.403612,-0.614405,0.040112,0.000000,111.420891
0.419740,1.224944,-0.599621,0.343822,0.343827,-0.354634,-0.343497,-0.740104,-0.758752,-1.064229,-0.350560,0.000000,111.803986
2.129712,2.874671,-0.219106,-2.261436,-2.261442,1.516219,1.907107,1.537840,1.413680,1.173326,1.807759,-1.000000,109.275604
1.151355,1.789032,-0.983085,-1.042940,-1.042940,2.074218,2.691526,2.400145,2.351433,2.272930,2.698191,-1.000000,108.135925
-0.969777,0.121222,-1.290153,2.285000,2.285003,-0.323837,0.195692,0.200311,0.169717,0.164218,0.210928,1.000000,110.606834
-0.683582,0.085446,-1.956764,1.333450,1.333455,-1.517563,-1.197986,-0.973541,-1.124926,-1.096179,-1.253247,1.000000,112.081726
-1.909855,0.076398,-2.631355,0.666495,0.666486,-1.987942,-1.623795,-1.495055,-1.728197,-1.725664,-1.966988,1.000000,112.828735
-0.377514,0.075507,-1.082209,1.179865,1.179875,-2.275171,-2.551177,-2.393737,-2.673658,-2.795302,-3.008699,1.000000,114.159973
0.353891,0.438150,-0.598247,-0.436239,-0.436251,-0.874616,-1.881524,-1.825630,-2.152418,-2.274679,-2.395254,0.000000,113.661949
-0.376101,0.158791,-0.969498,0.817326,0.817324,-0.982863,-2.386122,-2.519564,-2.708308,-2.846962,-2.929056,1.000000,114.590935
-1.445564,0.140430,-1.577727,1.178434,1.178448,-1.470352,-3.133163,-3.481473,-3.570133,-3.827195,-3.902239,1.000000,115.941330
-0.049456,0.140112,-0.708811,0.223033,0.223029,-1.109375,-2.970416,-3.355041,-3.541995,-3.885273,-3.998885,0.000000,116.199913
-0.336345,0.451185,-0.738312,0.469793,0.469799,-1.128803,-2.784258,-3.516005,-3.698941,-4.089260,-4.311738,0.000000,116.745819
0.131565,0.559165,-0.386483,-0.237901,-0.237901,-0.411155,-1.837027,-2.967416,-3.246038,-3.690162,-3.926217,0.000000,116.468079
0.881354,1.338655,-0.590338,-1.101886,-1.101882,0.801528,-0.345895,-1.659053,-2.066191,-2.407589,-2.656252,-1.000000,115.184738
-0.976927,0.180610,-1.157537,1.280453,1.280445,-0.349720,-1.213365,-2.602961,-3.144241,-3.401034,-3.741071,1.000000,116.659615
-0.904351,0.065180,-0.904351,0.763484,0.763472,-0.875006,-1.560196,-3.015034,-3.567693,-3.895051,-4.303664,1.000000,117.550278
-0.398048,0.081234,-0.731114,0.293303,0.293310,-0.969939,-1.531271,-2.811261,-3.584886,-3.904138,-4.348492,0.000000,117.895065
0.032561,0.260480,-0.407000,-0.203087,-0.203083,-0.566546,-0.991452,-2.074074,-3.101750,-3.491411,-3.979648,0.000000,117.655640
-0.008112,0.583937,-0.446069,0.366304,0.366310,-0.437966,-1.056778,-2.009200,-3.166270,-3.665863,-4.077866,0.000000,118.086624
-0.369893,0.096496,-1.190096,0.859690,0.859687,-0.876492,-1.634771,-2.451488,-3.669189,-4.279514,-4.630913,1.000000,119.101799
0.321002,0.914854,-1.316106,0.201029,0.201026,-0.775218,-1.568894,-2.283391,-3.546666,-4.166921,-4.576946,0.000000,119.341225
-0.367970,0.519960,-0.791941,0.321002,0.321007,-0.787140,-1.635074,-2.286222,-3.418932,-4.203829,-4.608170,0.000000,119.724319
0.032137,0.498108,-0.522215,-0.431966,-0.431970,-0.096406,-0.978550,-1.552181,-2.535552,-3.509602,-3.972310,0.000000,119.207146
0.452267,0.621867,-1.292198,-0.522215,-0.522224,0.512042,-0.172016,-0.810845,-1.687522,-2.755929,-3.306674,-1.000000,118.584618
-0.169861,0.355903,-0.711799,-0.153451,-0.153438,0.548409,0.128607,-0.519832,-1.269516,-2.370624,-3.003858,0.000000,118.402664
-0.299258,0.897769,-0.299258,0.008090,0.008080,0.383376,0.193310,-0.403314,-1.041728,-2.155284,-2.781996,0.000000,118.412231
-0.136650,0.184869,-0.827913,0.622780,0.622795,-0.334390,-0.321528,-0.885256,-1.444831,-2.429399,-3.173926,1.000000,119.149696
-1.137992,0.302401,-1.472231,1.004742,1.004733,-1.136402,-1.089448,-1.656323,-2.147463,-2.994113,-3.875540,1.000000,120.346832
0.079762,0.390817,-0.606153,-0.222829,-0.222827,-0.666770,-0.702662,-1.164991,-1.700429,-2.461955,-3.416015,0.000000,120.078667
-0.206810,0.230672,-0.612475,0.271179,0.271174,-0.602924,-0.863026,-1.224942,-1.780938,-2.449250,-3.428516,0.000000,120.404289
-0.563586,0.103189,-0.920783,0.206810,0.206817,-0.436579,-0.958887,-1.257347,-1.799099,-2.391178,-3.383346,0.000000,120.653305
1.044179,1.301207,-0.634539,-1.174792,-1.174800,0.761451,0.177515,-0.008561,-0.527304,-1.060557,-1.956354,-1.000000,119.235870
-0.614725,0.119753,-0.973975,0.610443,0.610456,0.086213,-0.367245,-0.486995,-0.985159,-1.450751,-2.222586,1.000000,119.963753
0.577340,0.577340,-0.152355,-0.439089,-0.439103,0.420182,0.143541,0.027271,-0.370453,-0.853813,-1.544911,0.000000,119.436989
0.298847,0.936922,-0.605767,-0.721675,-0.721668,0.841613,0.886036,0.724768,0.434537,-0.044260,-0.646689,-1.000000,118.575050
2.583332,2.708333,-0.083332,-3.077294,-3.077294,3.046665,3.785834,3.666666,3.509166,3.085000,2.568610,-1.000000,114.926147
-0.653751,0.157235,-1.845411,0.699997,0.699992,1.724601,2.768957,2.715995,2.696135,2.333340,1.900868,1.000000,115.730621
-1.046124,0.126800,-2.440959,4.419070,4.419072,-2.434619,-1.539071,-1.540656,-1.518068,-1.852591,-2.213503,1.000000,120.844841
-0.079026,0.150152,-1.485694,0.285307,0.285315,-2.422956,-1.727524,-1.677473,-1.670229,-1.933625,-2.310211,0.000000,121.189629
-0.260131,0.599087,-0.717329,0.252884,0.252881,-2.188241,-1.885545,-1.755743,-1.819725,-2.021759,-2.404227,0.000000,121.496094
-2.188776,0.000000,-2.396138,2.640711,2.640710,-3.136476,-4.084945,-3.946962,-4.130640,-4.313038,-4.687817,1.000000,124.704453
-1.728297,0.105660,-1.728297,1.758692,1.758699,-3.050569,-5.138873,-5.200006,-5.504912,-5.683025,-6.068434,1.000000,126.897629
-1.250010,0.246996,-1.392216,0.830193,0.830171,-2.738012,-5.295649,-5.584321,-5.941233,-6.137714,-6.542655,1.000000,127.951096
-0.712954,0.438181,-0.816926,0.785919,0.785925,-2.291856,-5.295941,-5.861605,-6.272546,-6.532479,-6.915448,1.000000,128.956696
0.051947,0.541781,-0.155860,0.066848,0.066853,-1.187474,-4.548019,-5.478206,-5.922889,-6.286775,-6.657761,0.000000,129.042908
0.985952,1.075592,-0.649843,-0.638266,-0.638244,-0.004503,-2.898138,-4.477662,-4.936157,-5.407848,-5.780819,-1.000000,128.219299
-0.676924,0.148785,-0.870340,0.410807,0.855244,-0.478448,-2.671005,-4.768025,-5.349215,-5.913296,-6.285399,1.000000,129.315887
0.560496,0.627753,-0.179352,-0.461203,-0.461200,0.102061,-1.608276,-3.873302,-4.585434,-5.181758,-5.564674,0.000000,128.719482
1.978165,2.436418,-0.099282,-2.152309,-2.152313,1.826363,0.933887,-1.414153,-2.253596,-2.862197,-3.279337,-1.000000,125.949036
-2.215116,0.223001,-2.363780,2.749566,2.749571,-0.841447,-1.155407,-3.494032,-4.521254,-5.121307,-5.602007,1.000000,129.412094
0.052271,0.642127,-0.552521,-0.446002,-0.446001,-0.301651,-0.391983,-2.341966,-3.775988,-4.372653,-4.933476,0.000000,128.834915
-0.844283,0.537957,-1.068434,-0.067197,-0.067201,-0.322772,-0.181254,-1.602230,-3.341860,-4.010134,-4.635913,0.000000,128.748337
0.993187,2.183476,-0.295678,-1.449493,-1.449498,0.853682,1.202648,0.162234,-1.647565,-2.392271,-3.031652,-1.000000,126.882133
-0.437593,0.792216,-0.558315,0.485215,0.485212,0.609636,0.599545,0.008426,-1.806364,-2.630828,-3.266854,0.000000,127.497780
1.609929,1.609929,-0.099666,-1.584421,-1.584405,1.602256,1.934979,1.830018,0.049523,-0.901538,-1.521585,-1.000000,125.477699
-0.696916,0.090910,-0.984765,1.203613,1.203604,0.103023,0.625712,0.738844,-0.665436,-1.880570,-2.467673,1.000000,126.987953
1.013026,1.675689,-0.076160,-0.545415,-0.545416,0.263541,0.938385,1.259510,0.297576,-1.118890,-1.744203,-1.000000,126.295341
-0.549282,0.285933,-1.911206,1.226294,1.226294,-0.800600,-0.352895,0.027234,-0.643726,-2.070213,-2.739032,1.000000,127.844093
1.301859,1.667291,-0.266468,-1.166281,-1.166274,0.188798,0.854955,1.070219,0.733041,-0.695661,-1.425791,-1.000000,126.353081
0.337711,0.782873,-0.214904,-0.807014,-0.807012,0.980885,1.350060,1.695189,1.705665,0.327948,-0.492721,-1.000000,125.333397
-0.236081,0.228469,-0.860563,0.782873,0.782854,0.089873,0.363271,0.804720,0.979378,-0.090736,-1.116271,1.000000,126.314575
-0.386723,0.303301,-1.076735,0.434093,0.434113,-0.253273,-0.219154,0.240101,0.541540,-0.171577,-1.343281,0.000000,126.862923
-0.465777,0.172786,-0.924045,0.932663,0.932652,-1.143412,-1.050260,-0.721210,-0.383787,-0.869067,-2.044500,1.000000,128.046112
-0.075238,0.436420,-0.180579,-0.157770,-0.157771,-0.753944,-0.866811,-0.465508,-0.269888,-0.504215,-1.670509,0.000000,127.844093
-0.324083,0.165813,-0.595413,-0.165539,-0.165545,-0.229113,-0.533604,-0.393417,-0.159771,-0.146918,-1.270910,0.000000,127.632454
-0.246823,0.471208,-0.314135,0.768770,0.768789,-0.632768,-1.166053,-1.164807,-0.906144,-0.787141,-1.669392,1.000000,128.613678
0.172475,0.532427,-0.052499,-0.261773,-0.261792,-0.151481,-0.752153,-0.929883,-0.686538,-0.483716,-1.085273,0.000000,128.276978
0.627601,0.998115,-0.007558,-0.824901,-0.824896,0.548959,0.024199,-0.088216,0.080530,0.320994,-0.095534,-1.000000,127.218826
