0.531106,0.531106,-0.749241,-0.368516,-0.368529,0.731270,0.411510,-0.582030,-1.503823,-2.431445,-3.435791,0.000000,92.777954
0.161795,0.713810,-0.390212,-0.350912,-0.350928,0.795670,0.731999,0.039136,-0.967789,-1.818629,-2.770636,0.000000,92.452370
1.225992,1.293565,-0.144796,-1.408589,-1.408592,1.739564,1.953639,1.585696,0.534586,-0.201129,-1.137910,-1.000000,91.150093
-0.546134,0.134137,-1.274314,0.752975,0.752987,0.469484,1.097899,0.918152,-0.041386,-0.713789,-1.629985,1.000000,91.836441
-2.608050,0.093143,-2.738453,2.864806,2.864806,-2.043594,-1.512858,-1.614588,-2.494772,-3.189480,-4.054685,1.000000,94.467377
0.721856,0.909348,-0.234368,-0.642700,-0.642707,-1.179335,-0.804784,-0.890649,-1.591126,-2.347510,-3.160289,-1.000000,93.860229
0.000000,0.660631,-0.698375,-0.665603,-0.665598,-0.349191,-0.200075,-0.192460,-0.688151,-1.509522,-2.260948,-1.000000,93.235497
-0.130779,0.326949,-0.700607,1.028694,1.028717,-0.717442,-1.133138,-1.133600,-1.452658,-2.315381,-2.975241,1.000000,94.194626
-0.861350,0.296379,-1.250345,0.859410,0.859376,-0.896534,-1.888475,-1.814147,-2.059164,-2.878709,-3.502952,1.000000,95.004112
0.046428,0.705666,-0.454966,-0.250073,-0.250064,-0.584953,-1.468891,-1.410830,-1.590120,-2.359056,-3.010073,0.000000,94.766541
-0.018470,0.905147,-0.489516,0.529248,0.529263,-0.812789,-1.726250,-1.784726,-1.969666,-2.598891,-3.294317,0.000000,95.268105
-0.248044,0.376669,-0.486907,0.535699,0.535702,-0.810297,-1.902630,-2.169970,-2.334370,-2.822000,-3.572123,0.000000,95.778458
1.711402,2.020009,-0.028054,-1.763893,-1.763902,0.948280,0.171136,-0.365353,-0.529904,-0.883982,-1.680069,-1.000000,94.089020
1.161463,1.799314,-0.038082,-1.767511,-1.767518,2.206783,2.037322,1.301094,1.245184,0.979596,0.226459,-1.000000,92.425980
0.418810,1.018465,-0.057108,0.019038,0.019035,1.684762,1.798980,1.232953,1.221117,1.043170,0.359556,0.000000,92.443573
0.847536,1.049789,-0.308196,-1.170756,-1.170766,2.034107,2.731402,2.328818,2.319925,2.184701,1.644199,-1.000000,91.361275
0.800619,0.906726,-0.125395,-0.154102,-0.154081,1.192238,2.669043,2.396702,2.336737,2.274945,1.893396,0.000000,91.220505
-1.200716,0.132369,-1.333077,2.025657,2.025642,-1.036205,0.509606,0.501098,0.286481,0.241576,-0.003485,1.000000,93.068306
-1.127048,0.251487,-1.257451,1.503266,1.503273,-2.069677,-1.035768,-0.801665,-1.183402,-1.168078,-1.347052,1.000000,94.467377
-1.244697,0.368801,-1.244697,1.024588,1.024590,-2.435925,-1.969389,-1.740119,-2.064356,-2.048757,-2.176265,1.000000,95.435280
0.370166,0.731075,-0.157319,-0.368800,-0.368786,-1.291887,-1.625961,-1.290653,-1.580617,-1.606702,-1.728095,0.000000,95.083328
1.466163,1.466163,-0.432331,-1.536180,-1.536200,0.761281,-0.321426,0.276947,0.017390,-0.078944,-0.164125,-1.000000,93.622658
-0.848877,0.167910,-1.548504,0.751875,0.751883,0.276121,-1.040114,-0.462065,-0.560634,-0.785821,-0.866991,1.000000,94.326591
-0.993928,0.009197,-1.187190,1.361947,1.361945,-0.831954,-2.036633,-1.757167,-1.699341,-2.058903,-2.097409,1.000000,95.611267
-0.109916,0.201521,-0.412198,0.469348,0.469352,-1.165154,-2.117800,-2.126348,-2.075663,-2.394066,-2.432356,0.000000,96.060020
0.146028,0.675366,-0.383315,0.366403,0.366396,-1.250339,-1.951260,-2.404548,-2.300809,-2.599614,-2.677272,0.000000,96.411980
-1.703725,0.143475,-1.829263,1.779681,1.779691,-2.058825,-2.961803,-3.951462,-3.759866,-4.071381,-4.231830,1.000000,98.127815
-0.636606,0.053056,-0.954908,1.416787,1.416792,-2.383737,-3.669325,-4.929569,-4.836878,-5.075162,-5.365172,1.000000,99.518082
0.524308,0.924199,-0.666489,-0.503978,-0.503986,-1.201457,-2.721940,-4.004267,-4.152227,-4.304275,-4.722890,-1.000000,99.016525
-1.416458,0.000000,-1.670022,1.635123,1.635130,-1.881620,-3.770227,-5.005985,-5.402650,-5.598681,-6.006831,1.000000,100.635574
1.536416,1.696274,-0.026641,-1.547613,-1.547628,0.198945,-1.854343,-2.993479,-3.723349,-3.904077,-4.317341,-1.000000,99.078110
-0.955473,0.000000,-1.034362,1.314391,1.314393,-0.652170,-2.454415,-3.643640,-4.743161,-4.866056,-5.295405,1.000000,100.380386
-1.048617,0.000000,-1.143946,1.148314,1.148335,-1.383147,-2.852079,-4.181773,-5.458027,-5.657004,-6.029711,1.000000,101.533089
-0.493293,0.069229,-0.744267,0.138664,0.138651,-0.996973,-2.390311,-3.841919,-5.134147,-5.525233,-5.837306,0.000000,101.673866
0.129703,0.216169,-0.406400,0.086542,0.086541,-0.861221,-1.914399,-3.510595,-4.758327,-5.331954,-5.679785,0.000000,101.761856
0.237448,1.433178,-0.771706,1.962815,1.962809,-1.867360,-3.094463,-4.810600,-5.994313,-6.826997,-7.177460,1.000000,103.759247
-0.461722,1.057752,-0.747146,1.017643,1.017666,-2.009751,-3.432690,-5.057663,-6.292833,-7.420772,-7.744311,1.000000,104.815170
-1.589960,0.016734,-1.841002,0.319004,0.318977,-1.633462,-3.204174,-4.673352,-6.016309,-7.294386,-7.690370,0.000000,105.149506
-0.833333,0.041669,-0.991668,0.418410,0.418418,-1.301664,-2.984997,-4.440554,-5.881248,-7.182000,-7.740833,0.000000,105.589470
-0.975080,0.333362,-0.983415,-0.008335,-0.008331,-0.570047,-2.508542,-3.831430,-5.392949,-6.676558,-7.391728,0.000000,105.580673
0.358066,0.691150,-0.507947,0.083339,0.083347,-0.291452,-1.966030,-3.327509,-4.970861,-6.212681,-7.140763,0.000000,105.668671
0.266399,1.207124,-0.666003,0.024987,0.024967,-0.149845,-1.487669,-2.874339,-4.423486,-5.688305,-6.851199,0.000000,105.695053
-1.154126,0.057297,-1.162313,1.706623,1.706631,-1.388228,-2.585738,-4.009164,-5.414583,-6.733893,-7.998416,1.000000,107.498878
-0.525163,0.250469,-1.478545,1.309650,1.309644,-2.053803,-3.180892,-4.644628,-6.026896,-7.409219,-8.683304,1.000000,108.906731
-0.483286,0.386625,-0.741038,0.307025,0.307027,-1.683447,-2.792588,-4.411328,-5.711234,-7.187110,-8.450260,0.000000,109.241104
-0.177049,0.217284,-0.313857,0.088602,0.088613,-1.099318,-2.368428,-3.870386,-5.203612,-6.747794,-7.983268,0.000000,109.337906
-0.433596,0.128470,-0.674485,0.225333,0.225342,-0.611865,-2.152737,-3.526591,-4.894023,-6.374833,-7.631565,0.000000,109.584290
0.288833,0.288833,-0.665919,0.080294,0.080272,-0.295242,-1.818831,-3.109213,-4.507373,-5.890236,-7.200998,0.000000,109.672256
0.395102,0.548299,-0.338654,-0.497434,-0.497434,0.243519,-1.003862,-2.169534,-3.566754,-4.924358,-6.289300,0.000000,109.126709
0.682924,0.959350,-0.016258,-0.822446,-0.822445,0.887811,0.061793,-0.959887,-2.416255,-3.686173,-5.118152,-1.000000,108.229202
-0.636789,0.193459,-0.854424,0.861787,0.861783,-0.006441,-0.473150,-1.476157,-2.788157,-4.041905,-5.498942,1.000000,109.161903
0.307391,0.533891,-0.218415,-0.354663,-0.354667,0.200617,0.164220,-0.882805,-2.056292,-3.308840,-4.698259,0.000000,108.774742
0.507658,1.007127,-0.245636,-1.205311,-1.205317,1.012047,1.382969,0.470009,-0.585422,-1.833436,-3.128068,-1.000000,107.463661
-0.302778,0.474633,-0.409165,0.057316,0.057329,0.656298,1.196403,0.532465,-0.370289,-1.573152,-2.814232,0.000000,107.525269
0.008198,0.549584,-0.541386,-0.237310,-0.237300,0.716906,1.253372,0.876592,0.123442,-1.091634,-2.234717,0.000000,107.270111
-0.400299,1.274403,-0.400299,0.410139,0.410132,0.035938,0.688664,0.590906,-0.102118,-1.175069,-2.284401,0.000000,107.710060
-0.455541,0.813471,-0.862277,0.424799,0.424791,-0.499468,0.131785,0.317802,-0.369716,-1.305125,-2.388343,0.000000,108.167603
-0.315253,0.695175,-0.533503,0.634507,0.634515,-0.871393,-0.574736,-0.231727,-0.827743,-1.658394,-2.717915,1.000000,108.853943
-1.809523,0.238098,-1.912702,1.851104,1.851090,-2.069830,-2.224595,-1.926973,-2.392052,-3.113956,-4.129616,1.000000,110.868927
0.647015,1.230131,-0.071894,-0.642856,-0.642838,-0.912221,-1.417056,-1.237060,-1.552847,-2.182289,-3.221242,-1.000000,110.156219
1.063828,2.176385,-0.276105,-1.637513,-1.637515,0.855932,0.149419,0.346485,0.209921,-0.384279,-1.324780,-1.000000,108.352394
-0.032442,0.567719,-0.064884,0.129937,0.129940,0.785070,-0.006498,0.149219,0.208831,-0.377948,-1.203575,0.000000,108.493187
0.073569,0.580356,-0.253390,-0.778594,0.155551,0.593203,-0.051520,-0.068307,0.106716,-0.403373,-1.138329,0.000000,108.661949
0.130701,0.204215,-0.571800,0.065393,0.065374,0.134606,-0.005746,-0.157734,0.033325,-0.352799,-0.986512,0.000000,108.732986
-0.226481,0.590475,-0.428698,0.988400,0.988398,-0.908914,-0.753321,-1.039081,-0.919926,-1.174091,-1.711340,1.000000,109.807701
-0.740323,0.474776,-0.820791,0.517674,0.517671,-1.052538,-1.022901,-1.475395,-1.383162,-1.512453,-2.017704,0.000000,110.376144
-0.451101,0.177221,-0.861929,-0.104609,-0.104609,-0.628319,-0.729424,-1.282378,-1.249220,-1.243688,-1.750473,0.000000,110.260681
0.654650,0.929438,-0.961773,-0.330269,-0.330264,-0.074362,-0.305613,-0.807684,-0.911798,-0.829181,-1.280931,0.000000,109.896530
-0.080599,0.644800,-0.201499,0.274789,0.274778,-0.082207,-0.639639,-0.917774,-1.134694,-1.054046,-1.412030,0.000000,110.198502
-0.303828,0.583676,-0.583676,0.805997,0.805998,-0.650833,-1.350317,-1.480944,-1.796560,-1.778716,-2.035077,1.000000,111.086700
-1.311524,0.000000,-1.311524,1.199328,1.199339,-1.464808,-2.157702,-2.369268,-2.815529,-2.833132,-2.995930,1.000000,112.419006
-0.181763,0.671723,-0.268693,-0.023702,-0.023698,-1.062122,-1.787585,-2.095530,-2.631556,-2.710162,-2.774307,0.000000,112.392365
-0.220039,0.055010,-0.966604,0.561087,0.561090,-1.060913,-1.949716,-2.395886,-2.928894,-3.134413,-3.153867,1.000000,113.022987
-0.194613,0.552694,-0.435937,0.950890,0.950875,-1.309355,-2.403084,-3.126582,-3.555207,-3.872537,-3.914426,1.000000,114.097694
-0.902498,0.092561,-1.103048,0.918568,0.918575,-1.502620,-2.827832,-3.719454,-4.091075,-4.507231,-4.618077,1.000000,115.145767
-0.909509,0.038217,-1.826658,0.925638,0.925653,-1.753294,-3.216918,-4.151647,-4.604937,-5.140405,-5.295724,1.000000,116.211617
0.467828,0.927991,-0.145718,-0.343929,-0.343939,-0.823683,-2.403562,-3.399549,-3.945672,-4.569964,-4.789630,0.000000,115.811920
1.906252,2.054691,0.000000,-1.832962,-1.832975,1.145322,-0.247649,-1.301036,-1.939497,-2.569060,-2.894089,-1.000000,113.689117
0.391782,0.971633,-0.485820,-0.296873,-0.296870,1.314845,0.327538,-0.735516,-1.538006,-2.073353,-2.480710,0.000000,113.351608
-0.202905,0.842830,-0.202905,0.407457,0.407459,0.669584,0.159986,-0.903697,-1.776901,-2.240777,-2.712898,0.000000,113.813469
-0.132957,0.461439,-0.445800,-0.218509,-0.218518,0.423908,0.480224,-0.499495,-1.332307,-1.820472,-2.370611,0.000000,113.564766
-1.309212,0.077005,-1.417028,1.556394,1.556396,-1.198307,-0.804771,-1.731225,-2.547937,-3.076627,-3.677297,1.000000,115.332283
0.270807,0.471991,-0.905291,-0.469774,-0.469774,-0.540080,-0.182602,-0.983179,-1.821027,-2.412292,-3.009903,0.000000,114.790482
0.415523,0.807526,-0.235204,-1.307646,-1.307640,0.766754,1.068600,0.510649,-0.319092,-1.033826,-1.555218,-1.000000,113.289436
0.211762,0.627453,-0.047057,-0.039203,-0.039200,0.705879,0.940391,0.677125,-0.128236,-0.885914,-1.340742,0.000000,113.245026
1.622960,1.654941,-0.783502,-1.898038,-1.898041,2.209785,2.432842,2.545573,1.836426,1.130478,0.669661,-1.000000,111.095589
1.693399,1.701535,-0.594321,-1.798849,-1.798851,2.939023,3.693724,4.222642,3.648542,3.005133,2.542132,-1.000000,109.097145
0.530614,0.742860,-0.800002,-0.268666,-0.268665,2.115921,3.524084,4.244902,3.877555,3.287841,2.816840,0.000000,108.804039
-1.124960,1.133054,-1.400126,0.865304,0.865302,0.594049,2.307387,3.086228,2.965775,2.438662,1.900675,1.000000,109.745522
0.955412,1.216722,-0.057162,-0.890255,-0.890246,0.674502,2.762531,3.621316,3.784092,3.320593,2.773462,-1.000000,108.768517
0.483491,0.909612,-0.229451,-0.351135,-0.351138,0.529377,2.646890,3.505149,3.963782,3.611245,3.136663,0.000000,108.386589
-3.133881,0.015785,-3.133881,3.810539,3.810544,-2.552895,-1.371177,-0.489428,0.153138,-0.111781,-0.529948,1.000000,112.516708
0.031704,0.324962,-0.332883,-0.402591,-0.402582,-1.577247,-1.215831,-0.183891,0.515167,0.369332,-0.026695,0.000000,112.063736
-1.301964,0.101958,-1.701959,1.054135,1.054123,-1.985880,-2.250197,-1.231375,-0.570981,-0.570040,-0.936733,1.000000,113.245026
1.247021,1.374102,-0.142971,-1.254900,-1.254894,-0.193809,-1.135036,-0.094794,0.544074,0.719929,0.382305,-1.000000,111.823921
-0.938524,0.101671,-1.431254,1.556790,1.556773,-0.811814,-2.433122,-1.626250,-1.113711,-0.783660,-1.062873,1.000000,113.564766
-1.383736,0.069570,-1.754797,1.173158,1.173161,-1.547613,-3.059674,-2.792203,-2.300166,-1.846933,-2.075598,1.000000,114.897064
0.550820,0.550820,-0.193949,-0.355602,-0.355596,-0.772690,-2.217219,-2.462888,-1.916599,-1.445458,-1.592445,0.000000,114.488495
2.873097,3.000794,-0.167603,-2.792856,-2.792879,1.727070,0.731065,0.219758,0.808877,1.285255,1.267645,-1.000000,111.290970
-0.353715,0.099954,-2.122262,3.790902,3.790924,-1.350258,-2.364477,-3.310011,-2.799695,-2.401540,-2.303474,1.000000,115.509926
-1.500224,0.037887,-1.500224,1.484039,1.484031,-2.168506,-3.038329,-4.375401,-4.065000,-3.794201,-3.595482,1.000000,117.224129
-0.452414,0.279000,-0.927459,0.484921,0.484913,-2.148987,-3.058346,-4.344727,-4.423523,-4.191205,-3.907888,0.000000,117.792564
-1.186564,0.141793,-1.567169,1.040571,1.040584,-2.395529,-3.472390,-4.757711,-5.230223,-4.998805,-4.729600,1.000000,119.018295
0.397808,0.863176,-0.210162,-0.574630,-0.574617,-0.641009,-2.484437,-3.723394,-4.469347,-4.281326,-4.059653,-1.000000,118.334396
-0.194531,0.172075,-0.591059,0.322756,0.322746,-0.420478,-2.217575,-3.474492,-4.546241,-4.424066,-4.268047,0.000000,118.716316
0.299128,0.927315,-0.299128,0.044888,0.044890,-0.204911,-1.823220,-2.934993,-4.266008,-4.291659,-4.239211,0.000000,118.769608
0.502474,1.079948,-0.134987,-0.284180,-0.284178,0.187492,-1.244943,-2.325387,-3.599073,-3.914207,-3.892558,0.000000,118.432091
-0.750658,1.701964,-0.832412,0.907460,0.907452,-0.631731,-1.713120,-2.788555,-4.018209,-4.620438,-4.594574,1.000000,119.506805
-0.545164,0.191539,-0.611464,0.884431,0.884436,-1.133051,-1.805664,-3.236095,-4.411012,-5.215270,-5.231576,1.000000,120.563766
-0.103343,0.656972,-0.310030,-0.198913,-0.198911,-0.668784,-1.209867,-2.572286,-3.740316,-4.791028,-4.862336,0.000000,120.323952
-0.979028,0.043836,-0.979028,1.033435,1.033428,-1.224512,-1.863075,-3.129973,-4.182795,-5.420320,-5.616028,1.000000,121.567413
0.506609,1.431716,-0.080764,-0.489514,-0.489510,-0.318647,-1.117471,-2.318650,-3.361967,-4.562407,-4.996328,0.000000,120.972328
-1.404680,0.028957,-1.520531,1.402352,1.402345,-1.181662,-2.187380,-3.224962,-4.266160,-5.430159,-6.096102,1.000000,122.668777
0.561432,0.561432,-0.619753,-0.695103,-0.695086,-0.284367,-1.216921,-1.971571,-3.244266,-4.371862,-5.205499,-1.000000,121.816124
-0.058298,0.007294,-0.604825,0.058332,0.058309,-0.085977,-1.014342,-1.679892,-2.887841,-3.997072,-5.024398,0.000000,121.887154
-0.524553,0.087433,-1.253098,0.021860,0.021876,-0.051001,-0.778087,-1.444948,-2.566664,-3.574240,-4.749382,0.000000,121.913818
-0.397706,0.079544,-0.932817,0.750399,0.750387,-0.493159,-1.159148,-1.905645,-2.969475,-3.956602,-5.086161,1.000000,122.828644
0.349215,0.429244,-0.771188,-0.607416,-0.607415,0.018918,-0.344120,-1.138831,-2.065473,-3.041391,-4.143561,-1.000000,122.082565
-0.166856,0.725426,-0.166856,0.291021,0.291059,-0.169785,-0.480268,-1.202307,-1.894486,-3.022451,-4.076204,0.000000,122.437897
-0.618839,0.273444,-0.899475,0.812474,0.812416,-0.723874,-1.030416,-1.743758,-2.364156,-3.427768,-4.453216,1.000000,123.432602
1.202707,1.202707,-0.145781,-1.280851,-1.280819,0.553967,0.276978,-0.300323,-0.907510,-1.902773,-2.845211,-1.000000,121.851654
-0.749977,0.245184,-1.016805,1.078793,1.078795,-0.464415,-0.615137,-1.108154,-1.746960,-2.681194,-3.593911,1.000000,123.166183
-1.284780,0.042587,-1.497729,1.593717,1.593705,-1.538894,-1.977571,-2.359929,-3.044080,-3.867691,-4.758188,1.000000,125.129089
-0.423244,0.261012,-0.677195,0.624638,0.624654,-1.598486,-2.260873,-2.682948,-3.345099,-4.000010,-5.014118,1.000000,125.910713
-1.090450,0.251643,-1.223263,0.917045,0.917031,-1.920866,-2.741504,-3.213568,-3.894867,-4.508596,-5.477421,1.000000,127.065353
-1.285262,0.340413,-1.285262,0.615129,1.559295,-2.311624,-3.682032,-4.313198,-4.972229,-5.608270,-6.528773,1.000000,129.046677
1.552903,1.835255,-0.303517,-1.577049,-1.577070,-0.140814,-1.809359,-2.462980,-3.111819,-3.805458,-4.713110,-1.000000,127.011520
1.539019,2.004297,-0.193274,-1.390556,-1.390508,1.285892,-0.172226,-0.950444,-1.516489,-2.250127,-3.083166,-1.000000,125.245415
0.389129,0.670169,-0.771065,-0.665707,-0.665728,1.723711,0.655455,-0.147543,-0.701820,-1.399626,-2.082100,-1.000000,124.411621
1.717691,1.798427,-0.616602,-1.830373,-1.830387,2.812902,2.425898,1.727717,1.223726,0.550738,-0.075609,-1.000000,122.134407
-0.292704,0.658564,-0.475640,0.315649,0.315647,1.423978,2.158155,1.440607,0.944094,0.356791,-0.245945,0.000000,122.519920
-0.209862,0.224327,-0.701933,1.119565,1.119589,-0.202628,1.085622,0.374664,-0.055735,-0.578085,-1.186318,1.000000,123.891640
-0.309503,0.259123,-0.460664,0.535488,0.535491,-0.845038,0.501115,-0.027633,-0.512356,-0.945523,-1.564463,0.000000,124.555069
-0.430688,0.394805,-0.653222,0.273523,0.273526,-1.037986,0.145704,-0.169142,-0.660451,-1.076985,-1.657860,0.000000,124.895760
1.484063,1.484063,-0.160048,-1.327967,-1.327987,0.472869,1.182889,1.163869,0.731294,0.348937,-0.212032,-1.000000,123.237160
-0.550801,0.507318,-0.550801,0.378284,0.378297,0.285551,0.369614,0.882404,0.423999,0.039818,-0.455158,0.000000,123.703362
-0.280515,0.122274,-0.596995,0.760982,0.760975,-0.350998,-0.578289,0.199592,-0.261582,-0.597860,-1.040807,1.000000,124.644714
-0.656907,0.257052,-0.728314,0.733657,0.733671,-0.916825,-1.277414,-0.507352,-0.849558,-1.229751,-1.600875,1.000000,125.559196
-0.276890,0.099396,-0.702879,0.571227,0.571225,-1.260925,-1.690463,-1.053144,-1.260724,-1.649460,-2.008965,1.000000,126.276421
-1.948099,0.180901,-2.595141,2.044721,2.044739,-2.366951,-3.138541,-2.943040,-3.028694,-3.403774,-3.751706,1.000000,128.858444
0.531502,0.531502,-0.783279,-0.514848,-0.514857,-1.160927,-2.194570,-2.485040,-2.279436,-2.707879,-3.081269,-1.000000,128.195007
-0.568621,0.499262,-0.908406,0.853208,0.853192,-1.278682,-2.604533,-3.192567,-2.869348,-3.331079,-3.686762,1.000000,129.288757
-0.075831,0.648009,-0.220594,0.589412,0.589433,-1.166418,-2.752664,-3.513503,-3.249289,-3.652457,-4.061927,1.000000,130.050827
-0.663748,0.095799,-0.780073,0.744520,0.744490,-1.172828,-3.003953,-3.890321,-3.769320,-4.102473,-4.536762,1.000000,131.019043
-1.679656,0.248596,-1.787156,1.847541,1.847547,-2.278946,-3.998913,-5.068968,-5.276129,-5.542112,-5.979913,1.000000,133.439682
0.762837,1.255654,-0.411801,-0.477016,-0.477010,-1.116591,-2.853574,-4.097753,-4.680691,-4.759522,-5.255958,0.000000,132.803162
0.721185,1.217858,-0.659954,-0.776351,-0.776341,0.034012,-1.552594,-2.948705,-3.754259,-3.753108,-4.288429,-1.000000,131.772156
-0.908116,0.134533,-0.908116,1.143018,1.143030,-0.612157,-2.085985,-3.609149,-4.540584,-4.596227,-5.090067,1.000000,133.278351
0.670908,1.177508,-0.157466,-1.742229,-1.742269,1.140566,0.007550,-1.591457,-2.598055,-2.750449,-3.190335,-1.000000,130.956284
-0.380796,0.183601,-0.394398,0.677751,0.677763,0.217610,-0.439265,-1.818747,-2.885547,-3.260159,-3.629401,1.000000,131.843857
0.697296,1.237351,-0.123047,-0.530395,-0.530385,0.499043,0.316515,-0.916961,-2.038898,-2.680342,-2.879340,-1.000000,131.144577
0.262431,0.464304,-0.746922,1.592837,1.592844,-0.857285,-0.960239,-2.040693,-3.224218,-4.019388,-4.150194,1.000000,133.233505
-0.074075,0.404044,-0.531982,-0.074020,-0.074041,-0.805380,-0.655208,-1.588761,-2.830289,-3.711234,-3.878730,0.000000,133.134857
0.181540,1.143009,-0.127750,0.154879,0.154875,-0.601075,-0.634689,-1.387729,-2.663867,-3.592263,-3.841620,0.000000,133.341049
-0.307790,0.160592,-1.271324,0.484099,0.484137,-0.760139,-1.072617,-1.607689,-2.731699,-3.702928,-4.132728,0.000000,133.986603
1.842035,2.272733,-0.271669,0.983607,0.983595,-1.111854,-1.851318,-2.215750,-3.250402,-4.262926,-4.912323,1.000000,135.304489
-0.191516,0.336808,-1.472722,0.331301,0.331273,-1.067215,-1.882163,-2.221175,-3.160723,-4.229539,-5.011648,0.000000,135.752716
-1.355050,0.547229,-1.563514,1.373664,1.373702,-1.756369,-2.896436,-3.179605,-4.034868,-5.147637,-5.999148,1.000000,137.617554
-0.319242,0.019545,-0.566819,-0.006511,-0.006520,-1.129721,-2.406684,-2.854052,-3.616858,-4.771917,-5.673346,0.000000,137.608582
-0.058517,0.110517,-0.526597,0.214999,0.214984,-0.773628,-2.176568,-2.846615,-3.495642,-4.550771,-5.494516,0.000000,137.904419
-0.064897,1.583379,-0.201177,0.182030,0.182038,-0.541210,-1.846857,-2.764876,-3.310518,-4.305779,-5.288994,0.000000,138.155457
-1.053300,0.255352,-1.525694,1.654762,1.654753,-1.492484,-2.931366,-3.936153,-4.487382,-5.413586,-6.437908,1.000000,140.441589
4.398961,5.276090,-0.126256,-3.932326,-3.932331,2.139685,1.174172,0.077087,-0.397362,-1.264394,-2.352086,-1.000000,134.918961
2.416085,2.416085,-0.730916,-1.814081,-1.814082,3.251229,2.977819,2.002361,1.497714,0.746904,-0.357320,-1.000000,132.471420
0.748191,1.407966,-1.292347,-0.500806,-0.500803,2.845871,3.330845,2.513949,1.946680,1.343497,0.360956,-1.000000,131.807999
-0.856490,0.364181,-0.998109,0.857023,0.857045,1.186926,2.274737,1.732745,1.085434,0.625022,-0.260329,1.000000,132.937653
-0.142523,0.604003,-0.576862,-0.627187,-0.627189,0.563270,2.644033,2.317822,1.735989,1.345354,0.557391,-1.000000,132.103882
-0.047093,1.096454,-0.665953,0.889038,0.889050,-0.569102,1.413943,1.423360,0.839476,0.549149,-0.135678,1.000000,133.278351
-2.544561,0.715659,-3.293355,1.513521,1.513464,-1.634053,-0.269004,0.007543,-0.503580,-0.823506,-1.402349,1.000000,135.295471
1.895213,2.883440,-0.216601,-2.100589,-2.100550,0.573978,1.459311,2.076161,1.654249,1.274663,0.803656,-1.000000,132.453522
-0.263193,0.533141,-2.355238,0.297812,0.297783,0.261870,0.758562,1.649823,1.416548,0.975329,0.621120,0.000000,132.847946
-1.762081,1.050603,-1.968220,1.491433,1.491445,-0.807230,-1.138365,0.110392,-0.014618,-0.417835,-0.720559,1.000000,134.829300
-1.324640,0.593116,-1.476213,0.897670,0.897674,-1.283783,-1.935546,-0.857604,-0.797413,-1.222614,-1.457094,1.000000,136.039627
-2.082132,0.367429,-2.623610,2.234085,2.234089,-2.896931,-3.603431,-2.953654,-2.758976,-3.147554,-3.417349,1.000000,139.078873
0.500068,0.928697,-0.305235,-0.741320,-0.741321,-1.361218,-2.431479,-2.221929,-1.885628,-2.244440,-2.584744,-1.000000,138.047852
-1.897684,0.482362,-2.145218,2.324979,2.324987,-2.411785,-4.059410,-4.297203,-3.904230,-4.179235,-4.598673,1.000000,141.257446
-0.132136,0.333501,-0.597783,0.863163,0.863154,-2.173416,-4.152401,-5.020970,-4.490617,-4.739737,-5.164646,1.000000,142.476715
-1.339173,0.600746,-2.040056,0.553741,0.553754,-1.703389,-3.983119,-5.155621,-4.819471,-4.981486,-5.454536,1.000000,143.265686
-1.896983,0.214873,-2.197803,1.933665,1.933655,-2.615260,-5.069066,-6.335562,-6.336484,-6.436242,-6.903839,1.000000,146.035950
-0.719114,0.768285,-0.719114,-0.116644,-0.116638,-1.429626,-4.038728,-5.583694,-5.954214,-6.001231,-6.474700,0.000000,145.865616
-0.030733,1.266531,-0.393482,-0.030733,-0.030723,-0.773448,-3.119592,-4.965683,-5.662476,-5.683870,-6.110471,0.000000,145.820801
-0.773120,0.986178,-0.821821,0.996010,0.996001,-1.100629,-3.230054,-5.216217,-6.360877,-6.301096,-6.718620,1.000000,147.273178
0.407715,0.675470,-0.584195,0.036524,0.036543,-0.585424,-2.499260,-4.615129,-5.973978,-6.071708,-6.431593,0.000000,147.326996
-0.312991,1.366321,-0.806546,1.101440,1.101404,-1.277217,-2.898745,-5.043124,-6.445154,-6.790406,-7.101628,1.000000,148.949661
1.815293,2.334816,-0.311714,-1.522811,-1.522788,0.360611,-0.808637,-2.928112,-4.491483,-5.109722,-5.376616,-1.000000,146.681473
1.535784,2.225954,-0.012438,-1.699162,-1.699183,1.869068,1.109258,-0.725808,-2.450404,-3.302112,-3.535608,-1.000000,144.189087
-0.644207,0.142465,-1.195495,0.379282,1.216298,0.462618,0.131746,-1.411101,-3.148517,-4.313334,-4.462061,1.000000,145.942856
-0.708570,0.622301,-0.708570,0.532706,0.532719,-0.152428,-0.163391,-1.448212,-3.203648,-4.498637,-4.761507,0.000000,146.720322
-1.669212,0.403549,-1.852644,0.770179,0.770197,-1.064277,-0.803733,-1.805941,-3.518892,-4.812496,-5.258521,1.000000,147.850357
-0.815024,0.319970,-0.815024,1.277894,1.277896,-1.904144,-1.796641,-2.524384,-4.159055,-5.534534,-6.190478,1.000000,149.739731
-0.353681,0.365655,-0.791276,0.712393,0.712397,-1.720434,-2.160689,-2.791754,-4.241577,-5.728790,-6.574417,1.000000,150.806473
0.006000,0.383601,-0.263727,0.011982,0.011949,-1.084849,-1.936919,-2.434384,-3.722760,-5.243566,-6.356109,0.000000,150.824493
0.558320,0.780445,-0.360213,-0.161825,-0.161810,-0.411836,-1.561925,-1.952410,-3.083895,-4.630381,-5.857647,0.000000,150.580444
0.126907,0.737250,-0.223589,-0.654386,-0.654399,0.477416,-0.870362,-1.147951,-2.094012,-3.619818,-4.855967,-1.000000,149.595047
0.958481,1.159947,-0.048841,-1.015224,-1.015212,1.283270,0.240535,-0.034570,-0.751238,-2.209299,-3.513932,-1.000000,148.076340
-0.238008,0.085438,-1.135116,0.036629,0.036612,0.884910,0.469929,0.032795,-0.555567,-1.832410,-3.207364,0.000000,148.130554
1.044032,1.400233,-0.313207,-0.628585,-0.628571,1.030519,1.190815,0.662211,0.233885,-0.875307,-2.253265,-1.000000,147.199448
0.073879,1.342204,-0.166238,-0.251799,-0.251792,0.774527,1.453637,0.893690,0.608239,-0.331164,-1.698901,0.000000,146.828812
-0.383985,0.353500,-0.603404,1.015890,1.015882,-0.410803,0.465045,-0.149246,-0.326532,-1.084267,-2.394760,1.000000,148.320419
0.530559,0.676912,-0.079272,-0.054861,-0.054864,-0.334182,0.418961,-0.024386,-0.191763,-0.754974,-1.986224,0.000000,148.239044
2.156620,2.287140,-0.553138,-1.878279,-1.878282,1.205727,1.973283,1.947391,1.706218,1.260235,0.178896,-1.000000,145.454697
0.744077,1.588200,-0.350152,-0.602860,-0.602863,1.456897,2.159706,2.502777,2.229871,1.932528,1.011258,-1.000000,144.577805
2.287170,2.522237,0.000000,-1.581942,-1.581934,2.449808,3.219188,3.942828,3.696101,3.543543,2.781313,-1.000000,142.290680
0.214930,0.745934,-0.745943,0.501911,0.501911,1.194759,2.242870,3.197843,2.970385,2.941659,2.359530,0.000000,143.004852
-1.133466,0.348756,-1.239338,1.504523,1.504541,-0.729921,0.526229,1.457704,1.391586,1.396274,1.005556,1.000000,145.156418
0.751689,1.534701,-0.012531,-0.579192,-0.579199,-0.309452,0.847525,1.748926,1.986651,1.945264,1.664624,-1.000000,144.315674
0.258049,0.673459,-0.541290,-0.476067,-0.476090,0.035260,1.081330,1.901656,2.393959,2.331437,2.177688,0.000000,143.628601
-0.629123,0.517006,-0.809760,1.044806,1.044817,-0.607938,-0.080971,0.597573,1.280376,1.212743,1.163960,1.000000,145.129257
-0.606472,0.189903,-1.004655,1.681831,1.681830,-1.633175,-1.784490,-1.157804,-0.404310,-0.498723,-0.474651,1.000000,147.570084
-0.116061,0.256550,-0.720792,0.287921,0.287928,-1.531985,-2.082959,-1.445246,-0.749197,-0.748891,-0.712430,0.000000,147.994980
-0.425013,0.042506,-1.226475,0.604722,0.604722,-1.509414,-2.440802,-2.003644,-1.410141,-1.219186,-1.240523,1.000000,148.889938
0.763359,0.842751,-0.030536,-0.576805,-0.576809,-0.343205,-1.641524,-1.397658,-0.932518,-0.589676,-0.650498,-1.000000,148.031128
3.345653,3.345653,-0.119042,-2.528244,-2.528241,2.125180,1.048180,1.042539,1.419082,1.921434,1.856255,-1.000000,144.288544
1.039686,1.819447,-0.164834,-1.171603,-1.171615,2.638527,2.217582,1.972873,2.376069,2.982385,2.915292,-1.000000,142.598038
0.587305,0.734126,-1.212891,-0.691017,-0.691000,2.451320,2.678579,2.370461,2.860194,3.469387,3.512073,-1.000000,141.612686
-0.503685,0.705153,-1.202546,1.391643,1.391637,0.305985,1.218280,0.878505,1.290056,1.848010,2.077272,1.000000,143.583420
2.348330,2.715049,-0.077202,-2.140659,-2.140664,1.429589,3.210456,2.892200,3.267717,3.782289,4.181314,-1.000000,140.509781
0.747623,1.020668,-0.182040,-1.035827,-1.035810,1.738379,3.853838,3.813965,4.069023,4.536972,5.087964,-1.000000,139.054367
-0.526253,0.859965,-0.981911,1.300221,1.300221,0.186101,2.044652,2.380081,2.468535,2.947229,3.573765,1.000000,140.862381
-1.169068,0.127071,-2.020454,1.007568,1.007555,-0.719227,0.625201,1.224136,1.237055,1.757418,2.365886,1.000000,142.281647
-0.627195,0.018815,-1.611896,1.302499,1.302494,-1.919210,-0.998490,-0.085714,-0.110383,0.338187,0.895428,1.000000,144.134857
-1.248050,0.149769,-1.248050,0.508027,0.508034,-1.813413,-1.717317,-0.533751,-0.605306,-0.233388,0.248359,0.000000,144.867111
1.083658,1.083658,-0.699736,0.773794,0.773804,-1.617446,-2.355575,-1.258295,-1.241885,-1.022493,-0.626266,1.000000,145.988098
5.099235,5.118390,-0.312723,-2.972322,-2.972320,1.507425,0.568629,1.487851,1.735580,1.821160,2.230929,-1.000000,141.648865
-3.191751,0.277810,-3.802932,3.376089,3.376060,-1.240875,-2.386694,-1.897747,-1.543383,-1.553508,-1.145187,1.000000,146.431015
1.126882,1.226498,-0.635032,-0.839610,-0.839597,-0.257745,-1.448754,-1.236453,-0.679238,-0.726928,-0.375416,-1.000000,145.201584
-0.540068,0.248314,-1.489847,0.292617,0.292615,-0.444466,-1.384931,-1.634690,-0.900422,-0.987764,-0.702086,0.000000,145.626465
-0.024783,0.557730,-0.972914,0.173815,0.173830,-0.632097,-1.088188,-1.732671,-1.046670,-1.061171,-0.896086,0.000000,145.879608
-0.425953,0.333350,-0.666708,0.384216,0.384211,-0.358058,-1.085877,-1.933871,-1.463987,-1.346017,-1.318198,0.000000,146.440094
-1.291577,0.146220,-1.699764,1.327239,1.327224,-1.400016,-1.970260,-2.914168,-2.741553,-2.551228,-2.607522,1.000000,148.383682
0.534231,1.221977,-0.325452,-0.785910,-0.785883,-0.345121,-0.984361,-1.980574,-2.027960,-1.700482,-1.796153,-1.000000,147.217560
-0.549112,0.128131,-0.732152,0.644758,0.644742,-0.640628,-1.395970,-2.263978,-2.651004,-2.207686,-2.344517,1.000000,148.166733
-0.981102,0.151405,-1.411096,0.744357,0.744347,-0.920531,-1.904665,-2.529866,-3.203417,-2.819273,-2.910196,1.000000,149.269608
0.715639,1.107100,-0.183499,-0.987155,-0.987157,0.250785,-0.510730,-1.245329,-2.062504,-1.844265,-1.834152,-1.000000,147.796082
-0.121801,0.164436,-0.992686,0.434272,0.434277,-0.175390,-0.805719,-1.395852,-2.256083,-2.256754,-2.184931,0.000000,148.437927
-0.127749,0.583981,-0.456232,0.115714,0.115717,-0.103416,-0.691038,-1.309080,-2.199949,-2.377272,-2.201674,0.000000,148.609695
-0.623562,0.012110,-1.089713,0.480561,0.480559,-0.426201,-0.918386,-1.582106,-2.372556,-2.809534,-2.542271,0.000000,149.323853
-0.850706,0.149772,-0.970522,1.053399,1.053403,-1.248506,-1.618740,-2.391167,-2.997843,-3.647496,-3.430785,1.000000,150.896835
-0.429492,0.202814,-0.781435,0.431345,0.431340,-1.177523,-1.704246,-2.374929,-3.061915,-3.825097,-3.758049,0.000000,151.547714
1.651948,1.657997,-0.248087,-1.419711,-1.419698,0.373948,-0.220872,-0.836669,-1.427757,-2.231641,-2.340763,-1.000000,149.396194
0.782692,1.149569,-0.470826,-1.040785,-1.040800,1.325676,0.870741,0.325311,-0.265675,-1.088165,-1.337279,-1.000000,147.841278
0.980873,1.351010,-0.055528,-0.880511,-0.880511,1.845774,1.655765,1.258072,0.677360,-0.044909,-0.494755,-1.000000,146.539520
-0.092427,0.579176,-0.369689,0.123379,0.123381,1.150954,1.356745,1.171493,0.578250,0.040913,-0.562127,0.000000,146.720322
1.195739,1.201964,-0.423496,-1.065925,-1.065908,1.360139,2.266905,2.202550,1.782692,1.237074,0.567959,-1.000000,145.156418
-0.450920,0.117365,-0.642407,0.822066,0.822057,0.117362,1.290379,1.276583,0.950024,0.522820,-0.144134,1.000000,146.349686
0.154493,0.346062,-0.346071,-0.043234,-0.043248,-0.051901,1.175386,1.277967,1.030780,0.625145,-0.039338,0.000000,146.286392
0.018445,0.368917,-0.454996,0.506731,0.506737,-0.489418,0.509105,0.715694,0.569053,0.176591,-0.395551,0.000000,147.027679
0.110468,0.171831,-0.576865,0.190604,0.190606,-0.598951,0.074260,0.435310,0.426208,0.021850,-0.398278,0.000000,147.307922
0.820473,1.542258,-0.141895,-0.521627,-0.521630,0.111042,0.257250,0.904791,0.956200,0.679827,0.253137,-1.000000,146.539520
-1.244253,0.147107,-1.575233,0.647741,1.480391,-1.032084,-1.251517,-0.555056,-0.505610,-0.727615,-1.065284,1.000000,148.708878
-0.562174,0.189437,-0.831042,0.306466,0.306440,-0.948526,-1.464483,-0.834064,-0.744305,-0.924624,-1.255135,0.000000,149.164581
-0.140147,0.182806,-0.901832,0.281092,0.281086,-0.884393,-1.537155,-1.100436,-0.975148,-1.096506,-1.426807,0.000000,149.583862
0.134238,0.359996,-0.427114,-0.134058,-0.134039,-0.473494,-1.226731,-1.035238,-0.838431,-0.869940,-1.218742,0.000000,149.383362
-0.626063,0.121564,-0.929977,0.384407,0.384382,-0.398723,-1.284777,-1.484878,-1.146061,-1.155694,-1.412295,0.000000,149.957565
-1.082188,0.108214,-1.082188,1.100169,1.100206,-1.100244,-2.012230,-2.459718,-2.117293,-2.146296,-2.371348,1.000000,151.607407
-0.382843,0.035890,-0.490514,0.505018,0.504985,-1.176036,-2.105113,-2.751533,-2.485612,-2.502622,-2.704998,0.000000,152.373001
-1.112562,0.470010,-1.415995,0.544358,0.544367,-1.238693,-2.232087,-2.988114,-2.886989,-2.899012,-3.066935,0.000000,153.202469
0.388436,0.436244,-0.633439,-0.440270,-0.440257,-0.389633,-1.457517,-2.305284,-2.404082,-2.384178,-2.493001,0.000000,152.527985
1.209509,1.464780,-0.303896,-1.679214,-1.679220,1.312830,0.454018,-0.422919,-0.789954,-0.659102,-0.749293,-1.000000,149.966705
1.020662,1.303490,-0.282837,-1.148727,-1.148733,2.036401,1.590017,0.819437,0.324087,0.490087,0.400940,-1.000000,148.243988
-0.658367,0.335286,-0.841252,0.860793,0.860785,0.783968,0.746782,0.103185,-0.475979,-0.343180,-0.404589,1.000000,149.520050
-0.775099,0.296722,-0.974930,0.670572,0.670582,-0.243431,0.138065,-0.408823,-1.006612,-0.975151,-1.015837,1.000000,150.522705
0.462734,0.852407,-0.420118,-0.544988,-0.544976,-0.074297,0.708094,0.243531,-0.364566,-0.464448,-0.463805,-1.000000,149.702393
0.207590,0.262536,-1.062330,-0.273997,-0.274002,0.109893,0.940227,0.641876,0.047700,-0.251401,-0.156920,0.000000,149.292206
-0.115714,0.864798,-0.548108,0.250323,0.250327,0.049932,0.558456,0.433202,-0.091333,-0.493266,-0.378880,0.000000,149.665924
-0.997578,0.181380,-0.997578,0.730814,0.730804,-0.511480,-0.278110,-0.224906,-0.667814,-1.137758,-1.054096,1.000000,150.759689
0.805128,1.134493,-0.384257,-0.876661,-0.876643,0.223230,0.351922,0.650996,0.291324,-0.185839,-0.176475,-1.000000,149.438065
0.473819,1.224543,-0.030760,-0.878318,-0.878321,0.898401,0.943933,1.486257,1.207607,0.736564,0.645701,-1.000000,148.125519
0.123113,0.283168,-0.621727,-0.036920,-0.036940,0.770711,0.853195,1.438811,1.296715,0.852520,0.604622,0.000000,148.070801
0.468988,0.468988,-0.950329,-0.246226,-0.246230,0.754098,1.065730,1.513121,1.512812,1.138197,0.814813,0.000000,147.706207
-0.258143,0.141362,-0.516285,0.401107,0.401113,0.019675,0.579602,0.924407,1.078063,0.788416,0.422328,0.000000,148.298676
1.262987,1.306543,-0.230197,-1.210818,-1.210816,0.844896,1.537989,1.856534,2.211788,2.009412,1.652331,-1.000000,146.503052
-0.373510,0.703439,-1.276147,-0.055993,-0.055982,0.668564,1.370760,1.635533,2.167883,2.042323,1.702457,0.000000,146.421036
1.125933,1.195125,-0.490627,-1.033368,-1.033353,1.283161,2.126664,2.464021,3.060427,3.062754,2.758661,-1.000000,144.907990
-0.062533,0.300195,-0.494054,0.578688,0.578686,0.431509,1.270155,1.760251,2.266399,2.388475,2.153639,1.000000,145.746552
0.600124,0.890716,-0.372708,-1.000620,-1.000634,0.890715,1.845227,2.547058,3.019892,3.288179,3.139992,-1.000000,144.288162
0.782390,0.782390,-0.159023,-0.688563,-0.688563,1.142423,2.122631,2.921775,3.388452,3.828754,3.768261,-1.000000,143.294647
0.120308,0.506555,-0.316596,0.457977,0.457983,0.338130,1.367057,2.186197,2.619193,3.204451,3.217452,0.000000,143.950912
-1.232771,0.543684,-1.232771,0.158298,0.158290,0.078401,0.936912,1.788263,2.256293,2.881024,2.999748,0.000000,144.178772
-1.359861,0.193373,-1.484627,1.346570,1.346559,-1.200163,-0.512743,0.274064,0.824975,1.363867,1.572171,1.000000,146.120224
-0.636548,0.105060,-0.809590,0.935687,0.935712,-1.682230,-1.490028,-0.803423,-0.178617,0.291686,0.592655,1.000000,147.487488
-0.547288,0.534996,-0.707166,0.500585,0.500582,-1.506585,-1.864471,-1.352034,-0.753296,-0.342156,0.061074,0.000000,148.225784
0.947075,1.182299,-0.247607,-0.657971,-0.657990,-0.406060,-1.158144,-0.738258,-0.179194,0.174565,0.675544,-1.000000,147.250473
-0.136367,1.159112,-0.477285,-0.136181,-0.136173,0.120250,-0.877702,-0.649186,-0.119320,0.231822,0.746915,0.000000,147.049957
-0.412332,0.030764,-0.880058,0.719025,0.719026,-0.326174,-1.425936,-1.340392,-0.884980,-0.487418,-0.051085,1.000000,148.107285
-0.601298,0.423366,-1.098291,0.301551,0.301554,-0.482268,-1.435145,-1.625555,-1.257209,-0.812615,-0.437274,0.000000,148.553909
-2.007503,0.184666,-2.073030,3.000368,3.000381,-2.755715,-3.671305,-4.207630,-4.016811,-3.636874,-3.341687,1.000000,153.011093
-0.202267,0.660322,-0.523501,0.137017,0.137020,-2.109473,-3.198115,-4.042848,-3.981876,-3.676879,-3.458876,0.000000,153.220749
-0.847210,0.088247,-1.264926,1.112430,1.112396,-2.169776,-3.569438,-4.667474,-4.817012,-4.591149,-4.414296,1.000000,154.925171
-0.417544,0.382268,-0.499877,0.041179,0.041179,-1.322023,-3.036913,-4.309164,-4.621247,-4.493043,-4.308577,0.000000,154.988968
-0.005879,0.335298,-0.999998,-0.023520,-0.023520,-0.472929,-2.532340,-3.827830,-4.384103,-4.362339,-4.169203,0.000000,154.952515
0.690957,0.785450,-0.053149,-0.394116,-0.394103,0.093303,-1.750431,-2.970139,-3.751845,-3.856849,-3.707554,0.000000,154.341843
0.035264,0.693388,-0.787400,0.501973,0.501970,-0.162184,-1.734040,-2.974883,-3.952277,-4.156769,-4.072152,0.000000,155.116592
1.263701,1.359528,0.000000,-1.886233,-1.886221,1.397840,0.492893,-0.758629,-1.866511,-2.205914,-2.164470,-1.000000,152.190750
-0.239345,0.987320,-0.556482,0.089833,0.089804,0.957412,0.679771,-0.576011,-1.738549,-2.172309,-2.194010,0.000000,152.327423
-0.433772,0.172327,-0.748704,0.700095,0.700115,0.052290,0.295324,-1.010555,-2.124901,-2.719587,-2.816761,1.000000,153.393890
0.515186,1.335896,-0.221647,-0.808129,-0.808131,0.579884,1.056133,-0.031946,-1.036358,-1.778463,-1.965489,-1.000000,152.154266
1.858325,1.858325,-0.208523,-2.324322,-2.324335,2.098749,3.151186,2.408270,1.475633,0.617984,0.378424,-1.000000,148.617691
0.816203,1.024853,-0.263880,-0.061335,-0.061336,1.668002,2.783686,2.537399,1.684275,0.777188,0.450258,0.000000,148.526535
-1.622438,0.235223,-1.628466,1.749006,1.749023,-0.238851,0.761150,0.907916,0.101927,-0.812789,-1.201047,1.000000,151.124298
0.427329,0.469455,-0.090276,0.211092,0.211075,-0.706580,0.317197,0.822566,0.021685,-0.832722,-1.339934,0.000000,151.443283
0.223184,0.826393,-0.313671,-0.222687,-0.222680,-0.623719,0.326942,0.963530,0.340217,-0.404625,-1.018207,0.000000,151.106049
-1.738720,0.183333,-1.738720,1.996620,1.996630,-1.854640,-1.701465,-0.973845,-1.401030,-2.090247,-2.789242,1.000000,154.123077
-0.094398,0.418883,-0.377581,0.242477,0.242461,-1.319167,-1.789965,-1.231850,-1.398513,-2.059928,-2.817488,0.000000,154.496765
0.443367,0.792147,-0.721212,-0.200588,-0.200581,-0.723579,-1.471981,-1.068023,-1.003190,-1.653815,-2.439697,0.000000,154.186874
-0.769594,0.338154,-0.862880,1.395129,1.395151,-1.463404,-2.639363,-2.370200,-2.116389,-2.780567,-3.525163,1.000000,156.338013
-0.063906,0.156852,-0.488010,0.355644,0.355639,-1.074779,-2.682290,-2.607733,-2.339524,-2.904096,-3.578120,0.000000,156.894012
-1.802524,0.091269,-1.813926,1.847437,1.847454,-2.159620,-3.748241,-4.179288,-3.905394,-4.351401,-4.996695,1.000000,159.792557
-0.102803,0.222729,-0.525421,-0.119783,-0.119823,-1.402609,-2.938882,-3.754799,-3.643625,-3.922092,-4.560621,0.000000,159.601089
-0.251206,0.559527,-0.451038,0.028548,0.028557,-0.746774,-2.432765,-3.476633,-3.525258,-3.660398,-4.305444,0.000000,159.646667
-0.441851,0.305902,-0.623127,0.787899,0.787911,-0.955080,-2.607494,-3.920022,-4.094496,-4.106505,-4.775587,1.000000,160.904541
0.203839,0.226484,-0.322750,0.045319,0.045311,-0.492608,-2.038387,-3.598136,-3.931828,-3.951985,-4.554668,0.000000,160.977448
0.266259,0.379559,-0.294586,-0.050958,-0.050968,-0.304777,-1.567518,-3.040253,-3.703257,-3.712208,-4.223309,0.000000,160.895401
0.327393,0.545662,-0.206778,-1.370948,-0.622167,0.356061,-0.613697,-1.959252,-2.859482,-2.985075,-3.355919,-1.000000,159.894363
0.436779,0.626434,-0.143678,-0.057442,-0.057439,0.433243,-0.205166,-1.540867,-2.569768,-2.808831,-3.056424,0.000000,159.802521
0.770999,0.868812,-0.420021,-0.114941,-0.114955,0.387730,0.115226,-1.086092,-2.262645,-2.580040,-2.713785,0.000000,159.618820
0.829972,1.233429,-0.167143,-0.172614,-0.172607,0.356197,0.442042,-0.570431,-1.868068,-2.286044,-2.413107,0.000000,159.343307
0.549013,0.837964,-0.161811,-0.265134,-0.265132,0.374484,0.654201,-0.104846,-1.283038,-1.930532,-2.034127,0.000000,158.920837
-0.807655,0.040092,-1.265899,0.889973,0.889973,-0.455954,-0.187907,-0.743285,-1.785593,-2.592440,-2.785833,1.000000,160.335190
-0.143045,0.457746,-0.234596,0.108834,0.108844,-0.476067,-0.242659,-0.588588,-1.600015,-2.494439,-2.776879,0.000000,160.509705
0.377274,0.805993,-0.057166,0.097270,0.097260,-0.442437,-0.354448,-0.505604,-1.408616,-2.408136,-2.752813,0.000000,160.665817
0.211931,0.252021,-0.498307,-0.200072,-0.200087,-0.117975,-0.194154,-0.162674,-0.922875,-2.008164,-2.433060,0.000000,160.344345
0.103334,0.327214,-0.355910,-0.223380,-0.223375,0.238815,-0.027545,0.068905,-0.517828,-1.504548,-2.113174,0.000000,159.986176
-0.149054,0.321053,-0.412765,0.132030,0.132047,0.089429,-0.140463,-0.038241,-0.471092,-1.343024,-2.075659,0.000000,160.197433
-0.671986,0.102502,-0.956724,0.670764,0.670760,-0.482926,-0.714701,-0.637090,-0.914581,-1.748675,-2.543245,1.000000,161.271973
-1.162592,0.423274,-1.224673,0.905465,0.905459,-1.121962,-1.414301,-1.453832,-1.607243,-2.352832,-3.226475,1.000000,162.732224
-0.570472,0.475386,-0.755037,0.908630,0.908632,-1.541389,-2.005595,-2.209920,-2.270433,-2.912877,-3.853134,1.000000,164.210861
-0.111384,0.083530,-0.707247,0.430651,0.430675,-1.365504,-2.062173,-2.466659,-2.534129,-3.067387,-3.935975,0.000000,164.918076
-0.138320,0.265573,-0.287708,0.651555,0.651531,-1.305738,-2.355317,-2.853087,-2.972516,-3.417825,-4.207071,1.000000,165.992569
0.407842,0.988876,-0.128504,-0.968242,-0.968241,0.037994,-1.164871,-1.717417,-1.879737,-2.225374,-3.001595,-1.000000,164.385361
1.241921,1.497108,-0.238175,-1.480535,-1.480522,1.444934,0.399788,-0.144426,-0.372888,-0.617396,-1.327646,-1.000000,161.951599
-1.182802,0.061663,-1.182802,1.162529,1.162521,0.233202,-0.540949,-1.109182,-1.430576,-1.590016,-2.202584,1.000000,163.834320
0.371959,0.732644,-0.665017,-0.532539,-0.532539,0.529756,0.174143,-0.414415,-0.839443,-0.985346,-1.498192,-1.000000,162.961838
-2.224920,0.379999,-2.224920,2.333183,2.333184,-1.669789,-1.716049,-2.427951,-2.894322,-3.071058,-3.498819,1.000000,166.764038
0.242612,0.788483,-0.689237,-0.121159,-0.121163,-1.289145,-1.279220,-2.067343,-2.573611,-2.787402,-3.134096,0.000000,166.561981
-0.098475,0.716707,-0.355615,0.782972,0.782993,-1.351365,-1.740357,-2.542236,-3.084874,-3.376771,-3.657741,1.000000,167.866150
1.832590,1.832590,-0.455336,-2.675347,-2.675362,1.304179,0.909553,0.260460,-0.297378,-0.661986,-0.877150,-1.000000,163.375122
0.742840,1.105754,-0.317558,-0.865700,-0.865708,2.065218,1.608170,1.217281,0.667141,0.231813,0.033083,-1.000000,161.960770
-0.375686,0.560727,-0.796231,1.128432,1.128444,0.562970,0.339800,0.234009,-0.350738,-0.791526,-0.997920,1.000000,163.788406
1.526112,1.571331,-0.141307,-0.796231,-0.796243,0.868199,1.028158,1.088260,0.509842,0.070772,-0.145084,-1.000000,162.484253
1.953526,2.046003,-0.011562,-2.204383,-2.204390,2.013649,3.113525,3.206194,2.719928,2.308414,2.063727,-1.000000,158.902466
-1.746528,0.113409,-2.563087,1.924634,1.924642,-0.087328,1.050754,1.164733,0.830170,0.441169,0.156696,1.000000,161.960770
1.014038,1.151530,-0.572902,-1.020699,-1.020712,0.736762,1.927257,2.016249,1.879994,1.511560,1.177328,-1.000000,160.307617
0.120360,1.324009,-0.441339,-0.045833,-0.045803,0.339296,1.566445,1.823415,1.927827,1.555555,1.230761,0.000000,160.234192
0.630493,2.065012,-0.057847,-0.911329,-0.911370,0.794789,2.010089,2.524320,2.786642,2.445884,2.140237,-1.000000,158.773865
-1.453636,0.931236,-1.686447,1.868346,1.868365,-0.702969,-0.239619,0.635216,0.870771,0.593500,0.310608,1.000000,161.740341
-0.673558,0.473772,-2.814092,-0.522400,-0.522405,-0.313942,0.130151,1.041927,1.297461,1.135465,0.869544,-1.000000,160.895401
-0.852796,1.150409,-1.299224,-0.268281,-0.268274,-0.026329,0.306204,1.209940,1.431152,1.419420,1.172930,0.000000,160.463760
0.340440,0.936220,-0.215617,0.869966,0.869976,-0.687714,-0.678065,0.135035,0.428670,0.585786,0.331738,1.000000,161.859756
0.227878,0.478548,-0.911529,-0.402863,-0.402879,0.015958,-0.355488,0.318664,0.736353,0.991069,0.752020,0.000000,161.207657
-1.425182,0.718385,-3.667228,-1.663532,-1.663508,1.302342,1.306396,1.622910,2.332412,2.593348,2.411395,-1.000000,158.525955
-2.846426,1.039714,-3.011186,1.969755,1.969737,-0.561325,-0.669845,-0.411336,0.288059,0.548159,0.460020,1.000000,161.648499
-1.981514,0.531359,-1.981514,2.647579,2.647596,-2.467491,-2.893133,-2.820626,-2.209288,-2.020933,-2.011781,1.000000,165.928299
0.187501,0.237133,-1.053330,0.365309,0.365311,-2.261082,-2.868269,-3.064412,-2.572121,-2.364543,-2.241599,0.000000,166.534454
-0.715846,0.054648,-1.256832,0.920972,0.920964,-2.336611,-3.201645,-3.727512,-3.416400,-3.167874,-2.998912,1.000000,168.068176
-0.781459,0.000000,-1.546758,1.393444,1.393434,-2.284014,-4.023171,-4.600376,-4.669091,-4.300078,-4.181798,1.000000,170.410095
-0.214555,0.187741,-0.815314,0.474260,0.474257,-1.627406,-3.873292,-4.690224,-4.890031,-4.579296,-4.497655,0.000000,171.218277
-1.759198,0.174337,-2.356168,1.534088,1.534093,-2.202963,-4.555966,-5.611140,-5.985258,-5.770612,-5.769449,1.000000,173.844925
0.435529,0.708396,-0.477516,0.676219,0.676207,-1.890114,-4.445077,-5.681896,-6.295843,-6.214822,-6.230423,1.000000,175.020477
0.288337,0.618607,-1.111400,0.094450,0.094454,-1.170117,-3.737344,-5.146346,-6.021751,-6.106415,-6.113404,0.000000,175.185791
0.026208,1.126898,-0.262068,0.020966,0.021000,-0.641567,-2.804674,-4.653304,-5.575786,-5.958195,-5.880657,0.000000,175.222580
1.296583,1.375639,-0.764242,-0.555583,-0.555612,0.261428,-1.538495,-3.609685,-4.695617,-5.183151,-5.155567,-1.000000,174.249023
0.063195,0.310720,-0.421320,0.079064,0.079075,0.244357,-1.131249,-3.153579,-4.367242,-4.973046,-5.012122,0.000000,174.386810
1.735166,1.751281,-0.666124,-1.964404,-1.964420,1.778149,1.108794,-0.858077,-2.137245,-2.901092,-3.026939,-1.000000,170.961121
-0.283437,0.144387,-0.657795,0.451255,0.451272,0.918760,0.867949,-0.894887,-2.199593,-3.121890,-3.362222,0.000000,171.732620
-0.064127,0.705433,-0.203073,0.069517,0.069518,0.456387,0.881781,-0.446777,-1.973338,-2.887779,-3.352044,0.000000,171.852005
0.032107,0.508381,-0.278262,-0.133604,-0.133630,0.284708,1.040314,0.073868,-1.529654,-2.532652,-3.062540,0.000000,171.622360
-0.420284,0.574561,-0.553284,0.588648,0.588658,-0.505398,0.378789,-0.252872,-1.753465,-2.817466,-3.423769,1.000000,172.632629
0.744908,0.750265,-0.369776,-0.728837,-0.728827,0.273305,0.902995,0.667731,-0.754562,-1.843952,-2.567175,-1.000000,171.374435
0.636088,0.900220,-0.080855,-0.584143,-0.584150,0.702929,1.213418,1.349437,0.097575,-0.994874,-1.840328,-1.000000,170.373352
-0.686106,0.364498,-1.104201,0.566009,0.566007,0.076115,0.417028,0.815113,-0.091922,-1.328039,-2.150867,1.000000,171.337677
0.037638,0.408599,-0.317202,-0.300170,-0.300184,0.283884,0.518832,1.103242,0.477437,-0.798477,-1.683317,0.000000,170.823349
0.048500,0.226341,-0.630523,-0.236560,-0.236541,0.261906,0.524355,1.208951,0.847434,-0.329597,-1.252426,0.000000,170.419281
0.015971,0.186243,-0.399085,1.277212,1.277206,-0.860957,-0.648640,-0.161046,-0.248756,-1.337724,-2.258990,1.000000,172.595886
-0.285991,0.233020,-0.434280,0.473588,0.473600,-0.977665,-1.020033,-0.699795,-0.564836,-1.521247,-2.438312,0.000000,173.413300
0.079509,0.726133,-0.063600,-0.079446,-0.079439,-0.675266,-0.859187,-0.695761,-0.403098,-1.102466,-2.138844,0.000000,173.275543
-0.872320,0.211477,-1.067930,0.254410,1.057849,-1.225541,-1.697883,-1.702530,-1.334573,-1.830234,-2.892672,1.000000,175.108536
-1.012739,0.532472,-1.336395,1.274123,1.274112,-1.687744,-2.669182,-2.828190,-2.477335,-2.807902,-3.797158,1.000000,177.339615
-0.088965,0.408163,-0.565150,-0.240129,-0.240128,-0.962966,-2.121792,-2.369977,-2.189083,-2.339279,-3.281951,0.000000,176.913773
0.294565,0.767980,-0.415546,-0.518056,-0.518069,-0.153580,-1.292531,-1.700011,-1.656663,-1.650486,-2.498165,-1.000000,175.997238
0.274148,0.521934,-0.015816,-0.226189,-0.226180,0.337415,-0.826085,-1.334910,-1.423003,-1.309332,-1.953041,0.000000,175.599167
0.131766,0.274076,-0.664099,0.026362,0.026364,0.372107,-0.577688,-1.208217,-1.409233,-1.234523,-1.713254,0.000000,175.645462
-0.421335,0.163269,-0.737343,0.073789,0.073798,0.120074,-0.346309,-1.161885,-1.442447,-1.263433,-1.599004,0.000000,175.775085
0.079007,0.400313,-0.568871,-0.010528,-0.010538,-0.001057,-0.155973,-0.985249,-1.295637,-1.236274,-1.413730,0.000000,175.756561
-1.211834,0.068201,-1.306259,0.405578,0.405578,-0.351482,-0.386103,-1.154912,-1.560134,-1.606125,-1.653268,0.000000,176.469391
0.979190,1.484750,-0.186263,-1.421672,-1.421665,0.897232,1.089876,0.371117,-0.079860,-0.216138,-0.166910,-1.000000,173.960587
-0.258919,0.607659,-0.639370,0.713105,0.713115,0.132090,0.379378,-0.172995,-0.685228,-0.900936,-0.798018,1.000000,175.201126
1.134035,1.544443,-0.216003,-2.150598,-2.150604,1.826331,2.241059,2.060505,1.462603,1.208220,1.335422,-1.000000,171.433243
0.749139,1.655712,-0.624292,-0.523807,-0.523799,1.750164,2.405388,2.517357,1.972257,1.731150,1.781342,-1.000000,170.535278
-0.749770,1.639783,-0.755162,0.640569,0.640558,0.538330,1.499001,1.795493,1.359765,1.081205,1.064417,1.000000,171.627655
0.129627,0.421280,-1.479876,-0.129460,-0.129456,0.370515,1.385903,1.854710,1.493129,1.201810,1.121190,0.000000,171.405472
-2.134208,0.041746,-2.922149,3.505269,3.505261,-2.779163,-1.947918,-1.508034,-1.758256,-2.094871,-2.243874,1.000000,177.413681
-0.674101,0.720767,-0.954115,0.631396,0.631393,-2.593721,-2.408604,-2.081409,-2.147400,-2.576944,-2.779799,1.000000,178.533859
-1.552559,0.259613,-1.552559,1.866731,1.866732,-3.132600,-3.861027,-3.694235,-3.685695,-4.131478,-4.361502,1.000000,181.866608
1.394491,1.506869,-0.010218,-0.346140,-0.346134,-1.735716,-3.264036,-3.166986,-3.135316,-3.558723,-3.854507,0.000000,181.237106
-0.234176,0.753455,-0.325816,0.337125,0.337132,-0.917381,-3.155325,-3.263254,-3.225074,-3.651573,-3.994323,0.000000,181.848114
-0.066038,0.492787,-0.132084,0.208727,0.208700,-0.595391,-2.971430,-3.223919,-3.231287,-3.601903,-4.000277,0.000000,182.227631
0.659371,0.659371,-0.475359,-0.609631,-0.609623,0.299535,-1.841639,-2.433713,-2.533472,-2.774379,-3.255307,-1.000000,181.116730
-0.097215,0.501464,-0.220024,-0.107343,-0.107341,0.302927,-1.162046,-2.138523,-2.317957,-2.485815,-2.975438,0.000000,180.922318
1.215141,1.765589,-0.025966,-1.463432,-1.463432,1.460244,0.678713,-0.617609,-0.803343,-0.928492,-1.386725,-1.000000,178.274643
-0.625933,0.605244,-1.174282,0.384271,0.384263,0.749060,0.715441,-0.811808,-1.089169,-1.180681,-1.622240,0.000000,178.959686
1.907127,2.752394,-0.364513,-2.079564,-2.079542,2.090960,2.730193,1.296065,0.999783,0.920908,0.550991,-1.000000,175.238144
0.647559,1.374740,-0.849252,-0.470178,-0.470194,1.804676,2.979306,1.888544,1.437908,1.330583,1.102358,0.000000,174.414185
-0.791278,0.099566,-0.843683,1.289813,1.289814,0.026202,1.373475,0.822375,0.171886,0.034590,-0.108314,1.000000,176.663803
-2.167791,0.896838,-2.167791,2.253316,2.253313,-1.915646,-0.893250,-1.066636,-1.919996,-2.066924,-2.176150,1.000000,180.644592
0.035890,1.051176,-0.102552,-0.056373,-0.056366,-1.684959,-0.909657,-0.673439,-1.682392,-1.902165,-1.986806,0.000000,180.542770
0.534784,0.905021,-0.390803,-0.282024,-0.282014,-0.874182,-0.751285,-0.295516,-1.270129,-1.527237,-1.618426,0.000000,180.033615
0.921015,2.104449,-0.859281,-0.061704,-0.061710,-0.200673,-0.756375,-0.182496,-0.973250,-1.374227,-1.509825,0.000000,179.922516
0.476116,0.522698,-0.828024,-0.576285,-0.576293,0.626205,-0.294980,0.284985,-0.165858,-0.732591,-0.902199,-1.000000,178.885635
0.930503,1.226803,-0.270307,-0.445066,-0.445065,0.789112,0.140359,0.615484,0.461875,-0.252423,-0.420017,0.000000,178.089478
-1.453445,0.030814,-1.453445,1.216412,1.216414,-0.454009,-0.991220,-0.652599,-0.499977,-1.311490,-1.530653,1.000000,180.255783
0.449556,0.633464,-1.399747,0.534124,0.534129,-0.852111,-1.187233,-1.217544,-0.923632,-1.702991,-1.951301,0.000000,181.218582
-0.255754,0.639386,-0.710997,-0.127714,-0.127708,-0.607682,-0.697707,-1.096003,-0.729166,-1.366147,-1.729932,0.000000,180.987152
-0.550253,0.237267,-1.418546,1.324806,1.324801,-1.416528,-1.629563,-2.299631,-1.985717,-2.375489,-2.876135,1.000000,183.384872
0.278567,0.729337,-0.248179,-0.328131,-0.328124,-0.578410,-1.188724,-1.813558,-1.620758,-1.809979,-2.441258,0.000000,182.783142
0.291295,0.633690,-1.354249,-0.891415,-0.891419,0.414966,-0.266250,-0.849688,-0.755063,-0.711573,-1.431420,-1.000000,181.153778
1.285750,1.542903,-0.120701,-2.621622,-2.621619,2.572549,2.213059,1.863718,1.751760,1.938587,1.244982,-1.000000,176.404617
1.368558,2.932630,-0.132100,-0.682237,-0.682233,2.616639,2.645697,2.593384,2.281889,2.562734,2.012141,-1.000000,175.201126
-1.683119,0.015584,-2.805192,1.717305,1.717282,0.303391,0.874818,0.919146,0.478971,0.749100,0.433429,1.000000,178.209824
0.743223,1.374960,-0.047776,-2.145457,-2.145437,1.539520,2.874127,2.892529,2.570465,2.800862,2.688141,-1.000000,174.386444
-0.485923,0.227113,-1.753556,0.509639,0.509626,0.353885,2.068352,2.170465,1.945284,2.129616,2.241062,0.000000,175.275162
-0.843747,0.156252,-1.255210,1.410235,1.410241,-0.890626,0.453647,0.663888,0.598175,0.608538,0.825517,1.000000,177.746964
-0.488872,0.650094,-0.863326,0.145833,0.145826,-0.719780,0.139908,0.445537,0.552585,0.392141,0.668820,0.000000,178.006165
-0.504996,0.211276,-1.277953,0.925733,0.925748,-1.469655,-0.986299,-0.447291,-0.286517,-0.556950,-0.295623,1.000000,179.654053
-0.486587,0.875841,-1.198530,0.608063,0.608053,-1.361403,-1.697398,-0.950966,-0.886346,-1.103260,-0.907263,1.000000,180.746445
0.689049,1.020620,-0.165790,-1.137063,-1.137057,0.155420,-0.704594,0.129862,0.201787,0.028177,0.173549,-1.000000,178.691254
-0.291303,0.158429,-0.914802,1.372912,1.372914,-0.825883,-1.787707,-1.228943,-1.124602,-1.196101,-1.203053,1.000000,181.144531
-0.580714,0.443174,-0.667311,0.327081,0.327070,-0.738619,-1.748249,-1.523433,-1.397019,-1.357031,-1.513757,0.000000,181.737000
-0.389907,0.379785,-0.551953,0.595995,0.595996,-0.980346,-2.078178,-2.127465,-1.873600,-1.806759,-2.062651,1.000000,182.820145
0.172631,0.731151,-0.385882,-0.268381,-0.268368,-0.540245,-1.379037,-1.880686,-1.493278,-1.505566,-1.724980,0.000000,182.329514
-0.526400,0.369487,-0.911071,0.314806,0.314800,-0.391765,-1.271453,-2.124821,-1.730024,-1.763026,-1.961506,0.000000,182.903488
-0.503601,0.005033,-0.815838,0.506150,0.506142,-0.601298,-1.437778,-2.348456,-2.153897,-2.175151,-2.299440,0.000000,183.829239
-1.561652,0.014872,-1.854150,1.581306,1.581316,-1.613212,-2.504591,-3.456785,-3.523133,-3.552037,-3.600391,1.000000,186.736160
-1.534391,0.004900,-1.818720,1.130335,1.130321,-2.074603,-3.107498,-4.160327,-4.456829,-4.419033,-4.462794,1.000000,188.846878
-0.773382,0.034052,-1.162507,0.784348,0.784364,-1.996209,-3.358144,-4.347816,-5.002193,-4.905690,-5.036728,1.000000,190.328125
-0.537218,0.150033,-0.871159,0.500997,0.500988,-1.608747,-3.181682,-4.266766,-5.211011,-5.149158,-5.322972,0.000000,191.281647
1.069024,1.073903,-0.175730,-0.851802,-0.851791,-0.149379,-1.901308,-3.025816,-4.047408,-4.156409,-4.340535,-1.000000,189.652328
0.953657,1.246706,-0.397359,-1.723127,-0.998249,0.966395,-0.591428,-1.701717,-2.745486,-3.045734,-3.236862,-1.000000,187.759125
0.474880,0.944763,-0.024995,-0.635772,-0.635759,1.367832,0.245363,-0.825810,-1.899294,-2.357203,-2.480532,-1.000000,186.565430
-1.462911,0.054182,-1.462911,1.484629,1.484630,-0.219971,-0.851120,-1.974221,-2.939649,-3.647207,-3.709168,1.000000,189.335236
1.260443,1.260443,-0.250088,-1.522023,-1.522041,0.804299,0.871686,-0.181630,-1.139757,-2.044317,-2.110131,-1.000000,186.453476
0.366887,0.557874,-0.095493,-0.480164,-0.480154,0.849374,1.451539,0.458538,-0.452305,-1.374390,-1.559885,0.000000,185.558212
0.135605,0.467098,-0.175794,0.065339,0.065350,0.559508,1.328375,0.534483,-0.310689,-1.213070,-1.539936,0.000000,185.679474
0.364262,0.495798,-0.480622,-0.723256,-0.723258,1.050282,1.821899,1.321745,0.542583,-0.360434,-0.805420,-1.000000,184.336533
-1.161513,0.375488,-1.266646,1.052313,1.052300,-0.330426,0.544068,0.407891,-0.355977,-1.142706,-1.775866,1.000000,186.276306
0.420084,0.708571,-0.136656,-1.081407,-1.081398,0.521308,1.262272,1.554719,0.884513,0.133109,-0.645832,-1.000000,184.261917
0.370161,0.608487,-0.152124,-0.187263,-0.187267,0.531415,1.140407,1.748431,1.149160,0.455166,-0.323273,0.000000,183.916855
-0.623808,0.085521,-0.623808,0.796102,0.796105,-0.294798,0.213301,0.896070,0.448551,-0.179118,-0.927492,1.000000,185.381027
0.436305,0.963926,-0.766067,-0.840124,-0.840134,0.494147,0.913204,1.568736,1.326897,0.757345,0.013697,-1.000000,183.823578
-1.924694,0.094009,-1.984066,2.536655,2.536652,-1.757451,-1.628313,-1.009106,-1.016499,-1.571031,-2.211183,1.000000,188.486542
0.403647,0.662781,-0.318931,-0.712485,-0.712463,-0.744517,-0.885543,-0.446182,-0.192932,-0.684068,-1.298078,-1.000000,187.143646
-0.903259,0.439289,-2.092796,0.961782,0.961764,-1.157945,-1.650539,-1.419543,-1.008357,-1.465047,-2.040785,1.000000,188.943527
0.153320,0.578663,-0.568776,-0.202371,-0.202365,-0.620212,-1.298285,-1.191290,-0.759234,-1.120479,-1.655560,0.000000,188.561172
-0.353340,0.132497,-1.030577,0.781444,0.781458,-0.737119,-1.763768,-1.835744,-1.497492,-1.735332,-2.236038,1.000000,190.034698
0.202052,0.822983,0.000000,-0.417140,-0.417155,-0.241468,-1.195542,-1.427818,-1.113561,-1.177591,-1.676861,0.000000,189.241959
-0.472212,0.526312,-1.155930,0.187268,0.187266,-0.169204,-1.098866,-1.501554,-1.342840,-1.221103,-1.668918,0.000000,189.596344
2.170632,2.502259,-0.010051,-2.105263,-2.105246,1.617918,1.118970,0.618351,0.669768,0.941424,0.525817,-1.000000,185.604874
-1.490821,0.279217,-2.143998,0.773789,0.773787,0.675106,0.431284,-0.105712,-0.122416,0.172870,-0.151541,1.000000,187.041061
-0.825791,0.316471,-0.984024,0.832668,0.832654,-0.308552,-0.144877,-0.779964,-0.893284,-0.659604,-0.873940,1.000000,188.598465
-0.678412,0.634488,-0.922446,1.315336,1.315341,-1.410511,-1.305577,-1.900532,-2.134317,-1.933583,-2.008222,1.000000,191.079178
0.246354,1.088880,0.000000,-0.941965,-0.941972,-0.506499,-0.254234,-0.790958,-1.129038,-1.043356,-0.964108,-1.000000,189.279266
1.680424,1.866576,-0.669150,-2.069379,-2.069376,1.569737,1.660301,1.357421,0.954926,0.955126,1.156193,-1.000000,185.362366
0.327090,0.422704,-0.528383,-0.020122,-0.020110,1.404982,1.506132,1.375796,0.965671,0.922897,1.151160,0.000000,185.325089
-0.598413,0.294218,-1.336455,0.910828,0.910825,0.320148,0.428361,0.574474,0.125911,0.021538,0.205480,1.000000,187.013077
0.424684,1.199105,-0.124906,-0.189500,-0.189506,0.036976,0.480644,0.700146,0.326259,0.154087,0.330207,0.000000,186.658676
-0.179274,0.537822,-0.587617,0.329755,0.329751,-0.505946,0.026399,0.373825,0.076943,-0.157557,-0.070875,0.000000,187.274185
-0.456711,0.233321,-0.570894,0.313731,0.313733,-0.551030,-0.166301,0.021514,-0.131055,-0.420769,-0.415176,0.000000,187.861725
0.484032,0.893218,-0.059878,-0.516287,-0.516281,0.132734,0.343812,0.481039,0.427645,0.121956,0.086161,-1.000000,186.891830
1.512304,2.070541,-0.116720,-1.671652,-1.671649,1.481849,1.786849,1.961932,2.133462,1.811715,1.736946,-1.000000,183.767654
-0.228031,0.217902,-0.501667,0.147167,0.147160,1.047941,1.254691,1.623598,1.862526,1.613463,1.491507,0.000000,184.038086
0.537497,1.140916,-0.086210,-0.065871,-0.065873,0.749456,1.029867,1.484713,1.841946,1.672938,1.512432,0.000000,183.916855
-0.273941,0.466720,-0.735591,-0.045643,-0.045640,0.357146,0.992800,1.466792,1.749446,1.717536,1.527499,0.000000,183.832916
0.503026,0.831534,-0.451702,-1.166796,-1.166806,0.969105,1.984915,2.468267,2.761531,2.837087,2.652883,-1.000000,181.687943
-0.772360,0.431906,-0.914636,1.016321,1.016326,-0.072154,0.769311,1.253390,1.550562,1.796142,1.605525,1.000000,183.534485
0.896638,1.044375,-0.601147,-0.259151,-0.259143,0.080491,0.834478,1.224378,1.645525,1.942025,1.810926,0.000000,183.058868
-0.470580,0.232754,-1.224509,0.682670,0.682682,-0.555601,-0.010137,0.358228,0.812866,1.189276,1.121438,1.000000,184.308578
0.147063,0.877280,-0.583161,-0.217582,-0.217604,-0.330622,-0.007092,0.524348,0.986569,1.300414,1.341792,0.000000,183.907516
0.839433,0.957163,-0.189382,-0.927993,-0.927985,0.659263,0.672058,1.351623,1.799662,2.109639,2.232857,-1.000000,182.200882
0.928602,1.413540,-0.159924,-0.783129,-0.783144,1.148384,1.301086,1.921529,2.386777,2.710704,2.983575,-1.000000,180.773987
-0.139163,0.128853,-1.252452,0.092864,0.092883,0.820527,1.035967,1.616319,2.011640,2.431906,2.749022,0.000000,180.941895
1.092588,1.453298,-0.188196,-1.407077,-1.407076,1.596523,2.168431,2.734762,3.162472,3.642634,4.051960,-1.000000,178.395905
2.341905,2.604502,-0.509117,-2.451768,-2.451778,3.013932,4.172561,4.786709,5.429528,5.981350,6.381386,-1.000000,174.022034
-1.164020,0.079362,-1.164020,1.286170,1.286162,1.031755,2.541810,3.053979,3.833609,4.390910,4.797896,1.000000,176.260239
-0.258319,0.611526,-0.284679,0.365080,0.365099,0.226679,1.793972,2.420431,3.170163,3.746736,4.169250,0.000000,176.903763
1.014141,1.361082,-0.128105,-1.233590,-1.233589,0.766472,2.588195,3.344176,4.117149,4.668044,5.193300,-1.000000,174.721497
0.899209,1.198954,-0.492425,-0.277558,-0.277559,0.569498,2.295663,3.261425,4.032804,4.614027,5.192236,0.000000,174.236542
-0.828868,0.393173,-0.993577,0.738642,0.738626,0.003196,1.067963,2.188696,2.918555,3.622769,4.229502,1.000000,175.523499
-0.272989,0.293993,-0.524990,1.206094,1.206109,-1.033178,-0.393219,0.818982,1.431644,2.214823,2.810966,1.000000,177.640503
-0.346513,0.372758,-0.488270,-0.005247,-0.005248,-0.946082,-0.564920,0.602717,1.264237,2.008921,2.610556,0.000000,177.631180
-0.729238,0.367240,-1.080740,0.073502,0.073497,-0.676772,-0.816849,0.330170,1.013327,1.733803,2.285470,0.000000,177.761734
-0.015706,0.518327,-0.099477,0.204606,0.204613,-0.442937,-1.034559,-0.106114,0.644497,1.320623,1.867882,0.000000,178.125458
-0.740745,0.155402,-0.818442,1.073300,1.073291,-0.998701,-1.751357,-1.310194,-0.529653,0.070864,0.687561,1.000000,180.037262
0.348304,0.753793,-0.135161,-0.357421,-0.357431,-0.448107,-1.224253,-1.060499,-0.236783,0.262645,0.938530,0.000000,179.393753
-0.326292,0.284858,-0.372903,0.374299,0.374304,-0.548992,-1.417023,-1.455694,-0.705142,-0.193489,0.433505,0.000000,180.065231
-0.186162,0.480915,-0.243045,0.155378,0.155389,-0.416804,-1.258151,-1.630646,-0.934435,-0.430247,0.160989,0.000000,180.345032
0.336349,0.336349,-0.408793,-0.067228,-0.067231,-0.116950,-0.859510,-1.496852,-0.981114,-0.445227,0.097972,0.000000,180.223785
0.238209,0.429807,-0.305524,-0.072445,-0.072448,-0.038320,-0.533891,-1.200695,-1.015222,-0.456111,0.026757,0.000000,180.093216
0.207401,0.259255,-0.362956,-0.129460,-0.129455,0.143106,-0.281555,-0.939198,-0.951989,-0.367730,0.026096,0.000000,179.860077
1.139047,1.139047,-0.194213,-1.218504,-1.218514,1.108613,0.950615,0.311455,0.182416,0.729211,1.145532,-1.000000,177.668457
-0.470347,0.125419,-0.684616,0.440928,0.440935,0.452570,0.546116,0.010449,-0.327151,0.183745,0.597158,0.000000,178.451859
-0.373444,0.336630,-0.625922,-0.642807,0.142197,0.140025,0.435810,0.035159,-0.460017,-0.083923,0.357111,0.000000,178.705612
0.919233,1.009569,-0.308184,-1.009887,-1.009883,0.800723,1.283146,1.107612,0.636846,0.776976,1.250321,-1.000000,176.900894
-0.832161,0.617571,-1.413101,1.524979,1.525000,-0.742512,-0.226813,-0.338433,-0.781873,-0.794745,-0.309331,1.000000,179.598633
-0.083872,0.272574,-1.032658,-0.157012,-0.157032,-0.402575,-0.111639,-0.119025,-0.558545,-0.671225,-0.230944,0.000000,179.316605
-0.244933,0.229300,-0.573248,0.587092,0.587098,-0.771277,-0.693310,-0.605620,-0.982392,-1.263676,-0.862972,1.000000,180.369370
0.310247,1.114789,-0.094648,-0.896347,-0.896336,0.131453,0.122562,0.316736,0.039488,-0.362680,-0.069940,-1.000000,178.752655
0.042255,0.232400,-0.475365,-0.441708,-0.441726,0.695092,0.447095,0.684126,0.551890,0.167978,0.262093,0.000000,177.963058
-0.015841,0.770981,-0.163699,0.021123,0.021135,0.494268,0.321409,0.610675,0.540760,0.185922,0.162252,0.000000,178.000671
0.570365,0.628459,-0.026408,-0.010556,-0.010570,0.354904,0.349622,0.543274,0.561239,0.220742,0.120547,0.000000,177.981857
0.036986,0.723793,-0.232461,-0.036972,-0.036959,0.116227,0.356610,0.489432,0.602757,0.329618,0.100874,0.000000,177.916077
-1.075829,0.031333,-1.075829,1.162298,1.162299,-0.897226,-0.725405,-0.674018,-0.501483,-0.695381,-1.019818,1.000000,179.983994
-0.204210,0.287990,-0.397945,-0.261124,-0.261127,-0.464970,-0.319928,-0.435483,-0.255560,-0.346474,-0.658699,0.000000,179.514008
0.042124,0.347517,-0.479151,-0.555031,-0.555045,0.148494,0.175875,0.070096,0.276618,0.229389,-0.062082,-1.000000,178.517624
-0.817531,0.167693,-1.011429,0.473888,0.473899,-0.169796,-0.293997,-0.338892,-0.215909,-0.204721,-0.487738,0.000000,179.363617
0.177990,0.397861,-0.680559,0.104809,0.104817,-0.092145,-0.443940,-0.402410,-0.342484,-0.269339,-0.502264,0.000000,179.551620
-0.648508,0.902726,-0.705578,0.905662,0.905653,-0.857066,-1.203629,-1.205358,-1.210608,-1.097059,-1.267576,1.000000,181.177734
0.810926,0.810926,-0.078473,-0.835279,-0.835277,-0.005232,-0.276759,-0.270655,-0.390426,-0.272288,-0.359113,-1.000000,179.664398
-0.067683,0.468552,-0.218658,0.491788,0.491792,-0.269682,-0.623703,-0.723662,-0.858851,-0.734770,-0.793063,0.000000,180.547974
0.412228,0.683572,-0.396574,-0.229073,-0.229067,0.044870,-0.276046,-0.465465,-0.562783,-0.505328,-0.518970,0.000000,180.134399
0.552139,0.851867,-0.026294,-0.767064,-0.767063,0.728815,0.541613,0.243633,0.214272,0.228125,0.268489,-1.000000,178.752655
0.268433,0.621082,-0.163173,-0.094648,-0.094659,0.533714,0.558449,0.332296,0.305804,0.286348,0.372040,0.000000,178.583450
1.001908,1.017811,-0.068916,-0.710567,-0.710556,0.988122,1.154042,1.025932,1.035297,0.941355,1.039159,-1.000000,177.314514
1.115778,1.617076,-0.059293,-1.653941,-1.653941,1.979297,2.618039,2.586593,2.584885,2.513282,2.642589,-1.000000,174.381836
0.683165,1.016675,-0.306612,0.204824,0.204825,1.153308,2.143623,2.253178,2.244211,2.236679,2.331177,0.000000,174.739014
-1.147900,0.063769,-1.147900,1.221089,1.221068,-0.279520,0.759965,0.980332,0.911953,0.967647,1.031278,1.000000,176.872696
0.752805,0.795510,-0.288312,-0.462345,-0.462338,-0.103573,0.937004,1.300589,1.304059,1.376403,1.421623,0.000000,176.054947
-0.670253,0.260647,-0.835155,0.368394,0.368402,-0.539396,0.398954,0.822732,0.896583,0.999833,0.985412,0.000000,176.703537
-0.836136,0.063102,-1.377793,1.154316,1.154308,-1.186368,-0.847703,-0.319377,-0.234012,-0.171854,-0.187796,1.000000,178.743240
-0.810317,0.673506,-0.926077,-0.057847,-0.057836,-0.692458,-0.873986,-0.288702,-0.157861,-0.129238,-0.111910,0.000000,178.639862
-0.192583,0.515271,-0.478841,1.094450,1.094442,-1.355331,-1.845104,-1.329655,-1.164576,-1.205435,-1.153735,1.000000,180.594971
-0.102990,1.447035,-0.679750,1.072189,1.072192,-1.692156,-2.670065,-2.326931,-2.143263,-2.170660,-2.132450,1.000000,182.531296
-0.950073,0.257729,-1.147162,1.900202,1.900200,-2.525773,-4.018092,-3.921231,-3.793714,-3.822116,-3.794389,1.000000,185.999756
-0.075362,0.386839,-0.346648,0.591266,0.591263,-2.205471,-3.902534,-4.252528,-4.129862,-4.192913,-4.226239,1.000000,187.099503
-0.110326,0.115338,-0.677000,0.180860,0.180863,-1.443258,-3.398526,-4.165621,-4.087558,-4.164084,-4.254719,0.000000,187.437897
-0.902684,0.094238,-1.001879,1.108265,1.108261,-1.582178,-3.790291,-4.837475,-4.875996,-4.969738,-5.143332,1.000000,189.515198
-0.124267,0.238598,-0.387712,-0.218233,-0.218236,-0.672028,-2.889939,-4.258531,-4.458434,-4.569032,-4.753445,0.000000,189.101608
-1.374741,0.126746,-1.998735,1.963422,1.963437,-1.877845,-3.924350,-5.566235,-5.957206,-6.130755,-6.330792,1.000000,192.814499
0.635003,0.792518,-0.147668,-0.965247,-0.965252,-0.517845,-2.348511,-4.067274,-4.768150,-4.955352,-5.191730,-1.000000,190.953354
0.266290,0.813654,-0.389562,-0.177209,-0.177213,-0.007888,-1.546917,-3.341713,-4.324173,-4.550515,-4.802501,0.000000,190.614960
-0.009862,1.050143,-0.093676,0.019729,0.019724,0.091705,-1.038798,-2.878925,-4.030957,-4.336434,-4.598592,0.000000,190.652557
0.875453,0.945090,-0.179069,-0.882517,-0.882517,0.968969,0.183055,-1.558554,-2.901652,-3.319728,-3.590653,-1.000000,188.970016
-0.402643,0.293283,-0.889791,0.064666,0.064663,0.510021,0.281858,-1.185390,-2.652971,-3.182771,-3.484108,0.000000,189.092209
-0.594218,0.535283,-1.154057,1.222850,1.222867,-0.657088,-0.704722,-1.938167,-3.384335,-4.125531,-4.425684,1.000000,191.404556
-1.623824,1.085760,-1.844822,2.219707,2.219703,-2.299307,-2.441032,-3.487872,-4.947876,-5.890176,-6.223557,1.000000,195.653168
0.363249,0.983193,-0.251855,-0.807107,-0.807116,-1.151739,-1.412309,-2.239548,-3.731289,-4.808636,-5.211083,-1.000000,194.074020
0.246255,0.680825,-0.275233,0.305131,0.305146,-0.867224,-1.426376,-2.121371,-3.546125,-4.767756,-5.268480,0.000000,194.666229
-0.250247,0.096257,-0.832569,0.333166,0.333157,-0.559212,-1.625678,-2.128430,-3.389959,-4.715335,-5.315941,0.000000,195.314774
-0.486806,0.124084,-1.088149,0.837387,0.837396,-0.821846,-2.138128,-2.607751,-3.730024,-5.048260,-5.824632,1.000000,196.950333
0.281722,0.630286,-0.171888,-0.047729,-0.047740,-0.652240,-1.774335,-2.242273,-3.221358,-4.553498,-5.496501,0.000000,196.856308
0.224601,0.324958,-0.525658,-0.081172,-0.081171,-0.304879,-1.387266,-1.919460,-2.733439,-4.072825,-5.115642,0.000000,196.696518
-0.043042,0.143480,-0.894349,-0.081238,-0.081237,-0.033478,-0.922089,-1.587513,-2.298053,-3.577980,-4.734005,0.000000,196.536728
-0.351080,0.374802,-0.683178,0.808266,0.808262,-0.551282,-1.260551,-2.197865,-2.775403,-3.918585,-5.147702,1.000000,198.125259
0.090971,0.430908,-0.459641,-0.910901,-0.910897,0.298761,-0.102462,-1.116539,-1.646799,-2.677201,-3.903254,-1.000000,196.320541
-0.593929,0.258649,-0.972315,-0.038304,-0.038310,0.274934,-0.034002,-0.887373,-1.384707,-2.281057,-3.501129,0.000000,196.245331
-0.505266,0.438540,-0.524330,0.483760,0.483767,-0.157301,-0.357023,-1.143365,-1.664760,-2.414796,-3.622193,0.000000,197.194702
-1.042653,0.056612,-1.240802,1.034374,1.034376,-0.908669,-1.147865,-1.811984,-2.417208,-3.078513,-4.221086,1.000000,199.234436
-1.004600,0.046940,-1.056239,0.500093,0.500083,-1.191434,-1.394232,-1.929704,-2.717582,-3.276497,-4.306008,0.000000,200.230774
-0.145764,0.315041,-0.249212,-0.164307,-0.164300,-0.670523,-1.084310,-1.484929,-2.333663,-2.861147,-3.795708,0.000000,199.901794
0.321852,0.771490,-0.288717,-0.653594,-0.653595,0.219615,-0.345986,-0.738040,-1.490202,-1.997349,-2.827842,-1.000000,198.595245
0.884613,1.133264,0.000000,-1.017604,-1.017599,1.186817,0.672302,0.367230,-0.326837,-0.846179,-1.557889,-1.000000,196.574341
1.895644,2.032442,-0.053736,-2.127869,-2.127870,2.675396,2.645593,2.470523,1.929110,1.377956,0.753208,-1.000000,192.391495
-3.772922,2.942366,-7.875014,-3.527451,-3.527442,4.853629,5.724183,5.868515,5.562125,4.929388,4.430080,-1.000000,185.604996
3.276713,3.281736,-0.216099,0.769771,0.769750,2.676664,4.420054,4.706346,4.638920,4.044035,3.631196,1.000000,187.033691
0.549179,0.549179,-2.607357,1.578048,1.578046,0.175156,2.468349,2.838590,2.864153,2.414420,2.065947,1.000000,189.985168
-0.735041,0.735048,-1.226690,1.637640,1.637645,-1.799148,0.605080,1.057302,1.181433,0.814884,0.483222,1.000000,193.096451
-0.132412,0.284454,-1.235895,-0.744779,-0.014714,-1.714613,0.300495,0.952399,1.154933,0.914623,0.566490,0.000000,193.068039
1.009054,1.023965,-0.049702,-1.333988,-1.333970,0.127362,1.145352,2.050160,2.395982,2.308400,1.885524,-1.000000,190.492569
0.126505,0.996863,-0.303608,-1.769559,-1.769568,1.940505,2.284446,3.560806,3.977962,4.059877,3.652680,-1.000000,187.121674
-2.131931,0.039209,-2.332873,3.248658,3.248653,-0.934127,-1.213093,0.197269,0.611753,0.734922,0.435925,1.000000,193.200607
-0.248536,0.614040,-0.428845,0.568518,0.568523,-1.370372,-1.888650,-0.468510,-0.018710,0.170090,-0.069290,1.000000,194.298996
0.454051,0.848880,-0.597173,-1.257311,-1.257321,-0.240835,-0.667277,0.542468,1.132398,1.386998,1.253301,-1.000000,191.856033
-1.367085,0.135258,-1.454034,2.166617,2.166625,-1.793150,-2.242826,-1.733171,-1.066179,-0.748848,-0.776265,1.000000,196.012833
2.120588,2.237858,-0.068406,-1.135207,-1.135203,0.022469,-0.771815,-0.815171,0.004466,0.325511,0.404052,-1.000000,193.787689
-1.183598,0.552995,-1.183598,0.728032,0.728020,-0.495747,-1.221916,-1.648047,-0.745139,-0.433572,-0.329391,1.000000,195.198502
-0.483536,0.072535,-0.715631,0.320157,0.320171,-0.657615,-1.397907,-1.987499,-1.096922,-0.769171,-0.617709,0.000000,195.823471
0.500000,0.500000,-0.213593,-0.391663,-0.391663,0.061160,-0.908257,-1.511026,-0.815128,-0.409347,-0.220266,0.000000,195.056503
-0.702459,0.336796,-1.121055,0.893202,0.893202,-0.744806,-1.465073,-2.003749,-1.780402,-1.317979,-1.078475,1.000000,196.798752
0.038544,0.303529,-0.592598,-0.134718,-0.134717,-0.331474,-0.853253,-1.549303,-1.733594,-1.180521,-0.952099,0.000000,196.533630
0.120424,1.411365,-0.226397,0.019275,0.019270,-0.210982,-0.700871,-1.344898,-1.804003,-1.192923,-0.976012,0.000000,196.571503
1.323104,1.337859,-0.324629,-2.066478,-2.066484,1.550351,1.301467,0.716482,0.162442,0.794641,1.040982,-1.000000,192.509384
0.000000,0.704667,-0.567655,0.511538,0.511545,0.872031,0.870562,0.218575,-0.318833,0.162990,0.474328,0.000000,193.494156
-0.589216,0.152213,-1.060593,-0.337657,-0.337659,0.803300,1.047825,0.639300,0.206501,0.349059,0.723394,0.000000,192.840805
0.670711,1.094837,-0.522758,-0.437003,-0.436999,0.773286,1.398132,1.250344,0.775607,0.624846,1.090443,0.000000,191.998093
-1.592105,0.551868,-2.539557,0.981403,0.981404,-0.483493,0.344795,0.289769,-0.103293,-0.450325,0.067354,1.000000,193.882370
1.397815,1.417431,-0.436509,-0.424886,-0.424893,-0.001957,0.629757,0.674877,0.321991,-0.098384,0.422933,0.000000,193.058578
1.163721,2.107682,-0.109880,-1.799989,-1.799983,1.418437,2.185593,2.440313,2.068971,1.673544,2.093975,-1.000000,189.583557
-1.219934,0.222254,-1.708898,1.123764,1.123759,0.173855,0.784809,1.152436,0.966564,0.671137,0.811353,1.000000,191.714020
-1.432638,0.192952,-1.485699,2.390476,2.390480,-1.726884,-1.580243,-1.123922,-1.156965,-1.490443,-1.603474,1.000000,196.296906
0.761904,1.264955,-0.942610,-1.234865,-1.234870,-0.499143,-0.488886,0.066752,0.096218,-0.178557,-0.454406,-1.000000,193.872894
-2.226420,0.000000,-2.323219,0.908425,0.908438,-1.131608,-1.225022,-0.840561,-0.770786,-1.025323,-1.366595,1.000000,195.634109
-1.619984,0.061401,-1.903367,2.478096,2.478084,-2.435172,-3.265002,-3.057977,-2.955174,-3.270765,-3.617190,1.000000,200.482086
0.617872,1.069392,-0.061782,-0.628159,-0.628155,-1.064637,-2.333173,-2.364067,-2.261168,-2.484030,-2.780081,-1.000000,199.222748
-0.544731,0.502469,-0.896926,1.211979,1.211970,-1.719646,-3.024646,-3.364475,-3.236902,-3.363787,-3.702831,1.000000,201.637268
-0.974948,0.135284,-1.413444,0.666822,0.666836,-1.473158,-3.218738,-3.794067,-3.686153,-3.811172,-4.127292,1.000000,202.981857
0.553318,1.411427,-0.018754,-0.517796,-0.517793,-0.336686,-2.275633,-2.982282,-3.033628,-3.159344,-3.482455,-1.000000,201.930832
-0.335931,0.139972,-0.732519,0.501738,0.501733,-0.591615,-2.105169,-3.156197,-3.323384,-3.424257,-3.802086,0.000000,202.943985
0.584963,1.122750,-0.018867,-1.096443,-1.096447,0.659500,-0.571277,-1.820924,-2.153974,-2.259833,-2.565806,-1.000000,200.718811
1.873653,2.133078,-0.076862,-1.806775,-1.806777,2.050451,1.298588,0.157904,-0.339414,-0.394326,-0.604368,-1.000000,197.092270
0.023904,1.204706,-0.798355,0.494835,0.494835,1.051731,1.011574,-0.194405,-0.792375,-0.826842,-1.011883,0.000000,198.067551
0.295545,0.581562,-0.519591,0.286837,0.286844,0.430923,0.873768,-0.292692,-0.921922,-1.053870,-1.222237,0.000000,198.635696
-0.664638,0.042726,-1.015951,0.409953,0.409955,-0.329478,0.410173,-0.369989,-1.177132,-1.369735,-1.498613,0.000000,199.450012
-0.646764,0.392855,-1.719924,-0.906762,-0.906760,0.271159,1.248977,0.741623,-0.151397,-0.450156,-0.569800,-1.000000,197.641479
-0.850824,0.756289,-1.332952,1.355820,1.355810,-0.747774,-0.171105,-0.472045,-1.279303,-1.706179,-1.791135,1.000000,200.321121
-1.981430,0.221703,-1.981430,2.339760,2.339764,-2.339843,-2.354624,-2.385416,-3.264975,-3.788831,-3.876956,1.000000,205.008163
-0.601863,0.045591,-0.952950,1.297867,1.297861,-2.721136,-3.329380,-3.249740,-4.152606,-4.729526,-4.918382,1.000000,207.668884
-0.733228,0.185573,-0.927855,0.738644,0.738645,-2.502034,-3.739022,-3.681238,-4.386482,-5.127724,-5.390148,1.000000,209.202820
-1.376431,0.946019,-1.448169,0.950480,0.950489,-2.136839,-4.149481,-4.210307,-4.825593,-5.673423,-6.053773,1.000000,211.191269
0.547415,1.538187,-1.212447,-0.896700,-0.896708,-0.393590,-2.699053,-3.099584,-3.653858,-4.489318,-5.000447,-1.000000,209.297501
1.260023,2.034365,-0.219929,-1.262212,-1.262208,1.039173,-1.039634,-1.742345,-2.112945,-3.021124,-3.623369,-1.000000,206.655731
-0.377565,0.391211,-0.682345,0.723941,0.723940,0.359367,-1.293727,-2.249314,-2.515808,-3.428104,-4.065566,1.000000,208.151794
-0.317329,0.185867,-0.761590,0.345719,0.345719,-0.018132,-1.182736,-2.396904,-2.650843,-3.391448,-4.150684,0.000000,208.871414
0.502515,0.712660,-0.255824,-0.766128,-0.766127,0.375514,0.044770,-1.432616,-1.705115,-2.345361,-3.178618,-1.000000,207.271194
0.402141,0.694605,-0.146235,-0.031974,-0.031972,0.205635,0.408988,-1.075725,-1.539327,-2.103555,-2.903019,0.000000,207.204926
0.260747,0.910334,-0.269904,-0.105103,-0.105101,0.343086,0.610239,-0.684362,-1.338983,-1.747125,-2.589821,0.000000,206.987152
0.632412,0.858607,-0.733976,-0.901190,-0.901202,0.960168,1.401011,0.429616,-0.363980,-0.668601,-1.507943,-1.000000,205.121780
0.498373,0.777829,-0.298090,-0.890924,-0.890919,1.319054,2.021894,1.458472,0.540292,0.279649,-0.397761,-1.000000,203.294312
0.140135,0.780118,-0.672678,-0.293428,-0.293431,1.165976,1.903116,1.923359,0.884992,0.643342,0.075989,0.000000,202.697784
-0.344013,0.660126,-0.395149,0.485820,0.485818,0.330998,1.134773,1.540612,0.559022,0.196928,-0.286979,0.000000,203.682526
0.430751,0.692947,-0.430751,-0.711264,-0.711262,0.579642,1.640606,2.176548,1.382389,0.899900,0.565131,-1.000000,202.233810
0.159503,0.778759,-0.647403,-0.196647,-0.196648,0.452243,1.527963,2.185216,1.661431,1.096832,0.865707,0.000000,201.836121
-2.882132,0.077037,-2.986358,3.523172,3.523182,-2.425346,-1.923690,-1.300588,-1.571127,-2.228851,-2.431990,1.000000,208.947174
-0.143888,1.286030,-0.710464,0.779445,0.779439,-2.431764,-2.525291,-2.083425,-2.025269,-2.797786,-3.006877,1.000000,210.575790
-0.304636,0.067196,-1.119971,0.373219,0.373217,-2.067913,-2.691065,-2.382400,-2.128390,-2.889164,-3.214164,0.000000,211.361694
0.214284,0.656250,-0.223214,0.349431,0.349435,-1.478573,-2.788842,-2.551191,-2.302010,-2.962679,-3.407887,0.000000,212.100266
-0.269840,0.406971,-0.486593,0.919642,0.919641,-1.235070,-3.257542,-3.255477,-3.043218,-3.558877,-4.099353,1.000000,214.050827
0.207937,0.729989,-0.247754,-0.013270,-0.013266,-0.747692,-2.743445,-3.082190,-2.917757,-3.273728,-3.914085,0.000000,214.022430
-0.649201,0.247322,-0.847943,0.176965,0.176962,-0.566178,-2.369385,-3.031693,-3.014396,-3.131915,-3.871098,0.000000,214.401169
0.301148,0.934456,-0.212576,-0.278227,-0.278237,-0.060224,-1.623555,-2.555353,-2.638390,-2.609382,-3.342331,0.000000,213.804626
-0.168211,0.141646,-0.708249,0.048716,0.785197,-0.524830,-1.775108,-3.051665,-3.192080,-3.173682,-3.825964,1.000000,215.483414
2.025918,2.062415,-0.287463,-2.987915,-2.987908,2.060013,1.595000,0.059394,-0.189098,-0.165165,-0.697886,-1.000000,209.044968
-0.063578,1.316989,-0.376931,0.474536,0.474527,1.198495,1.167066,-0.199158,-0.632744,-0.620785,-0.998859,0.000000,210.036942
0.598337,0.918057,-0.073081,-0.572205,-0.572206,1.247832,1.665929,0.571117,-0.023443,-0.093988,-0.250441,-1.000000,208.835098
1.768308,1.995724,-0.357377,-1.589474,-1.589467,2.076483,3.023523,2.254948,1.550221,1.446028,1.444907,-1.000000,205.515732
-1.094372,0.691421,-1.094372,1.359877,1.359888,0.018307,1.459387,1.077527,0.219544,0.116760,0.136722,1.000000,208.310516
-0.360521,0.223607,-0.721034,0.338846,0.338841,-0.322189,0.875897,0.965208,-0.025730,-0.204786,-0.179947,0.000000,209.016357
-0.511858,0.443307,-0.690094,-0.146035,-0.146042,-0.303455,0.768952,1.105335,0.250256,-0.061902,-0.041808,0.000000,208.711105
0.220654,1.250346,-0.427504,-0.580415,-0.580432,0.149879,1.024659,1.596778,0.951246,0.525961,0.482466,-1.000000,207.499680
-0.438600,0.397476,-0.858920,0.615984,0.616007,-0.150774,0.165380,0.892260,0.455215,-0.059358,-0.141020,1.000000,208.777893
0.156536,0.902397,-0.230203,-0.767547,-0.767559,0.511975,0.539142,1.514181,1.351493,0.717313,0.639746,-1.000000,207.175400
-0.272415,0.457108,-0.858806,-0.285449,-0.285444,0.564222,0.707821,1.563816,1.756537,1.033941,0.902542,0.000000,206.584030
1.005401,1.117115,-0.055853,-0.803401,-0.803401,1.009121,1.273974,2.090407,2.482517,1.884040,1.655556,-1.000000,204.924332
-0.689655,0.280460,-1.264368,1.238133,1.238138,-0.229889,-0.030808,0.618846,1.154105,0.729851,0.415372,1.000000,207.461578
1.226652,1.649476,-0.027877,-1.048275,-1.048285,0.486946,1.017103,1.408176,2.077761,1.828233,1.448017,-1.000000,205.286789
0.739941,1.409183,-0.155522,-1.412512,-1.412514,1.453491,2.171749,2.429708,3.300316,3.290208,2.825751,-1.000000,202.387085
-0.775049,0.055690,-0.904997,1.550574,1.550585,-0.198641,0.441818,0.751530,1.515605,1.784860,1.262240,1.000000,205.525269
-0.652633,0.298738,-0.919202,0.979255,0.979256,-0.914612,-0.588757,-0.305794,0.374922,0.770629,0.348397,1.000000,207.537888
0.032124,0.192728,-0.344147,0.160856,0.160853,-1.034277,-0.730509,-0.496794,0.056671,0.556763,0.270209,0.000000,207.871719
-0.256222,0.201319,-0.489565,0.289086,0.289083,-1.013908,-1.031295,-0.689054,-0.359625,0.211476,0.057771,0.000000,208.472641
-0.151093,0.164828,-0.448702,-0.068628,-0.068626,-0.375442,-0.907929,-0.620244,-0.462894,0.207895,0.224018,0.000000,208.329575
-0.503470,0.399150,-0.757472,0.943179,0.943171,-0.852718,-1.657363,-1.508289,-1.363219,-0.799855,-0.578362,1.000000,210.294479
0.514099,0.655142,-0.081896,-0.303895,-0.303885,-0.348504,-1.131944,-1.178047,-1.071661,-0.580799,-0.264053,0.000000,209.655426
1.119046,1.289433,-0.630898,-1.205646,-1.205650,0.795766,0.058487,0.015967,0.094408,0.492013,0.897597,-1.000000,207.127716
