-0.812788,0.786573,-1.966439,0.872780,0.872793,-0.624376,1.072637,2.252557,2.881500,3.518771,3.660325,1.000000,67.189552
-0.457575,0.287621,-0.653680,0.275300,0.275281,-0.860233,0.396344,1.759530,2.376324,3.022181,3.257065,0.000000,67.374512
0.342153,0.486910,-0.460586,-0.653680,-0.653658,0.036841,0.557053,2.121917,2.719764,3.419725,3.786358,-1.000000,66.934113
-1.834860,0.000000,-2.067448,1.842349,1.842340,-1.338675,-1.401591,0.010696,0.677774,1.381847,1.802556,1.000000,68.167267
-1.002539,0.038070,-1.611680,1.821946,1.821939,-2.296953,-3.005725,-1.857424,-1.145524,-0.544787,-0.058751,1.000000,69.409233
0.063552,0.915102,-0.355869,-0.152288,-0.152271,-1.537886,-2.596776,-1.852907,-1.034339,-0.512962,0.044603,0.000000,69.303543
-0.976296,0.316977,-1.267909,0.241488,0.241485,-1.171555,-2.511740,-2.146030,-1.276301,-0.804739,-0.267483,0.000000,69.470901
1.929260,2.173636,-0.167199,-1.420062,-1.420056,0.704816,-0.761425,-0.911214,0.033862,0.456583,1.016337,-1.000000,68.484375
-1.604949,0.227475,-1.946166,1.774916,1.774901,-0.611642,-2.059895,-2.583668,-1.794247,-1.351160,-0.808148,1.000000,69.699905
-0.689832,0.752539,-0.727456,0.758254,0.758266,-1.126308,-2.281462,-3.133516,-2.533237,-2.064155,-1.608457,1.000000,70.228416
-0.334745,0.371925,-0.557904,1.166438,1.166403,-1.775332,-2.865094,-3.916946,-3.640441,-3.126002,-2.758464,1.000000,71.047562
-0.894711,0.134822,-1.066301,1.152978,1.152995,-2.228205,-3.347212,-4.583885,-4.613207,-4.099620,-3.797727,1.000000,71.866737
1.508916,1.982787,0.000000,-1.715889,-1.715901,0.087301,-1.136037,-2.491568,-2.922850,-2.390471,-2.152162,-1.000000,70.633575
2.896674,2.922532,-0.168117,-3.566529,-3.566526,3.323423,2.512619,1.254375,0.593771,1.058031,1.341473,-1.000000,68.114410
-0.485133,0.548960,-1.812841,1.293159,1.293195,1.646848,1.143856,0.192326,-0.639952,-0.303599,0.013020,1.000000,68.995262
-0.688953,0.880330,-1.492725,0.063826,0.063804,1.000256,1.041087,0.307056,-0.591432,-0.469905,-0.089992,0.000000,69.039284
-0.063295,0.468358,-1.113920,0.791022,0.791016,-0.448098,0.264562,-0.268348,-1.203792,-1.278398,-0.870973,1.000000,69.585396
-0.300599,0.789084,-0.413319,1.063286,1.063295,-1.583164,-0.528558,-0.996157,-1.943885,-2.314471,-1.899349,1.000000,70.325294
-0.248691,0.659039,-0.621736,0.726455,0.726453,-1.524492,-1.085551,-1.459004,-2.358242,-2.922003,-2.608214,1.000000,70.836174
-0.024551,0.355908,-1.595487,1.318086,1.318102,-2.032418,-2.157606,-2.521699,-3.268918,-3.991433,-3.803600,1.000000,71.769867
2.056580,2.143829,-0.349004,-1.534119,-1.534131,-0.044874,-0.686782,-0.874159,-1.515648,-2.315915,-2.311605,-1.000000,70.668823
-0.136909,0.821514,-0.398306,0.137097,0.137087,0.151868,-0.978330,-0.887882,-1.410866,-2.250922,-2.412173,0.000000,70.765701
-0.237148,0.374432,-0.499254,-0.273827,-0.273809,0.496745,-0.715190,-0.418554,-0.882440,-1.729918,-2.130439,0.000000,70.571938
0.300260,0.475413,-1.113473,-0.237148,-0.237157,0.613040,-0.153883,-0.115103,-0.487928,-1.285126,-1.836897,0.000000,70.404572
-0.805854,0.545492,-1.066205,0.913304,0.913279,-0.500852,-0.768641,-0.942211,-1.273228,-1.928572,-2.596277,1.000000,71.047562
-0.405656,0.405657,-0.860475,0.855435,0.855466,-1.069460,-1.245242,-1.725882,-1.946533,-2.511130,-3.228907,1.000000,71.655350
-0.551264,0.367516,-0.943276,0.344191,0.344186,-1.092735,-1.261790,-2.059701,-2.113807,-2.593654,-3.345176,0.000000,71.901978
-1.141420,0.204252,-1.165446,1.960071,1.960074,-2.246796,-2.752621,-3.698995,-3.666357,-4.118236,-4.876055,1.000000,73.311310
-0.964177,0.154740,-1.440304,0.937161,0.937146,-2.183069,-3.228180,-4.063001,-4.270320,-4.693245,-5.429904,1.000000,73.998344
-2.013110,0.514975,-2.083331,1.702178,1.702188,-2.701312,-4.384367,-5.113923,-5.538394,-5.977531,-6.629607,1.000000,75.257935
0.647367,0.812150,-0.576740,-0.561801,-0.561769,-1.301813,-3.287458,-4.061547,-4.751678,-5.150688,-5.761564,-1.000000,74.835159
0.754627,0.990454,-0.235818,-0.176555,-0.176585,-0.377306,-2.589313,-3.435127,-4.393349,-4.702747,-5.267853,0.000000,74.703011
-0.433105,0.304345,-0.702327,0.731048,0.731044,-0.585267,-2.674700,-3.699711,-4.780519,-5.034764,-5.587028,1.000000,75.249123
0.670904,1.012242,-0.094164,-0.550159,-0.550125,0.188305,-1.544282,-2.810760,-3.804758,-4.234963,-4.767762,-1.000000,74.835159
0.176722,0.577293,-0.094244,-0.094164,-0.094211,0.150827,-0.954266,-2.452069,-3.328209,-3.901962,-4.439190,0.000000,74.764656
0.271222,0.719341,-0.212264,-0.094244,-0.094229,0.207546,-0.454008,-2.000788,-2.858492,-3.616041,-4.108493,0.000000,74.694206
1.193887,1.301332,-0.143270,-1.226416,-1.226406,1.201043,1.036287,-0.511789,-1.368205,-2.315675,-2.723269,-1.000000,73.778152
-0.558993,0.166507,-0.594672,0.382044,0.382039,0.494767,0.752853,-0.576439,-1.491441,-2.502384,-2.842538,0.000000,74.060013
-0.833826,0.071477,-1.179271,-0.154621,-0.154618,0.409765,0.901730,-0.103237,-1.128649,-2.035975,-2.500698,0.000000,73.945503
-0.813779,1.061447,-0.872742,1.000600,1.000590,-0.606197,-0.174541,-0.768166,-1.912957,-2.701730,-3.267679,1.000000,74.685394
1.352913,1.352913,-1.699816,1.993162,1.993153,-2.160026,-1.949573,-2.311891,-3.468422,-4.228482,-4.933695,1.000000,76.173988
0.011548,0.588849,-1.258520,0.150321,0.150327,-1.648766,-1.888920,-2.075194,-3.251349,-4.020776,-4.883187,0.000000,76.288498
-1.438446,0.113261,-1.438446,1.939730,1.939749,-2.566554,-3.431881,-3.556470,-4.629640,-5.464275,-6.387295,1.000000,77.768303
0.181938,0.284285,-0.523083,-0.396420,-0.396420,-1.271333,-2.708677,-2.874696,-3.794643,-4.745973,-5.612550,0.000000,77.460014
0.838305,0.838305,-0.091872,-0.977939,-0.977952,0.229676,-1.495174,-1.789921,-2.475881,-3.548000,-4.345429,-1.000000,76.702492
0.449204,0.794750,-0.161253,-0.298578,-0.298591,0.608171,-0.967503,-1.352975,-1.868792,-2.955524,-3.734915,0.000000,76.473465
0.449516,0.610879,-0.403409,-0.069106,-0.069097,0.712315,-0.553247,-1.134927,-1.505296,-2.592434,-3.370212,0.000000,76.420624
0.242409,0.542538,-0.300120,-0.149844,-0.149851,0.480215,-0.109648,-0.894208,-1.161243,-2.145661,-2.963930,0.000000,76.306107
0.347781,0.718751,-0.370971,-0.427098,-0.427102,0.521683,0.586609,-0.368641,-0.606871,-1.432400,-2.322035,0.000000,75.980202
0.479033,0.642602,-0.373874,-0.776728,-0.776705,0.960381,1.467455,0.466562,0.179926,-0.430426,-1.397362,-1.000000,75.390060
0.752056,0.834313,-0.152758,-0.572494,-0.572512,1.137489,1.889551,1.068558,0.764994,0.319167,-0.638844,-1.000000,74.958443
0.604125,0.959494,-0.473823,-0.799060,-0.799037,1.397757,2.450828,1.934758,1.553531,1.259408,0.322584,-1.000000,74.359497
1.108431,1.108431,-0.192776,-1.682064,-1.682069,2.257823,3.566255,3.591959,3.144571,2.980717,2.154612,-1.000000,73.108719
1.180768,1.375529,-0.864273,-1.024094,-1.024095,2.315272,3.933037,4.517742,4.040770,3.955684,3.301676,-1.000000,72.360016
0.564139,1.177335,-0.269807,-0.742545,-0.742548,2.087318,4.031143,5.033925,4.614296,4.542063,4.110454,-1.000000,71.822708
-0.693514,0.997688,-0.949018,0.797156,0.797148,0.571854,2.645092,3.855297,3.628182,3.580488,3.321171,1.000000,72.395241
1.349349,1.473139,-0.569447,-1.715541,-1.715526,1.426092,3.696450,5.186919,5.252529,5.188900,5.089536,-1.000000,71.153282
-0.012353,0.321109,-0.728670,0.235209,0.235219,0.686661,2.754088,4.337388,4.813490,4.721729,4.749888,0.000000,71.320648
-0.503629,0.331650,-0.945836,0.543415,0.543392,-0.039303,1.603000,3.238748,4.091019,3.981327,4.077304,0.000000,71.708199
1.017874,1.092359,-0.037238,-1.044105,-1.044108,0.772108,2.050658,3.788488,4.926771,4.863962,4.973529,-1.000000,70.959488
-1.282517,0.480956,-1.664814,0.657892,0.657878,-0.157825,0.889163,2.639067,3.908645,3.995586,4.128361,1.000000,71.426315
-0.542678,0.505668,-1.640358,-0.012325,0.808184,-0.722085,-0.246866,1.407239,2.778055,3.063266,3.168591,1.000000,72.003571
0.595833,0.682725,-0.347566,-0.641347,-0.641346,-0.019441,0.178002,1.617841,3.006306,3.587726,3.661794,-1.000000,71.541779
0.298652,0.783968,-0.510209,-0.248258,-0.248242,0.132959,0.287762,1.439510,2.835554,3.700830,3.757642,0.000000,71.364182
1.629689,1.692373,-0.426222,-0.734201,-0.734234,0.839930,0.890862,1.761642,3.182424,4.250750,4.340438,-1.000000,70.840202
-0.574281,0.287146,-1.223464,0.413691,0.413703,0.342077,0.297784,0.983887,2.381948,3.537786,3.743690,0.000000,71.133270
0.462735,1.025513,-0.175086,-0.174780,-0.174782,0.237622,0.453066,0.846131,2.180150,3.421666,3.795339,0.000000,71.008942
0.237464,1.012371,-0.124982,0.062535,0.062532,0.037497,0.352671,0.590262,1.746660,2.979012,3.589423,0.000000,71.053345
-0.162040,0.087249,-0.473645,0.274967,0.274967,-0.269230,0.013001,0.210448,1.135618,2.347920,3.179200,0.000000,71.248718
-0.062031,0.074429,-0.570648,0.473636,0.473642,-0.530955,-0.370925,-0.283981,0.393170,1.579559,2.548492,0.000000,71.586182
1.180759,1.180759,-0.979775,-1.240541,-1.240538,0.595398,0.777537,0.808539,1.352926,2.528761,3.578445,-1.000000,70.698128
0.643373,0.933525,-0.441528,-0.427087,-0.427075,0.852773,0.981445,1.169216,1.506136,2.626198,3.743693,0.000000,70.396194
0.441806,0.719515,-0.176722,-0.063071,-0.063064,0.716976,0.876022,1.141248,1.374253,2.352415,3.457759,0.000000,70.351799
1.376789,1.970450,-0.341033,-0.063119,-0.063148,0.512837,0.789451,1.072329,1.292333,2.094345,3.184019,0.000000,70.307373
0.215187,0.658224,-0.215187,-0.214725,-0.214719,0.321526,0.908864,1.213504,1.391538,2.015633,3.095028,0.000000,70.156410
-4.482138,0.399750,-4.530593,4.493675,4.493678,-3.280436,-3.133861,-2.967901,-2.906411,-2.461477,-1.482389,1.000000,73.309013
-0.120918,1.438938,-0.266015,0.181701,0.181710,-2.626363,-2.978238,-3.013306,-2.926687,-2.688352,-1.796262,0.000000,73.442223
1.437596,1.623495,-0.185898,-2.430466,-2.430477,0.163587,-0.477133,-0.586607,-0.485086,-0.345323,0.433758,-1.000000,71.657227
-0.874168,0.283177,-1.378974,0.656834,0.656838,0.014773,-1.004679,-1.164742,-1.105378,-1.008494,-0.399656,1.000000,72.127899
0.073871,0.504797,-0.578676,0.000000,0.000000,0.561438,-0.929574,-1.045722,-1.024382,-0.991569,-0.550414,0.000000,72.127899
0.983445,1.493834,0.000000,-1.095788,-1.095765,1.122848,0.257664,0.069687,0.065951,0.046044,0.382202,-1.000000,71.337547
0.099447,0.658875,-0.397811,0.136935,0.136915,0.422676,0.266034,-0.027354,-0.110648,-0.074960,0.108498,0.000000,71.435219
0.387157,0.649427,-0.324718,-0.459973,-0.459973,0.731864,0.835518,0.439615,0.320342,0.374753,0.477244,0.000000,71.106636
-0.486536,0.012468,-0.823358,0.112407,0.112403,0.354295,0.845808,0.321023,0.195230,0.232745,0.309484,0.000000,71.186562
0.249778,0.811791,-0.187339,-0.112280,-0.112277,0.179848,1.092795,0.388827,0.326587,0.353687,0.388667,0.000000,71.106636
-0.820798,0.149229,-0.957599,0.424633,0.424631,-0.223854,0.399203,0.030674,-0.078353,-0.071638,-0.081869,0.000000,71.408577
0.956579,0.956579,-0.604149,-1.193890,-1.193878,0.732532,1.203269,1.254452,1.096909,1.053736,1.097229,-1.000000,70.556046
-0.225990,0.251094,-0.615189,0.251737,0.251742,0.374125,0.818569,1.036183,0.820448,0.754281,0.815703,0.000000,70.733665
-0.138626,0.680531,-0.252043,-0.376653,-0.376671,0.549474,0.964093,1.433320,1.146194,1.084314,1.138180,0.000000,70.467232
-0.476853,1.229760,-0.476853,0.428486,0.428473,0.025113,0.341340,1.058283,0.656935,0.649027,0.697715,0.000000,70.769165
-0.037499,1.587496,-0.462504,0.389005,0.389021,-0.464999,-0.088749,0.454169,0.291251,0.253999,0.289582,0.000000,71.044472
-1.154795,0.135135,-2.297301,1.750003,1.750011,-1.697797,-1.689198,-1.380024,-1.302835,-1.399519,-1.422207,1.000000,72.287758
-0.550455,0.232418,-0.807344,0.429973,0.429968,-1.604897,-1.904588,-1.715800,-1.570644,-1.736516,-1.795723,0.000000,72.598572
0.246736,0.308414,-1.245984,-0.844039,-0.844084,-0.345387,-0.958507,-0.892298,-0.616166,-0.859073,-0.930956,-1.000000,71.985779
0.835305,1.171927,-0.087271,-1.048605,-1.048582,0.840305,0.108482,0.073992,0.512424,0.171569,0.137158,-1.000000,71.230949
-1.324993,0.000000,-1.656236,1.620749,1.620767,-0.397508,-1.353213,-1.425595,-1.154461,-1.332845,-1.402285,1.000000,72.385437
-2.144577,0.108429,-2.819272,1.827994,1.828009,-1.800022,-2.696402,-2.989572,-2.910856,-2.924350,-3.050215,1.000000,73.708649
-0.071819,0.442905,-0.395023,0.650604,0.650575,-2.006223,-2.859701,-3.339706,-3.367835,-3.344972,-3.536018,1.000000,74.188179
-0.393844,0.477385,-0.560927,0.299258,0.299281,-1.646985,-2.619658,-3.339311,-3.502813,-3.412827,-3.682230,0.000000,74.410210
-1.341017,0.611689,-1.423361,1.456022,1.456009,-1.929180,-3.391366,-4.339096,-4.664742,-4.516172,-4.891971,1.000000,75.493629
-0.599358,1.010696,-0.669878,0.094100,0.094107,-1.179924,-2.884007,-4.062365,-4.474673,-4.486541,-4.766715,0.000000,75.564674
0.434429,0.434429,-0.763181,0.094020,0.094010,-0.763173,-2.532577,-3.704740,-4.286712,-4.460246,-4.625250,0.000000,75.635712
-1.105290,0.023274,-1.687024,0.915814,0.915821,-1.102964,-2.928449,-4.089975,-4.813261,-5.082486,-5.229781,1.000000,76.328400
0.469697,1.045090,-0.551905,-0.919131,-0.919135,0.136211,-1.546503,-2.745424,-3.636685,-4.016909,-4.116173,-1.000000,75.626839
-0.942085,0.081414,-1.221218,0.962892,0.962899,-0.593169,-1.814381,-3.185245,-4.212032,-4.710868,-4.760026,1.000000,76.355049
0.736150,1.343773,-0.128536,-0.465226,-0.465217,-0.014034,-0.879890,-2.298059,-3.462270,-4.020110,-4.196864,0.000000,75.999832
1.002947,1.168139,-0.766964,-0.969855,-0.969889,0.866099,0.297367,-1.077660,-2.204109,-2.876674,-3.177951,-1.000000,75.262718
-2.053548,1.826641,-2.881780,3.999999,4.000036,-2.516461,-3.038359,-4.399076,-5.483902,-6.245983,-6.620159,1.000000,78.273254
0.635720,1.010338,-1.260067,-0.056731,-0.056747,-1.795883,-2.495169,-3.812761,-4.934153,-5.832664,-6.307178,0.000000,78.228836
0.813659,1.707538,-0.045841,-0.942211,-0.942214,-0.568415,-1.309877,-2.359229,-3.596148,-4.607377,-5.185266,-1.000000,77.491753
0.101872,0.101872,-0.803621,1.249136,1.249128,-1.168073,-2.158448,-3.047712,-4.312947,-5.424774,-6.052428,1.000000,78.459724
1.402300,1.988509,-0.229882,-1.528011,-1.527984,0.882744,-0.429900,-1.236797,-2.506338,-3.610130,-4.343309,-1.000000,77.260872
-0.137744,0.057386,-1.893942,0.137934,0.137912,0.509643,-0.432732,-1.098863,-2.332413,-3.399905,-4.205306,0.000000,77.367424
0.658579,0.820334,-0.161755,-0.654270,-0.654274,0.815719,0.383601,-0.234925,-1.372032,-2.430958,-3.328319,-1.000000,76.861229
0.560414,1.004086,-0.490367,-1.039862,-1.039848,1.499118,1.399877,0.863197,-0.018102,-1.127385,-2.095354,-1.000000,76.061989
-1.672467,0.023235,-1.753777,0.525389,0.525368,0.446012,0.930330,0.414266,-0.274080,-1.360724,-2.386740,0.000000,76.461594
-1.097142,0.308568,-1.382856,1.626019,1.626027,-1.046854,-0.370279,-1.014849,-1.612563,-2.660107,-3.641896,1.000000,77.704880
-0.677429,0.146773,-1.332281,1.222857,1.222855,-1.914866,-1.525341,-2.013464,-2.517208,-3.528048,-4.470277,1.000000,78.655098
-0.101052,0.235795,-0.550189,0.553232,0.553238,-1.890860,-1.958227,-2.260643,-2.757685,-3.699522,-4.632451,1.000000,79.090248
0.263455,0.687284,-0.137460,-1.976190,-1.976170,0.465039,0.022888,-0.189405,-0.666113,-1.433236,-2.419262,-1.000000,77.527290
1.345235,1.820712,-0.023198,-1.225659,-1.225665,1.741842,1.018195,1.099372,0.632598,0.008803,-0.967579,-1.000000,76.577065
-0.127027,0.681377,-0.588976,0.417480,0.417480,1.108672,0.550867,0.820722,0.296220,-0.241140,-1.179509,0.000000,76.896759
-0.161680,0.542790,-0.496584,0.000000,0.000000,0.651348,0.489659,0.701385,0.333176,-0.100245,-0.993191,0.000000,76.896759
0.743322,1.173058,-0.116142,-0.565883,-0.565908,0.536608,1.009309,1.120420,0.958788,0.575629,-0.234592,-1.000000,76.461594
0.481621,0.681313,-0.317157,-1.126598,-0.362803,0.550093,1.393148,1.374203,1.315189,0.978106,0.345400,0.000000,76.184189
0.364961,0.635744,-0.494473,-0.223182,-0.223181,0.626899,1.561083,1.386474,1.542754,1.227627,0.728979,0.000000,76.014160
-0.248255,0.933918,-0.248255,-0.412063,-0.412081,0.727342,1.716608,1.668619,1.991867,1.649939,1.233507,0.000000,75.700920
1.084232,1.084232,-0.285950,-0.780229,-0.780214,1.043718,2.044509,2.267750,2.583325,2.384392,2.070478,-1.000000,75.110291
-0.416426,0.582984,-0.666276,0.142980,0.142967,0.568713,1.383978,1.976078,2.236710,2.216466,1.960543,0.000000,75.217674
-0.605631,0.653133,-0.807505,0.190358,0.190366,0.159126,0.903870,1.720295,1.901077,1.969481,1.760941,0.000000,75.360863
0.550313,1.327911,-0.095698,-0.736258,-0.736244,0.579006,1.415528,2.327216,2.412671,2.661958,2.481901,-1.000000,74.806023
-0.472639,0.082713,-0.838945,1.244169,1.244154,-0.647519,0.016102,0.896508,1.053536,1.425416,1.226983,1.000000,75.736725
0.237780,0.392345,-0.380454,-0.614435,-0.614438,0.009514,0.418500,1.220595,1.539053,1.892942,1.805995,-1.000000,75.271370
1.605507,1.726221,-0.060351,-1.509933,-1.509927,1.250606,1.644136,2.326761,2.911842,3.234142,3.299673,-1.000000,74.134827
0.084950,0.934461,-0.570391,-0.531137,-0.531131,1.351933,1.855572,2.530854,3.303988,3.581927,3.733099,-1.000000,73.741074
-0.169163,0.857901,-0.338326,0.436893,0.436877,0.710492,1.149110,1.858590,2.692726,2.893924,3.194724,0.000000,74.063232
0.181359,0.556159,-0.495703,-0.060419,-0.060416,0.307101,0.982958,1.660927,2.505788,2.780906,3.201075,0.000000,74.018486
0.434468,1.158580,-0.241367,0.181359,0.181349,-0.176191,0.671022,1.230198,2.016643,2.421441,2.829032,0.000000,74.152718
-0.169429,0.665621,-0.278343,-0.277581,-0.277570,0.050832,0.779382,1.285252,1.952825,2.548879,2.922231,0.000000,73.946892
-0.967970,0.298757,-2.581266,1.270729,1.270742,-0.898675,-0.548529,-0.101190,0.497210,1.199315,1.514805,1.000000,74.886566
-0.585220,0.298579,-1.576495,0.059755,0.059742,-0.726147,-0.591189,-0.257179,0.327388,1.057202,1.297231,0.000000,74.931305
-1.190759,0.707378,-1.261495,1.301800,1.301811,-1.504370,-1.846272,-1.520876,-1.027111,-0.336219,-0.063985,1.000000,75.906769
0.708390,0.791034,-0.106253,-0.141480,-0.141479,-0.930344,-1.637550,-1.320746,-0.959275,-0.345715,0.008648,0.000000,75.799377
-0.283259,0.259641,-0.802549,0.035426,0.035420,-0.469727,-1.449315,-1.302181,-1.036239,-0.553184,-0.072261,0.000000,75.826225
0.118224,0.248265,-0.425574,-0.165239,-0.165253,-0.089828,-1.027294,-1.108863,-0.904347,-0.485078,0.077247,0.000000,75.700920
-0.035418,0.425031,-0.365995,0.130040,0.130061,0.009442,-0.926806,-1.149947,-1.047232,-0.655379,-0.081867,0.000000,75.799377
-0.564377,0.141088,-0.576138,0.413230,0.413229,-0.348039,-1.059387,-1.523820,-1.427406,-1.105421,-0.562792,0.000000,76.112602
-0.362071,0.256941,-0.724133,0.670194,0.670183,-0.796542,-1.395700,-2.061824,-1.984934,-1.778091,-1.313183,1.000000,76.622696
1.353115,1.459944,-0.035607,-1.600097,-1.600106,0.702680,0.400014,-0.357654,-0.379217,-0.237377,0.128292,-1.000000,75.396652
-0.118538,0.450447,-0.462304,0.130565,0.130587,0.516825,0.349683,-0.332712,-0.500248,-0.403994,-0.092018,0.000000,75.495110
0.035543,0.284357,-0.473936,0.047417,0.047406,0.398106,0.381518,-0.250396,-0.499409,-0.476779,-0.185527,0.000000,75.530899
-0.494000,0.364626,-0.611617,0.734591,0.734597,-0.341097,-0.326982,-0.796676,-1.202071,-1.182311,-0.948945,1.000000,76.085747
-0.269672,0.539335,-0.949699,0.317577,0.317586,-0.733978,-0.573351,-0.920793,-1.445670,-1.431366,-1.287388,0.000000,76.327385
-0.523131,0.220881,-1.278771,0.855899,0.855884,-1.164837,-1.267142,-1.498870,-2.097182,-2.176234,-2.102608,1.000000,76.980659
-0.859599,0.630376,-0.985674,1.429904,1.429901,-1.895697,-2.354149,-2.614704,-3.199423,-3.415928,-3.401716,1.000000,78.081406
0.196121,1.026765,-0.403782,-0.653295,-0.653295,-0.724500,-1.483613,-1.747419,-2.336752,-2.638206,-2.699582,-1.000000,77.571304
-0.276750,0.322877,-0.714948,0.046148,0.046158,-0.378234,-1.336491,-1.646685,-2.150606,-2.586723,-2.662599,0.000000,77.607109
-0.241944,0.334093,-0.288018,0.092253,0.092252,-0.122127,-1.291481,-1.576043,-2.013831,-2.552542,-2.642097,0.000000,77.678703
-0.628216,0.011416,-0.833813,0.864055,0.864037,-0.628203,-1.760126,-2.204445,-2.572233,-3.172120,-3.342842,1.000000,78.349876
0.171109,0.216740,-0.479131,0.125644,0.125644,-0.659359,-1.506951,-2.093686,-2.467479,-3.053609,-3.332945,0.000000,78.448318
-1.448625,0.011224,-1.448625,1.585671,1.585685,-1.677713,-2.522182,-3.296279,-3.691188,-4.284339,-4.637474,1.000000,79.692261
0.157550,0.967815,-0.247583,-0.213366,-0.213347,-0.985838,-1.881629,-2.803680,-3.257952,-3.802855,-4.274909,0.000000,79.522240
-0.281532,0.394143,-0.653155,-0.067520,-0.067542,-0.468467,-1.420045,-2.499248,-2.961711,-3.470269,-4.034159,0.000000,79.468529
1.148633,1.596599,-0.011481,-1.959465,-1.959457,1.408226,0.669652,-0.335401,-0.888469,-1.337469,-1.954592,-1.000000,77.911377
0.345268,0.897686,-0.886173,-0.195266,-0.195251,1.429384,0.825166,0.053692,-0.562221,-0.996679,-1.590534,0.000000,77.759254
-2.016221,1.374185,-2.320340,2.175164,2.175144,-0.790710,-1.084699,-1.747387,-2.449310,-2.876771,-3.459486,1.000000,79.450630
-0.349215,0.563253,-0.844880,-0.011266,-0.011254,-0.799823,-0.842632,-1.454702,-2.228801,-2.687852,-3.221066,0.000000,79.441689
-1.978886,0.307827,-2.088831,2.467052,2.467043,-2.713278,-2.772647,-3.411757,-4.289249,-4.755498,-5.254326,1.000000,81.401550
-1.588164,0.348091,-1.718701,1.066404,1.066399,-2.680294,-3.322088,-4.002317,-4.881428,-5.447186,-5.916818,1.000000,82.269615
0.909890,1.677263,-0.153474,-0.772326,-0.772328,-0.973467,-2.179340,-2.964989,-3.765069,-4.420518,-4.909008,-1.000000,81.634224
1.431108,1.486581,-0.377187,-1.183953,-1.183958,0.514764,-0.886386,-1.546472,-2.293644,-3.033937,-3.532643,-1.000000,80.667709
0.604298,0.940013,-0.134292,-0.865318,-0.865304,1.524164,0.034686,-0.490157,-1.197969,-1.994634,-2.521268,-1.000000,79.969688
-0.501222,0.077967,-0.857649,0.470007,0.469987,0.786377,-0.324110,-0.734372,-1.410099,-2.267750,-2.788654,0.000000,80.345535
0.022068,0.960161,-0.860831,0.924484,0.924496,-0.428212,-0.845379,-1.418531,-2.059925,-2.882240,-3.462824,1.000000,81.088326
-1.083860,0.087587,-1.532728,0.805645,0.805642,-1.197719,-1.150639,-1.937804,-2.618777,-3.352738,-3.988020,1.000000,81.741608
-0.924120,0.739292,-1.054578,0.700686,0.700679,-1.485102,-1.490535,-2.407760,-3.008253,-3.695577,-4.392250,1.000000,82.314354
-0.260302,0.596533,-0.694142,0.239176,0.239186,-1.104123,-1.353577,-2.399127,-2.942510,-3.613877,-4.361889,0.000000,82.511238
-1.163167,0.280025,-1.260095,0.704990,0.704999,-1.135172,-1.840610,-2.791603,-3.296180,-3.962954,-4.771857,1.000000,83.092941
-0.782670,0.096498,-0.889884,0.452341,0.452339,-1.009975,-2.138955,-2.785462,-3.425002,-4.084486,-4.878310,0.000000,83.468803
-0.010715,0.739157,-0.192823,0.085774,0.085783,-0.664178,-1.994657,-2.407439,-3.203008,-3.905312,-4.638824,0.000000,83.540405
1.038511,1.384681,-0.162268,-0.974822,-0.974838,0.413244,-0.781047,-1.182748,-2.066743,-2.710079,-3.410137,-1.000000,82.726021
0.118984,0.638187,-0.432660,0.010812,0.010808,0.456475,-0.457537,-0.928060,-1.883169,-2.472676,-3.152683,0.000000,82.734962
-0.054015,0.972343,-0.194470,0.118984,0.119013,0.274402,-0.275515,-0.930586,-1.796689,-2.339688,-3.005995,0.000000,82.833427
1.013293,1.078664,-0.032686,-0.842696,-0.842717,0.801923,0.699501,-0.099512,-0.704944,-1.325340,-1.972467,-1.000000,82.135376
0.403757,1.178527,-0.283721,-0.152539,-0.152551,0.582727,0.886089,0.083673,-0.294072,-1.000858,-1.663015,0.000000,82.010078
0.840153,1.094404,-0.176869,-1.287647,-0.500454,0.812558,1.305932,0.663205,0.339101,-0.409420,-1.003850,-1.000000,81.599655
-0.143525,0.287032,-0.640320,0.132659,0.132655,0.427604,1.073404,0.671670,0.344850,-0.434358,-0.967705,0.000000,81.707901
-0.984792,0.339203,-1.137981,0.894234,0.894233,-0.558290,0.098205,-0.051331,-0.481618,-1.172707,-1.652974,1.000000,82.438560
0.653527,0.952592,-0.520604,-1.214575,-1.214588,0.492922,1.079475,1.206125,0.690879,0.215579,-0.317405,-1.000000,81.437271
-0.763697,0.392748,-0.861882,1.528583,1.528600,-0.857524,-0.546169,-0.241786,-0.761739,-1.055093,-1.647526,1.000000,82.682121
1.059017,1.103144,-0.209601,-1.101900,-1.101897,0.289016,0.445134,0.825400,0.411413,0.160833,-0.466968,-1.000000,81.771049
0.297558,0.473881,-0.528980,0.099279,0.099274,0.224819,0.237673,0.671731,0.426826,0.179298,-0.470794,0.000000,81.852226
-1.307195,0.054461,-1.633987,1.168178,1.168175,-0.843138,-0.922780,-0.513618,-0.584079,-0.909501,-1.485602,1.000000,82.808403
0.515466,0.789649,-0.636107,-0.675385,-0.675390,0.028525,-0.235242,0.064011,0.162498,-0.236699,-0.639924,-1.000000,82.249123
0.813542,0.923487,-0.373786,-0.241282,-0.241286,0.116546,0.011006,0.184994,0.423594,0.024900,-0.225261,0.000000,82.050667
-1.518604,0.032540,-1.616233,1.352246,1.352256,-0.885132,-1.135699,-1.116881,-0.865415,-1.189757,-1.407778,1.000000,83.160202
-1.524846,0.821075,-1.631477,1.724696,1.724701,-1.917258,-2.470679,-2.646862,-2.423071,-2.646365,-2.876331,1.000000,84.594467
-0.700195,0.678973,-1.177594,0.511839,0.511835,-1.894763,-2.662849,-2.970587,-2.806203,-2.921863,-3.228766,0.000000,85.027451
-0.063282,0.274235,-0.453540,0.583488,0.583495,-1.698138,-2.749713,-3.269350,-3.249904,-3.277583,-3.663320,1.000000,85.523582
0.709218,0.857413,-0.042343,-0.358609,-0.358608,-0.601254,-2.102262,-2.670343,-2.803337,-2.766354,-3.176468,0.000000,85.216888
1.221864,1.693455,-0.846732,-1.238486,-1.238501,0.883179,-0.590564,-1.246869,-1.499180,-1.459224,-1.823894,-1.000000,84.161476
-0.577294,0.053448,-1.849479,0.257233,0.257252,0.573008,-0.546302,-1.289300,-1.654564,-1.623577,-1.901657,0.000000,84.377983
-0.148038,0.909379,-0.856506,1.101132,1.101126,-0.456805,-1.336581,-2.140218,-2.580691,-2.591207,-2.776208,1.000000,85.307091
0.797194,1.105443,-0.584612,-0.518133,-0.518121,-0.093548,-0.514471,-1.361269,-1.912485,-2.018071,-2.121504,-1.000000,84.865097
-0.348950,0.465266,-0.719045,0.520831,0.520820,-0.590037,-0.648197,-1.667198,-2.227454,-2.442897,-2.489313,0.000000,85.307091
0.852155,1.086499,-0.085209,-0.729621,-0.729625,0.264177,0.262043,-0.715094,-1.326690,-1.633349,-1.679322,-1.000000,84.684669
-0.919568,0.116267,-1.289506,0.777593,0.777592,-0.283264,-0.423842,-1.208469,-1.875066,-2.270093,-2.327347,1.000000,85.343170
-0.285055,0.158364,-0.665124,0.116267,0.116296,-0.367419,-0.490944,-1.117707,-1.813266,-2.261477,-2.349145,0.000000,85.442421
-0.491530,0.533355,-0.669316,0.950171,0.950147,-0.983059,-1.342817,-1.738832,-2.458173,-2.990385,-3.160595,1.000000,86.254250
0.790639,0.790639,-0.421676,-0.794815,-0.794816,-0.128607,-0.511278,-0.677489,-1.508013,-2.046808,-2.305721,-1.000000,85.568687
0.893233,0.935769,-0.808169,-0.864432,-0.864425,0.776265,0.434918,0.319716,-0.468958,-1.040417,-1.371227,-1.000000,84.829010
0.084569,0.687106,-0.169129,0.595488,0.595492,0.177591,-0.047572,-0.216355,-0.854131,-1.456246,-1.853546,1.000000,85.334160
-0.147352,0.947271,-0.431538,0.433408,0.433414,-0.193674,-0.432598,-0.594337,-1.113058,-1.729099,-2.165444,0.000000,85.704010
0.947816,1.469645,-0.021305,-1.168298,-1.168329,0.619826,0.725257,0.516169,0.200760,-0.413192,-0.907869,-1.000000,84.702705
-2.694298,0.072539,-3.129531,2.768901,2.768896,-1.751276,-1.788579,-2.051792,-2.211897,-2.895733,-3.384784,1.000000,87.048035
0.165919,0.912577,-0.798503,-0.072539,-0.072509,-1.184288,-1.452873,-1.764326,-1.921091,-2.585512,-3.108310,0.000000,86.984917
0.386344,0.918873,-0.616056,-0.684437,-0.684440,-0.258957,-0.652604,-0.932095,-1.141277,-1.704086,-2.259933,-1.000000,86.389557
0.451918,1.177084,-0.136632,-0.647379,-0.647368,0.420369,0.039921,-0.245943,-0.450359,-0.922773,-1.491349,-1.000000,85.830299
-0.270526,0.447404,-0.676310,1.008932,1.008912,-0.122773,-0.908330,-1.101511,-1.377064,-1.707208,-2.273088,1.000000,86.696251
-1.223771,0.020572,-1.326616,1.175733,1.175726,-1.131206,-1.815083,-2.067722,-2.380694,-2.591102,-3.217458,1.000000,87.715561
-0.796657,0.040847,-1.205189,0.689023,0.689028,-1.505462,-2.091715,-2.463484,-2.813295,-3.024000,-3.632588,1.000000,88.319946
1.004247,1.604724,-0.041405,-1.348185,-1.348171,0.010350,-0.547680,-0.993894,-1.327262,-1.582362,-2.113751,-1.000000,87.129242
-0.041375,0.589574,-0.165498,0.093181,0.093177,0.233756,-0.467527,-0.950906,-1.309993,-1.573854,-2.036620,0.000000,87.210426
0.197201,0.581221,-0.311360,-0.341334,-0.341339,0.626882,0.127662,-0.561145,-0.854173,-1.172803,-1.522225,0.000000,86.912743
-0.093297,1.015856,-0.238419,0.124549,0.124544,0.342080,0.000006,-0.573576,-0.879024,-1.212807,-1.454334,0.000000,87.020988
0.103422,0.424031,-0.910129,0.228051,0.228038,-0.138574,-0.200626,-0.617077,-0.959234,-1.297325,-1.523409,0.000000,87.219429
-0.993141,0.255964,-1.003375,1.013544,1.013547,-0.919412,-1.007460,-1.404715,-1.796338,-2.118545,-2.378742,1.000000,88.103439
0.812173,1.562665,-0.514033,-0.409543,-0.409538,-0.390663,-0.382434,-0.844376,-1.261426,-1.605004,-1.874152,0.000000,87.742622
-0.571600,0.193940,-0.622640,0.719650,0.719658,-0.771674,-0.904363,-1.275903,-1.846995,-2.149229,-2.467762,1.000000,88.374069
0.050079,1.652481,-0.160236,1.918952,1.918959,-1.962956,-2.508770,-2.911038,-3.445172,-3.780073,-4.124523,1.000000,90.069931
0.250075,0.380111,-0.610183,0.120183,0.120171,-1.424428,-2.419724,-2.791501,-3.264475,-3.651890,-4.017199,0.000000,90.178169
1.602204,1.653233,-0.520456,-1.980597,-1.980578,0.632706,-0.305148,-0.676272,-1.136863,-1.567109,-1.926397,-1.000000,88.392120
-0.224598,0.296070,-0.541091,-0.040822,-0.040843,0.812671,-0.134756,-0.445117,-0.946392,-1.394987,-1.771300,0.000000,88.356018
-0.235034,0.827710,-0.439404,-0.091880,-0.091857,0.882881,0.111365,-0.234366,-0.652990,-1.212768,-1.552232,0.000000,88.274857
-1.349994,0.050369,-1.470884,1.430616,1.430594,-0.658870,-1.019543,-1.505806,-1.915168,-2.428768,-2.783257,1.000000,89.537712
0.629509,0.883341,-0.060918,-0.775744,-0.775723,-0.182767,-0.062963,-0.696530,-1.043773,-1.485239,-1.867205,-1.000000,88.843147
1.681805,2.073877,-0.113496,-1.594070,-1.594087,1.213378,1.478544,0.934795,0.618555,0.206360,-0.198096,-1.000000,87.426910
1.440355,1.471666,-0.135683,-1.145274,-1.145278,1.939265,2.501836,2.043634,1.818710,1.400695,0.996077,-1.000000,86.425629
0.083266,0.541211,-0.353876,0.281812,0.281806,1.282271,2.017079,1.738141,1.531023,1.206503,0.728222,0.000000,86.669182
-0.797024,0.631405,-0.797024,0.551623,0.551624,0.178041,1.122045,1.189668,0.941421,0.655841,0.236009,1.000000,87.147270
0.373948,1.277660,-0.041544,-0.351935,-0.351917,0.070625,1.094832,1.517946,1.212728,1.004669,0.667215,0.000000,86.840584
-0.372671,0.269154,-0.703934,0.342787,0.342784,-0.337481,0.605586,1.097304,0.867489,0.693992,0.392335,0.000000,87.138260
1.900742,1.900742,-0.042231,-1.966875,-1.966880,1.427667,2.280890,2.944741,2.786696,2.695249,2.395637,-1.000000,85.424355
-1.692105,0.238758,-2.190388,1.721230,1.721233,-0.236691,0.391357,1.089307,1.046396,0.966671,0.747079,1.000000,86.894707
0.394687,0.540096,-0.342752,-0.051908,-0.051917,-0.253420,0.133990,0.894620,1.089016,0.979233,0.791795,0.000000,86.849594
-0.413908,0.444951,-0.444950,0.373909,0.373926,-0.548435,-0.430474,0.289037,0.709841,0.550486,0.423556,0.000000,87.174347
0.155507,0.622018,-0.031100,-0.186258,-0.186266,-0.391873,-0.292352,0.370445,0.835059,0.732736,0.634803,0.000000,87.011971
0.745883,1.201702,-0.072516,0.072569,0.072557,-0.084937,-0.290056,0.199603,0.723620,0.653484,0.609492,0.000000,87.075104
-0.852508,0.164334,-1.088741,0.859838,0.859836,-0.725136,-1.008618,-0.688843,-0.166382,-0.163097,-0.205414,1.000000,87.823807
0.176072,0.745721,-0.611086,-0.831962,-0.087941,-0.433309,-0.853189,-0.737516,-0.210901,-0.042146,-0.116398,0.000000,87.746574
-0.780611,0.102710,-1.057928,0.838941,0.838927,-0.965920,-1.492452,-1.590485,-1.136902,-0.816635,-0.941246,1.000000,88.482704
-0.030868,0.607118,-0.565963,-0.184882,-0.184866,-0.486493,-1.176303,-1.340875,-0.957932,-0.623171,-0.712873,0.000000,88.319130
0.010286,0.494025,-0.308772,-0.020576,-0.020586,-0.188352,-0.830184,-1.178975,-0.940657,-0.577417,-0.651263,0.000000,88.300949
-0.318535,0.102752,-0.739829,0.164673,0.164665,-0.211663,-0.817780,-1.207477,-1.093811,-0.737594,-0.756789,0.000000,88.446350
-0.501174,0.357989,-0.634136,0.462389,0.462398,-0.421396,-1.048556,-1.534037,-1.587445,-1.249146,-1.144762,0.000000,88.855324
0.646550,1.159686,-0.123155,-0.337522,-0.337519,-0.067738,-0.557489,-1.071472,-1.270404,-0.988013,-0.759688,0.000000,88.555420
0.726297,1.037560,-0.404647,-1.087854,-1.087857,0.865327,0.602427,0.051104,-0.175127,0.064406,0.312317,-1.000000,87.592064
0.271458,0.762166,-0.167045,-0.622534,-0.622523,1.209011,1.229371,0.802104,0.485878,0.631070,0.914051,-1.000000,87.046783
0.821916,1.032661,-0.748156,-0.918769,-0.918768,1.637504,1.985236,1.686765,1.393197,1.470162,1.767607,-1.000000,86.247025
-0.752982,0.460150,-1.401385,0.758694,0.758684,0.422508,1.120057,0.925065,0.615587,0.584772,0.879788,1.000000,86.901367
-1.177929,0.423644,-1.787555,1.213131,1.213143,-0.917549,-0.151899,-0.225409,-0.527008,-0.661202,-0.413591,1.000000,87.955605
-0.205851,1.101275,-0.679296,0.392648,0.392634,-1.144499,-0.544462,-0.518309,-0.850209,-1.010121,-0.806513,0.000000,88.300949
-1.299230,0.194375,-1.350384,0.607242,0.607235,-1.338095,-1.084389,-0.986521,-1.256566,-1.499013,-1.387163,1.000000,88.837143
-1.936002,0.040125,-1.996193,1.984657,1.984677,-2.297130,-2.771601,-2.709075,-2.973665,-3.242338,-3.220665,1.000000,90.600273
-0.209672,0.638977,-0.888585,0.471464,0.471447,-1.849037,-2.989211,-2.925316,-3.199465,-3.525854,-3.620236,0.000000,91.027405
0.510053,0.510053,-0.240022,-0.169734,-0.169724,-1.040105,-2.569256,-2.584925,-2.831391,-3.184343,-3.381925,0.000000,90.872910
0.481787,0.602234,-0.572116,-0.360037,-0.360032,-0.186695,-1.890998,-2.068992,-2.285151,-2.683985,-2.917996,0.000000,90.545738
-0.962971,0.367314,-1.221089,1.104091,1.104077,-0.684995,-2.470957,-2.902144,-3.108058,-3.479241,-3.791730,1.000000,91.545433
-1.277644,0.127761,-1.454548,1.012605,1.012614,-1.275678,-2.775432,-3.585259,-3.828012,-4.205555,-4.546994,1.000000,92.472435
0.069033,0.276132,-0.601579,-0.343978,-0.343986,-0.690332,-1.869819,-3.013803,-3.256901,-3.644643,-4.036404,0.000000,92.154343
-0.009844,0.600395,-0.344486,0.197235,0.197245,-0.568900,-1.588586,-2.931761,-3.238684,-3.610718,-4.026926,0.000000,92.336113
-0.966047,0.029273,-1.600319,0.866147,0.866139,-0.866511,-1.914521,-3.368461,-3.810988,-4.175404,-4.636394,1.000000,93.135872
0.975855,0.995566,-0.137998,-1.005080,-1.005079,0.281916,-0.553963,-2.014781,-2.622963,-2.980184,-3.423228,-1.000000,92.199783
1.434303,1.745241,-0.270809,-1.724988,-1.724992,1.630899,1.192585,0.026087,-0.794375,-1.154255,-1.591391,-1.000000,90.609344
1.354105,1.354105,-0.997763,-1.484449,-1.484437,2.514755,2.519846,1.709760,0.723369,0.403169,-0.018394,-1.000000,89.264305
-0.416331,0.517867,-0.416331,0.264714,0.264717,1.610468,2.095845,1.556310,0.510244,0.183578,-0.195725,0.000000,89.500603
-0.647118,0.495447,-0.798788,0.426482,0.426459,0.455015,1.588484,1.242343,0.210831,-0.172284,-0.513095,0.000000,89.882286
-0.060715,0.445204,-0.526160,-0.070779,-0.070766,-0.004049,1.468176,1.386892,0.436101,-0.033999,-0.340823,0.000000,89.818680
-0.784785,0.342091,-0.814968,0.566627,0.566615,-0.629830,0.659032,0.795531,0.096099,-0.513922,-0.809928,1.000000,90.327606
0.394059,0.656767,-0.272814,-0.422576,-0.422554,-0.056593,0.840648,1.143096,0.690097,-0.043256,-0.307512,0.000000,89.945923
1.252311,1.642372,-0.030793,-1.566134,-1.566137,1.315945,2.016008,2.576468,2.324979,1.546290,1.280704,-1.000000,88.537247
-0.762815,0.122052,-1.017087,0.923837,0.923828,0.270547,0.659074,1.548686,1.447316,0.695690,0.392258,1.000000,89.355179
-0.222854,0.212722,-0.850895,0.406836,0.406831,-0.158019,-0.025319,1.001490,1.085398,0.406812,0.038160,0.000000,89.718704
1.988107,1.988107,-0.020500,-1.154780,-1.154775,0.637426,0.925394,1.896562,2.158227,1.689689,1.215753,-1.000000,88.682655
-0.860497,0.080990,-1.538770,1.229757,1.229752,-0.623603,-0.243971,0.481885,0.847343,0.582310,0.020253,1.000000,89.773232
0.212808,0.283744,-0.557360,-0.101234,-0.101243,-0.267522,-0.122608,0.386447,0.883171,0.761262,0.163505,0.000000,89.682343
0.508388,0.762583,-0.040671,-0.334416,-0.334407,0.073209,0.156588,0.443319,1.156589,1.147743,0.566351,0.000000,89.382439
-0.030459,0.395978,-0.324906,0.142349,0.142366,-0.115761,-0.020319,0.100168,0.899065,1.034003,0.515101,0.000000,89.509689
-0.060775,0.384924,-0.324148,0.233529,0.233511,-0.117503,-0.321106,-0.199213,0.510538,0.759323,0.409918,0.000000,89.718704
0.111733,0.609453,-0.152356,-0.273505,-0.273495,0.089381,-0.100562,0.090060,0.636361,0.966174,0.781105,0.000000,89.473328
-1.114683,0.180759,-1.486246,1.147796,1.147786,-0.865633,-1.017272,-0.972081,-0.607047,-0.196020,-0.268793,1.000000,90.500290
0.640241,1.006094,-1.117885,-1.184977,-1.184963,0.333326,0.177834,0.181561,0.377530,0.950802,0.969163,-1.000000,89.427895
1.889151,2.242064,-0.602028,-2.093502,-2.093506,2.032386,2.072865,2.151407,2.258666,2.927132,3.079371,-1.000000,87.555717
1.863883,2.226013,-0.095853,-2.543074,-2.543084,3.665999,4.343386,4.426463,4.617644,5.278098,5.563254,-1.000000,85.329102
-0.341079,1.172456,-0.575571,-0.074554,-0.074543,2.756337,3.892554,4.138414,4.461196,5.033462,5.416749,0.000000,85.265495
-0.116960,0.095690,-2.402979,0.245153,0.245134,1.329091,3.146209,3.644879,3.970238,4.455512,4.948442,0.000000,85.474510
1.155641,1.501250,-0.270008,-1.552373,-1.552370,1.671897,4.150571,4.866629,5.268942,5.675357,6.349872,-1.000000,84.147629
0.238226,0.725500,-0.595555,-0.259205,-0.259190,1.072001,3.756357,4.679295,5.191658,5.555816,6.323764,0.000000,83.929527
-1.202517,0.340534,-1.457915,1.754199,1.754190,-0.653400,1.462171,2.618567,3.089818,3.492181,4.214823,1.000000,85.401810
-1.393393,0.052387,-1.456259,1.574966,1.574971,-1.852281,-0.425353,0.794832,1.306968,1.771400,2.391132,1.000000,86.746864
0.611236,0.927388,-0.126464,-0.586693,-0.586697,-1.096006,-0.331960,1.123410,1.771528,2.220680,2.759691,-1.000000,86.237923
0.084300,0.516330,-0.316126,0.010542,0.010555,-0.619610,-0.711288,0.870378,1.580598,2.041294,2.482601,0.000000,86.247025
-0.689299,0.574416,-0.731067,0.895678,0.895682,-0.791655,-1.654322,-0.215853,0.523746,1.006775,1.374399,1.000000,87.019524
-0.602974,0.114358,-0.602974,0.459532,0.459511,-0.783857,-1.865054,-0.847622,-0.008312,0.411691,0.789069,0.000000,87.419388
0.031134,1.079063,-0.352766,0.197521,0.197526,-0.786463,-1.792899,-1.186272,-0.329939,0.106251,0.526740,0.000000,87.592064
0.468064,1.081757,-0.260037,-0.249012,-0.248997,-0.278767,-1.330362,-1.178154,-0.213242,0.302880,0.696542,0.000000,87.373962
-0.832304,0.061649,-1.048086,1.227378,1.227354,-0.990535,-2.040679,-2.450326,-1.476048,-0.954368,-0.578494,1.000000,88.446350
-0.532021,0.102310,-0.767342,0.431564,0.431586,-1.008808,-1.910177,-2.774036,-1.937803,-1.420103,-1.042912,0.000000,88.828072
-0.214263,0.632583,-0.234673,0.276247,0.276237,-0.910113,-1.768188,-2.761626,-2.244161,-1.674118,-1.362449,0.000000,89.073448
0.348222,0.798852,-0.634988,-0.377516,-0.377523,-0.276517,-1.171642,-2.132316,-1.915191,-1.348211,-1.034063,0.000000,88.737175
-0.356522,0.397270,-0.448197,0.542809,0.542827,-0.401353,-1.371097,-2.380912,-2.516561,-1.901607,-1.542910,0.000000,89.218864
1.406122,1.571544,-0.062032,-1.477027,-1.477027,0.967736,0.295691,-0.632763,-1.141966,-0.498355,-0.122012,-1.000000,87.901077
-0.753427,0.123855,-0.918566,0.175763,0.932329,0.010854,-0.439023,-1.190622,-1.989485,-1.453045,-1.082102,1.000000,88.720604
-0.881781,0.184559,-1.179126,0.660543,0.660542,-0.593202,-0.881027,-1.547525,-2.409948,-2.118174,-1.707918,1.000000,89.306641
-0.711018,0.050790,-0.924323,0.943297,0.943292,-1.208901,-1.523629,-2.215942,-3.051043,-3.002873,-2.612538,1.000000,90.149063
1.090196,1.326745,-0.401118,-1.239202,-1.239182,-0.011327,-0.101792,-0.779800,-1.634811,-1.851790,-1.414939,-1.000000,89.031952
-0.184426,0.481559,-0.358605,0.380536,0.380518,-0.061470,-0.377049,-0.922905,-1.715474,-2.226405,-1.789088,0.000000,89.370735
0.298256,0.637658,-0.473111,-0.379093,-0.379076,0.388755,0.024934,-0.395209,-1.054933,-1.788034,-1.433263,0.000000,89.031952
-0.684230,0.000000,-0.857839,0.709652,0.709631,-0.238959,-0.614037,-0.930182,-1.514467,-2.286692,-2.129837,1.000000,89.663750
0.678737,0.781573,-0.257096,-0.694444,-0.694437,0.209795,0.115094,-0.128903,-0.696935,-1.433778,-1.461620,-1.000000,89.041092
1.128529,1.431560,-0.083588,-1.583711,-1.583723,1.502624,1.544947,1.497780,0.980539,0.250789,0.014922,-1.000000,87.630928
-0.010460,0.648395,-0.439245,-0.083588,-0.083572,1.173386,1.590663,1.515013,1.139847,0.490427,0.027378,0.000000,87.557693
-0.572027,0.260010,-1.248055,0.554276,0.554279,0.391044,0.953709,0.895992,0.640464,0.123385,-0.505548,1.000000,88.043007
1.540919,1.742827,-0.085017,-2.132089,-2.132093,1.766205,2.788522,2.869092,2.760219,2.340083,1.694350,-1.000000,86.165848
0.276069,0.722023,-0.435340,0.085018,0.085019,1.029940,2.247822,2.588596,2.594485,2.229597,1.645597,0.000000,86.239105
-1.135282,0.378431,-1.356040,1.008704,1.008720,-0.098821,1.005977,1.402627,1.554721,1.248685,0.693063,1.000000,87.109016
0.356801,0.975968,-0.514218,0.168195,0.168171,-0.335808,0.593982,1.183060,1.315984,1.124932,0.642738,0.000000,87.255508
0.718968,1.131317,-0.296045,-0.745093,-0.745089,0.080357,1.068935,1.779798,1.948222,1.864930,1.501235,-1.000000,86.605377
-0.147151,0.367878,-0.641160,0.592088,0.592079,-0.290087,0.181849,1.013255,1.235940,1.251528,0.969476,1.000000,87.118149
0.042275,0.644684,-0.433316,-0.546559,-0.546566,0.350889,0.455520,1.298542,1.671391,1.764114,1.520339,-1.000000,86.641991
0.074035,0.592277,-0.380752,-0.073980,-0.073968,0.302481,0.408252,1.184559,1.594131,1.802663,1.608576,0.000000,86.577904
0.679550,0.679550,-0.265449,-0.391331,-0.391323,0.460812,0.649817,1.339984,1.896896,2.100227,2.007449,0.000000,86.239105
1.052184,1.460169,-0.021469,-1.104269,-1.104274,1.273349,1.450506,2.178800,2.833371,3.074195,3.078747,-1.000000,85.286789
-0.278256,0.267551,-0.834758,0.322099,0.322104,0.584325,1.054146,1.531101,2.284348,2.579071,2.675412,0.000000,85.561501
-0.662388,0.106837,-1.100425,0.171229,0.171230,0.194443,0.819441,1.098288,1.850425,2.262354,2.426628,0.000000,85.708008
-0.042609,1.107798,-0.404769,0.299144,0.299139,-0.247119,0.385600,0.667523,1.368239,1.805926,2.066487,0.000000,85.964394
-0.646941,1.124188,-0.646941,0.436732,0.436715,-0.657532,-0.156949,0.135767,0.751951,1.290927,1.541358,0.000000,86.339813
0.319935,1.002455,-0.170626,-0.551494,-0.551476,0.027727,0.310332,0.521845,1.126160,1.719528,1.989357,-1.000000,85.863670
-0.031843,0.169793,-0.933890,0.490568,0.490577,-0.292914,-0.275935,0.040314,0.436684,1.082870,1.383738,0.000000,86.284897
0.726022,1.259868,-0.288282,-0.604902,-0.604924,0.326719,0.228494,0.612151,0.856831,1.493496,1.885166,-1.000000,85.762939
0.333267,1.257799,-0.053748,-0.683330,-0.683321,0.832082,0.753607,1.153161,1.406693,2.010756,2.427979,-1.000000,85.176903
-2.182125,0.115401,-2.287034,2.472590,2.472585,-1.384803,-1.557904,-1.285489,-1.055909,-0.546363,-0.067135,1.000000,87.282974
1.880545,2.521638,0.000000,-1.814943,-1.814935,0.399616,0.309863,0.468712,0.636288,1.136449,1.662574,-1.000000,85.698845
0.363136,1.815663,-0.042722,0.042741,0.042759,0.228541,0.287284,0.318257,0.568178,0.909949,1.480279,0.000000,85.735489
1.034593,2.327833,-0.086218,-0.897144,-0.897155,0.948370,1.107868,1.094936,1.403698,1.631632,2.195630,-1.000000,84.966309
-0.289261,1.521326,-0.932071,0.592731,0.592715,0.422125,0.454263,0.412839,0.710317,0.931660,1.454551,1.000000,85.469917
1.590066,2.036596,-1.622738,-1.628451,-1.628444,1.322155,1.848182,1.903725,2.188520,2.436943,2.924200,-1.000000,84.078087
-2.752490,0.546208,-3.073796,1.688089,1.688087,-0.406981,0.114597,0.228481,0.427330,0.617328,1.077790,1.000000,85.497398
-0.519892,0.350135,-1.973476,0.942484,0.942495,-1.205313,-0.818046,-0.650053,-0.557569,-0.315765,0.004235,1.000000,86.303207
-0.882998,0.105126,-0.988116,0.933684,0.933695,-1.627261,-1.581009,-1.461876,-1.450662,-1.197956,-0.994795,1.000000,87.109016
-0.324537,0.115159,-0.858459,0.409965,0.409956,-1.572447,-1.721110,-1.749728,-1.802247,-1.585016,-1.405297,0.000000,87.466125
-1.067025,0.652652,-1.253495,1.057372,1.057373,-1.626439,-2.624060,-2.623026,-2.707975,-2.563358,-2.405479,1.000000,88.390968
-0.511247,0.511247,-1.124750,1.315657,1.315645,-1.997948,-3.458074,-3.612814,-3.733129,-3.696934,-3.616565,1.000000,89.553879
-0.366003,0.427001,-0.823503,0.572595,0.572593,-1.720202,-3.526834,-3.881655,-4.031107,-4.114271,-4.020940,1.000000,90.066658
0.152923,0.917527,-0.265057,-0.274507,-0.274498,-0.846159,-2.720969,-3.316001,-3.538078,-3.708839,-3.623884,0.000000,89.819427
-0.706140,0.000000,-1.382019,1.060252,1.060248,-1.158072,-3.157465,-3.919429,-4.285280,-4.534246,-4.500487,1.000000,90.771736
0.405682,0.892500,-1.095336,-0.534650,-0.534661,-0.206888,-1.949277,-3.181191,-3.552220,-3.841774,-3.875244,-1.000000,90.286415
-0.930839,0.260228,-2.402164,1.328607,1.328627,-1.092999,-2.580333,-4.028971,-4.509572,-4.831563,-4.957810,1.000000,91.485985
0.289364,0.289364,-1.347035,0.310276,0.310260,-1.027735,-2.285964,-3.887442,-4.506082,-4.855314,-5.082814,0.000000,91.769829
-0.486061,0.228155,-1.150676,0.588702,0.588703,-1.067350,-2.294409,-3.919578,-4.710340,-5.126073,-5.433649,1.000000,92.310081
-0.009907,0.643821,-0.584386,0.148796,0.148803,-0.851825,-1.900755,-3.559166,-4.458697,-4.986531,-5.362522,0.000000,92.447441
-2.965294,0.276507,-3.194125,3.882724,3.882723,-3.360029,-4.771167,-6.333585,-7.573892,-8.133866,-8.559623,1.000000,96.036919
0.548341,1.135161,-1.154398,-0.886728,-0.886735,-1.718129,-3.327555,-4.817050,-6.248668,-6.920242,-7.394894,-1.000000,95.185326
-0.840261,0.028644,-1.441805,0.750367,0.750369,-1.588850,-3.439321,-4.858842,-6.416976,-7.212451,-7.725262,1.000000,95.899567
-1.126790,0.000000,-1.675982,0.840254,0.840247,-1.499852,-3.531856,-4.990050,-6.589803,-7.532990,-8.115070,1.000000,96.705360
0.677480,1.087785,-0.171756,-0.766971,-0.766968,-0.005726,-2.245228,-3.665392,-5.321084,-6.368699,-7.057567,-1.000000,95.963661
-0.058199,0.940927,-0.940919,-1.631686,-1.631686,1.305660,-0.188177,-1.643216,-3.203986,-4.514103,-5.231341,-1.000000,94.397835
0.801798,1.525379,-0.361783,-0.795421,-0.795423,1.789386,0.842874,-0.563206,-1.992753,-3.409004,-4.194441,-1.000000,93.646973
0.098183,0.510560,-0.206185,-0.410677,-0.410681,1.643599,1.418762,0.075285,-1.215500,-2.687861,-3.549979,0.000000,93.262383
-1.453348,0.203468,-1.521170,1.335298,1.335306,-0.160840,0.314892,-0.912700,-2.125759,-3.566316,-4.512478,1.000000,94.507721
0.009679,0.435461,-0.609635,0.125954,0.125959,-0.569001,0.419003,-0.765757,-1.870523,-3.300559,-4.299720,0.000000,94.626762
-0.163917,0.192850,-0.838881,0.358044,0.358053,-0.804179,-0.052082,-0.791320,-1.874468,-3.186972,-4.371492,0.000000,94.965576
-0.164951,0.329909,-0.368715,-0.626749,-0.626761,-0.025227,0.491946,0.038166,-1.000386,-2.200267,-3.462056,-1.000000,94.370369
0.260270,0.260270,-0.954307,0.659810,0.659802,-0.316166,-0.262188,-0.391355,-1.390005,-2.475408,-3.769991,1.000000,94.993027
0.658788,0.920361,-0.048443,-0.501250,-0.501233,0.187939,0.008706,0.266086,-0.644751,-1.670616,-2.948404,-1.000000,94.516891
-0.320857,0.204181,-1.011181,-0.358461,0.346346,-0.111999,-0.454501,0.088491,-0.772981,-1.698832,-2.953914,0.000000,94.844246
-0.116274,0.174419,-0.552326,0.340300,0.340306,-0.408439,-0.711288,-0.311901,-0.853089,-1.747417,-2.894645,0.000000,95.167007
-1.034583,0.708878,-1.034583,1.153103,1.153112,-1.150246,-1.571248,-1.373583,-1.735139,-2.588627,-3.628787,1.000000,96.264389
-0.925486,0.772832,-1.335745,0.402336,0.402328,-1.203128,-1.614995,-1.716917,-1.876353,-2.706444,-3.658063,0.000000,96.651688
-0.627917,0.352014,-1.160691,0.286235,0.286225,-0.987531,-1.646062,-1.982088,-1.918176,-2.690760,-3.595347,0.000000,96.928329
0.383180,0.919627,-0.335279,-0.684999,-0.684980,-0.009587,-0.797593,-1.285228,-1.043447,-1.791381,-2.625783,-1.000000,96.264389
-0.811669,0.589429,-0.879308,-0.862153,-0.862171,0.916042,0.114268,-0.354324,-0.214418,-0.721519,-1.532936,-1.000000,95.434425
-0.281746,0.631499,-0.709223,-0.541113,-0.541108,1.181386,0.716639,0.277074,0.314386,-0.036762,-0.808846,-1.000000,94.918022
-0.819907,0.607702,-0.819907,0.718933,0.718932,0.239223,0.061257,-0.275662,-0.417304,-0.590024,-1.323925,1.000000,95.600418
-1.013478,0.086054,-1.128207,0.887429,0.887432,-0.741943,-0.618603,-1.018693,-1.306560,-1.292816,-1.962790,1.000000,96.448807
1.754731,2.513797,-0.197165,-3.011755,-3.011770,1.758682,2.328483,1.977801,1.628829,1.819221,1.180340,-1.000000,93.543991
-0.712337,0.683057,-0.946527,1.025238,1.025259,0.528872,1.219741,0.910247,0.603012,0.720982,0.302237,1.000000,94.503059
0.982050,2.122804,-0.039680,-1.629591,-1.629594,1.773630,2.541412,2.480992,2.232806,2.293895,2.016796,-1.000000,92.963043
1.182191,1.281535,-1.082857,-0.148789,-0.148799,1.327241,2.281941,2.477982,2.361579,2.313833,2.206703,0.000000,92.824715
-0.207755,1.414721,-0.999211,0.417244,0.417244,0.211716,1.458254,1.958848,1.866752,1.738798,1.814277,0.000000,93.212021
-1.745542,0.193946,-2.191623,2.018204,2.018205,-1.444916,-0.672033,-0.040727,-0.123930,-0.310494,-0.107150,1.000000,95.093231
-1.337123,0.018970,-2.133713,2.259498,2.259505,-3.059270,-2.680892,-2.107159,-2.213728,-2.396224,-2.273058,1.000000,97.241867
-0.179468,0.528948,-1.020121,0.398299,0.398300,-2.487963,-2.789276,-2.402323,-2.434768,-2.620281,-2.577319,0.000000,97.629181
-0.075515,0.273741,-0.651314,0.066118,0.066104,-1.555591,-2.639223,-2.395688,-2.360997,-2.503173,-2.580461,0.000000,97.693718
0.037623,0.442063,-0.498494,0.358692,0.358690,-0.921737,-2.824483,-2.668663,-2.530087,-2.707356,-2.883130,0.000000,98.044136
-1.361364,0.546395,-1.518806,1.561327,1.561338,-1.544735,-3.712727,-3.943326,-3.790981,-4.004298,-4.255252,1.000000,99.574936
-0.924149,0.366000,-1.171195,1.213186,1.213180,-2.022140,-4.243751,-4.740899,-4.665563,-4.924051,-5.191701,1.000000,100.782959
-1.257918,0.307689,-1.303169,1.107145,1.107153,-2.257019,-4.415388,-5.327303,-5.433034,-5.669636,-5.959945,1.000000,101.898781
2.420477,2.420477,-0.194750,-2.416288,-2.416286,0.513765,-1.383666,-2.725902,-2.951411,-3.155156,-3.424430,-1.000000,99.436615
1.467680,2.050993,-0.103491,-1.428175,-1.428189,1.964446,0.535336,-1.209889,-1.489783,-1.609173,-1.905839,-1.000000,98.016472
-0.056242,0.412405,-1.227861,0.376330,0.376338,1.340331,0.493017,-1.252226,-1.751336,-1.834098,-2.146278,0.000000,98.385345
0.966279,1.146267,-0.350508,-1.059147,-1.059155,1.718464,1.579206,-0.000621,-0.601543,-0.693811,-1.017341,-1.000000,97.343292
-0.047186,1.830710,-0.198168,0.388408,0.388433,0.469929,1.195604,-0.062927,-0.842707,-1.018417,-1.286028,0.000000,97.721405
0.607812,0.953803,-0.813542,0.915354,0.915350,-0.607829,0.371224,-0.577906,-1.589221,-1.836556,-2.058953,1.000000,98.615898
0.260254,0.594857,-0.260245,0.607812,0.607801,-0.966626,-0.117106,-0.775161,-2.044331,-2.337387,-2.492792,1.000000,99.215286
1.022134,1.294072,-0.253185,-0.882979,-0.882982,-0.093767,0.647041,0.328836,-0.927883,-1.382967,-1.505684,-1.000000,98.339233
0.122212,0.921308,-0.686287,-0.253185,-0.253190,0.312127,0.628003,0.641164,-0.493555,-1.024343,-1.156334,0.000000,98.090248
0.468209,1.563815,-0.561849,0.394846,0.394839,0.071179,-0.115166,0.302788,-0.604912,-1.269019,-1.470161,0.000000,98.477547
-1.544901,0.139601,-1.814795,0.618032,0.618044,-0.448582,-0.764073,-0.219633,-0.899484,-1.734756,-1.993480,1.000000,99.086182
0.457771,0.738043,-0.859490,-0.381569,-0.381570,-0.170034,-0.313901,0.207400,-0.241497,-1.266815,-1.557983,0.000000,98.708099
-1.007211,0.092403,-1.228980,1.102392,1.102392,-0.966553,-1.259471,-0.870448,-1.093605,-2.092772,-2.513397,1.000000,99.796249
-0.293766,0.146880,-1.294412,0.656070,0.656062,-1.142014,-1.593675,-1.538594,-1.578527,-2.494069,-2.982333,1.000000,100.450974
-1.446898,0.327601,-1.929204,0.881299,0.881317,-1.441450,-2.096651,-2.435777,-2.255445,-3.015386,-3.618777,1.000000,101.336266
0.666359,1.068004,-0.949339,-0.309397,-0.309411,-0.752166,-1.554541,-2.028295,-1.787309,-2.389773,-3.140723,0.000000,101.022720
0.365358,0.675921,-0.127884,-0.063898,-0.063884,-0.242976,-1.318975,-1.771414,-1.580207,-2.020470,-2.929921,0.000000,100.958183
-0.400913,0.027334,-1.029610,0.246618,0.246623,-0.209577,-1.278373,-1.827195,-1.741698,-2.019875,-2.916336,0.000000,101.207169
-1.213809,0.260745,-2.328721,1.339409,1.339399,-1.116704,-2.147100,-2.785473,-2.953609,-3.107358,-3.937544,1.000000,102.562737
1.237264,2.474528,-0.145557,-1.168857,-1.168860,0.058230,-0.705055,-1.396165,-1.832240,-1.814045,-2.525168,-1.000000,101.363922
-1.325456,0.053732,-1.737420,1.582975,1.582985,-1.123058,-1.875347,-2.650918,-3.190502,-3.139185,-3.715757,1.000000,102.968498
2.032224,2.077997,-0.073228,-2.167299,-2.167300,1.023434,0.499813,-0.393636,-0.910845,-0.886495,-1.333767,-1.000000,100.736862
-0.490598,0.109023,-1.862454,0.759797,0.759797,0.319793,-0.089948,-0.936988,-1.504505,-1.557926,-1.867305,1.000000,101.502258
-0.199565,0.208638,-0.979675,0.154445,0.154434,-0.012691,-0.125173,-0.855704,-1.444117,-1.675249,-1.873786,0.000000,101.659012
0.493422,1.087349,-0.274126,-0.725686,-0.725685,0.630487,0.563783,0.030459,-0.565150,-0.995248,-1.047759,-1.000000,100.921288
0.100265,0.346365,-0.802112,0.246708,0.246712,0.027346,0.330875,-0.078388,-0.683622,-1.170360,-1.176740,0.000000,101.170273
3.298675,3.402645,-0.699438,-3.563938,-3.563944,3.073726,3.690931,3.536235,2.902175,2.463518,2.459044,-1.000000,97.564621
1.090707,1.760433,-0.325294,-1.209836,-1.209838,3.274022,4.460402,4.568196,4.060955,3.635295,3.603467,-1.000000,96.384247
-2.809978,0.194750,-3.041824,3.166863,3.166874,-0.343139,0.939437,1.290299,0.934335,0.538249,0.378058,1.000000,99.436615
2.017896,2.075005,-0.199886,-2.568862,-2.568871,1.450604,3.138215,3.654428,3.513238,3.154394,2.852027,-1.000000,96.882217
-0.275292,0.028486,-1.423961,0.266512,0.266511,0.351249,2.264106,3.112473,3.137945,2.819450,2.499851,0.000000,97.140419
1.196678,1.206331,-0.521136,-1.632801,-1.632796,1.596211,3.419220,4.447017,4.684904,4.372897,4.115354,-1.000000,95.554314
0.077356,1.305356,-0.696191,-0.193018,-0.193014,1.579962,2.976210,4.240958,4.655288,4.450201,4.211305,0.000000,95.369881
-2.817166,0.046956,-2.882900,2.968478,2.968475,-1.600152,-0.344634,0.939683,1.523620,1.443517,1.236111,1.000000,98.200912
1.441712,1.441712,-0.379400,-0.995397,-0.995401,-0.540641,0.276963,1.670623,2.332832,2.411841,2.236875,-1.000000,97.223419
-0.331438,0.340910,-1.249999,0.161243,0.161254,-0.651520,-0.273682,1.124362,1.981056,2.176888,2.029980,0.000000,97.380196
-0.235871,0.217004,-0.660437,0.369318,0.369317,-0.569869,-0.622706,0.547845,1.441170,1.761294,1.604234,0.000000,97.739838
-0.339367,0.914405,-0.584467,0.084917,0.084919,-0.152722,-0.559964,0.211779,1.182117,1.594259,1.500429,0.000000,97.822838
1.387553,1.618809,-0.289069,-2.168178,-1.452865,0.946016,0.591235,1.325609,2.354274,2.924026,2.938445,-1.000000,96.401604
0.570156,0.918049,-0.260924,-0.289069,-0.289057,1.009683,0.803855,1.286555,2.378376,3.005455,3.155206,0.000000,96.122948
0.328633,0.560605,-0.492946,-0.019331,-0.019336,0.763707,0.715544,0.954726,2.041056,2.820666,3.071733,0.000000,96.104362
1.890878,1.890878,-0.817414,-1.855788,-1.855795,1.944067,2.489188,2.634394,3.630421,4.483409,4.865655,-1.000000,94.320862
-0.686682,0.215815,-1.343930,0.393934,0.393939,0.882871,2.015485,2.112553,2.864205,3.798228,4.274506,0.000000,94.692429
0.226851,0.680543,-0.305747,-0.539536,-0.539531,0.958673,2.142107,2.294488,3.025229,4.005329,4.618259,-1.000000,94.181534
-0.293738,0.812692,-0.499358,0.729853,0.729844,-0.037201,1.153845,1.411828,1.959767,2.977901,3.633004,1.000000,94.868912
2.168185,2.168185,-0.476184,-3.358465,-3.358476,2.472153,4.047704,4.539231,4.985653,6.064197,6.894872,-1.000000,91.682762
-0.151623,0.616599,-0.353783,0.233032,0.233044,1.706257,3.169921,4.030812,4.433158,5.432795,6.317645,0.000000,91.896423
-0.520456,1.592004,-0.520456,-0.950169,-0.950174,1.875706,3.412602,4.710414,5.140489,5.983702,6.964596,-1.000000,91.023247
0.612369,1.092060,-0.469490,-0.010200,-0.010193,1.190030,2.831187,4.194653,4.688495,5.526664,6.552533,0.000000,91.013969
-1.730997,0.746120,-1.830479,2.592360,2.592365,-1.687233,-0.061682,1.286916,1.855271,2.536811,3.574846,1.000000,93.373383
-0.248484,0.357817,-1.103271,0.089538,0.089528,-1.395485,-0.434348,0.916459,1.567098,2.114962,3.142954,0.000000,93.456978
-1.204232,0.961443,-1.320773,2.345691,2.345694,-2.870739,-2.577450,-1.542195,-0.755792,-0.305547,0.601684,1.000000,95.649193
-0.271107,0.697135,-0.551898,0.301057,0.301063,-2.137880,-2.740128,-1.968760,-1.024117,-0.623429,0.106359,0.000000,95.937157
-3.405051,0.458369,-3.657628,3.505038,3.505029,-3.782972,-5.518241,-5.093854,-4.320443,-3.994167,-3.362775,1.000000,99.299782
0.967005,1.886612,-0.502471,-1.328343,-1.328340,-1.547215,-3.928710,-3.689800,-2.993736,-2.656868,-2.161861,-1.000000,97.980743
-0.018867,0.849138,-1.103876,0.483499,0.483488,-1.005743,-3.703167,-3.994075,-3.405936,-3.071858,-2.724568,0.000000,98.454468
-0.633628,0.416117,-0.633628,-0.235871,-0.235869,-0.247770,-2.831464,-3.502291,-3.153005,-2.734045,-2.472265,0.000000,98.222244
0.476917,1.449833,-0.085841,-0.851146,-0.851137,0.906141,-1.343950,-2.489506,-2.344044,-1.816253,-1.600748,-1.000000,97.386238
1.373040,1.750150,0.000000,-1.354443,-1.354440,1.618636,0.536644,-1.019793,-1.020596,-0.556996,-0.366602,-1.000000,96.067200
0.087614,1.031930,-0.408877,-0.676849,-0.676857,1.773752,1.435944,-0.306981,-0.383076,0.044949,0.261182,-1.000000,95.416962
-0.560172,0.473245,-0.772651,0.798287,0.798289,0.494493,0.915588,-0.784881,-1.168146,-0.797345,-0.566185,1.000000,96.178665
-0.391442,0.305518,-0.916554,1.158969,1.158973,-0.847814,-0.071607,-1.551779,-2.147699,-1.952261,-1.645813,1.000000,97.293350
0.384425,0.903407,-0.634314,-0.658769,-0.658776,-0.342142,0.665064,-0.510650,-1.397404,-1.350502,-0.949351,-1.000000,96.652405
-0.782741,0.381827,-1.813670,0.682363,0.682373,-0.761748,-0.221467,-0.753475,-1.904837,-1.981678,-1.651117,1.000000,97.311935
-0.124102,0.496417,-0.458237,-0.009548,-0.009549,-0.364680,-0.281629,-0.474785,-1.770410,-1.923821,-1.639011,0.000000,97.302643
-0.303203,1.032780,-0.388482,0.754178,0.754176,-0.731477,-1.070687,-0.908348,-2.181640,-2.579119,-2.352959,1.000000,98.036476
1.073931,1.409532,-0.095886,-1.184385,-1.184389,0.372042,-0.023970,0.363730,-0.752229,-1.305973,-1.212322,-1.000000,96.875343
-0.076895,0.288346,-0.720877,-0.239716,-0.239706,0.611298,0.139362,0.653585,-0.223000,-0.988090,-1.015643,0.000000,96.643127
-0.124993,0.086526,-1.028747,-0.028834,-0.028845,0.496110,0.224981,0.497389,0.095665,-0.858763,-0.979711,0.000000,96.615250
-0.610105,0.247857,-0.934227,0.855687,0.855684,-0.327926,-0.417535,-0.392116,-0.544801,-1.594276,-1.774701,1.000000,97.441971
0.693977,1.021685,-0.106025,-1.096284,-1.096288,0.431816,0.706517,0.568042,0.708925,-0.308809,-0.676616,-1.000000,96.373726
-0.201226,0.412035,-0.431197,0.587953,0.587971,-0.141825,0.081441,-0.107968,0.186844,-0.683413,-1.167123,1.000000,96.940376
0.431942,1.391819,-0.028794,-0.172481,-0.172491,0.057593,0.266849,0.022399,0.403149,-0.274139,-0.924680,0.000000,96.773163
0.048184,0.626448,-0.790285,-0.403146,-0.403146,0.414416,0.576330,0.449113,0.658248,0.352351,-0.447508,0.000000,96.383026
0.116331,1.056710,-0.387787,-0.587895,-0.587899,0.668931,1.015999,1.070936,1.140574,1.047797,0.174183,-1.000000,95.816391
-1.100480,0.775118,-1.330143,1.308772,1.308782,-0.488042,-0.388522,-0.173529,-0.237326,-0.108714,-0.934934,1.000000,97.070419
1.063828,1.721468,-0.241779,-1.052630,-1.052627,0.384905,0.585097,0.802054,0.710822,0.970589,0.263046,-1.000000,96.048630
0.329166,0.571203,-0.609930,-0.106384,-0.106376,0.319478,0.619600,0.860346,0.743038,1.078500,0.540856,0.000000,95.946457
-0.843879,0.297274,-1.074027,0.958465,0.958452,-0.533176,-0.309743,-0.127861,-0.172134,0.018410,-0.212251,1.000000,96.866058
-0.799623,0.704425,-1.094718,0.738400,0.738397,-0.900519,-1.026178,-0.840870,-0.792957,-0.731083,-0.799939,1.000000,97.581314
1.560395,1.570022,-0.366016,-1.170874,-1.170890,0.142574,0.153169,0.223481,0.395895,0.361411,0.478409,-1.000000,96.438744
-0.778095,0.403457,-1.104708,0.269696,0.269698,0.007699,-0.141194,-0.058261,0.095118,0.028450,0.244332,0.000000,96.698837
0.516072,1.811101,-0.321318,-1.344862,-1.344840,1.256077,1.075946,1.217133,1.393862,1.308662,1.592011,-1.000000,95.398392
1.377192,1.951850,-0.673734,-1.723464,-1.723472,2.367974,2.568119,2.788733,2.982267,2.986626,3.176460,-1.000000,93.754227
-0.863758,0.117789,-1.648999,0.941243,0.941258,0.791113,1.487036,1.632631,1.881126,1.993316,2.096574,1.000000,94.636696
-0.885562,1.148307,-1.342940,0.863766,0.863762,-0.278328,0.448610,0.698058,0.873385,1.089520,1.117480,1.000000,95.454132
2.076886,2.376432,-0.599100,-2.539899,-2.539907,1.531705,2.741886,3.042103,3.295556,3.540688,3.566649,-1.000000,93.029686
-0.049981,0.719785,-0.919722,-0.119823,-0.119825,1.119670,2.539241,2.889138,3.219038,3.504153,3.530611,0.000000,92.918213
0.069583,0.367796,-0.487075,0.569828,0.569843,0.481108,1.592434,2.096744,2.464702,2.752276,2.850553,1.000000,93.447701
0.760798,1.640158,-0.800313,0.606363,0.606357,-0.256893,0.600725,1.353617,1.664850,1.993078,2.180939,1.000000,94.014328
0.989899,1.849814,-0.139985,-1.185651,-1.185654,0.389960,1.426854,2.270437,2.697727,2.995696,3.289333,-1.000000,92.899643
-0.300273,0.450402,-1.090986,-0.099988,-0.100004,0.442409,1.109010,2.139936,2.577830,2.923441,3.231585,0.000000,92.806740
-0.059878,1.177645,-0.479038,0.290254,0.290266,0.185635,0.566873,1.638726,2.082341,2.472260,2.804729,0.000000,93.076126
-0.494658,0.178077,-0.603483,0.878249,0.878245,-0.591608,-0.293821,0.542807,1.061045,1.464190,1.788356,1.000000,93.893562
-0.890930,0.088118,-0.920307,1.048671,1.048679,-1.441162,-1.303113,-0.690558,-0.037204,0.303112,0.646824,1.000000,94.878204
-0.449665,0.527852,-0.547414,0.156652,0.156644,-1.147606,-1.502441,-0.944931,-0.301072,0.089544,0.383841,0.000000,95.026825
-0.936493,0.526779,-1.258415,0.205278,0.205285,-0.842850,-1.474006,-1.251262,-0.548731,-0.187693,0.120310,0.000000,95.221901
0.009756,0.858374,-0.263360,0.009750,0.009759,-0.399929,-1.240740,-1.272603,-0.595989,-0.262200,0.061118,0.000000,95.231194
0.332807,0.577522,-0.283869,-0.351144,-0.351158,0.162491,-0.740016,-0.844426,-0.349453,0.026625,0.353367,0.000000,94.896782
-0.156513,0.273891,-0.694518,0.068519,0.068522,0.111513,-0.708210,-0.889499,-0.555613,-0.077865,0.197591,0.000000,94.961807
1.187770,1.227356,-0.623574,-1.173828,-1.173832,1.049201,0.572112,0.173552,0.487485,0.971599,1.297971,-1.000000,93.847115
-0.327286,0.565308,-0.515723,-0.197958,0.568535,0.299685,0.170320,-0.297323,-0.203402,0.330094,0.634908,1.000000,94.380669
-1.486259,0.058673,-1.486259,1.428141,1.428128,-1.008646,-0.963020,-1.505441,-1.591313,-1.091679,-0.818426,1.000000,95.728546
-0.195424,0.420169,-0.869649,0.068445,0.068461,-0.889031,-0.832380,-1.409532,-1.552168,-1.204108,-0.906774,0.000000,95.794083
-0.946582,0.821016,-1.052832,1.162794,1.162790,-1.626586,-1.762784,-2.343690,-2.566565,-2.367486,-2.008229,1.000000,96.907967
0.557621,0.753274,-0.586967,-1.265332,-1.265337,0.017609,-0.435374,-0.898329,-1.306009,-1.147920,-0.800791,-1.000000,95.681755
1.496707,2.185196,-0.239471,-1.956564,-1.956552,1.891826,1.400995,1.150617,0.705098,0.701577,1.099269,-1.000000,93.809692
-0.508122,0.518079,-0.617717,0.149673,0.149662,1.360965,1.113103,1.061475,0.609523,0.489428,0.877358,0.000000,93.950089
0.546726,0.566979,-0.232860,-1.594108,-1.594108,2.280051,2.486675,2.594683,2.185502,2.060965,2.352370,-1.000000,92.452423
0.570727,0.764370,-0.010194,-0.658089,-0.658083,1.854867,2.826124,3.054071,2.744270,2.615433,2.822170,-1.000000,91.844009
-0.061111,0.448106,-0.122214,0.071340,0.071332,0.961407,2.542014,2.754499,2.617169,2.388023,2.584613,0.000000,91.909523
-0.353113,0.353105,-0.423735,0.947144,0.947151,-0.207833,1.407380,1.614932,1.652910,1.416590,1.481307,1.000000,92.780045
-0.050161,0.270898,-0.541789,0.554878,0.554869,-0.898959,0.586947,0.915846,1.103704,0.873114,0.846168,1.000000,93.294853
-0.060457,0.594522,-0.231757,-0.431424,-0.431415,-0.374849,0.710400,1.209247,1.487880,1.286268,1.252192,0.000000,92.892365
-0.635598,0.534704,-0.635598,-0.120914,-0.120914,-0.052467,0.387405,1.175002,1.497671,1.355672,1.308064,0.000000,92.780045
-0.401891,0.241131,-0.944442,0.413636,0.413630,-0.194912,-0.296387,0.709339,0.979589,0.949504,0.808804,0.000000,93.163811
-1.201588,0.278060,-1.598809,1.175523,1.175530,-1.040717,-1.407150,-0.469382,-0.244743,-0.161773,-0.318994,1.000000,94.258980
-1.437513,0.136906,-1.584200,1.549161,1.549150,-2.043806,-2.726379,-1.988390,-1.741036,-1.574371,-1.742103,1.000000,95.719193
1.267828,1.505551,0.000000,-1.271272,-1.271272,-0.441754,-1.256927,-0.817478,-0.496682,-0.281235,-0.439694,-1.000000,94.502342
0.704644,0.833660,-0.218342,-0.198095,-0.198092,0.081380,-0.798928,-0.803889,-0.333465,-0.107187,-0.231450,0.000000,94.315140
1.319364,1.601366,-0.070501,-1.458913,-1.458922,1.514761,0.780550,0.468000,1.093273,1.281896,1.247062,-1.000000,92.939156
0.893134,1.400594,0.000000,-0.765437,-0.765426,1.857299,1.498020,1.128591,1.756319,1.933255,2.007085,-1.000000,92.227776
0.877641,1.061334,-0.132664,-0.548057,-0.548076,1.547110,1.885924,1.523983,2.098704,2.341983,2.520042,-1.000000,91.722298
-0.810532,0.091189,-1.489356,0.724563,0.724574,0.358664,1.098283,0.788930,1.179847,1.497105,1.728191,1.000000,92.386894
-0.468574,1.670571,-0.468574,-0.536980,-0.536966,0.372810,1.547306,1.336449,1.453085,1.911372,2.169018,-1.000000,91.890808
0.561056,1.030299,-0.224422,-0.142609,-0.142615,0.259099,1.539320,1.470296,1.384269,1.965928,2.196252,0.000000,91.759758
-0.020315,0.365743,-0.518137,0.408039,0.408044,-0.168657,0.896059,1.011201,0.881330,1.454022,1.669231,0.000000,92.134178
-1.247256,0.349231,-1.267216,1.818552,1.818559,-1.506695,-1.109574,-0.756350,-0.927972,-0.439845,-0.197171,1.000000,93.809692
-0.437987,0.398170,-1.114875,0.239471,0.239464,-1.391596,-1.395585,-0.912474,-1.080533,-0.752541,-0.466164,0.000000,94.034332
-2.556374,0.797045,-2.556374,2.408917,2.408914,-2.795484,-3.508942,-2.999611,-3.176029,-3.112362,-2.761144,1.000000,96.299538
0.441398,0.941645,0.000000,-0.903966,-0.903958,-1.139776,-2.367833,-1.956522,-2.108393,-2.239143,-1.818871,-1.000000,95.429031
1.067407,1.620874,-0.355802,-0.755269,-0.755272,0.156156,-1.362923,-1.178764,-1.261620,-1.457211,-1.060163,-1.000000,94.708282
-0.482091,0.629673,-1.082249,0.454634,0.454631,-0.017708,-1.450215,-1.666669,-1.611572,-1.853209,-1.528599,0.000000,95.138855
0.039228,0.431502,-0.637443,0.324677,0.324682,-0.045116,-1.448469,-1.918873,-1.796125,-2.045315,-1.859378,0.000000,95.447754
-0.029414,0.539272,-0.352977,0.019611,0.019592,-0.239224,-1.093229,-1.857686,-1.674662,-1.912724,-1.928934,0.000000,95.466454
-0.710320,0.009732,-1.313612,0.764780,0.764797,-0.836822,-1.382699,-2.376831,-2.263310,-2.478937,-2.655447,1.000000,96.196579
-1.560851,0.478790,-1.647037,1.615260,1.615260,-1.790678,-2.375757,-3.551986,-3.638328,-3.825727,-4.068441,1.000000,97.750404
0.752531,0.829715,-0.154370,-0.746910,-0.746920,-0.663770,-1.310175,-2.462128,-2.846115,-2.948382,-3.241034,-1.000000,97.020287
0.562289,0.804654,-0.436263,-0.482393,-0.482392,0.046534,-0.571011,-1.701725,-2.269025,-2.326320,-2.630472,0.000000,96.552269
0.988938,1.321851,-0.342699,-0.988856,-0.988851,1.073144,0.348578,-0.461500,-1.225888,-1.232938,-1.527138,-1.000000,95.597511
-0.603116,0.603108,-0.642027,0.656033,0.656018,0.420241,-0.222753,-0.800897,-1.698921,-1.749408,-2.019447,1.000000,96.224648
0.715198,0.764179,-0.832761,-0.710120,-0.710098,0.675996,0.578025,0.146297,-0.822484,-0.993054,-1.222374,-1.000000,95.541359
-0.439966,0.527963,-0.498633,0.205740,0.205720,0.201416,0.434112,0.074969,-0.816375,-1.195532,-1.340102,0.000000,95.737907
-1.024153,0.367147,-1.053136,1.192805,1.192807,-0.912073,-0.601927,-0.908849,-1.753614,-2.262021,-2.365854,1.000000,96.879875
-0.614852,0.163326,-1.027956,0.570044,0.570055,-1.097130,-0.963589,-1.393024,-2.026129,-2.688058,-2.760111,1.000000,97.432144
-0.812695,0.086054,-1.472409,0.480354,0.480345,-1.227645,-1.263020,-1.696138,-2.180887,-2.950560,-3.063700,0.000000,97.900154
-0.638763,0.390890,-0.896179,0.286837,0.286846,-0.972455,-1.501578,-1.741510,-2.152733,-2.985606,-3.207808,0.000000,98.180977
0.475285,1.064642,-0.133079,0.295546,0.295537,-0.709122,-1.644482,-1.805443,-2.204365,-2.997330,-3.399866,0.000000,98.471138
0.714886,1.485469,-1.067683,2.385934,2.385950,-2.241214,-3.513148,-3.738444,-4.146792,-4.923228,-5.442091,1.000000,100.820610
1.107565,1.351607,-0.150182,-1.086248,-1.086255,-0.707720,-2.039616,-2.396601,-2.922381,-3.564862,-4.222832,-1.000000,99.725441
0.906001,1.113628,-0.018872,-0.544398,-0.544410,0.094384,-1.205165,-1.661626,-2.201766,-2.737628,-3.488729,-1.000000,99.182526
0.472813,0.548465,-0.434987,-0.198187,-0.198184,0.455795,-0.660991,-1.383134,-1.791486,-2.267607,-3.069499,0.000000,98.985962
-1.177572,0.607479,-1.644862,1.182033,1.182030,-0.381302,-1.380369,-2.326475,-2.688312,-3.155881,-3.921176,1.000000,100.156006
0.525671,0.901154,-0.469351,-0.439253,-0.439234,-0.163346,-0.660859,-1.684045,-2.044976,-2.500715,-3.252302,0.000000,99.716087
0.037514,1.369220,-0.478284,0.093868,0.093841,-0.240070,-0.515787,-1.494874,-1.919238,-2.451451,-3.078541,0.000000,99.809662
-1.891148,0.156825,-2.214024,1.659950,1.659967,-1.418825,-1.788750,-2.758922,-3.261075,-3.806277,-4.342253,1.000000,101.466469
-0.495778,0.266251,-1.560776,0.479701,0.479697,-1.307380,-1.887622,-2.803891,-3.516799,-3.981268,-4.477900,0.000000,101.953201
-0.284298,0.018339,-1.036314,0.110175,0.110183,-1.041826,-1.643440,-2.497562,-3.375833,-3.815487,-4.313408,0.000000,102.065536
-0.273894,0.410850,-0.392587,0.449375,0.449367,-0.936730,-1.917282,-2.566723,-3.516843,-3.969687,-4.465441,0.000000,102.524185
-0.292211,0.328738,-0.721396,-0.018257,-0.018261,-0.392654,-1.628160,-2.218973,-3.162266,-3.677469,-4.246184,0.000000,102.505463
-0.055009,0.495096,-0.999355,-0.401792,-0.401791,0.132029,-0.946178,-1.550682,-2.484181,-3.057849,-3.642305,0.000000,102.093605
0.267899,1.311776,-0.064665,-0.751811,-0.751800,0.766738,0.035097,-0.598005,-1.460053,-2.182362,-2.694694,-1.000000,101.326065
0.832086,1.206059,-0.158936,-1.191687,-1.191686,1.593114,1.237841,0.710541,-0.052829,-0.878839,-1.355340,-1.000000,100.118576
-0.029114,1.290763,-2.950312,-3.664920,-3.664927,4.198371,4.750582,4.239778,3.727194,2.887811,2.432066,-1.000000,96.449303
4.168734,4.298080,-0.069645,-2.455356,-2.455362,5.030352,6.778437,6.463707,6.160090,5.413198,4.961370,-1.000000,94.081123
-0.521353,0.275426,-1.957511,1.144167,1.925013,1.753277,4.180453,4.224222,4.050392,3.408438,2.968430,1.000000,95.892197
0.097789,0.361818,-1.232155,0.590201,0.590216,0.146909,2.999491,3.437976,3.350570,2.839705,2.319604,1.000000,96.458168
0.383028,0.589273,-1.217833,-0.430278,-0.430270,-0.268995,2.817531,3.599474,3.670777,3.296818,2.727843,0.000000,96.043137
3.007823,3.119601,-0.802765,-3.349043,-3.349064,2.406263,5.335574,6.694520,6.832497,6.701509,6.153693,-1.000000,92.826591
2.066075,2.181439,-0.734133,-3.109446,-3.109436,4.771895,7.318962,9.387029,9.717006,9.792603,9.350734,-1.000000,89.940208
0.978535,1.452017,-0.726013,-0.325115,-0.325117,3.720541,6.280712,8.864929,9.543090,9.782510,9.462867,0.000000,89.647797
0.357260,0.872126,-0.462325,0.136781,0.136771,2.088906,4.848304,7.811500,8.880187,9.257805,9.099073,0.000000,89.770409
-0.443887,0.676389,-0.612980,-0.577908,-0.577892,1.160421,4.240173,7.481018,8.902176,9.479676,9.490966,-1.000000,89.251633
-1.328657,0.061805,-1.431660,2.610434,2.610427,-1.685031,1.056756,3.950109,5.687567,6.290957,6.512648,1.000000,91.581482
2.654773,2.759703,-0.167895,-1.843643,-1.843654,0.151108,2.488991,4.967221,7.121100,7.849886,8.233699,-1.000000,89.893036
-0.167799,0.849508,-0.367067,0.052461,0.052476,0.163604,1.773466,4.011318,6.424144,7.382278,7.881924,0.000000,89.940208
-2.149188,0.083466,-2.201356,0.524384,0.524386,-0.217009,0.573810,2.663964,5.230715,6.442782,7.032722,0.000000,90.411842
-0.280866,0.634558,-0.572137,0.292122,0.292107,-0.193479,-0.311027,1.670709,4.296186,5.714565,6.434424,0.000000,90.675941
-0.020788,0.155870,-1.018397,0.104032,0.104039,-0.475946,-0.641174,1.147943,3.540337,5.210478,5.954731,0.000000,90.770279
-1.230647,0.328171,-1.240897,1.330145,1.330144,-1.329094,-1.723925,-0.332271,1.608878,3.488793,4.283096,1.000000,91.977654
-1.367780,1.540024,-1.519757,1.220382,1.220386,-1.839917,-2.537992,-1.733869,-0.099191,1.881603,2.808012,1.000000,93.100136
1.490386,2.713536,-0.030835,-1.428567,-1.428571,-0.121287,-0.907593,-0.650286,0.828002,2.914297,4.035885,-1.000000,91.770134
-0.550740,0.540540,-0.652727,0.781172,0.781178,-0.503830,-1.325860,-1.676701,-0.366113,1.702321,2.953081,1.000000,92.487022
0.236987,0.896440,-0.484287,-1.019888,-1.019891,0.690364,-0.313243,-0.757000,0.392580,2.270472,3.716335,-1.000000,91.543755
0.134046,0.464010,-0.329964,-0.072128,-0.072124,0.653739,-0.068060,-0.573319,0.322743,1.862083,3.487588,0.000000,91.477730
-0.933138,0.143567,-1.076698,0.556810,0.556814,-0.145612,-0.398896,-0.954338,-0.445039,0.858566,2.571041,1.000000,91.987091
-0.892402,0.983674,-1.460301,1.117724,1.117714,-0.981641,-1.219956,-1.816582,-1.730552,-0.613680,1.116958,1.000000,93.015244
0.912352,1.537673,-0.256279,-1.074940,-1.074938,-0.008201,-0.001027,-0.549464,-0.881601,0.114016,1.851638,-1.000000,92.015388
0.764540,1.436098,-0.371940,-0.779090,-0.779104,0.723229,0.842043,0.210779,-0.186989,0.674464,2.241547,-1.000000,91.298492
-0.953357,0.102511,-0.953357,0.785207,0.785222,0.055352,0.060479,-0.416200,-0.851874,-0.199694,1.064967,1.000000,92.015388
1.284307,1.356808,-0.735378,-1.025115,-1.025119,0.890729,0.874159,0.698084,0.253237,0.622270,1.708335,-1.000000,91.072121
-1.461339,0.081187,-1.968747,2.061106,2.061112,-1.160954,-1.036129,-1.153511,-1.600368,-1.560789,-0.646061,1.000000,92.949219
-1.757351,0.049639,-2.154486,2.212300,2.212296,-2.670772,-2.913025,-2.989144,-3.427323,-3.735106,-2.975885,1.000000,95.005531
0.560847,0.560847,-0.350524,-0.863784,-0.863781,-1.209813,-1.786679,-1.902185,-2.447671,-2.838657,-2.210648,-1.000000,94.184891
0.120087,0.930652,-0.180126,0.080122,0.080105,-0.812556,-1.570085,-1.819259,-2.294091,-2.733098,-2.282582,0.000000,94.260338
-1.279127,0.128909,-1.636094,0.920642,0.920664,-0.864656,-2.137834,-2.572802,-2.912746,-3.389989,-3.200796,1.000000,95.128159
-0.247402,0.158333,-0.801588,0.198319,0.198314,-0.564082,-2.090059,-2.517568,-2.847603,-3.348444,-3.432296,0.000000,95.316811
-0.394277,0.660430,-0.443565,0.395838,0.395842,-0.812226,-2.091674,-2.678496,-2.968459,-3.460228,-3.825202,0.000000,95.694115
0.029632,0.612409,-0.286449,-0.206998,-0.207003,-0.331883,-1.449029,-2.200708,-2.519752,-3.096006,-3.532526,0.000000,95.496025
0.396316,0.822354,-0.237787,-0.306201,-0.306211,0.172406,-0.811444,-1.639411,-2.050916,-2.575240,-3.051940,0.000000,95.203606
-1.715113,0.164735,-1.889532,2.249081,2.249095,-1.575584,-2.348840,-3.436049,-3.987404,-4.413955,-4.920867,1.000000,97.344826
0.115758,0.578813,-0.511294,0.445743,0.445741,-1.508785,-2.288257,-3.539784,-4.106218,-4.536760,-5.069785,0.000000,97.778732
-0.163823,0.048186,-1.175671,0.106109,0.106109,-1.166040,-2.097909,-3.242427,-3.932253,-4.343450,-4.876488,0.000000,97.882484
-0.413700,0.500286,-0.711954,0.163829,0.163824,-0.808159,-1.864538,-2.942081,-3.757936,-4.203193,-4.812391,0.000000,98.042839
0.095975,0.652591,-0.278304,0.250139,0.250143,-0.428020,-1.699614,-2.758795,-3.651629,-4.185410,-4.765192,0.000000,98.288086
-1.173019,0.132437,-1.447355,1.449138,1.449147,-1.375467,-2.644034,-3.570153,-4.640534,-5.288816,-5.798891,1.000000,99.712425
0.956389,1.224176,-0.181709,-1.087883,-1.087899,-0.118585,-1.237559,-2.125726,-3.307184,-3.969005,-4.485136,-1.000000,98.627655
0.895523,0.895523,-0.558499,-0.679036,-0.679027,0.579681,-0.331249,-1.255659,-2.342804,-3.089072,-3.584337,-1.000000,97.957947
-0.365031,0.182520,-0.605184,0.240732,0.240733,0.368874,-0.295872,-1.220624,-2.226227,-3.050914,-3.563883,0.000000,98.193764
1.117048,2.282667,-1.389024,-1.104708,-1.104717,1.247214,1.014092,0.078363,-0.871775,-1.735981,-2.310499,-1.000000,97.109001
0.854788,0.854788,-0.766358,-1.136472,-1.136462,1.638823,2.035759,1.289705,0.524656,-0.438991,-1.086661,-1.000000,96.005394
-0.798761,0.360408,-1.100726,0.864615,0.864616,0.397420,1.063696,0.525998,-0.136383,-1.134629,-1.760189,1.000000,96.835472
0.518438,0.753201,-0.802112,-0.418859,-0.418856,0.502779,1.338148,0.999695,0.357515,-0.535667,-1.210681,0.000000,96.429871
-0.547354,0.166167,-0.928548,0.078250,0.078232,0.074296,1.099610,0.990464,0.399287,-0.397605,-1.116531,0.000000,96.505310
-0.871925,0.096879,-1.085064,0.889457,0.889460,-0.755661,0.113355,0.248019,-0.326483,-1.055993,-1.786794,1.000000,97.363686
0.920669,1.381003,-0.058763,-1.085064,-1.085064,0.395698,0.857988,1.275880,0.828116,0.246823,-0.559902,-1.000000,96.307228
1.831249,2.256176,-1.406312,-3.192950,-3.192951,2.934042,3.605837,4.291120,4.041896,3.565368,2.727650,-1.000000,93.232185
-0.283093,0.384185,-0.657165,0.070830,0.070834,2.189861,3.033057,3.889728,3.839851,3.418862,2.700769,0.000000,93.298225
-0.121215,0.525249,-0.363637,0.090988,0.090999,1.428272,2.424233,3.462617,3.632314,3.290495,2.681809,0.000000,93.383125
-0.631774,0.120332,-0.952671,0.727274,0.727268,-0.006022,1.360807,2.416094,2.823401,2.536297,2.012965,1.000000,94.062271
-1.022541,0.853761,-1.250871,1.012838,1.012846,-1.280662,0.240234,1.059584,1.669797,1.503411,1.128415,1.000000,95.014977
0.368419,1.234689,-0.209100,-0.297829,-0.297837,-0.669119,0.317632,1.087323,1.812703,1.781935,1.493243,0.000000,94.731987
-1.586372,0.058751,-1.938899,1.682767,1.682757,-1.684284,-1.353306,-0.698519,0.047008,0.123780,-0.140680,1.000000,96.326096
1.280398,2.302730,-0.238211,-1.341562,-1.341571,0.000017,-0.166734,0.430124,1.249148,1.465823,1.246997,-1.000000,95.033813
1.053163,1.564699,-1.153454,-1.042187,-1.042182,1.049159,0.531607,1.270492,2.089783,2.485069,2.305598,-1.000000,94.043388
-1.128825,0.257453,-1.346669,1.293883,1.293901,-0.190128,-0.862467,-0.075260,0.552030,1.088420,1.003395,1.000000,95.260216
-0.059392,0.841424,-0.445453,0.029705,0.029689,-0.102946,-0.676093,-0.213149,0.346972,0.953882,0.972426,0.000000,95.288498
0.507515,0.845853,-0.258727,-0.524648,-0.524643,0.099510,0.004980,0.197701,0.709031,1.355762,1.473120,-1.000000,94.788574
-0.110654,0.502967,-0.764513,-1.074728,-0.310855,0.297374,0.434372,0.368236,0.827294,1.521585,1.754188,0.000000,94.493919
0.303401,0.394417,-0.353962,-0.533153,-0.533146,0.823639,0.965029,0.666929,1.201818,1.882834,2.256559,-1.000000,93.990128
-0.251585,0.332086,-0.352225,0.495556,0.495540,0.156173,0.407983,0.039876,0.620772,1.157850,1.650385,0.000000,94.455887
-0.580815,0.640896,-0.600840,0.493105,0.493113,-0.412579,-0.064730,-0.332355,0.026223,0.505305,1.051263,0.000000,94.921661
-0.536940,0.387789,-0.914784,0.710994,0.710987,-0.946598,-0.846557,-0.875698,-0.723516,-0.303037,0.258165,1.000000,95.596542
2.285953,2.490052,-0.081635,-2.565379,-2.565372,1.371568,1.561193,1.717057,1.709922,2.105048,2.722570,-1.000000,93.144135
1.099362,1.649040,-0.238536,-1.602204,-1.602217,2.511936,2.953973,3.197984,3.054461,3.529458,4.153847,-1.000000,91.651764
-1.202364,0.173221,-1.752599,1.783863,1.783871,0.464643,0.938043,1.265820,1.086427,1.598420,2.098836,1.000000,93.286713
-0.557982,0.142030,-0.852183,0.438151,0.438151,-0.235368,0.327686,0.750306,0.670170,1.021155,1.477970,0.000000,93.695450
-1.006644,0.140937,-1.258305,0.781167,0.781176,-1.256297,-0.488225,-0.164682,-0.050356,0.153293,0.566763,1.000000,94.427376
0.030376,1.063179,-0.769544,-0.583847,-0.583859,-0.520454,0.030378,0.339420,0.562891,0.629450,1.004067,-1.000000,93.876053
1.424180,1.424180,-0.112705,-1.174569,-1.174552,0.903679,1.088104,1.440707,1.688630,1.627530,2.048736,-1.000000,92.773430
-0.544099,0.328507,-1.129254,-0.194666,-0.194687,0.950627,1.084082,1.446531,1.756195,1.665310,2.124947,0.000000,92.592812
-0.510308,0.418449,-0.928764,0.585154,0.585160,0.242908,0.304143,0.702184,1.078467,1.069676,1.398374,1.000000,93.134628
-0.243110,0.557127,-0.698949,0.755254,0.755259,-0.634118,-0.635133,-0.120208,0.188213,0.335070,0.546226,1.000000,93.838036
-4.100338,0.260488,-4.100338,4.993923,4.993918,-4.416785,-4.815244,-4.598166,-4.399993,-4.228531,-4.167838,1.000000,98.524231
0.232084,0.986361,-0.386812,-0.231547,-0.231544,-3.071273,-3.918386,-4.084715,-3.961801,-3.833974,-3.913810,0.000000,98.296104
1.224170,1.263344,-1.371072,-1.257135,-1.257130,-0.916662,-2.306340,-2.684691,-2.646370,-2.525356,-2.664637,-1.000000,97.060394
0.469204,0.645157,-0.782017,0.186076,0.186081,-0.256117,-2.123176,-2.706430,-2.726795,-2.603193,-2.708004,0.000000,97.241005
-0.252650,0.369252,-1.360414,0.596286,0.596277,-0.033038,-2.356429,-3.131542,-3.148385,-3.119384,-3.130584,1.000000,97.820831
-0.865552,0.317364,-0.942492,1.039742,1.039741,-0.998265,-2.859202,-3.744310,-3.925274,-3.962373,-3.943446,1.000000,98.837914
-0.076977,0.211683,-0.404116,-0.048089,-0.048083,-0.850572,-2.203408,-3.216270,-3.636105,-3.723968,-3.737703,0.000000,98.790390
-0.298104,0.076932,-0.663521,0.057729,0.057720,-0.546197,-1.627071,-2.897065,-3.469558,-3.634346,-3.663997,0.000000,98.847412
0.000000,0.621119,-0.172003,0.634680,0.634680,-0.724316,-1.610124,-3.122149,-3.849496,-4.073767,-4.112638,1.000000,99.474777
-0.247833,0.333617,-0.428944,0.248449,0.248459,-0.589084,-1.263947,-3.008300,-3.880953,-4.113629,-4.236778,0.000000,99.721931
0.981813,0.991432,-0.827799,-0.972267,-0.972270,0.369622,-0.271439,-1.726825,-2.653288,-2.999712,-3.171043,-1.000000,98.752365
