0.315221,0.403677,-1.789139,-0.162949,-0.162949,-0.060053,0.693978,0.254750,-1.822094,-3.904163,-5.357703,0.000000,802.619995
0.259175,1.541274,-0.580953,-0.489646,-0.489646,0.290475,0.640925,0.925432,-0.888392,-2.934205,-4.442024,0.000000,798.690002
0.307984,1.697046,-0.062854,-0.399404,-0.399404,0.773852,0.661597,1.366688,-0.048146,-2.044601,-3.668510,0.000000,795.500000
-1.371144,0.016132,-2.345207,1.307357,1.307357,-0.567319,-0.539772,0.059806,-0.899804,-2.753595,-4.476944,1.000000,805.900024
-0.767961,0.341721,-1.388943,1.309094,1.309094,-1.545472,-1.667586,-1.099477,-1.696860,-3.478622,-5.281647,1.000000,816.450012
-0.514906,0.188231,-1.018886,0.857370,0.857370,-1.876495,-2.232316,-1.860952,-2.180097,-3.819784,-5.591921,1.000000,823.450012
0.233585,1.014236,-0.502811,-1.218050,-1.218050,-0.304391,-0.915023,-0.889165,-0.752745,-2.207418,-3.960682,-1.000000,813.419983
1.680896,1.693278,-0.647362,-0.678611,-0.678611,0.683746,-0.044563,-0.361021,0.029085,-1.129053,-2.842763,-1.000000,807.900024
-1.152403,0.131318,-1.390493,0.856540,0.856540,0.047618,-0.804104,-1.069848,-0.764771,-1.578214,-3.173871,1.000000,814.820007
-0.386151,0.213299,-0.647261,0.114135,0.114135,-0.083603,-0.772295,-1.083338,-0.781857,-1.306724,-2.843763,0.000000,815.750000
-0.428808,0.672293,-0.840662,1.200120,1.200120,-1.217867,-1.671388,-2.059174,-1.886520,-2.185766,-3.589042,1.000000,825.539978
-0.687572,0.554611,-0.994225,1.124116,1.124116,-1.803263,-2.331641,-2.904419,-3.023167,-2.998156,-4.229096,1.000000,834.820007
0.657777,1.342103,-0.124310,-0.751062,-0.751062,-0.561703,-1.193650,-1.877737,-2.273669,-2.083494,-3.087963,-1.000000,828.549988
0.834876,1.800930,-0.397208,-1.552107,-1.552107,1.027350,0.484130,-0.264153,-0.624686,-0.491020,-1.231432,-1.000000,815.690002
0.945822,1.329561,-0.963043,-0.323654,-0.323654,1.288974,0.768589,0.134475,-0.243895,-0.104100,-0.600986,0.000000,813.049988
0.029812,0.868311,-1.721716,-0.988866,-0.988866,1.790535,1.545942,1.154353,0.776573,0.850622,0.555727,-1.000000,805.010010
0.507675,0.985706,-0.560789,0.566452,0.566452,0.593400,0.926417,0.674185,0.241300,0.119866,0.121628,1.000000,809.570007
-0.458784,0.524670,-0.623504,1.233987,1.233987,-0.852164,-0.161550,-0.357264,-0.814095,-1.131778,-0.983210,1.000000,819.559998
0.378164,0.689452,-0.302775,0.345309,0.345309,-1.030413,-0.413066,-0.566481,-1.065129,-1.353520,-1.256502,0.000000,822.390015
-0.839513,0.402823,-0.839513,0.520430,0.520430,-1.213299,-0.796568,-0.998865,-1.439811,-1.752620,-1.660515,0.000000,826.669983
-1.038381,0.506704,-1.144243,1.700799,1.700799,-2.015627,-2.274926,-2.517493,-2.861439,-3.207210,-3.197774,1.000000,840.729980
0.243738,1.609871,-0.340045,0.039254,0.039254,-1.305258,-2.239079,-2.336654,-2.647670,-3.070506,-3.241465,0.000000,841.059998
-1.055127,0.228293,-1.100077,0.516019,0.516019,-1.200618,-2.541640,-2.542310,-2.852321,-3.316729,-3.661543,0.000000,845.400024
-0.546095,0.112262,-1.772765,1.154477,1.154477,-1.561811,-3.192382,-3.340113,-3.673052,-4.197434,-4.538368,1.000000,855.159973
-1.572086,0.086652,-1.848913,3.913891,3.913891,-3.874955,-5.988095,-6.434025,-6.895053,-7.424553,-7.814952,1.000000,888.630005
-0.619802,0.372330,-1.890623,0.948651,0.948651,-3.522395,-5.845428,-6.781783,-7.359708,-7.873408,-8.324749,1.000000,897.059998
0.236461,0.524475,-0.653355,-0.528392,-0.528392,-1.860992,-4.417923,-5.857018,-6.425498,-6.964318,-7.509078,-1.000000,892.320007
-1.043555,0.275719,-1.620256,2.020572,2.020572,-2.377765,-5.313669,-7.122533,-7.716096,-8.302299,-8.908549,1.000000,910.349976
-1.269026,0.057581,-1.402670,1.102877,1.102877,-2.025230,-5.281785,-7.377309,-8.149265,-8.805008,-9.493513,1.000000,920.390015
1.189043,1.616836,-0.105298,-0.948516,-0.948516,-0.581794,-3.442509,-5.769254,-6.743685,-7.513983,-8.232928,-1.000000,911.659973
1.435620,1.559781,-1.098606,-1.054119,-1.054119,0.587994,-1.734049,-4.048186,-5.326090,-6.180144,-6.887865,-1.000000,902.049988
-0.210656,0.674990,-0.734545,0.513276,0.513276,0.391097,-1.512110,-3.824135,-5.413266,-6.247805,-6.966331,0.000000,906.679993
0.422415,0.489109,-0.732544,-0.780873,-0.780873,0.942198,-0.134503,-2.474061,-4.273953,-5.102221,-5.848412,-1.000000,899.599976
0.471950,0.471950,-0.813350,-0.367941,-0.367941,0.777204,0.693192,-1.564224,-3.470806,-4.388176,-5.164547,0.000000,896.289978
0.068852,0.835112,-0.239869,0.467483,0.467483,0.059968,0.356255,-1.475804,-3.434500,-4.456688,-5.294767,0.000000,900.479980
0.827207,1.245832,-0.557049,-0.520834,-0.520834,0.444078,0.867503,-0.550202,-2.422218,-3.642772,-4.529743,-1.000000,895.789978
0.822126,1.299747,-0.214765,-0.197586,-0.197586,0.359720,1.086214,0.041607,-1.756731,-3.187135,-4.040218,0.000000,894.020020
-1.020833,0.810309,-1.248905,2.011138,2.011138,-1.346931,-0.888598,-1.443861,-3.186788,-4.729781,-5.551572,1.000000,912.000000
-1.602085,0.796594,-1.786510,-1.307016,-1.307016,0.043772,0.198313,0.194054,-1.473094,-3.093061,-3.985018,-1.000000,900.080017
1.405236,1.866888,-0.162142,-1.329885,-1.329885,1.113603,1.283626,1.540576,0.200764,-1.448873,-2.419331,-1.000000,888.109985
0.886271,1.338429,-0.660757,-0.140748,-0.140748,1.054734,1.255103,1.607019,0.602069,-0.940801,-2.051319,0.000000,886.859985
1.655875,1.655875,-0.054813,-1.261755,-1.261755,1.926983,2.194892,2.778673,2.085262,0.626995,-0.644153,-1.000000,875.669983
-2.057830,0.241063,-2.329844,3.275206,3.275206,-1.474649,-0.993530,-0.525016,-0.826283,-2.189195,-3.515672,1.000000,904.349976
-0.123299,0.601086,-1.004007,0.443413,0.443413,-1.727289,-1.297723,-1.052446,-0.971255,-2.242414,-3.601545,0.000000,908.359985
-1.473216,0.232610,-1.972906,2.225993,2.225993,-2.995545,-3.144373,-3.085574,-2.912514,-3.932114,-5.285923,1.000000,928.580017
0.029931,0.493916,-1.285041,0.732300,0.732300,-2.663304,-3.425240,-3.552568,-3.413480,-4.225749,-5.509883,1.000000,935.380005
0.453865,0.554125,-1.600944,-0.833884,-0.833884,-0.725546,-2.251344,-2.591333,-2.411223,-3.047287,-4.291241,-1.000000,927.580017
0.246317,0.348059,-1.908434,0.665170,0.665170,-0.751807,-2.664311,-2.991165,-2.930764,-3.309452,-4.516020,1.000000,933.750000
2.282735,2.586888,-0.045366,3.870417,3.870417,-3.181186,-5.571458,-6.100006,-6.292571,-6.439165,-7.567011,1.000000,969.890015
0.866369,1.215001,-0.116907,-1.223850,-1.223850,-1.366987,-3.671742,-4.536163,-4.889566,-4.990211,-5.964735,-1.000000,958.020020
0.715178,1.023480,-0.484474,-0.460328,-0.460328,-0.528516,-2.526293,-3.690466,-4.179380,-4.313628,-5.135292,0.000000,953.609985
1.088296,2.018082,-0.108513,-1.427207,-1.427207,1.175958,-0.430638,-1.969929,-2.614788,-2.725320,-3.410922,-1.000000,940.000000
-0.379211,0.492122,-1.064135,-0.128726,-0.128726,1.413737,0.064554,-1.653332,-2.280540,-2.478763,-2.954830,0.000000,938.789978
0.013829,0.949929,-0.325507,0.136349,0.136349,0.641228,0.265618,-1.503648,-2.180743,-2.527813,-2.785893,0.000000,940.070007
0.093234,1.486395,-0.131812,-0.738243,-0.738243,0.856257,1.060088,-0.449456,-1.278279,-1.710845,-1.903916,-1.000000,933.130005
0.075040,1.005607,-0.016084,-0.038578,-0.038578,0.448340,1.071109,-0.082909,-1.041952,-1.541175,-1.738445,0.000000,932.770020
-0.394599,1.148690,-0.872156,0.796551,0.796551,-0.341205,0.406615,-0.414948,-1.578389,-2.176645,-2.345212,1.000000,940.200012
-0.720480,0.239455,-0.907421,1.271007,1.271007,-1.311349,-0.660297,-1.330114,-2.602796,-3.183619,-3.424498,1.000000,952.150024
0.237890,0.276664,-0.328014,0.218448,0.218448,-1.229680,-1.040942,-1.224720,-2.531358,-3.151775,-3.516795,0.000000,954.229980
0.291722,1.232177,-0.086358,-0.491496,-0.491496,-0.396189,-0.641466,-0.589686,-1.726465,-2.466750,-2.907265,0.000000,949.539978
0.432882,0.926683,-0.373022,-1.468080,-1.468080,1.148356,0.646432,0.893048,-0.001761,-0.843349,-1.341098,-1.000000,935.599976
0.124120,0.483626,-0.405514,-0.105813,-0.105813,1.135875,0.695372,1.050065,0.419481,-0.564598,-1.136979,0.000000,934.609985
-0.814334,0.663370,-0.814334,0.646263,0.646263,0.241957,0.068567,0.450112,-0.032374,-1.081255,-1.626325,1.000000,940.650024
0.369724,0.824693,-0.368664,-0.225376,-0.225376,0.133823,0.278198,0.454254,0.354168,-0.693939,-1.254092,0.000000,938.530029
0.696839,1.147610,-0.211066,0.458162,0.458162,-0.465196,-0.076261,-0.111298,-0.027949,-0.914695,-1.554718,0.000000,942.830017
-0.782195,0.017847,-1.600083,1.020332,1.020332,-1.116699,-0.878892,-1.128319,-0.948082,-1.640024,-2.350746,1.000000,952.450012
-0.719358,0.538738,-0.760072,0.561707,0.561707,-1.184796,-1.248798,-1.556691,-1.343598,-1.846438,-2.674217,1.000000,957.799988
0.340923,0.609913,-1.317835,0.140952,0.140952,-0.938123,-1.314812,-1.553739,-1.350052,-1.756057,-2.647346,0.000000,959.150024
-0.430791,0.287889,-0.667932,0.678721,0.678721,-1.044050,-1.861729,-2.040743,-2.036998,-2.181013,-3.077271,1.000000,965.659973
-0.690537,0.248593,-0.914578,1.226107,1.226107,-1.533299,-2.764399,-2.924671,-3.123939,-3.165667,-3.946428,1.000000,977.500000
-0.421779,0.428911,-1.092136,0.415345,0.415345,-1.347447,-2.698357,-2.994824,-3.382269,-3.378010,-4.022135,0.000000,981.559998
0.973407,1.272443,-0.176323,-1.199114,-1.199114,0.097136,-1.154680,-1.614093,-2.056061,-2.031242,-2.533776,-1.000000,969.789978
0.504748,0.504748,-0.687824,-0.306249,-0.306249,0.563288,-0.580357,-1.210705,-1.610228,-1.593472,-2.018991,0.000000,966.820007
1.256539,1.265836,-0.191164,0.095156,0.095156,0.510675,-0.373033,-1.211550,-1.560800,-1.695909,-1.907605,0.000000,967.739990
-0.440099,0.327753,-0.838969,0.258334,0.258334,0.102037,-0.347233,-1.323864,-1.623206,-1.898828,-2.017232,0.000000,970.239990
-2.796734,0.593913,-2.820851,2.561226,2.561226,-2.125841,-2.407323,-3.389511,-3.766798,-4.181936,-4.264106,1.000000,995.090027
-0.313807,0.268834,-1.158278,0.555725,0.555725,-2.050528,-2.518738,-3.483639,-3.996722,-4.469149,-4.549878,1.000000,1000.619995
-0.220339,0.412759,-0.491520,0.238853,0.238853,-1.562298,-2.313737,-3.299137,-3.971945,-4.440674,-4.547147,0.000000,1003.010010
0.325052,1.177815,-1.073479,-0.623124,-0.623124,-0.362776,-1.389202,-2.303330,-3.156478,-3.613990,-3.858770,-1.000000,996.760010
-0.821083,0.759452,-1.663036,0.925998,0.925998,-0.566207,-2.010755,-2.781140,-3.764450,-4.208629,-4.581920,1.000000,1005.989990
1.010710,1.148078,-0.114308,-0.861836,-0.861836,0.342919,-1.000883,-1.636052,-2.618418,-3.116994,-3.606332,-1.000000,997.320007
-0.906474,0.258003,-1.199079,1.432838,1.432838,-0.857246,-1.985942,-2.670923,-3.613446,-4.203199,-4.732026,1.000000,1011.609985
-0.717260,0.490659,-0.972442,0.332142,0.332142,-0.949780,-1.836012,-2.626479,-3.566408,-4.272754,-4.797216,0.000000,1014.969971
-0.199814,0.646914,-0.776501,-0.396067,-0.396067,-0.275189,-1.018251,-1.940618,-2.824770,-3.667680,-4.184943,0.000000,1010.950012
-2.913500,0.100170,-2.913500,2.702409,2.702409,-2.277444,-2.967534,-4.130655,-4.922132,-5.860635,-6.368576,1.000000,1038.270020
-2.973635,0.526522,-3.033597,2.803701,2.803701,-3.629823,-4.936574,-6.209223,-6.976757,-7.934194,-8.501752,1.000000,1067.380005
1.554349,2.437788,-0.571804,-1.692925,-1.692925,-1.251684,-2.835487,-4.088851,-4.938774,-5.911509,-6.579472,-1.000000,1049.310059
-0.958420,0.172285,-1.647570,1.225566,1.225566,-1.558509,-3.454911,-4.651613,-5.604756,-6.593035,-7.365272,1.000000,1062.170044
1.901729,1.901729,-0.159361,-1.929069,-1.929069,0.967858,-1.124629,-2.302886,-3.383097,-4.359616,-5.263297,-1.000000,1041.680054
4.374183,4.658712,-1.515835,-4.180751,-4.180751,4.568947,3.110718,2.146081,0.935800,0.034945,-0.967509,-1.000000,998.130005
1.294196,1.294196,-1.681446,-0.911702,-0.911702,3.946696,3.975611,3.045069,1.902266,1.103301,0.123755,-1.000000,989.030029
-0.669176,0.325703,-1.104433,2.442795,2.442795,0.755043,1.511860,0.670622,-0.313465,-1.088877,-2.005217,1.000000,1013.190002
0.253307,1.753359,-0.510576,-0.252667,-0.252667,-0.009696,1.726054,0.975894,0.155794,-0.634574,-1.526176,0.000000,1010.630005
-1.087822,0.182776,-2.346629,0.692637,0.692637,-1.170169,1.091951,0.418031,-0.288022,-1.113803,-1.944452,1.000000,1017.630005
-0.524712,1.015163,-0.833081,0.381279,0.381279,-1.087801,0.543902,0.137901,-0.415806,-1.317070,-2.060153,0.000000,1021.510010
-0.598913,0.367084,-0.896436,1.340167,1.340167,-1.503860,-1.096593,-0.942421,-1.539021,-2.414832,-3.088899,1.000000,1035.199951
-0.062008,0.954316,-0.606502,-0.294622,-0.294622,-0.845422,-0.970596,-0.517045,-1.095336,-1.884805,-2.562420,0.000000,1032.150024
0.166945,0.741237,-0.308131,1.559848,1.559848,-1.650561,-2.624373,-1.833340,-2.398616,-3.081020,-3.775626,1.000000,1048.250000
-3.109212,0.244693,-3.319869,3.705220,3.705220,-3.886521,-5.685727,-4.873741,-5.470289,-6.104624,-6.841227,1.000000,1087.089966
1.741303,2.144785,-1.723645,-1.054187,-1.054187,-1.856216,-3.960377,-3.628695,-4.139434,-4.712326,-5.544596,-1.000000,1075.630005
0.704524,1.134187,-0.932479,-0.898081,-0.898081,-0.389502,-2.368263,-2.764177,-2.948720,-3.582837,-4.424668,-1.000000,1065.969971
-0.592375,0.220289,-1.332842,1.353702,1.353702,-0.826734,-3.050169,-3.871037,-3.926603,-4.575233,-5.359930,1.000000,1080.400024
1.434373,1.663170,-0.340853,-0.883936,-0.883936,0.479807,-1.623195,-2.959703,-2.808887,-3.470810,-4.192088,-1.000000,1070.849976
1.161150,1.400743,-0.297130,-0.999202,-0.999202,0.985707,-0.229216,-1.864141,-1.595908,-2.257380,-2.934555,-1.000000,1060.150024
-0.382411,0.512378,-1.348272,0.883837,0.883837,-0.013279,-0.654408,-2.278906,-2.311926,-2.876095,-3.475517,1.000000,1069.520020
0.597071,0.884371,-0.944278,-0.090692,-0.090692,0.125775,-0.252121,-1.694076,-2.217775,-2.521290,-3.158739,0.000000,1068.550049
2.673111,2.673111,-0.932784,-1.377576,-1.377576,1.020093,1.346901,-0.063827,-0.830490,-0.999435,-1.637736,-1.000000,1053.829956
0.332542,0.415201,-0.811405,-0.126202,-0.126202,0.799051,1.515344,0.327664,-0.751116,-0.731705,-1.356706,0.000000,1052.500000
-1.261011,0.047639,-2.194157,1.716859,1.716859,-0.707656,-0.352424,-1.036079,-2.291391,-2.184476,-2.791872,1.000000,1070.569946
-1.077408,0.291993,-2.054090,1.089143,1.089143,-1.542555,-1.365050,-1.728282,-2.955562,-3.075869,-3.604377,1.000000,1082.229980
1.983856,2.548104,-0.635145,-2.235194,-2.235194,0.509805,0.815088,0.662416,-0.410716,-0.895206,-1.209189,-1.000000,1058.040039
3.297518,3.882134,-0.215078,-3.322183,-3.322183,3.358717,3.717212,4.061171,3.058929,2.407061,2.222362,-1.000000,1022.890015
-1.606410,0.367132,-2.937001,4.918411,4.918411,-1.100817,-1.122992,-0.662066,-1.480801,-2.352511,-2.388801,1.000000,1073.199951
-2.558144,1.185591,-2.680348,2.171082,2.171082,-2.729412,-2.892568,-2.715732,-3.214638,-4.227488,-4.202918,1.000000,1096.500000
0.321061,0.651214,-0.631196,0.272685,0.272685,-2.679969,-2.884064,-2.835617,-3.123220,-4.119182,-4.277831,0.000000,1099.489990
-2.385692,0.150335,-2.590286,2.247402,2.247402,-3.642054,-4.523659,-4.625982,-4.856739,-5.745700,-6.213333,1.000000,1124.199951
-0.390345,0.511681,-0.748161,1.177726,1.177726,-2.749506,-4.899947,-5.401834,-5.501385,-6.405890,-7.046755,1.000000,1137.439941
0.347508,0.458959,-0.739783,0.183754,0.183754,-1.763714,-4.310641,-5.173540,-5.274195,-6.125090,-6.990955,0.000000,1139.530029
1.025768,1.513387,-0.617954,-1.017961,-1.017961,-0.196117,-2.817999,-3.797699,-4.118966,-4.768492,-5.779530,-1.000000,1127.930054
0.590116,1.372470,-0.752852,-0.843138,-0.843138,0.991037,-1.668071,-2.688201,-3.112386,-3.612136,-4.619855,-1.000000,1118.420044
0.105492,1.472423,-0.666035,2.563431,2.563431,-1.133996,-3.349430,-4.663916,-5.180367,-5.631046,-6.544442,1.000000,1147.089966
-0.126819,0.377877,-0.693639,1.047871,1.047871,-1.785333,-3.176488,-5.047033,-5.824123,-6.171527,-7.093948,1.000000,1159.109985
0.087146,0.367562,-0.531500,-0.010352,-0.010352,-1.439355,-2.426250,-4.424657,-5.434127,-5.779618,-6.657635,0.000000,1158.989990
0.436514,0.552974,-0.239829,0.015535,0.015535,-0.915658,-1.900760,-3.929942,-5.021700,-5.545523,-6.265119,0.000000,1159.170044
-1.275915,0.392196,-1.899863,1.622707,1.622707,-1.486612,-2.800895,-4.922097,-6.077946,-6.706225,-7.319110,1.000000,1177.979980
-0.403467,0.528983,-0.689016,0.781844,0.781844,-1.575313,-3.024364,-4.934449,-6.306906,-7.021551,-7.611358,1.000000,1187.189941
0.156835,0.538445,-0.182830,0.432956,0.432956,-1.442384,-2.982057,-4.396879,-6.130012,-7.046872,-7.561830,0.000000,1192.329956
0.639459,0.680687,-0.776607,-0.321216,-0.321216,-0.628188,-2.257384,-3.442043,-5.255365,-6.351368,-6.870594,0.000000,1188.500000
0.397801,0.545699,-0.455595,-1.011361,-1.011361,0.681354,-0.846083,-2.002300,-3.837251,-4.999047,-5.665827,-1.000000,1176.479980
-0.853037,0.280954,-1.280392,0.441152,0.441152,0.301602,-0.746321,-1.969082,-3.838851,-5.036673,-5.781031,0.000000,1181.670044
0.536442,0.557730,-0.378926,-0.616080,-0.616080,0.705386,0.101413,-1.076475,-2.747386,-4.087503,-4.889235,-1.000000,1174.390015
0.728565,0.728565,-0.647239,0.511756,0.511756,-0.009489,-0.227891,-1.337514,-2.575358,-4.146936,-5.091101,0.000000,1180.400024
0.371603,0.705870,-0.337675,-0.145711,-0.145711,-0.030206,0.084752,-0.972108,-1.985743,-3.578856,-4.647661,0.000000,1178.680054
-0.918484,0.280924,-1.118666,0.868768,0.868768,-0.681964,-0.527036,-1.483030,-2.441253,-4.011140,-5.107889,1.000000,1188.920044
1.229086,1.730740,-0.255495,-0.909233,-0.909233,0.168918,0.386808,-0.241289,-1.212407,-2.804830,-3.929938,-1.000000,1178.109985
-0.057855,0.700281,-0.359073,-0.243610,-0.243610,0.428000,0.530276,0.162010,-0.754015,-2.168578,-3.392725,0.000000,1175.239990
0.918662,0.920371,-0.178436,-0.337801,-0.337801,0.612497,0.691215,0.570718,-0.273209,-1.330250,-2.731054,0.000000,1171.270020
-0.310839,0.375562,-0.532255,0.254423,0.254423,0.281712,0.314330,0.402129,-0.378454,-1.236432,-2.632290,0.000000,1174.250000
1.136182,1.214573,-0.404002,-1.136894,-1.136894,0.952191,1.333706,1.566656,0.909164,0.121214,-1.253225,-1.000000,1160.900024
-2.235704,0.053031,-3.618717,2.333531,2.333531,-1.183510,-0.923827,-0.693214,-1.099082,-1.863887,-3.208219,1.000000,1187.989990
-0.307990,0.203937,-0.658793,0.301346,0.301346,-1.206304,-1.077313,-0.967067,-1.209576,-1.932572,-3.125480,0.000000,1191.569946
0.319077,0.481967,-0.172125,-0.052032,-0.052032,-0.824381,-0.937231,-0.923236,-1.024472,-1.701797,-2.604668,0.000000,1190.949951
0.608126,0.608126,-0.607282,-0.310672,-0.310672,-0.296317,-0.556328,-0.621492,-0.597010,-1.234685,-1.980937,0.000000,1187.250000
0.481391,0.720400,-0.008473,-0.619076,-0.619076,0.646831,-0.013309,0.016893,0.110050,-0.443260,-1.134731,-1.000000,1179.900024
-0.558896,0.000000,-0.989202,0.843288,0.843288,-0.163550,-0.750766,-0.773653,-0.677226,-1.035658,-1.708337,1.000000,1189.849976
1.828567,1.831133,-0.140990,-1.642217,-1.642217,1.140035,0.864210,0.859825,0.908985,0.696050,0.064109,-1.000000,1170.310059
1.687929,1.687929,-0.163937,-1.488498,-1.488498,2.007997,2.228832,2.224727,2.262661,2.195976,1.620738,-1.000000,1152.890015
-0.556604,0.000000,-0.721784,0.824884,0.824884,0.745870,1.290518,1.295020,1.313746,1.371609,0.854925,1.000000,1162.400024
1.268511,1.383756,-0.474922,-1.459057,-1.459057,1.635883,2.655316,2.541794,2.678365,2.824632,2.399200,-1.000000,1145.439941
1.264253,1.766597,-0.109485,-1.113973,-1.113973,1.771371,3.323440,3.429560,3.618802,3.822999,3.594714,-1.000000,1132.680054
-0.636227,0.430872,-2.327277,0.604758,0.604758,0.619377,2.245661,2.598905,2.842968,3.031599,2.949869,1.000000,1139.530029
-1.397164,0.242468,-1.811580,2.065757,2.065757,-1.242053,-0.063448,0.475356,0.686980,0.845664,0.877567,1.000000,1163.069946
0.560690,0.915765,-0.085528,-0.478900,-0.478900,-0.851491,0.160433,0.862376,1.080000,1.223810,1.358704,0.000000,1157.500000
0.369251,0.792242,-0.818239,-0.329163,-0.329163,-0.381034,0.264027,1.153810,1.261132,1.479086,1.677608,0.000000,1153.689941
0.658931,0.658931,-0.557086,-0.420388,-0.420388,0.320846,0.330336,1.353658,1.561230,1.793186,2.022304,0.000000,1148.839966
0.250059,2.084723,-0.533461,-0.793844,-0.793844,1.126943,0.864775,1.861395,2.218091,2.486052,2.699847,-1.000000,1139.719971
-1.758958,0.145794,-2.258429,1.710068,1.710068,-0.639918,-0.776561,-0.033756,0.447463,0.689818,0.877900,1.000000,1159.209961
-1.087940,0.126186,-1.087940,1.177528,1.177528,-1.534371,-1.842164,-1.278981,-0.727495,-0.501884,-0.340591,1.000000,1172.859985
-1.192758,0.450763,-1.192758,1.005238,1.005238,-1.991647,-2.488080,-2.234755,-1.615248,-1.506540,-1.309446,1.000000,1184.650024
0.608631,0.748697,-0.900647,-0.557969,-0.557969,-0.945982,-1.555894,-1.753028,-1.105442,-0.954131,-0.765965,-1.000000,1178.040039
-2.027443,0.085412,-2.442054,2.369182,2.369182,-2.140052,-3.283467,-3.829785,-3.334588,-3.144538,-2.975355,1.000000,1205.949951
-0.436833,0.074170,-0.726955,0.608656,0.608656,-1.840618,-3.454660,-4.079710,-3.827324,-3.591956,-3.471968,1.000000,1213.290039
-0.153863,0.505434,-1.051401,-0.365127,-0.365127,-0.885295,-2.675992,-3.471976,-3.385503,-3.124133,-3.035007,0.000000,1208.859985
1.277190,1.968759,-0.617837,-2.393158,-2.393158,1.464829,-0.067382,-0.910398,-1.016548,-0.684385,-0.682983,-1.000000,1179.930054
3.309013,3.826843,-0.439105,-3.109512,-3.109512,4.112349,3.090778,2.331269,1.956283,2.346384,2.402733,-1.000000,1143.239990
-0.699337,0.525577,-1.063197,1.687313,1.687313,1.637806,1.576387,0.765167,0.231045,0.548215,0.667106,1.000000,1162.530029
1.429715,2.108848,-0.072330,-2.472193,-2.472193,2.811806,3.927003,3.147258,2.687531,2.895312,3.108685,-1.000000,1133.790039
-1.279307,0.237932,-1.571550,2.311712,2.311712,-0.353619,1.467932,0.831034,0.356983,0.476448,0.738017,1.000000,1160.000000
-0.126656,1.410618,-0.499609,-1.302585,-1.302585,0.349379,2.459800,2.110536,1.679068,1.680195,2.020920,-1.000000,1144.890015
2.724763,3.376768,-0.560399,-2.742624,-2.742624,2.644840,4.769420,4.778371,4.460211,4.273232,4.674852,-1.000000,1113.489990
-0.726393,0.240646,-1.680109,1.134272,1.134272,0.846980,2.885485,3.522716,3.229096,2.946791,3.307138,1.000000,1126.119995
-0.068507,0.881668,-1.789129,-0.187368,-0.187368,0.862269,2.284321,3.508272,3.249125,3.037267,3.302550,0.000000,1124.010010
-0.871438,0.629868,-1.084911,1.274896,1.274896,-0.787987,0.377220,2.003096,1.865219,1.655642,1.858909,1.000000,1138.339966
-3.013244,0.097880,-3.167166,5.011688,5.011688,-4.677973,-4.283958,-2.805110,-2.821884,-3.028737,-2.959119,1.000000,1195.390015
-1.393416,0.346083,-1.720447,1.039822,1.039822,-4.096965,-4.734310,-3.640991,-3.577805,-3.777844,-3.908194,1.000000,1207.819946
-0.570878,0.166393,-1.059378,0.505879,0.505879,-3.132969,-4.790396,-4.082172,-3.757469,-4.017007,-4.272079,0.000000,1213.930054
-1.901116,0.237435,-2.623850,2.694551,2.694551,-3.707246,-6.383319,-6.420566,-5.932066,-6.267312,-6.533162,1.000000,1246.640015
-2.710664,0.511730,-2.887771,2.360740,2.360740,-3.769382,-7.632807,-8.227653,-7.697144,-8.057391,-8.391856,1.000000,1276.069946
-0.304694,0.368754,-0.846104,0.306412,0.306412,-2.741605,-6.859559,-7.986894,-7.606719,-7.943592,-8.321327,0.000000,1279.979980
-1.385947,0.935737,-1.969055,1.692217,1.692217,-2.918473,-6.963985,-8.706761,-8.669410,-9.005901,-9.414227,1.000000,1301.640015
2.217057,2.766611,-0.201770,-2.141914,-2.141914,0.145866,-3.768529,-6.126377,-6.404190,-6.593299,-7.080220,-1.000000,1273.760010
0.085735,0.233827,-2.257987,0.725411,0.725411,-0.008574,-3.222370,-6.027124,-6.806586,-6.880062,-7.437828,1.000000,1283.000000
0.929577,1.327859,-2.481665,2.544819,2.544819,-1.888346,-4.276367,-7.570506,-8.713489,-8.756859,-9.334222,1.000000,1315.650024
0.253485,0.786343,-0.726213,-0.150494,-0.150494,-1.227555,-3.231713,-6.574663,-8.066869,-8.226483,-8.791632,0.000000,1313.670044
-2.704119,0.271154,-2.832675,3.031198,3.031198,-3.367293,-5.002400,-8.141126,-9.994864,-10.407967,-10.970995,1.000000,1353.489990
0.116444,1.361158,-1.101002,0.254893,0.254893,-2.386984,-4.190012,-7.240650,-9.507343,-10.190660,-10.663744,0.000000,1356.939941
-0.048611,0.390335,-0.573729,0.062648,0.062648,-1.346455,-3.431388,-6.150880,-8.739130,-9.821197,-10.232169,0.000000,1357.790039
0.593844,1.350055,-0.698372,-0.659165,-0.659165,-0.199725,-2.251117,-4.487755,-7.433570,-8.807714,-9.201632,-1.000000,1348.839966
-0.545496,0.283211,-1.288258,-0.785859,-0.785859,0.957974,-1.041516,-3.019587,-5.977963,-7.612206,-8.099867,-1.000000,1338.239990
-1.396602,0.049700,-1.557380,2.247725,2.247725,-1.044637,-2.729621,-4.369540,-7.113684,-8.985205,-9.656583,1.000000,1368.319946
-0.325451,0.058370,-1.016473,0.154212,0.154212,-1.000128,-2.173993,-3.755468,-6.365342,-8.518527,-9.395619,0.000000,1370.430054
0.465404,1.067131,-0.241868,-0.440010,-0.440010,-0.465701,-1.145047,-2.754717,-5.070582,-7.438143,-8.626015,0.000000,1364.400024
1.068452,1.167121,-0.293805,-0.466138,-0.466138,0.135929,-0.369948,-1.896903,-3.817121,-6.421345,-7.831927,0.000000,1358.040039
1.004147,1.146313,-0.791989,-1.075086,-1.075086,1.301589,0.934396,-0.515835,-2.220824,-4.813192,-6.424573,-1.000000,1343.439941
1.612749,1.612749,-0.202070,-1.275821,-1.275821,1.977077,2.033774,0.893761,-0.510559,-2.941269,-4.755212,-1.000000,1326.300049
-0.721156,0.480273,-1.281721,0.473491,0.473491,0.928428,1.370127,0.712556,-0.534224,-2.778937,-4.778697,0.000000,1332.579956
2.943689,2.955232,-0.392387,-2.465141,-2.465141,2.484209,3.485494,3.343824,2.183955,0.219062,-1.946454,-1.000000,1299.729980
2.133393,2.290341,-0.069405,-2.446656,-2.446656,3.633161,5.442804,5.684799,4.714649,3.141399,0.796491,-1.000000,1267.930054
-1.149098,1.617292,-1.627377,1.579733,1.579733,1.159977,3.412609,3.908147,3.117142,1.824873,-0.400786,1.000000,1287.959961
-0.709122,0.073592,-1.052575,1.278774,1.278774,-0.452616,1.617101,2.345439,1.825851,0.835457,-1.170426,1.000000,1304.430054
1.589457,2.134038,-0.750451,-1.318589,-1.318589,0.172931,2.328568,3.351954,3.238778,2.410604,0.567344,-1.000000,1287.229980
-0.519965,0.588830,-1.564541,0.400863,0.400863,-0.340609,1.362823,2.601948,2.862912,2.143315,0.600101,0.000000,1292.390015
3.794807,3.794807,-0.094571,-1.822209,-1.822209,1.523441,2.541142,4.085940,4.587618,4.016333,2.810102,-1.000000,1268.839966
3.833276,3.913899,-1.305451,-3.224198,-3.224198,3.928071,5.016731,6.954790,7.722952,7.312204,6.323673,-1.000000,1227.930054
0.684809,1.724287,-1.668703,-0.344491,-0.344491,2.967888,4.541313,6.536629,7.565012,7.428394,6.734471,0.000000,1223.699951
3.432113,4.309495,-0.016830,-2.854452,-2.854452,4.336918,6.403340,8.648265,10.018295,10.299013,9.800128,-1.000000,1188.770020
0.551492,0.822159,-2.185660,-0.548468,-0.548468,3.049101,5.996448,8.220314,9.882639,10.566429,10.224121,-1.000000,1182.250000
-0.237410,1.897635,-0.787746,0.825545,0.825545,0.916267,4.491656,6.405650,8.325097,9.246230,9.086556,1.000000,1192.010010
1.138523,1.902854,-0.136758,-0.010067,-0.010067,0.321673,3.696146,5.568690,7.722062,8.848533,8.851179,0.000000,1191.890015
-3.848585,0.037557,-4.016399,4.990392,4.990392,-4.004570,-1.656744,0.151621,2.134541,3.348331,3.543370,1.000000,1251.369995
-0.826591,0.795790,-1.353956,1.221864,1.221864,-3.933496,-3.006255,-1.404273,0.492040,1.815702,2.274799,1.000000,1266.660034
2.226357,2.292618,-1.086100,-2.306071,-2.306071,-0.773684,-1.160689,0.587557,2.351210,3.830074,4.566303,-1.000000,1237.449951
5.935085,6.104003,-0.011035,-4.797769,-4.797769,3.990394,3.049966,5.148268,6.745471,8.482857,9.446731,-1.000000,1178.079956
-0.190641,1.720910,-2.712590,-0.708778,-0.708778,4.353826,3.288025,5.225025,6.764939,8.681014,9.817823,-1.000000,1169.729980
-1.042492,0.795759,-1.644579,1.522579,1.522579,1.713791,1.434475,2.990717,4.579505,6.442155,7.705028,1.000000,1187.540039
-3.018720,0.037255,-3.991482,3.965337,3.965337,-2.684530,-2.062886,-1.221473,0.194066,1.942379,3.266835,1.000000,1234.630005
4.622434,4.888297,-0.273515,-4.643493,-4.643493,1.032528,2.664228,2.936942,4.553169,6.270887,7.784503,-1.000000,1177.300049
0.328664,1.805901,-0.756783,-1.791394,-1.791394,2.497128,4.227263,4.165164,5.977162,7.511096,9.195219,-1.000000,1156.209961
0.090820,1.778601,-1.239706,0.951384,0.951384,1.487996,3.033562,2.836682,4.461154,5.893956,7.677714,1.000000,1167.209961
0.189782,1.079718,-2.429583,0.217616,0.217616,0.963453,2.112075,2.305906,3.658645,5.128685,6.878051,0.000000,1169.750000
-2.866570,0.086620,-3.140437,3.633255,3.633255,-2.945433,-1.916685,-1.151688,-0.284760,1.045956,2.696089,1.000000,1212.250000
-0.216822,1.345626,-0.443575,-0.320892,-0.320892,-2.118905,-1.841669,-0.689418,-0.311454,1.068789,2.596247,0.000000,1208.359985
-0.691219,0.253880,-1.365233,1.049361,1.049361,-2.073482,-2.509175,-1.562223,-1.542418,-0.134381,1.156825,1.000000,1221.040039
-0.262600,0.581303,-0.800811,0.733797,0.733797,-1.765853,-2.729349,-2.072737,-2.251220,-1.050341,0.112520,1.000000,1230.000000
0.965616,1.213169,-0.511496,-0.817077,-0.817077,-0.133608,-1.662360,-1.437706,-1.461327,-0.512181,0.646670,-1.000000,1219.949951
1.230041,1.513514,-1.094473,-0.239348,-0.239348,0.184545,-1.571040,-1.473097,-1.108808,-0.504214,0.571662,0.000000,1217.030029
4.731949,4.731949,-0.279976,-4.912783,-4.912783,4.477205,3.341053,3.155324,3.892452,4.169196,5.357374,-1.000000,1157.239990
1.603905,1.690768,-2.847186,-1.513949,-1.513949,4.656233,4.784949,4.516667,5.260110,5.317344,6.601975,-1.000000,1139.719971
-0.628659,0.879779,-1.873854,1.326641,1.326641,1.984346,3.305915,3.062303,3.721557,3.685292,4.822027,1.000000,1154.839966
-1.082274,0.189155,-1.725759,0.251986,0.251986,0.653508,2.942604,2.631713,3.056531,3.196821,4.136241,0.000000,1157.750000
-1.412835,1.116386,-2.050649,1.973654,1.973654,-1.911739,0.682112,0.340224,0.697443,1.171813,1.819670,1.000000,1180.599976
0.733086,1.378038,-0.797508,-0.056744,-0.056744,-1.471448,0.498330,0.412053,0.510873,1.221390,1.559777,0.000000,1179.930054
-1.800922,0.153570,-2.651032,0.989883,0.989883,-1.566283,-0.733713,-0.374115,-0.417543,0.227894,0.348269,1.000000,1191.609985
1.870997,1.983982,-0.153210,-1.951142,-1.951142,0.623953,0.714078,1.614971,1.558254,2.141841,2.175215,-1.000000,1168.359985
3.646599,3.734074,-0.647671,-3.134308,-3.134308,3.420221,3.193490,4.679049,4.597876,5.024052,5.210473,-1.000000,1131.739990
-1.027980,4.059565,-1.871840,-2.097654,-2.097654,4.325632,4.420487,6.294645,6.267554,6.701516,7.221720,-1.000000,1108.000000
-1.787118,0.224483,-2.147178,2.518956,2.518956,0.987223,1.667030,3.257708,3.474303,3.722228,4.451230,1.000000,1135.910034
-1.663341,0.220925,-1.745860,2.413035,2.413035,-1.878585,-0.525561,0.493992,1.066821,1.227594,1.907963,1.000000,1163.319946
0.317260,1.042319,-0.208641,-0.293119,-0.293119,-1.735827,-0.189414,0.386578,1.332471,1.491319,2.115649,0.000000,1159.910034
1.113613,1.807451,-0.405829,-1.215609,-1.215609,-0.281028,0.934618,1.190536,2.474969,2.594561,3.065162,-1.000000,1145.810059
0.589655,0.594059,-1.593838,-0.834349,-0.834349,1.055227,1.393532,1.567965,3.002728,3.111428,3.549747,-1.000000,1136.250000
-0.078266,0.161804,-1.389431,0.080091,0.080091,0.996340,0.936277,1.368963,2.607238,2.887717,3.172901,0.000000,1137.160034
-2.331744,0.307212,-2.576824,1.902107,1.902107,-0.967044,-1.231028,-0.413480,0.423369,0.976118,1.191585,1.000000,1158.790039
0.967591,1.420521,-0.586814,-0.734388,-0.734388,-0.401815,-0.657493,0.296854,0.819798,1.664288,1.883858,-1.000000,1150.280029
-1.600079,0.037375,-2.388232,2.361157,2.361157,-2.161973,-2.560889,-1.905201,-1.686323,-0.654669,-0.494882,1.000000,1177.439941
-0.089983,0.673984,-0.518658,0.052667,0.052667,-1.503662,-2.017473,-1.971211,-1.903473,-0.823053,-0.707326,0.000000,1178.060059
-1.505281,0.030071,-1.830229,1.617909,1.617909,-2.070134,-3.066191,-3.436246,-3.298750,-2.439654,-2.233025,1.000000,1197.119995
-4.205348,0.057976,-4.205348,5.178260,5.178260,-5.298027,-7.077775,-7.832991,-7.585555,-7.121918,-6.773990,1.000000,1259.109985
-1.064552,0.392118,-1.887370,0.866488,0.866488,-4.225919,-7.009024,-8.091107,-7.925978,-7.793737,-7.305004,1.000000,1270.020020
-1.624952,0.072001,-1.991901,1.709419,1.709419,-4.066018,-7.442265,-8.810095,-8.954849,-9.121161,-8.548147,1.000000,1291.729980
1.071455,1.071455,-0.749236,-1.014142,-1.014142,-1.510054,-5.380446,-6.986175,-7.638722,-7.997372,-7.438144,-1.000000,1278.630005
0.172032,0.563024,-1.451365,0.013299,0.013299,-0.245702,-4.285427,-6.253626,-7.264430,-7.629374,-7.266842,0.000000,1278.800049
0.472535,0.640847,-0.731722,-1.039259,-1.039259,0.903035,-2.436962,-4.730793,-5.998570,-6.261729,-6.175850,-1.000000,1265.510010
1.206291,1.286550,-0.105937,-1.544045,-1.544045,2.099411,-0.138925,-2.776254,-4.212940,-4.499110,-4.661720,-1.000000,1245.969971
0.353379,0.960767,-0.186701,0.159714,0.159714,1.235139,0.266919,-2.385596,-3.900041,-4.362252,-4.738931,0.000000,1247.959961
1.318176,1.621872,-0.321464,-0.791692,-0.791692,1.387958,1.551841,-1.058302,-2.607824,-3.413346,-3.922064,-1.000000,1238.079956
0.904937,1.632623,-0.104888,-0.659078,-0.659078,1.265769,2.492272,0.100925,-1.579496,-2.609961,-3.087657,-1.000000,1229.920044
0.583050,1.472754,-0.320558,-0.572398,-0.572398,1.151542,2.786046,1.026593,-0.769372,-1.947010,-2.303061,-1.000000,1222.880005
-2.780445,0.109712,-2.857321,2.113042,2.113042,-0.897558,0.488502,-0.538416,-2.467164,-3.718621,-4.074116,1.000000,1248.719971
1.902116,3.164767,-0.326264,-1.819461,-1.819461,0.580750,1.814600,1.568842,-0.332667,-1.626819,-2.110875,-1.000000,1226.000000
2.995880,3.840067,-0.223664,-2.993471,-2.993471,2.864203,4.205327,4.766105,2.965943,1.682263,0.934215,-1.000000,1189.300049
-0.923090,0.587957,-1.619984,1.108209,1.108209,1.280356,2.428482,3.647519,2.108977,0.789204,-0.109577,1.000000,1202.479980
0.504805,1.397395,-0.794812,-0.496471,-0.496471,1.344911,2.362871,3.815875,2.776073,1.403047,0.402476,0.000000,1196.510010
-1.358394,0.141343,-2.379853,1.702451,1.702451,-0.874860,0.410311,1.786919,1.329301,-0.107126,-1.145306,1.000000,1216.880005
1.159235,1.175813,-0.605714,-0.825887,-0.825887,-0.367074,0.905682,2.165567,2.294900,0.926994,-0.114677,-1.000000,1206.829956
0.496187,0.982400,-0.595097,-0.303267,-0.303267,0.166556,0.922477,2.058226,2.710420,1.456482,0.452828,0.000000,1203.170044
-0.454544,0.233084,-0.876737,0.201961,0.201961,0.016425,0.517338,1.447746,2.538572,1.479067,0.443046,0.000000,1205.599976
0.188426,1.482489,-0.475624,-0.072163,-0.072163,0.225114,0.439270,1.184665,2.386926,1.704882,0.630157,0.000000,1204.729980
-1.630842,0.256253,-1.837976,1.387860,1.387860,-1.072002,-1.158865,-0.334244,0.786569,0.545749,-0.579389,1.000000,1221.449951
0.867214,1.016671,-0.326022,-0.307012,-0.307012,-0.588813,-0.922638,-0.192983,0.792974,0.987636,-0.076424,0.000000,1217.699951
0.459575,1.367100,0.000000,-1.004351,-1.004351,0.457912,0.216680,0.639255,1.512109,2.103148,1.128746,-1.000000,1205.469971
0.183704,0.998338,-0.041563,-0.204897,-0.204897,0.620945,0.426765,0.696702,1.405485,2.332335,1.518814,0.000000,1203.000000
-2.331630,0.178861,-2.407823,3.638406,3.638406,-2.237144,-2.695769,-2.710687,-2.229684,-1.299809,-1.809959,1.000000,1246.770020
1.073648,1.193209,-0.362728,-0.716255,-0.716255,-1.267045,-1.824467,-2.067417,-1.557186,-0.691751,-0.865807,-1.000000,1237.839966
0.234896,0.347508,-0.406240,0.426552,0.426552,-1.277431,-1.949531,-2.391564,-1.994780,-1.269966,-1.110754,0.000000,1243.119995
-0.782501,0.966143,-1.039605,0.746511,0.746511,-1.259504,-2.282980,-2.778934,-2.663808,-2.085311,-1.645643,1.000000,1252.400024
1.358931,1.811911,-1.392386,-2.169438,-2.169438,1.292983,0.044155,-0.499225,-0.524472,-0.088897,0.611886,-1.000000,1225.229980
-0.393895,0.300878,-0.909922,0.909218,0.909218,0.212072,-0.601358,-1.180823,-1.366218,-1.083398,-0.355961,1.000000,1236.369995
-0.351938,0.851058,-0.582171,-1.637050,-1.637050,1.522863,1.009184,0.459708,0.141349,0.464719,1.154700,-1.000000,1216.130005
0.635430,0.712797,-0.254345,-0.099493,-0.099493,1.159744,1.086899,0.604151,0.195482,0.455993,1.044701,0.000000,1214.920044
-0.568990,0.611320,-1.056580,1.116941,1.116941,-0.346929,0.157674,-0.369722,-0.751776,-0.684873,-0.207490,1.000000,1228.489990
0.016243,0.630383,-0.961817,0.204317,0.204317,-0.456376,0.180910,-0.435311,-0.838303,-0.883867,-0.540401,0.000000,1231.000000
1.475907,1.602581,-0.053122,-0.597074,-0.597074,-0.066360,0.593714,0.265814,-0.131780,-0.285999,-0.057018,-1.000000,1223.650024
1.427539,2.299875,-0.362918,-1.820784,-1.820784,1.541242,2.155706,2.013868,1.655776,1.405595,1.672729,-1.000000,1201.369995
-0.546678,0.009069,-1.062848,0.949752,0.949752,0.550634,0.944440,1.027060,0.723913,0.407953,0.619483,1.000000,1212.780029
-0.359398,0.166121,-1.058457,0.258911,0.258911,0.084214,0.383740,0.823461,0.516231,0.236229,0.298892,0.000000,1215.920044
-0.554993,0.169825,-1.126224,1.212250,1.212250,-1.120050,-0.774464,-0.234294,-0.585867,-0.872738,-0.900414,1.000000,1230.660034
-0.813776,0.300317,-0.813776,0.651684,0.651684,-1.517585,-1.398265,-0.923782,-1.092498,-1.378375,-1.499531,1.000000,1238.680054
-0.193253,0.855488,-0.684059,-0.157432,-0.157432,-0.790468,-1.076222,-0.773543,-0.874765,-1.158667,-1.376532,0.000000,1236.729980
0.640994,0.942347,-0.285067,-0.723679,-0.723679,0.177067,-0.250371,-0.133521,-0.111137,-0.369905,-0.652779,-1.000000,1227.780029
-0.911009,0.289679,-1.255562,0.937465,0.937465,-0.376184,-1.089657,-1.131564,-0.902414,-1.178645,-1.441016,1.000000,1239.290039
-0.073804,0.740406,-0.341727,0.590656,0.590656,-0.705270,-1.545228,-1.597771,-1.309389,-1.627324,-1.901743,1.000000,1246.609985
-0.169593,0.203834,-0.480107,0.749229,0.749229,-1.168673,-2.020219,-2.225614,-2.006763,-2.195752,-2.473502,1.000000,1255.949951
0.488556,1.007688,-0.481306,-1.074884,-1.074884,-0.002733,-0.624970,-1.022008,-0.923453,-1.065439,-1.345215,-1.000000,1242.449951
0.088288,0.780960,-0.741632,0.277683,0.277683,0.011234,-0.634322,-1.130322,-1.186653,-1.248866,-1.513874,0.000000,1245.900024
-4.028709,0.551566,-4.107177,4.335823,4.335823,-3.212048,-4.117410,-4.872661,-5.110202,-5.061976,-5.358512,1.000000,1299.920044
1.105989,1.995775,-0.910852,-1.439326,-1.439326,-1.258496,-2.322645,-3.222211,-3.506018,-3.431378,-3.779705,-1.000000,1281.209961
-0.434958,1.254915,-0.941763,-0.049954,-0.049954,-0.824630,-1.946708,-2.877516,-3.285212,-3.277536,-3.534203,0.000000,1280.569946
1.400658,1.441123,-0.444317,0.354533,0.354533,-0.511084,-1.916645,-2.786219,-3.358505,-3.472106,-3.709876,0.000000,1285.109985
0.628135,0.653110,-0.781861,-0.276235,-0.276235,0.321010,-1.225309,-2.159143,-2.830812,-3.084744,-3.277052,0.000000,1281.560059
-2.095049,1.574911,-2.652601,2.162986,2.162986,-1.659999,-2.781990,-3.755246,-4.579541,-4.962851,-5.060569,1.000000,1309.280029
1.379058,2.051984,-0.482091,-1.139561,-1.139561,-0.323247,-1.292453,-2.317747,-3.234879,-3.653727,-3.730929,-1.000000,1294.359985
0.670148,0.712655,-0.738168,-0.047126,-0.047126,-0.072502,-0.953739,-1.987916,-2.918338,-3.430894,-3.564496,0.000000,1293.750000
1.179934,1.295125,-0.058374,-0.691010,-0.691010,0.618143,0.065142,-1.056451,-1.918108,-2.545127,-2.771620,-1.000000,1284.810059
1.850219,1.850219,-0.283436,-1.143365,-1.143365,1.601740,1.413174,0.310155,-0.557978,-1.244133,-1.576228,-1.000000,1270.119995
-0.126166,0.947356,-0.208437,0.477125,0.477125,0.600539,0.745581,0.026533,-0.794092,-1.563607,-1.981490,0.000000,1276.180054
0.745410,0.745410,-0.283853,-0.344781,-0.344781,0.593499,1.019987,0.504540,-0.289203,-1.094782,-1.520364,0.000000,1271.780029
0.080890,0.206539,-0.423287,0.125019,0.125019,0.147799,0.837308,0.470249,-0.277491,-1.062094,-1.546473,0.000000,1273.369995
0.657677,0.814191,-0.062451,-0.653380,-0.653380,0.494050,1.341921,1.250119,0.490294,-0.210050,-0.770065,-1.000000,1265.050049
-0.705285,0.033664,-1.340117,0.984147,0.984147,-0.369783,0.322506,0.428285,-0.294442,-0.979913,-1.573828,1.000000,1277.500000
0.767421,1.328099,-0.090840,-0.038355,-0.038355,-0.318556,0.108300,0.347217,-0.108496,-0.750566,-1.409412,0.000000,1277.010010
0.228562,0.715450,-0.567506,0.039938,0.039938,-0.268489,-0.063482,0.287901,-0.027398,-0.643466,-1.327390,0.000000,1277.520020
1.306342,1.671197,-0.093598,-1.311134,-1.311134,0.856619,1.002641,1.515582,1.319907,0.746622,0.081669,-1.000000,1260.770020
0.383786,0.751575,-0.160710,-0.797930,-0.797930,1.438546,1.542408,2.148757,2.167893,1.601686,1.018172,-1.000000,1250.709961
0.878393,0.927415,-0.216189,-0.511702,-0.511702,1.426811,1.857251,2.474567,2.686987,2.177395,1.622207,-1.000000,1244.310059
-0.573757,0.227905,-0.864609,0.851071,0.851071,0.218503,0.828113,1.320902,1.641046,1.364888,0.868169,1.000000,1254.900024
2.312859,2.312859,-0.140958,-1.633596,-1.633596,1.184219,2.199772,2.679736,3.139419,3.008716,2.553412,-1.000000,1234.400024
1.771027,1.895542,-0.389922,-1.104991,-1.104991,1.659295,2.910728,3.428412,4.046865,4.044366,3.650349,-1.000000,1220.760010
1.253534,1.370689,-1.059399,-2.108522,-2.108522,2.916939,4.541346,5.155283,5.911031,6.126658,5.766569,-1.000000,1195.020020
-0.711512,0.224385,-1.679096,0.321331,0.321331,1.829073,3.550542,4.422204,5.226885,5.629784,5.347388,0.000000,1198.859985
1.827404,1.947195,-0.287152,-1.816728,-1.816728,2.391005,4.617618,5.793097,6.612385,7.166858,7.120506,-1.000000,1177.079956
-0.980114,0.063097,-1.264473,0.982096,0.982096,0.625251,2.852419,4.297909,5.130822,5.813097,5.916144,1.000000,1188.640015
0.575266,0.844633,-0.569312,-0.991893,-0.991893,0.887115,3.169735,4.796026,5.687389,6.520630,6.753200,-1.000000,1176.849976
0.994903,1.198522,-0.188149,-1.096999,-1.096999,1.472072,3.568574,5.379263,6.340410,7.285708,7.712431,-1.000000,1163.939941
0.656218,0.685689,-1.241338,-0.889219,-0.889219,1.597622,3.711373,5.608639,6.789418,7.804544,8.412091,-1.000000,1153.589966
-1.963478,0.566110,-2.012924,1.675645,1.675645,-0.147670,1.303239,3.276548,4.589312,5.562865,6.264504,1.000000,1172.920044
0.033216,0.933716,-0.935432,0.075027,0.075027,-0.475384,0.711019,2.610037,4.093539,5.072888,5.879817,0.000000,1173.800049
-1.486797,0.107755,-1.795021,1.993517,1.993517,-2.080685,-1.454223,0.250477,1.740858,2.696597,3.578215,1.000000,1197.199951
1.591745,1.633899,-0.052271,-0.925489,-0.925489,-0.791994,-0.608708,0.823919,2.358531,3.323105,4.267585,-1.000000,1186.119995
1.332994,1.332994,-0.998466,-1.713988,-1.713988,1.147374,0.840885,2.133142,3.664422,4.766962,5.754864,-1.000000,1165.790039
-0.252922,0.955976,-0.518706,0.048031,0.048031,0.986156,0.700478,1.577973,3.140269,4.340003,5.295612,0.000000,1166.349976
-1.038902,0.156510,-2.104025,1.343511,1.343511,-0.213535,-0.690515,-0.064073,1.368968,2.653016,3.582905,1.000000,1182.020020
1.494809,1.591886,-0.403776,-1.521970,-1.521970,0.758742,0.734171,1.155523,2.520079,3.863781,4.812303,-1.000000,1164.030029
-0.661583,0.083453,-1.143518,0.894299,0.894299,-0.333260,-0.069305,0.142086,1.286661,2.634554,3.570019,1.000000,1174.439941
0.126607,0.288530,-1.618366,-1.140109,-1.140109,0.734504,1.147406,1.079880,2.096202,3.417006,4.451312,-1.000000,1161.050049
0.510974,0.908010,-0.543763,-0.212746,-0.212746,0.815140,1.239280,1.188930,1.898189,3.228611,4.335657,0.000000,1158.579956
1.461773,1.502203,-0.558161,-1.805652,-1.805652,1.889138,2.783254,2.750906,3.346779,4.635090,5.861268,-1.000000,1137.660034
0.007892,0.589518,-1.829968,0.197774,0.197774,1.264834,2.077793,2.332053,2.788156,4.004454,5.262050,0.000000,1139.910034
0.310133,0.971570,-0.127903,0.135969,0.135969,0.549476,1.547934,2.061808,2.413973,3.480388,4.758208,0.000000,1141.459961
1.891380,1.921739,-0.304505,-1.895819,-1.895819,1.756179,3.099788,3.833062,4.040163,5.035421,6.313252,-1.000000,1119.819946
0.480544,1.878913,-0.242534,-0.952825,-0.952825,1.843752,3.575889,4.448630,4.734794,5.520225,6.831505,-1.000000,1109.150024
-1.456184,0.083408,-2.547659,1.602130,1.602130,0.047205,1.453693,2.524280,2.809423,3.474812,4.701454,1.000000,1126.920044
1.632215,1.853587,-0.288510,-2.194486,-2.194486,1.607531,3.168968,4.249968,4.777494,5.366194,6.571075,-1.000000,1102.189941
2.927629,3.743672,-0.102485,-3.495759,-3.495759,3.825279,5.864653,7.258770,8.101552,8.688976,9.845311,-1.000000,1063.660034
2.182193,3.092155,-2.250401,-2.158592,-2.158592,4.595373,7.043821,8.823809,9.944129,10.478990,11.616577,-1.000000,1040.699951
-0.022846,1.004336,-0.832023,0.936869,0.936869,2.506929,5.020900,7.078177,8.340716,8.971360,9.931812,1.000000,1050.449951
-2.589851,0.211569,-3.439904,0.790142,0.790142,0.415582,3.452278,5.462542,6.948051,7.626351,8.516993,1.000000,1058.750000
-2.657488,0.053119,-2.884854,1.363867,1.363867,-1.475970,1.438612,3.479227,4.931285,5.791859,6.598526,1.000000,1073.189941
1.197474,1.599411,-0.394516,0.380182,0.380182,-1.596447,0.458563,2.485973,4.028653,5.069367,5.830445,0.000000,1077.270020
-2.406912,0.124198,-2.569190,2.394936,2.394936,-2.767184,-2.042931,-0.261509,1.311208,2.428681,3.065691,1.000000,1103.069946
-2.278078,0.342463,-2.291319,2.710619,2.710619,-3.876537,-4.417857,-3.044386,-1.509791,-0.415543,0.215924,1.000000,1132.969971
1.829603,1.990224,-0.425321,-1.634644,-1.634644,-1.279554,-2.941360,-1.572013,-0.176227,1.026339,1.659417,-1.000000,1114.449951
-0.518133,0.923984,-0.891259,1.483246,1.483246,-1.700473,-4.105378,-3.063243,-1.781331,-0.684432,0.038404,1.000000,1130.979980
-0.668474,0.209060,-1.293017,0.658727,0.658727,-1.269298,-4.076147,-3.715357,-2.582246,-1.501933,-0.690957,1.000000,1138.430054
0.329730,0.856944,-0.407314,-0.366298,-0.366298,-0.356357,-2.898632,-3.276499,-2.342190,-1.251002,-0.382659,0.000000,1134.260010
-1.865778,0.021615,-1.980775,1.971328,1.971328,-1.873735,-3.857880,-4.872762,-4.238601,-3.193685,-2.355455,1.000000,1156.619995
1.069724,1.291712,-0.102246,-1.072091,-1.072091,-0.289976,-2.069007,-3.741063,-3.172160,-2.276728,-1.383444,-1.000000,1144.219971
-0.320073,0.689002,-1.233223,0.207128,0.207128,-0.223791,-1.631270,-3.681873,-3.343173,-2.539563,-1.734416,0.000000,1146.589966
-2.539359,0.051400,-2.793871,5.199766,5.199766,-4.031635,-5.424427,-7.654774,-7.852280,-7.251438,-6.535924,1.000000,1206.209961
1.098849,2.543135,-0.126825,-0.637529,-0.637529,-2.343560,-4.021212,-6.184408,-6.932720,-6.531291,-5.845212,-1.000000,1198.520020
1.404759,2.599074,-1.485828,-8.412047,-8.412047,5.552339,4.472810,2.719204,1.563044,1.831651,2.594125,-1.000000,1097.699951
0.699329,1.886175,-0.838090,-0.214994,-0.214994,4.887250,4.523438,3.163220,1.637712,1.896509,2.551386,0.000000,1095.339966
-0.070145,0.231386,-1.361872,0.220026,0.220026,3.767158,3.991254,3.085886,1.394350,1.519179,2.124982,0.000000,1097.750000
-0.023754,0.545397,-0.520729,-0.286041,-0.286041,2.025744,3.889239,3.487208,1.826586,1.639196,2.174839,0.000000,1094.609985
-2.422279,0.060707,-2.425853,2.321378,2.321378,-1.690687,1.405150,1.240272,-0.129465,-0.665991,-0.265326,1.000000,1120.020020
-3.791462,0.113082,-3.821442,4.226707,4.226707,-4.483963,-2.615132,-2.668928,-3.678771,-4.494826,-4.284796,1.000000,1167.359985
0.257536,1.497848,-0.571060,-0.544818,-0.544818,-2.829630,-1.937124,-1.868448,-2.710768,-3.854231,-3.693455,-1.000000,1161.000000
-0.240585,0.512837,-0.989723,0.603791,0.603791,-2.209742,-2.342276,-2.246044,-2.888761,-4.205856,-4.191262,1.000000,1168.010010
-0.197786,0.178189,-0.821854,0.423794,0.423794,-1.286486,-3.037868,-2.462315,-2.890676,-4.237381,-4.506063,0.000000,1172.959961
0.304346,0.463809,-1.508054,-0.558410,-0.558410,0.063268,-2.768670,-1.730842,-2.073846,-3.268529,-3.836676,-1.000000,1166.410034
-0.157689,0.700191,-0.705328,0.036001,0.036001,0.018172,-2.211202,-1.707873,-1.963994,-2.904379,-3.706507,0.000000,1166.829956
0.471184,0.931139,-0.440926,-0.872443,-0.872443,0.823237,-0.820475,-0.771138,-0.918734,-1.711255,-2.773329,-1.000000,1156.650024
-0.369190,0.789509,-0.486184,-0.239486,-0.239486,0.820362,-0.095938,-0.490809,-0.581647,-1.195585,-2.390603,0.000000,1153.880005
1.341781,1.341781,-0.176290,-0.209731,-0.209731,0.658819,0.607753,-0.598658,-0.316118,-0.730201,-1.931285,0.000000,1151.459961
-0.225834,0.117226,-0.749053,0.753830,0.753830,-0.202391,0.200836,-1.562917,-0.950405,-1.276158,-2.321849,1.000000,1160.140015
-1.625723,0.266290,-1.709680,1.640322,1.640322,-1.603673,-1.316099,-2.690936,-2.453298,-2.712692,-3.534355,1.000000,1179.170044
0.867307,1.120135,-0.429369,-1.046506,-1.046506,-0.388571,-0.222480,-1.253364,-1.324783,-1.504243,-2.205403,-1.000000,1166.829956
0.979159,0.979159,-0.155141,-0.569064,-0.569064,0.290301,0.281165,-0.329424,-0.701433,-0.839824,-1.395744,-1.000000,1160.189941
0.428379,1.018904,-1.176721,-0.602487,-0.602487,0.928376,0.717659,0.613427,-0.329384,-0.187545,-0.578590,-1.000000,1153.199951
0.481849,0.734623,-0.731987,-1.200136,-1.200136,1.789600,1.703676,1.948755,0.621709,1.042796,0.735267,-1.000000,1139.359985
0.753860,0.958259,-0.324734,-0.806588,-0.806588,1.750173,2.206301,2.558372,1.583562,1.770808,1.546134,-1.000000,1130.170044
-1.207780,0.566609,-1.298114,0.879508,0.879508,0.394348,1.170151,1.542074,0.894257,0.869109,0.735836,1.000000,1140.109985
0.453359,0.609175,-0.442796,-0.363124,-0.363124,0.333813,1.381200,1.724108,1.430189,1.199329,1.117608,0.000000,1135.969971
-0.337250,1.180783,-0.337250,-0.025522,-0.025522,0.050891,1.268134,1.531236,1.636899,0.976749,1.135349,0.000000,1135.680054
-0.632504,0.082801,-1.973257,-0.044026,-0.044026,0.021315,1.092861,1.392549,1.748440,0.798036,1.182597,0.000000,1135.180054
1.460309,1.896876,-0.306587,-1.731887,-1.731887,1.521443,2.303946,2.872859,3.309307,2.638409,2.843036,-1.000000,1115.520020
0.459493,1.172062,-0.229752,-0.112055,-0.112055,1.171530,1.947013,2.734703,3.215511,2.821505,2.868812,0.000000,1114.270020
0.420295,1.433886,-0.042570,-0.922580,-0.922580,1.534256,2.387251,3.390068,3.886676,3.801557,3.698071,-1.000000,1103.989990
2.638504,3.062192,-0.165953,-2.296214,-2.296214,2.862865,4.102295,5.369847,5.890982,6.181857,5.740931,-1.000000,1078.640015
2.075851,2.624692,-0.056411,-3.040871,-3.040871,4.380406,6.472983,7.945897,8.635550,9.228260,8.570594,-1.000000,1045.839966
-2.319261,0.233415,-3.005556,2.820699,2.820699,0.769619,3.042204,4.340893,5.229930,5.889489,5.522845,1.000000,1075.339966
-1.417726,0.399250,-1.487437,2.719139,2.719139,-2.073365,-0.007148,1.203115,2.208626,2.882113,2.757372,1.000000,1104.579956
0.090135,0.416422,-1.114064,0.440891,0.440891,-2.404793,-0.685110,0.453983,1.559741,2.219374,2.341464,0.000000,1109.449951
-3.338321,0.262752,-3.363555,3.599086,3.599086,-4.564377,-4.016166,-3.057997,-1.977545,-1.413841,-1.055091,1.000000,1149.380005
0.699718,0.954163,-0.582073,-0.153998,-0.153998,-2.643582,-3.759814,-2.860553,-1.880952,-1.327314,-0.822346,0.000000,1147.609985
-0.154815,0.227869,-0.586198,0.189092,0.189092,-1.532471,-3.643483,-2.930186,-2.193945,-1.572860,-1.060496,0.000000,1149.780029
-0.327785,0.364980,-0.528445,0.560102,0.560102,-1.187662,-3.817352,-3.377959,-2.784589,-2.122570,-1.625352,1.000000,1156.219971
-0.465503,0.824967,-0.817211,0.330393,0.330393,-0.640843,-3.650913,-3.557811,-3.105370,-2.423644,-1.972206,0.000000,1160.040039
0.595479,1.085620,-0.399596,-0.981864,-0.981864,0.331692,-2.086017,-2.526214,-2.164369,-1.465862,-1.070708,-1.000000,1148.650024
0.940186,1.209430,0.000000,-0.734781,-0.734781,0.944567,-0.533584,-1.775284,-1.436443,-0.806410,-0.415008,-1.000000,1140.209961
0.169863,0.646190,-0.923774,0.162259,0.162259,0.645846,-0.110507,-1.779480,-1.544057,-1.097076,-0.648629,0.000000,1142.060059
3.716362,3.716362,-0.623186,-3.894725,-3.894725,3.656048,3.873799,2.099592,2.252186,2.658653,3.198252,-1.000000,1097.579956
2.171384,2.224158,-0.690763,-1.605350,-1.605350,3.864220,5.295478,3.617050,3.661158,4.036412,4.653818,-1.000000,1079.959961
1.982112,2.103649,-1.028451,-0.962074,-0.962074,3.394451,5.572151,4.567073,4.359093,4.734281,5.415234,-1.000000,1069.569946
-2.391839,0.029558,-3.299624,1.241623,1.241623,1.066999,3.679366,3.512522,2.837606,3.241079,3.884504,1.000000,1082.849976
2.998217,3.149360,-0.030414,-2.852659,-2.852659,2.321761,5.793949,6.403922,5.555252,5.975287,6.531905,-1.000000,1051.959961
1.414447,1.414447,-1.824071,-1.138825,-1.138825,2.392737,5.894922,7.215524,6.414018,6.810940,7.352514,-1.000000,1039.979980
1.409686,2.813597,-0.965475,-0.207700,-0.207700,1.793762,4.937661,6.978543,6.316706,6.654955,7.182914,0.000000,1037.819946
-0.919214,0.385257,-1.318956,-0.207156,-0.207156,1.350424,4.064609,6.468657,6.329954,6.490093,7.027137,0.000000,1035.670044
4.288511,4.432757,-0.257451,-3.613124,-3.613124,3.454644,6.543449,9.462225,10.077434,9.933262,10.567927,-1.000000,998.250000
-1.111857,0.405668,-1.738705,0.998745,0.998745,1.563946,4.162386,7.443747,8.656049,8.420466,9.071369,1.000000,1008.219971
-0.829303,0.298557,-2.531826,1.659358,1.659358,-0.387138,1.753551,4.836142,6.494028,6.302165,6.916504,1.000000,1024.949951
-2.059245,0.384496,-2.441826,2.007911,2.007911,-2.200418,-0.578659,2.042405,4.092131,3.986070,4.523635,1.000000,1045.530029
-0.112420,0.316282,-1.297538,0.396930,0.396930,-2.320141,-1.161217,1.010397,3.205685,3.464592,3.837290,0.000000,1049.680054
0.959543,0.959543,-0.453758,-1.113679,-1.113679,-0.454339,-0.480255,1.491472,3.839970,4.599582,4.694618,-1.000000,1037.989990
-0.550937,0.188121,-1.309198,0.372835,0.372835,-0.178333,-0.946863,0.473320,2.936336,4.082507,4.070061,0.000000,1041.859985
1.565304,1.588975,-1.053399,-2.687501,-2.687501,2.359697,1.531080,2.697611,5.077082,6.599058,6.614063,-1.000000,1013.859985
2.071271,2.109149,-0.130575,-1.046494,-1.046494,2.599352,2.260254,3.273958,5.406926,7.302985,7.406860,-1.000000,1003.250000
-0.684906,0.075883,-2.228156,1.145277,1.145277,0.748960,0.896092,1.744355,3.553570,5.557246,5.980777,1.000000,1014.739990
0.223879,1.260058,-0.105996,-0.518360,-0.518360,0.709079,1.533068,1.789966,3.445636,5.559933,6.412940,-1.000000,1009.479980
-0.101678,0.194463,-1.927883,0.351671,0.351671,-0.213027,1.224739,1.177060,2.446271,4.650046,5.834999,0.000000,1013.030029
-1.721367,0.235164,-2.427841,2.420463,2.420463,-2.114601,-1.046026,-1.229632,-0.264089,1.719391,3.118495,1.000000,1037.550049
0.750765,1.320648,-0.188671,-0.893453,-0.893453,-0.745324,-0.321704,-0.401060,0.383744,2.123854,3.784990,-1.000000,1028.280029
-1.060689,0.463332,-1.273208,1.587111,1.587111,-1.724293,-1.927625,-1.900119,-1.304086,0.129927,1.829187,1.000000,1044.599976
0.502736,0.743338,-1.497428,-2.123300,-2.123300,0.660788,0.047634,0.385623,0.541462,1.841280,3.630082,-1.000000,1022.419983
-1.209892,0.601071,-1.839036,1.049475,1.049475,0.004838,-1.075741,-0.496090,-0.593769,0.361919,2.177513,1.000000,1033.150024
-1.590358,0.300680,-1.719894,2.368482,2.368482,-1.929426,-2.950775,-2.592360,-2.810319,-2.111269,-0.497312,1.000000,1057.619995
0.394311,0.742410,-0.849953,0.230713,0.230713,-1.555577,-2.638251,-2.725196,-2.929131,-2.411680,-1.040733,0.000000,1060.060059
-1.349878,0.944188,-1.486330,3.008310,3.008310,-3.563345,-4.774573,-5.307992,-5.506337,-5.179720,-4.103878,1.000000,1091.949951
-0.291831,0.464940,-0.795747,1.045840,1.045840,-3.094156,-4.909231,-5.893036,-6.008002,-6.086734,-5.207712,1.000000,1103.369995
-0.534348,0.885829,-0.622662,1.596925,1.596925,-3.050160,-5.440814,-6.901637,-6.982398,-7.316568,-6.760334,1.000000,1120.989990
-0.583269,0.622445,-0.978637,0.178414,0.178414,-2.058611,-4.848395,-6.419587,-6.711546,-7.185958,-6.850966,0.000000,1122.989990
0.077989,0.396532,-1.862819,8.464907,8.464907,-7.108087,-10.716312,-12.547216,-13.283858,-13.837563,-13.742680,1.000000,1218.050049
0.063312,1.139586,-0.120863,-0.149425,-0.149425,-4.925383,-9.171537,-11.311894,-12.469392,-13.114788,-13.211645,0.000000,1216.229980
0.239323,0.738671,-0.393349,-0.711216,-0.711216,-2.518422,-6.987608,-9.582964,-11.140211,-11.799033,-12.245673,-1.000000,1207.579956
-1.286292,0.046725,-1.532236,1.011120,1.011120,-1.874260,-6.388562,-9.358007,-11.300349,-11.988132,-12.665462,1.000000,1219.790039
-2.535853,0.719505,-2.630192,2.547155,2.547155,-2.267079,-7.168907,-10.472580,-12.556200,-13.451832,-14.272793,1.000000,1250.859985
0.622758,1.832830,-0.183688,-0.768270,-0.768270,-1.136597,-4.990454,-8.635596,-10.920483,-12.151041,-13.062773,-1.000000,1241.250000
0.264248,0.720014,-0.190709,-0.303728,-0.303728,-0.491967,-3.524985,-7.318151,-9.749126,-11.276367,-12.254311,0.000000,1237.479980
-0.932449,1.008482,-1.390267,0.963251,0.963251,-0.771892,-3.276615,-6.991251,-9.650033,-11.446008,-12.421404,1.000000,1249.400024
0.239122,1.015272,-0.324471,-0.589883,-0.589883,0.175034,-1.728141,-5.318177,-8.192034,-10.275889,-11.274233,-1.000000,1242.030029
0.638831,1.067984,-0.159103,-1.317197,-1.317197,1.101110,0.421318,-3.140326,-6.199184,-8.387024,-9.544062,-1.000000,1225.670044
-0.535756,0.819870,-0.597450,0.508292,0.508292,0.438022,0.025894,-2.700221,-5.847108,-8.107900,-9.497228,0.000000,1231.900024
0.470396,1.018924,-0.245889,-1.291504,-1.291504,1.398698,1.332660,-0.747099,-3.910475,-6.243570,-7.857191,-1.000000,1215.989990
-0.148731,0.319640,-1.232539,0.083061,0.083061,0.782089,1.325966,-0.207011,-3.190797,-5.639309,-7.443358,0.000000,1217.000000
0.915971,1.083044,-0.369412,-2.129009,-2.129009,2.119071,3.289175,2.356164,-0.421879,-2.988688,-5.012325,-1.000000,1191.089966
1.272981,1.513307,-0.301478,-1.136767,-1.136767,2.475985,3.854270,3.841985,1.232343,-1.397651,-3.456757,-1.000000,1177.550049
0.027817,0.669988,-0.893307,0.768539,0.768539,0.930897,2.601638,2.873310,0.993471,-1.615976,-3.678013,1.000000,1186.599976
2.451264,2.617094,-0.256525,-2.429627,-2.429627,2.438479,4.468071,5.098363,3.792591,1.224905,-0.867675,-1.000000,1157.770020
0.403996,0.728572,-0.642238,0.057863,0.057863,1.368224,3.622463,4.754791,3.970259,1.636033,-0.496381,0.000000,1158.439941
-0.109216,0.853880,-0.819192,-0.420393,-0.420393,1.145664,3.293086,4.814335,4.550401,2.482663,0.329793,0.000000,1153.569946
-2.427874,0.360502,-2.854385,2.437650,2.437650,-1.191173,0.462900,1.929896,2.310848,0.463917,-1.651105,1.000000,1181.689941
-0.006797,0.227834,-0.962319,-0.454434,-0.454434,-0.914886,0.449030,2.027230,2.600529,1.317877,-0.782634,0.000000,1176.319946
0.950665,1.299214,0.000000,0.242289,0.242289,-0.791411,-0.106012,1.450960,2.195396,1.368857,-0.642037,0.000000,1179.170044
-0.417384,0.746706,-0.480032,0.170460,0.170460,-0.575193,-0.579257,0.893283,1.909738,1.459857,-0.363088,0.000000,1181.180054
0.548853,1.239613,-0.114554,-0.970223,-0.970223,0.675035,0.212104,1.469641,2.694151,2.620527,1.002265,-1.000000,1169.719971
1.739399,2.108967,-0.179574,-1.455051,-1.455051,1.658545,1.476189,2.545852,3.784683,4.238852,2.768547,-1.000000,1152.699951
0.363045,1.148758,-0.227118,-1.070527,-1.070527,2.127926,2.168788,3.120360,4.465389,5.094322,4.115339,-1.000000,1140.359985
0.532955,0.784894,-0.381430,-0.453369,-0.453369,1.818201,2.435190,3.115488,4.490619,5.287402,4.716484,0.000000,1135.189941
-0.563560,0.525298,-0.680966,1.289653,1.289653,-0.023481,1.056071,1.413139,2.727232,3.745948,3.517886,1.000000,1149.829956
-0.206161,1.079753,-0.313536,1.245407,1.245407,-1.348972,-0.096125,0.011392,1.129104,2.278604,2.368106,1.000000,1164.150024
1.252612,1.600559,-0.269657,-1.249843,-1.249843,-0.154315,0.889180,1.115113,2.078202,3.220774,3.740897,-1.000000,1149.599976
-0.972900,0.375729,-1.227983,0.942934,0.942934,-0.740924,-0.190097,0.020283,0.816763,1.978013,2.606343,1.000000,1160.439941
-2.209269,0.797457,-2.608420,2.117306,2.117306,-1.958129,-2.210279,-1.900296,-1.404294,-0.313518,0.391078,1.000000,1185.010010
0.430385,0.845586,-0.088603,-0.002534,-0.002534,-1.362385,-2.175734,-1.748497,-1.536904,-0.528447,0.330049,0.000000,1184.979980
-0.759913,0.230656,-0.971269,0.613514,0.613514,-1.492474,-2.583269,-2.131322,-2.132440,-1.302010,-0.358734,1.000000,1192.250000
0.704045,1.096121,-0.420741,-0.524219,-0.524219,-0.359529,-1.789125,-1.591345,-1.581072,-0.915684,-0.015937,-1.000000,1186.000000
-0.171504,0.243802,-0.714586,0.295110,0.295110,-0.164103,-1.664987,-1.807035,-1.858472,-1.349812,-0.455150,0.000000,1189.500000
-0.909359,0.846846,-0.977702,0.861707,0.861707,-0.771328,-1.966994,-2.531584,-2.521985,-2.246769,-1.410433,1.000000,1199.750000
-0.659906,0.019921,-1.845256,0.413416,0.413416,-0.852319,-1.915064,-2.802665,-2.731278,-2.690040,-1.939994,0.000000,1204.709961
0.420505,0.775225,-0.153209,-0.312109,-0.312109,-0.397016,-1.301550,-2.324991,-2.229483,-2.352535,-1.747003,0.000000,1200.949951
-0.499135,0.598636,-0.582048,0.427996,0.427996,-0.488354,-1.253802,-2.446140,-2.544999,-2.674028,-2.219844,0.000000,1206.089966
0.586930,1.057652,-0.060628,-1.538852,-1.538852,1.033738,0.517626,-0.656661,-0.974674,-1.149785,-0.816180,-1.000000,1187.530029
-0.035256,0.867029,-0.370990,0.327572,0.327572,0.564028,0.243235,-0.666380,-1.246584,-1.359559,-1.208759,0.000000,1191.420044
0.137325,0.530032,-0.227754,0.238368,0.238368,0.149883,0.082560,-0.654577,-1.426660,-1.474153,-1.507156,0.000000,1194.260010
-1.158385,0.552391,-1.689339,1.560800,1.560800,-1.192185,-1.285269,-1.913378,-2.763545,-2.792649,-2.960868,1.000000,1212.900024
-0.990908,0.151501,-1.101462,0.676062,0.676062,-1.609857,-1.660714,-2.181693,-3.136433,-3.316320,-3.493625,1.000000,1221.099976
-0.294383,0.154898,-0.444410,0.981901,0.981901,-1.827601,-2.263417,-2.740052,-3.702283,-4.072272,-4.306335,1.000000,1233.089966
-1.422754,0.721356,-1.446697,1.630861,1.630861,-2.417010,-3.405280,-3.938022,-4.776729,-5.375325,-5.588092,1.000000,1253.199951
0.634400,0.943546,-0.256814,-0.884133,-0.884133,-0.775932,-2.242457,-2.774450,-3.555816,-4.335009,-4.521357,-1.000000,1242.119995
-1.082091,0.546247,-1.114131,0.514444,0.514444,-0.713333,-2.361856,-2.971650,-3.711586,-4.572204,-4.756552,0.000000,1248.510010
0.803026,1.410553,-0.507350,-0.857018,-0.857018,0.414921,-1.261587,-1.853871,-2.522929,-3.472267,-3.782115,-1.000000,1237.810059
-0.894935,0.036492,-1.303528,1.827421,1.827421,-0.953329,-2.455197,-3.240062,-3.875626,-4.823533,-5.286428,1.000000,1260.430054
-0.281661,1.065912,-0.509678,0.557739,0.557739,-1.277669,-2.396286,-3.420592,-4.083519,-4.933992,-5.579556,1.000000,1267.459961
-0.104482,0.786821,-0.839849,-0.326639,-0.326639,-0.618524,-1.529775,-2.794801,-3.459136,-4.263113,-5.053401,0.000000,1263.319946
0.506271,1.241937,-0.529214,0.065706,0.065706,-0.436342,-1.189023,-2.525335,-3.238146,-4.009558,-4.866751,0.000000,1264.150024
0.886700,1.186662,-2.593344,-4.007438,-4.007438,3.319352,2.873366,1.584632,0.914676,0.208391,-0.728203,-1.000000,1213.489990
1.526446,1.646798,-0.155217,-0.719411,-0.719411,3.143861,3.383661,2.416082,1.709260,1.081675,0.169327,-1.000000,1204.760010
1.153925,1.942889,-0.281526,-1.525615,-1.525615,3.374972,4.422108,3.974443,3.228644,2.652303,1.865028,-1.000000,1186.380005
-0.428397,0.321094,-1.350265,-0.245287,-0.245287,2.279739,4.183294,4.169324,3.392737,2.899611,2.210254,0.000000,1183.469971
0.302276,1.269365,-0.022077,-0.483322,-0.483322,1.309276,4.088474,4.476275,3.796391,3.350116,2.745149,0.000000,1177.750000
-0.117640,0.194108,-1.094037,1.047758,1.047758,-0.134442,2.608208,3.219255,2.652911,2.292232,1.793200,1.000000,1190.089966
-0.472142,0.579742,-0.814148,0.731884,0.731884,-0.959464,1.348594,2.278608,1.954075,1.580042,1.160267,1.000000,1198.800049
-1.766049,0.200525,-1.766049,1.504831,1.504831,-1.927121,-0.569917,0.563101,0.547034,0.130274,-0.252263,1.000000,1216.839966
0.028012,0.674814,-0.794293,-0.261327,-0.261327,-1.172654,-0.718573,0.670257,0.890403,0.422125,0.087858,0.000000,1213.660034
0.170499,0.444470,-0.354254,-0.451525,-0.451525,-0.220666,-0.731518,0.904331,1.328481,0.901550,0.585780,0.000000,1208.180054
-0.545920,0.487373,-0.711677,0.368319,0.368319,-0.215068,-1.102892,0.395614,0.921715,0.552848,0.289865,0.000000,1212.630005
0.426150,0.806785,-0.102606,-0.340582,-0.340582,0.286472,-0.733967,0.452241,1.164874,0.965892,0.685009,0.000000,1208.500000
0.919065,1.350585,-0.139661,-1.052542,-1.052542,1.001020,0.400574,1.121163,2.000910,2.054489,1.744967,-1.000000,1195.780029
-0.128577,0.468373,-0.313920,0.165581,0.165581,0.568562,0.353911,0.589099,1.647116,1.897475,1.557434,0.000000,1197.760010
0.561920,0.912182,-0.284744,-0.601954,-0.601954,0.881439,1.069167,0.786132,2.019273,2.439474,2.143347,-1.000000,1190.550049
1.582704,1.690210,-0.492306,-1.554744,-1.554744,1.782020,2.511346,2.142075,3.349883,3.889864,3.659656,-1.000000,1172.040039
0.629144,0.925713,-0.221151,-0.459029,-0.459029,1.534123,2.708586,2.395383,3.424603,4.141187,4.078050,0.000000,1166.660034
-2.832729,0.453163,-2.881219,2.516585,2.516585,-0.954331,0.013211,-0.064492,0.587071,1.393488,1.535954,1.000000,1196.020020
0.216139,0.616564,-0.645044,-0.193146,-0.193146,-0.830515,0.039629,0.186091,0.490157,1.427487,1.730910,0.000000,1193.709961
-0.156019,0.996007,-0.242887,-0.667664,-0.667664,-0.245077,0.522798,0.904416,0.834965,1.897483,2.338344,-1.000000,1185.739990
0.436275,0.799545,-0.159571,-0.639260,-0.639260,0.500609,0.876959,1.486101,1.333773,2.350544,2.875272,-1.000000,1178.160034
1.294613,1.542026,-0.168385,-1.197629,-1.197629,1.673980,1.717879,2.517243,2.387222,3.259994,3.924570,-1.000000,1164.050049
-0.208899,0.406611,-0.526963,-0.067010,-0.067010,1.179089,1.506615,2.278978,2.356546,2.970969,3.736564,0.000000,1163.270020
-0.842411,0.497493,-1.322099,1.433022,1.433022,-0.483748,-0.078472,0.643485,0.895518,1.233560,2.095338,1.000000,1179.939941
0.124370,0.551631,-0.338430,0.168662,0.168662,-0.715781,-0.319650,0.325961,0.743315,0.784848,1.735660,0.000000,1181.930054
0.786085,0.786085,-0.269982,-0.656554,-0.656554,-0.127581,0.357271,0.770641,1.341328,1.316979,2.227358,-1.000000,1174.170044
-0.711270,0.275659,-1.424244,0.101343,0.101343,-0.036242,0.329688,0.480650,1.139015,1.114350,1.882602,0.000000,1175.359985
-0.425098,0.375790,-0.678454,0.071465,0.071465,0.112230,0.089530,0.297914,0.894029,1.007521,1.551215,0.000000,1176.199951
1.235852,1.661273,-0.032659,-1.073797,-1.073797,0.917525,0.916924,1.190709,1.773943,2.035500,2.367747,-1.000000,1163.569946
-0.395245,0.241071,-0.862892,0.892943,0.892943,-0.111416,-0.076575,0.200919,0.727456,1.119531,1.205667,1.000000,1173.959961
1.033276,1.295687,-0.038840,-1.320318,-1.320318,0.953853,1.090329,1.463440,1.841371,2.363279,2.401439,-1.000000,1158.459961
0.945767,1.016172,-0.570247,-0.696610,-0.696610,1.227927,1.680732,2.080916,2.303218,2.913029,2.962241,-1.000000,1150.390015
-0.153112,0.313162,-0.859028,0.483309,0.483309,0.390676,1.128339,1.358828,1.638873,2.207332,2.379260,0.000000,1155.949951
0.246768,0.333354,-0.661519,-0.089096,-0.089096,0.330407,1.001883,1.225304,1.544043,2.095034,2.388156,0.000000,1154.920044
0.766632,1.018986,-0.046982,-0.496147,-0.496147,0.399589,1.220602,1.518001,1.870409,2.398773,2.815844,0.000000,1149.189941
0.970282,1.060564,-0.452277,-0.721370,-0.721370,0.821279,1.664471,2.037920,2.474141,2.891329,3.419200,-1.000000,1140.900024
1.829870,2.552068,-0.386378,-2.907358,-2.907358,3.070063,4.098201,4.754408,5.276648,5.608445,6.241956,-1.000000,1107.729980
-2.646410,0.068617,-2.783645,3.939590,3.939590,-0.916126,-0.063056,0.715031,1.092481,1.451315,2.025559,1.000000,1151.369995
0.838877,2.114145,-0.305996,-0.088592,-0.088592,-0.907723,-0.089363,0.632852,0.993656,1.376418,1.932574,0.000000,1150.349976
0.856469,1.007814,-0.093603,-0.632853,-0.632853,-0.383700,0.276714,1.047125,1.450221,1.855919,2.391897,-1.000000,1143.069946
-0.637799,1.047805,-0.650943,-0.143464,-0.143464,-0.231294,0.271584,1.001077,1.435080,1.894986,2.331077,0.000000,1141.430054
0.053273,0.110918,-2.248889,0.313638,0.313638,0.107945,-0.088909,0.508581,1.034793,1.500772,1.826301,0.000000,1145.010010
1.492475,2.225734,-0.104743,-2.451513,-2.451513,2.007274,2.072721,2.680781,3.366523,3.768408,4.150034,-1.000000,1116.939941
0.654488,1.356045,-0.095016,0.817412,0.817412,0.748980,0.988929,1.626249,2.289249,2.686800,3.093388,1.000000,1126.069946
-0.168820,0.070860,-0.891360,1.520331,1.520331,-0.757701,-0.575929,-0.075108,0.587964,1.000118,1.411406,1.000000,1143.189941
-1.728715,0.192079,-1.936166,2.466788,2.466788,-2.635334,-2.709177,-2.407114,-1.845460,-1.454479,-1.031825,1.000000,1171.390015
0.091337,1.023534,-0.201472,0.003418,0.003418,-2.187589,-2.168722,-2.290710,-1.865589,-1.432648,-1.021634,0.000000,1171.430054
0.125046,0.890753,-0.221841,-0.332074,-0.332074,-0.994916,-1.704271,-1.898982,-1.575711,-1.089611,-0.773168,0.000000,1167.540039
-0.349962,0.151315,-0.759938,1.323291,1.323291,-1.325623,-2.712111,-3.022004,-2.779060,-2.371077,-2.099285,1.000000,1182.989990
-1.728620,0.328947,-1.891447,2.790388,2.790388,-2.806742,-4.753372,-5.288323,-5.245395,-4.909277,-4.673986,1.000000,1216.000000
-2.202080,1.368685,-2.231729,2.624180,2.624180,-4.065679,-6.335636,-7.138499,-7.309945,-7.104458,-6.925235,1.000000,1247.910034
1.117232,1.261341,-0.455797,-1.018510,-1.018510,-2.045980,-4.641674,-5.494977,-6.012869,-5.954790,-5.775499,-1.000000,1235.199951
0.449772,0.650748,-0.482180,-0.099577,-0.099577,-0.871657,-3.598222,-4.954522,-5.603052,-5.673783,-5.490597,0.000000,1233.969971
0.414179,0.773011,-0.541914,-0.406007,-0.406007,0.280564,-2.368016,-4.140626,-4.917001,-5.076420,-4.972359,0.000000,1228.959961
1.469825,1.782998,-0.661426,-2.566391,-2.566391,2.611611,0.656492,-1.313105,-2.211133,-2.497775,-2.426221,-1.000000,1197.420044
0.650891,1.637330,-0.247027,-0.947043,-0.947043,2.550083,1.742719,-0.118595,-1.085717,-1.472410,-1.459848,-1.000000,1186.079956
-0.975914,0.541354,-1.705169,1.855694,1.855694,0.232931,0.192537,-1.590222,-2.472455,-3.076425,-3.164829,1.000000,1208.089966
-1.345713,0.195174,-2.007504,0.938679,0.938679,-0.937656,-0.313676,-1.945067,-3.100347,-3.769536,-3.947177,1.000000,1219.430054
-0.004915,0.412412,-1.179978,0.215675,0.215675,-1.263771,-0.208505,-1.632439,-3.015487,-3.756875,-3.994354,0.000000,1222.060059
0.122230,0.909483,-0.155998,1.760133,1.760133,-2.229384,-1.712887,-2.795764,-4.288938,-5.118003,-5.468366,1.000000,1243.569946
0.758580,0.761808,-1.247902,-0.248475,-0.248475,-1.108763,-1.527956,-2.182326,-3.651287,-4.560556,-5.012494,0.000000,1240.479980
-3.246126,0.198603,-3.384759,3.507514,3.507514,-3.277594,-4.484848,-4.912603,-6.375011,-7.245570,-7.884459,1.000000,1283.989990
2.323845,3.240802,-1.932341,5.235241,5.235241,-6.138792,-8.368867,-8.736809,-10.165775,-11.268328,-11.985330,1.000000,1351.209961
-0.022196,1.518709,-0.865518,0.043671,0.043671,-4.260250,-7.500151,-7.944128,-9.370066,-10.710967,-11.538274,0.000000,1351.800049
2.520217,2.550573,-0.207993,-2.548459,-2.548459,-0.636428,-4.170796,-5.023872,-6.338974,-7.846782,-8.799407,-1.000000,1317.349976
0.245515,0.774315,-0.432860,0.485826,0.485826,0.141265,-3.594108,-5.101115,-6.216317,-7.741402,-8.779906,0.000000,1323.750000
0.613978,1.126257,-0.659852,-1.199623,-1.199623,1.722343,-1.660639,-3.578439,-4.555996,-6.123116,-7.162231,-1.000000,1307.869995
0.301228,0.369197,-0.941519,-1.006219,-1.006219,1.883513,-0.079629,-2.285606,-3.094745,-4.619689,-5.849545,-1.000000,1294.709961
1.261793,1.674876,-0.073120,-0.713673,-0.713673,1.583857,1.131883,-1.290162,-1.999578,-3.438087,-4.822411,-1.000000,1285.469971
-0.040506,0.326370,-0.607575,-0.129908,-0.129908,1.193328,1.576799,-0.713199,-1.608043,-2.874377,-4.333208,0.000000,1283.800049
-2.254782,0.110209,-2.324433,1.772863,1.772863,-0.832572,0.313108,-1.828011,-3.097566,-4.152466,-5.578419,1.000000,1306.560059
-0.058057,1.333000,-0.286412,-1.127396,-1.127396,0.049855,1.517618,-0.276452,-1.773450,-2.686759,-4.122934,-1.000000,1291.829956
-0.544394,1.057035,-0.801485,-0.037155,-0.037155,0.035004,1.091805,0.131905,-1.514770,-2.267083,-3.637097,0.000000,1291.349976
2.438086,2.542263,-0.172563,-2.618185,-2.618185,2.280323,3.060178,3.012121,1.246717,0.597671,-0.697821,-1.000000,1257.540039
2.386346,2.573706,-1.341919,-3.230115,-3.230115,4.595205,5.674979,6.304601,4.706386,3.958580,2.818779,-1.000000,1216.920044
-1.032262,4.122238,-1.968281,-3.517080,-3.517080,6.152012,8.252735,9.802917,8.472303,7.496781,6.574570,-1.000000,1174.119995
1.976563,3.914957,-0.001698,0.399454,0.399454,3.812146,6.727204,8.771213,7.916538,6.877744,6.171416,0.000000,1178.810059
-1.045389,0.456908,-3.633953,3.787710,3.787710,-1.086259,2.249853,4.105519,3.994617,2.942903,2.449068,1.000000,1223.459961
-1.359416,0.156545,-1.484810,2.333550,2.333550,-3.430164,-0.349038,1.200203,1.742797,0.669099,0.296642,1.000000,1252.010010
-1.203760,0.407340,-1.534081,0.589453,0.589453,-3.321609,-1.126816,0.300356,1.209394,0.276006,-0.176251,1.000000,1259.390015
0.522971,1.308621,-0.414054,-0.853588,-0.853588,-1.295650,-0.739445,0.762856,2.113418,1.339729,0.685117,-1.000000,1248.640015
0.147285,2.438785,-0.680458,-2.665302,-2.665302,2.008624,1.349396,3.014582,4.627231,4.138627,3.387749,-1.000000,1215.359985
-0.839191,0.004027,-2.157904,2.263528,2.263528,0.063081,-1.283962,0.456364,1.875539,1.909034,1.123207,1.000000,1242.869995
0.707049,1.602748,-0.328124,-0.201147,-0.201147,0.077074,-1.223424,0.416436,1.631691,2.173481,1.357687,0.000000,1240.369995
-1.692829,0.252963,-1.855047,0.393431,0.393431,-0.542221,-1.383015,-0.183470,0.943907,1.778470,1.088510,0.000000,1245.250000
-0.968449,0.057012,-1.091845,2.822728,2.822728,-2.776478,-3.260233,-3.059879,-1.996526,-0.890879,-1.441062,1.000000,1280.400024
1.275145,2.138296,-0.173881,-0.287414,-0.287414,-1.535025,-2.214501,-2.859356,-1.836030,-0.627982,-0.977790,0.000000,1276.719971
-0.802177,0.476028,-0.989329,0.863151,0.863151,-1.680774,-2.552145,-3.709340,-2.703145,-1.675524,-1.648365,1.000000,1287.739990
-0.798975,0.017822,-0.905918,0.207343,0.207343,-1.108642,-2.456198,-3.738762,-2.885325,-2.069267,-1.675310,0.000000,1290.410034
0.400988,0.434408,-0.831497,-0.277437,-0.277437,-0.187279,-1.971586,-3.108773,-2.603371,-1.891684,-1.289703,0.000000,1286.829956
-1.968462,0.191075,-2.874585,2.484407,2.484407,-2.024571,-3.815973,-4.726219,-4.918035,-4.285020,-3.484661,1.000000,1318.800049
0.107540,0.566459,-0.584634,0.127383,0.127383,-1.486428,-3.142265,-4.132183,-4.930516,-4.368592,-3.515336,0.000000,1320.479980
0.299693,1.556146,-0.316392,-0.187809,-0.187809,-0.841881,-2.389985,-3.473596,-4.650531,-4.117966,-3.417779,0.000000,1318.000000
0.560848,1.392077,-0.136737,-1.785283,-1.785283,1.023278,-0.197762,-1.500329,-2.774685,-2.347275,-1.809799,-1.000000,1294.469971
-0.535381,0.321990,-0.953741,1.005045,1.005045,0.333926,-0.714885,-2.235240,-3.395806,-3.246518,-2.811998,1.000000,1307.479980
0.005436,0.702126,-0.823926,-1.417232,-1.417232,1.313164,0.778776,-0.621278,-1.561578,-1.910233,-1.504813,-1.000000,1288.949951
0.961608,1.646565,-0.468654,-1.005467,-1.005467,1.644840,1.796644,0.704865,-0.180957,-0.963612,-0.587700,-1.000000,1275.989990
-1.122447,0.233387,-1.949058,0.402826,0.402826,0.661445,1.336631,0.499922,-0.356366,-1.392864,-1.021885,0.000000,1281.130005
3.650338,3.650338,-0.060667,-2.214451,-2.214451,2.275135,3.330964,2.841777,1.903157,0.824930,1.132539,-1.000000,1252.760010
3.602578,3.818573,-0.577084,-4.280149,-4.280149,5.041445,7.220173,7.184036,6.208573,5.274045,5.419383,-1.000000,1199.140015
-0.192443,1.158027,-1.275488,0.098398,0.098398,3.461414,6.127703,6.633902,5.902888,5.257869,5.020721,0.000000,1200.319946
-1.566871,0.140678,-2.019629,3.044192,3.044192,-0.227834,2.316350,3.268816,2.861157,2.336013,1.769994,1.000000,1236.859985
-0.926158,0.336793,-2.171469,0.826284,0.826284,-1.591556,0.909166,2.205154,2.035077,1.573118,0.817647,1.000000,1247.079956
-2.864073,0.079790,-3.353934,1.491492,1.491492,-2.833580,-0.801234,0.572915,0.635582,0.123628,-0.642505,1.000000,1265.680054
-0.059615,0.994623,-0.260417,0.725296,0.725296,-2.345356,-1.771410,-0.213879,0.027062,-0.548797,-1.206458,1.000000,1274.859985
-0.348108,0.843625,-0.856947,0.046277,0.046277,-1.212432,-1.922691,-0.486623,-0.038611,-0.510719,-0.987334,0.000000,1275.449951
-0.504800,0.201311,-1.592619,1.264652,1.264652,-1.598815,-3.026833,-1.878576,-1.229461,-1.517147,-1.932824,1.000000,1291.579956
-1.320226,0.545120,-1.777166,0.986388,0.986388,-1.682253,-3.796229,-2.906902,-2.130647,-2.290631,-2.684052,1.000000,1304.319946
-0.555860,0.252034,-1.255624,0.687722,0.687722,-1.628739,-3.992420,-3.474535,-2.712010,-2.735911,-3.193205,1.000000,1313.290039
-2.166728,0.394158,-2.345621,2.581296,2.581296,-3.030306,-5.309345,-5.706938,-4.936086,-4.880734,-5.411953,1.000000,1347.189941
-0.371747,0.591074,-0.829742,-0.162556,-0.162556,-1.838217,-4.079481,-5.275590,-4.683905,-4.533741,-5.019133,0.000000,1345.000000
2.966258,2.968548,-0.193727,-2.521936,-2.521936,0.998873,-1.031743,-2.646468,-2.253751,-1.959024,-2.318443,-1.000000,1311.079956
-0.578627,0.448278,-1.681627,1.236392,1.236392,0.111502,-1.636120,-3.603587,-3.412521,-3.037200,-3.299408,1.000000,1327.290039
-0.161601,0.415995,-0.790077,0.699162,0.699162,-0.235227,-1.788681,-3.854840,-3.925643,-3.572276,-3.730890,1.000000,1336.569946
-3.047682,0.250699,-3.381223,2.959820,2.959820,-2.682597,-3.876089,-5.761328,-6.438092,-6.084746,-6.181346,1.000000,1376.130005
-0.049548,0.727863,-0.614207,-0.263056,-0.263056,-2.025050,-2.915390,-4.676398,-5.886917,-5.680514,-5.710197,0.000000,1372.510010
1.055487,2.150567,-0.301254,-0.598901,-0.598901,-0.654702,-1.797495,-3.479371,-4.996265,-4.983783,-4.928135,-1.000000,1364.290039
1.261016,2.032532,-0.241424,-0.719793,-0.719793,0.466900,-0.715260,-2.251014,-4.036744,-4.187201,-4.074631,-1.000000,1354.469971
0.549584,0.549584,-0.672522,0.887433,0.887433,0.021077,-1.199277,-2.619022,-4.464724,-4.819179,-4.732832,1.000000,1366.489990
-2.917416,0.956001,-2.953426,3.646566,3.646566,-2.930408,-4.187257,-5.379290,-7.059207,-7.860509,-7.779831,1.000000,1416.319946
0.647052,1.522860,-0.492420,-0.920690,-0.920690,-1.589849,-2.881608,-3.892740,-5.472396,-6.678413,-6.722206,-1.000000,1403.280029
0.532565,0.532565,-0.751150,0.088364,0.088364,-1.103867,-2.302069,-3.441510,-4.958992,-6.394756,-6.605106,0.000000,1404.520020
-1.097747,0.194299,-1.611193,1.504429,1.504429,-1.571074,-3.060150,-4.305266,-5.741348,-7.376623,-7.737642,1.000000,1425.650024
-0.635383,0.814169,-1.250821,2.005399,2.005399,-2.299345,-4.156810,-5.540442,-6.946137,-8.643388,-9.185279,1.000000,1454.239990
-0.351687,0.191527,-0.860147,0.890496,0.890496,-2.468252,-4.382115,-5.828917,-7.112028,-8.718950,-9.623995,1.000000,1467.189941
-0.228683,0.555670,-0.662850,-0.156075,-0.156075,-1.474505,-3.601954,-5.136052,-6.320195,-7.853808,-9.082351,0.000000,1464.900024
-0.245659,0.301446,-0.463408,0.318113,0.318113,-0.901770,-3.191299,-4.717924,-6.011701,-7.512620,-8.931589,0.000000,1469.560059
0.845046,0.948969,-0.750012,-0.470892,-0.470892,0.072881,-1.993724,-3.650204,-5.025811,-6.485534,-8.087068,0.000000,1462.640015
0.103455,0.671770,-1.372510,-0.871027,-0.871027,0.892337,-0.557281,-2.282503,-3.720189,-5.155613,-6.826220,-1.000000,1449.900024
3.901157,5.783469,-0.588040,-9.569625,-9.569625,9.188880,9.163939,7.727871,6.331005,4.991829,3.318484,-1.000000,1311.150024
-1.622919,0.324881,-1.622919,0.944973,0.944973,6.030644,7.539551,6.472740,5.254542,4.154310,2.661621,1.000000,1323.540039
-0.303096,0.407651,-1.058225,0.456346,0.456346,3.443347,6.487391,5.815023,4.845970,3.795488,2.427712,0.000000,1329.579956
0.531959,1.693290,-0.077627,-1.171042,-1.171042,2.406831,6.899567,6.863570,6.037777,5.054877,3.811183,-1.000000,1314.010010
1.020998,1.660570,-0.239644,-1.237434,-1.237434,1.345098,7.033096,7.849381,7.216799,6.323252,5.194246,-1.000000,1297.750000
0.889596,1.035623,-2.893749,-2.379503,-2.379503,3.116342,8.060813,9.691761,9.398992,8.661284,7.737337,-1.000000,1266.869995
1.209095,1.684948,-0.698293,-0.637789,-0.637789,2.749463,7.117071,9.630622,9.649502,9.084816,8.384768,-1.000000,1258.790039
-0.891672,0.692998,-2.071959,1.565786,1.565786,0.366368,3.971295,7.283380,7.623583,7.301181,6.679755,1.000000,1278.500000
0.169691,1.177753,-0.196943,0.481034,0.481034,-0.571207,2.088039,6.038064,6.836608,6.654729,6.118007,0.000000,1284.650024
1.005830,1.129117,-0.899708,-0.242867,-0.242867,-0.582274,1.022760,5.397765,6.765232,6.742595,6.293751,0.000000,1281.530029
1.635666,2.249436,-0.658057,-1.342932,-1.342932,0.730674,2.027498,5.762734,7.617420,7.841849,7.522151,-1.000000,1264.319946
0.332209,0.515239,-2.272255,-1.909318,-1.909318,2.391262,3.341285,6.613391,9.054609,9.514163,9.333318,-1.000000,1240.180054
-0.060205,0.822798,-0.228776,0.449124,0.449124,1.407667,2.206302,4.938980,7.929762,8.643886,8.669664,0.000000,1245.750000
0.306835,0.447399,-0.752616,-0.061008,-0.061008,0.832458,1.714312,3.837569,7.270100,8.358462,8.515652,0.000000,1244.989990
-0.195375,1.428511,-0.373938,0.310042,0.310042,-0.002561,1.008370,2.443370,6.116230,7.646750,7.946113,0.000000,1248.849976
-1.847949,0.237821,-2.105263,2.694481,2.694481,-2.342768,-1.520000,-0.393450,2.611931,4.404960,4.870488,1.000000,1282.500000
0.885973,1.706079,-0.260298,-0.550492,-0.550492,-1.249291,-0.844332,-0.093506,2.437203,4.581953,5.197297,-1.000000,1275.439941
0.321073,1.198370,-0.696043,0.363797,0.363797,-1.070869,-1.191407,-0.713442,1.325780,3.814015,4.596695,0.000000,1280.079956
-1.276450,0.183779,-1.276450,1.593652,1.593652,-1.769347,-2.619648,-2.340263,-0.887133,1.800537,2.817551,1.000000,1300.479980
-0.162005,0.565869,-0.717133,0.149181,0.149181,-1.093047,-2.604310,-2.461831,-1.600946,1.182626,2.500419,0.000000,1302.420044
-1.236224,0.457072,-1.748501,0.119004,0.119004,-0.881308,-2.416005,-2.388090,-1.745437,0.561672,2.091385,0.000000,1303.969971
0.501934,1.542095,-0.764487,-0.688665,-0.688665,0.107954,-1.316072,-1.524851,-1.174333,0.734184,2.520587,-1.000000,1294.989990
-0.497512,0.059704,-1.516269,0.888811,0.888811,-0.369537,-1.720476,-2.249522,-2.133295,-0.652491,1.367317,1.000000,1306.500000
0.404571,1.121116,-0.244296,-1.620363,-1.620363,1.035690,0.212088,-0.635995,-0.632947,0.432017,2.672988,-1.000000,1285.329956
-0.711929,0.308966,-1.681199,0.976407,0.976407,-0.011251,-0.379158,-1.512827,-1.593291,-1.007644,1.278597,1.000000,1297.880005
-1.516922,0.562809,-1.647612,1.991708,1.991708,-1.665294,-2.013099,-3.136893,-3.300219,-2.902766,-1.060436,1.000000,1323.729980
0.036026,0.373785,-1.299252,0.648174,0.648174,-1.738339,-2.217282,-3.299688,-3.647054,-3.501742,-2.029337,1.000000,1332.310059
2.150349,2.150349,-0.079928,-1.393825,-1.393825,-0.239164,-0.578881,-1.587783,-2.150958,-2.185942,-1.039855,-1.000000,1313.739990
1.590606,2.123401,-0.150120,-2.136644,-2.136644,1.944198,1.476581,0.771786,-0.010660,-0.138546,0.661908,-1.000000,1285.670044
1.345921,1.869555,-0.907726,-0.774700,-0.774700,2.392554,2.059483,1.698926,0.747194,0.572014,0.992679,-1.000000,1275.709961
0.423489,0.423489,-0.892377,0.139532,0.139532,1.525963,1.709994,1.531075,0.658362,0.465131,0.764129,0.000000,1277.489990
0.387002,0.461272,-0.924911,0.122119,0.122119,0.569325,1.461315,1.426054,0.687537,0.405953,0.525282,0.000000,1279.050049
0.426532,0.585205,-0.083258,-0.467543,-0.467543,0.402810,1.675324,1.865783,1.267805,0.860538,0.849525,0.000000,1273.069946
-0.468983,0.139834,-1.552288,-0.008639,-0.008639,0.211791,1.586934,1.730458,1.386417,0.832519,0.750746,0.000000,1272.959961
-1.873466,0.122848,-1.949479,2.312725,2.312725,-1.643583,-0.674679,-0.569208,-0.699787,-1.382650,-1.514770,1.000000,1302.400024
0.763285,0.970400,-0.084558,-1.016584,-1.016584,-0.452390,0.077257,0.375384,0.345881,-0.292752,-0.445668,-1.000000,1289.160034
0.833759,1.015732,-0.269810,-1.102275,-1.102275,0.592810,0.742778,1.389339,1.462375,0.927632,0.706175,-1.000000,1274.949951
