-1.621625,0.072072,-2.270267,1.909658,1.909640,1.275686,2.864877,3.781395,3.659935,3.889069,4.795900,1.000000,23.887589
0.614606,1.409975,-1.193059,-0.324324,-0.324298,0.629053,2.823558,3.706904,3.848504,3.862879,4.773602,0.000000,23.810122
0.909753,1.783111,-0.363905,-0.650759,-0.650782,0.705977,3.024027,3.920437,4.290402,4.346769,5.054403,-1.000000,23.655170
-2.241199,0.142295,-2.561373,2.292580,2.292594,-1.650665,0.291704,1.247473,1.842752,1.929720,2.434641,1.000000,24.197487
-0.070771,1.273889,-0.813868,0.533614,0.533601,-1.443730,-0.541394,0.476537,1.242047,1.280001,1.684553,0.000000,24.326605
0.035241,0.775463,-0.352489,0.389246,0.389253,-1.388791,-1.163202,-0.051699,0.787804,0.837865,1.117415,0.000000,24.421297
-1.337083,0.774099,-1.653761,0.176239,0.176244,-1.027449,-1.544690,-0.293223,0.443348,0.651652,0.733273,0.000000,24.464338
0.773830,1.864224,-0.105522,0.035186,0.035178,-0.393944,-1.526551,-0.410358,0.237432,0.565606,0.650990,0.000000,24.472944
-2.441537,0.240715,-2.510316,2.286317,2.286317,-1.953229,-3.442223,-2.686835,-2.085620,-1.634107,-1.550754,1.000000,25.032473
-0.240633,0.928157,-0.515638,0.034388,0.034391,-1.416293,-2.836025,-2.724875,-2.146783,-1.600547,-1.577498,0.000000,25.041082
0.823045,0.823045,-0.891632,0.240633,0.240641,-1.111118,-2.585739,-2.930961,-2.347398,-1.776410,-1.763543,0.000000,25.101341
-0.918371,0.170071,-1.258500,0.823045,0.823044,-1.251705,-2.789120,-3.634924,-3.025513,-2.574152,-2.461454,1.000000,25.307936
0.927838,2.439859,-0.687285,-1.020408,-1.020407,0.226800,-1.230245,-2.453612,-1.970794,-1.611000,-1.420394,-1.000000,25.049692
1.326819,2.060059,-0.663401,-1.580759,-1.580742,1.529316,0.541184,-0.796106,-0.511540,-0.159235,0.152449,-1.000000,24.653721
1.405488,2.283914,0.000000,-0.628492,-0.628510,1.728748,1.247366,0.119466,0.003514,0.361209,0.769501,-1.000000,24.498770
1.623966,2.417900,-0.685669,-2.635278,-2.635263,3.435575,3.749536,2.819667,2.470213,2.897135,3.375422,-1.000000,23.853163
0.321543,0.571633,-1.464809,1.010469,1.010432,1.393377,2.558076,1.869734,1.262970,1.766364,2.176987,1.000000,24.094183
-0.071174,0.925270,-0.889680,0.392997,0.393008,0.284707,2.039155,1.618039,0.834528,1.271183,1.622784,0.000000,24.188875
0.745206,1.703336,-0.248400,0.284698,0.284705,-0.326475,1.430094,1.346108,0.535841,0.824699,1.171044,0.000000,24.257742
1.892185,2.534805,0.000000,-0.603265,-0.603275,-0.042835,1.660133,1.901713,1.285266,1.279553,1.637521,-1.000000,24.111401
0.683938,1.871843,-0.251987,-0.821132,-0.821134,0.835134,2.005049,2.603801,2.129239,1.936654,2.337423,-1.000000,23.913414
0.072195,0.794220,-1.010834,-0.287977,-0.287968,0.916963,1.685921,2.726835,2.431408,2.041877,2.512636,0.000000,23.844551
-0.650998,0.180835,-1.157324,-0.180509,-0.180507,0.773958,1.345389,2.724534,2.647379,2.135264,2.561786,0.000000,23.801510
0.286021,0.464787,-0.679292,1.157320,1.157317,-0.529136,-0.053625,1.284717,1.447987,0.926715,1.229897,1.000000,24.076969
0.391045,0.604337,-0.177743,0.572041,0.572057,-1.009608,-0.739435,0.481092,0.847841,0.480618,0.537970,1.000000,24.214703
-0.141097,0.423277,-0.282187,0.782087,0.782079,-1.375664,-1.283958,-0.489127,0.061725,-0.214465,-0.323342,1.000000,24.404081
0.105478,0.246129,-0.457110,0.317464,0.317459,-1.167371,-1.438119,-1.029069,-0.251409,-0.420537,-0.705581,0.000000,24.481554
0.243309,0.451860,-0.556131,1.160334,1.160331,-1.522414,-2.335764,-2.240756,-1.336457,-1.383381,-1.787737,1.000000,24.765621
-1.076012,0.000000,-1.214856,0.139030,0.139040,-1.076015,-2.252693,-2.337154,-1.520306,-1.423118,-1.859309,0.000000,24.800055
0.000000,0.347336,-0.903091,-0.069413,-0.069411,-0.548810,-1.913869,-2.192902,-1.504004,-1.281010,-1.610523,0.000000,24.782841
0.557880,0.976287,-0.209202,-0.382081,-0.382091,0.062766,-1.223845,-1.592281,-1.209898,-0.859132,-1.125054,0.000000,24.688148
0.383546,0.906559,-0.139474,0.000000,0.000000,0.230129,-0.882144,-1.431890,-1.335422,-0.822870,-1.006505,0.000000,24.688148
0.631801,1.053005,-0.105304,-0.662483,-0.662476,0.701999,0.073708,-0.683285,-0.784489,-0.153039,-0.228153,-1.000000,24.524595
-1.993812,0.515641,-2.509450,2.106002,2.105996,-1.182534,-1.605359,-2.523202,-2.753522,-2.211066,-2.173711,1.000000,25.041082
-1.192504,0.204429,-1.192504,0.893778,0.893787,-1.676327,-2.061334,-3.082346,-3.463380,-3.041914,-2.916531,1.000000,25.264896
-0.135965,0.373899,-0.339905,0.238501,0.238489,-1.407201,-1.930654,-2.941304,-3.402444,-3.237248,-3.028547,0.000000,25.325150
0.546448,0.922124,-0.341533,-0.475863,-0.475855,-0.525961,-1.174869,-2.117492,-2.720294,-2.790990,-2.466992,0.000000,25.204639
-0.548133,0.205546,-1.747177,-0.307377,-0.307388,0.260368,-0.726271,-1.463967,-2.233638,-2.478927,-2.079475,0.000000,25.127163
-1.532179,0.136190,-1.566227,0.616650,0.616659,-0.163436,-1.144029,-1.750089,-2.630241,-2.977193,-2.646696,1.000000,25.282112
-0.473937,1.252536,-0.812464,0.578822,0.578820,-0.609346,-1.459042,-1.997294,-2.931621,-3.389307,-3.156175,1.000000,25.428450
0.741486,2.561510,-0.101116,0.440078,0.440082,-0.876307,-1.557131,-2.130101,-3.038426,-3.548370,-3.523203,0.000000,25.540356
0.718443,1.813206,-0.068426,-1.482979,-0.679579,-0.070230,-0.616025,-1.227797,-2.074941,-2.687747,-2.855347,-1.000000,25.366789
1.099275,1.167983,-0.446585,-0.410534,-0.410549,0.448981,0.085828,-0.689455,-1.382065,-2.116569,-2.426778,0.000000,25.262646
-1.430031,0.136190,-1.430031,0.893164,0.893172,-0.278480,-0.624743,-1.388605,-1.978239,-2.789982,-3.181417,1.000000,25.488285
0.376835,0.582391,-0.205557,-0.612870,-0.612870,0.260362,0.014572,-0.635977,-1.153244,-1.997790,-2.474735,-1.000000,25.332075
-0.340832,0.272665,-0.545331,0.513871,0.513874,-0.313566,-0.442905,-0.941293,-1.450804,-2.255509,-2.762680,0.000000,25.462250
0.034176,0.649354,-0.239231,-0.272665,-0.272670,-0.020503,-0.096591,-0.485444,-1.001920,-1.744369,-2.326345,0.000000,25.392822
0.274631,0.583591,-0.377614,-0.444296,-0.444275,0.439399,0.409696,0.157859,-0.458396,-1.071956,-1.746595,0.000000,25.280008
-0.445050,0.171178,-0.684694,0.274631,0.274620,0.054776,0.161263,-0.035348,-0.622648,-1.142100,-1.872128,0.000000,25.349432
-0.411103,0.137030,-0.548133,-0.068463,-0.068471,0.123331,0.191847,0.050825,-0.446150,-0.897929,-1.644270,0.000000,25.332075
-0.068329,0.478305,-0.580799,0.274063,0.274064,-0.198151,-0.136656,-0.202590,-0.577829,-1.011725,-1.717815,0.000000,25.401501
0.654488,1.412332,-0.103345,-0.819949,-0.819940,0.468475,0.620039,0.619433,0.344353,-0.080377,-0.726854,-1.000000,25.193224
0.486118,1.006948,-0.138885,-0.792291,-0.792308,1.041680,1.315987,1.387395,1.239567,0.754106,0.224965,-1.000000,24.993616
1.022203,1.092700,-0.281988,-1.493049,-1.493033,1.980958,2.499112,2.744923,2.688594,2.252019,1.817619,-1.000000,24.620453
-0.667600,0.105415,-0.808148,0.317229,0.317216,1.145478,1.918495,2.223016,2.249229,1.915034,1.560959,0.000000,24.698553
0.105145,0.771115,-0.035054,0.245966,0.245978,0.378542,1.384502,1.761882,1.884066,1.676457,1.359578,0.000000,24.759306
0.920680,1.203966,-0.070825,-1.016477,-1.016478,0.849854,2.064447,2.573180,2.788129,2.691127,2.404004,-1.000000,24.507633
0.603693,0.603693,-0.177553,-0.283286,-0.283279,0.681812,2.009935,2.639670,2.939175,2.968716,2.650259,0.000000,24.438208
-0.705720,0.070575,-0.882145,0.639205,0.639208,0.021163,1.055035,1.745461,2.145552,2.242067,1.970407,1.000000,24.594419
1.106353,1.249111,0.000000,-1.129146,-1.129155,0.849396,1.791576,2.629073,3.083509,3.253750,3.071063,-1.000000,24.316710
-0.285714,1.000004,-0.857143,-0.071378,-0.071371,0.542854,1.410707,2.383325,2.901777,3.158636,3.091344,0.000000,24.299355
-0.921652,0.992559,-1.417937,0.749996,0.749975,-0.226851,0.365134,1.373052,1.954996,2.272595,2.295817,1.000000,24.481594
0.071178,1.352313,-0.106762,-0.389929,-0.389922,0.121002,0.508902,1.525509,2.174382,2.551389,2.677326,0.000000,24.386135
-0.567175,0.673524,-0.708965,0.391456,0.391448,-0.361563,0.060277,0.893315,1.570380,2.020724,2.200787,0.000000,24.481594
1.320953,1.570871,-0.535519,-0.708965,-0.708969,0.342743,0.614082,1.332872,2.084985,2.564814,2.799318,-1.000000,24.308027
-0.634473,0.599225,-1.057459,1.285259,1.285279,-0.669737,-0.719078,-0.164501,0.618603,1.113844,1.399418,1.000000,24.620453
0.884330,0.884330,-0.389105,-0.352489,-0.352475,-0.275930,-0.357286,0.009415,0.799417,1.335674,1.666928,0.000000,24.533672
0.000000,0.919378,-0.742578,0.035377,0.035360,-0.183880,-0.350074,-0.148518,0.613504,1.182458,1.551562,0.000000,24.542347
-0.247346,0.212021,-0.706710,0.070714,0.070723,-0.190814,-0.434634,-0.235576,0.381621,0.959713,1.381745,0.000000,24.559704
-0.246053,0.246042,-0.597540,0.530042,0.530031,-0.407727,-0.808437,-0.763912,-0.277680,0.323374,0.747510,0.000000,24.689878
-0.488312,0.244158,-0.662714,0.773283,0.773297,-0.962682,-1.335902,-1.492858,-1.147550,-0.539947,-0.113950,1.000000,24.880804
1.165666,1.554225,-0.141289,-1.255671,-1.255667,0.324968,-0.045930,-0.223723,-0.017672,0.590594,1.047911,-1.000000,24.568384
-0.420908,0.491056,-0.666433,0.706468,0.706449,-0.217459,-0.603291,-0.841804,-0.769900,-0.202030,0.268916,1.000000,24.741947
0.104497,0.487638,-0.383138,0.701505,0.701509,-0.626953,-1.121554,-1.446647,-1.401946,-0.966907,-0.506208,1.000000,24.915514
0.069836,0.698328,-0.244410,-0.243817,-0.243812,-0.251396,-0.659914,-1.061454,-1.129540,-0.801678,-0.327050,0.000000,24.854767
-1.067497,0.792008,-1.342979,1.396655,1.396646,-1.370522,-1.797516,-2.185491,-2.403580,-2.199724,-1.734388,1.000000,25.201900
0.693485,1.074896,-0.658807,-0.688709,-0.688710,-0.318998,-0.918856,-1.361530,-1.622740,-1.547845,-1.101474,-1.000000,25.028332
0.000000,0.552295,-0.138070,0.450759,0.450773,-0.448746,-1.125305,-1.603962,-1.924409,-1.966176,-1.563691,0.000000,25.141153
-0.104163,0.833340,-0.347215,-0.586814,-0.586835,0.201402,-0.368040,-0.886558,-1.265610,-1.327762,-1.030077,-1.000000,24.993616
0.069666,0.801122,-0.348304,-0.312500,-0.312488,0.564263,0.034834,-0.413323,-0.835943,-0.983626,-0.775569,0.000000,24.915514
0.702004,1.368898,0.000000,-0.766280,-0.766278,0.954715,0.744117,0.383759,0.015791,-0.224642,-0.100623,-1.000000,24.724592
0.385691,0.631140,-0.596073,0.105300,0.105304,0.624116,0.711773,0.336600,-0.035070,-0.290328,-0.265317,0.000000,24.750628
-1.385038,0.415516,-1.800547,1.262269,1.262267,-0.692524,-0.415515,-0.775624,-1.146123,-1.433519,-1.499308,1.000000,25.063047
-0.069617,0.243644,-0.417678,-0.519387,-0.519386,-0.222767,0.111376,-0.157796,-0.539510,-0.864607,-0.943270,-1.000000,24.932873
-1.073032,0.207691,-1.280717,0.556906,0.556891,-0.650732,-0.356514,-0.609195,-0.938028,-1.293170,-1.442240,1.000000,25.071722
-1.103064,0.000000,-1.275426,0.415372,0.415388,-0.703212,-0.779050,-0.942212,-1.237510,-1.562228,-1.794790,0.000000,25.175867
0.868961,0.868961,-0.278064,-0.827301,-0.827300,0.298916,0.024323,-0.009278,-0.326736,-0.663199,-0.914154,-1.000000,24.967587
-0.586207,0.137934,-1.379310,0.799444,0.799436,-0.413792,-0.758622,-0.689656,-0.993103,-1.326897,-1.603449,1.000000,25.167187
0.384343,0.733749,0.000000,-1.310341,-1.310337,0.831580,0.496150,0.607958,0.377351,0.040524,-0.264392,-1.000000,24.837412
1.274788,1.593488,-0.035411,-1.327746,-1.327751,1.728050,1.682014,1.867328,1.690865,1.419265,1.103635,-1.000000,24.507633
-0.141396,0.530223,-0.954404,0.177057,0.177063,1.039232,1.431595,1.510537,1.443964,1.228695,0.959104,0.000000,24.551027
-0.521373,0.000000,-1.668401,1.696709,1.696711,-0.646509,-0.173797,-0.199288,-0.168586,-0.390691,-0.660417,1.000000,24.967587
0.696382,0.731201,-0.313370,-0.173796,-0.173809,-0.668511,-0.055698,-0.083555,0.041793,-0.155978,-0.415496,0.000000,24.924191
-2.691656,0.034075,-2.725727,2.193597,2.193616,-2.303245,-1.989788,-2.103360,-1.996604,-2.156059,-2.423634,1.000000,25.470932
0.171464,0.411526,-0.514403,-0.647359,-0.647373,-1.035660,-1.258568,-1.362593,-1.268859,-1.421122,-1.656375,-1.000000,25.306040
-1.812077,0.033557,-2.046973,2.194784,2.194780,-2.147643,-3.114083,-3.187909,-3.261736,-3.386569,-3.608492,1.000000,25.861452
-1.454065,0.000000,-1.883672,1.543628,1.543633,-2.650365,-4.094513,-4.276271,-4.497687,-4.597489,-4.854593,1.000000,26.260658
-1.048833,0.753851,-1.409374,0.826173,0.826175,-2.274665,-4.385448,-4.704469,-5.027861,-5.117013,-5.390584,1.000000,26.477617
0.230260,0.789470,-0.164474,-0.360538,-0.360535,-1.230269,-3.453951,-3.993424,-4.421056,-4.551320,-4.817987,0.000000,26.382156
-0.977839,0.847461,-1.140808,0.921053,0.921058,-1.140817,-3.539773,-4.480668,-4.972303,-5.156463,-5.444381,1.000000,26.625151
0.163399,0.849676,-0.065359,-0.260756,-0.260761,-0.359478,-2.532683,-3.884534,-4.379088,-4.704580,-4.986933,0.000000,26.555723
0.228680,0.980069,-0.163352,0.032683,0.032682,-0.163347,-1.963416,-3.515196,-4.068937,-4.504417,-4.767512,0.000000,26.564402
-0.424701,0.261352,-0.620715,0.000000,0.000000,-0.098008,-1.345969,-3.164548,-3.786349,-4.290107,-4.538828,0.000000,26.564402
-0.943393,0.227713,-0.943393,0.424695,0.424685,-0.299274,-1.310988,-3.114285,-3.866291,-4.442414,-4.722397,0.000000,26.677217
-1.312000,0.320000,-1.376000,1.659076,1.659090,-1.561604,-2.252805,-4.053338,-5.057605,-5.676806,-5.998940,1.000000,27.119816
1.034594,1.131591,-0.420307,-1.024000,-1.024004,-0.329777,-0.876172,-2.491649,-3.764954,-4.385388,-4.822721,-1.000000,26.842108
0.293255,1.238185,-0.130339,-0.775942,-0.775949,0.501794,0.039104,-1.312044,-2.699575,-3.354838,-3.877484,-1.000000,26.633827
-1.507857,0.288739,-1.539939,1.564024,1.564022,-0.686553,-1.289694,-2.307768,-3.849849,-4.549240,-5.122442,1.000000,27.050386
-0.319898,0.447857,-0.447853,0.288739,0.288735,-0.639787,-1.298774,-2.181693,-3.704405,-4.500311,-5.133282,0.000000,27.128490
-0.160048,0.320102,-0.704225,-0.063980,-0.063977,-0.582584,-1.056332,-1.675196,-3.162605,-4.138277,-4.802597,0.000000,27.111134
0.839525,1.162419,-0.355176,-0.864280,-0.096765,-0.307007,-0.765119,-1.278822,-2.601045,-3.763494,-4.419908,0.000000,27.084900
0.258816,1.067616,0.000000,-0.193733,-0.193728,0.181407,-0.399365,-0.896868,-2.030071,-3.271160,-3.953017,0.000000,27.032429
-1.404856,0.095785,-1.883780,1.326432,1.326422,-0.881325,-1.401421,-1.971880,-2.862260,-4.212646,-4.927030,1.000000,27.390993
-0.064024,0.192058,-0.256082,-0.255428,-0.255423,-0.486559,-0.913284,-1.491755,-2.274927,-3.603737,-4.392199,0.000000,27.321030
-0.637345,0.701087,-0.828547,0.448140,0.448131,-0.688327,-1.237409,-1.732444,-2.321486,-3.605881,-4.530660,0.000000,27.443464
-1.851271,0.000000,-1.851271,1.561511,1.561516,-1.650456,-2.386384,-2.928477,-3.462626,-4.611345,-5.676066,1.000000,27.871998
-0.187497,0.656247,-0.687497,0.407904,0.407904,-1.368750,-2.299882,-2.984252,-3.546607,-4.567480,-5.699773,0.000000,27.985689
-1.149071,0.000000,-1.521745,0.625003,0.624984,-1.434770,-2.512457,-3.208940,-3.846863,-4.700507,-5.931147,1.000000,28.160595
0.218694,0.437376,-0.312396,-0.590071,-0.590041,-0.368643,-1.624499,-2.320758,-2.988188,-3.774291,-4.996897,-1.000000,27.994436
1.010739,1.137081,-0.157925,-1.093402,-1.093428,0.909675,-0.328477,-1.104012,-1.723716,-2.366341,-3.563705,-1.000000,27.688337
-0.407265,0.563904,-0.845865,0.821226,0.821230,0.119050,-0.842725,-1.653166,-2.280626,-2.867255,-3.947450,1.000000,27.915722
-0.375349,0.594310,-0.594301,0.156638,0.156643,-0.056303,-0.666246,-1.490897,-2.183980,-2.776132,-3.740984,0.000000,27.959450
-0.684928,0.124536,-0.996264,0.469190,0.469183,-0.572845,-0.881062,-1.704048,-2.369112,-3.000472,-3.814765,0.000000,28.090631
-0.062228,1.120103,-0.186674,0.062267,0.062273,-0.553830,-0.662724,-1.532873,-2.175336,-2.815221,-3.561882,0.000000,28.108124
1.191599,1.191599,-0.031358,-0.777847,-0.777846,0.370020,0.275949,-0.574890,-1.270459,-1.872012,-2.497089,-1.000000,27.889486
0.439150,0.627362,-0.250941,-0.031358,-0.031356,0.376408,0.310537,-0.353408,-1.053228,-1.651135,-2.225086,0.000000,27.880741
0.472736,0.913962,-0.094545,-0.470511,-0.470504,0.699642,0.699641,0.289937,-0.384443,-1.015376,-1.584027,0.000000,27.749561
-0.691169,0.314169,-0.691169,0.315159,0.315162,0.201059,0.267031,0.081672,-0.556114,-1.143491,-1.730441,0.000000,27.837017
1.505452,1.569507,-0.160151,-1.916434,-1.916441,1.569509,1.973091,2.032883,1.418962,0.879809,0.302120,-1.000000,27.303537
-0.511669,0.511673,-0.863447,0.160157,0.160155,1.010555,1.685318,1.846282,1.299966,0.751772,0.229756,0.000000,27.347265
-0.415997,0.480000,-0.415997,-0.063959,-0.063955,0.672000,1.535994,1.779193,1.409594,0.887624,0.388308,0.000000,27.329775
0.031699,0.221940,-0.665824,0.928003,0.927992,-0.374122,0.466078,0.746143,0.577047,0.097705,-0.411581,1.000000,27.583393
-0.158325,0.348325,-0.538315,0.126820,0.126826,-0.658644,0.167828,0.487649,0.490816,0.053178,-0.410518,0.000000,27.618376
0.223357,0.478622,-0.446710,-0.759975,-0.759987,0.178696,0.679655,1.114666,1.276334,0.860254,0.441079,-1.000000,27.408480
2.153341,2.251223,-0.424144,-2.201659,-2.201654,2.029368,2.541606,3.171294,3.437199,3.085161,2.663083,-1.000000,26.805040
0.991732,1.719008,-0.132235,-1.305057,-1.305057,2.717356,3.358684,4.167498,4.537194,4.353064,3.971863,-1.000000,26.455219
0.628102,0.760331,-0.991732,0.000000,0.000000,1.864463,2.869427,3.788434,4.247938,4.265790,3.949359,0.000000,26.455219
0.165286,1.256195,-0.363640,0.000000,0.000000,0.985123,2.347111,3.376314,3.925624,4.124302,3.874368,0.000000,26.455219
0.132717,0.564035,-0.431317,-0.363640,-0.363630,0.557393,2.362306,3.311213,3.994688,4.358325,4.156159,0.000000,26.359020
-1.527465,0.032502,-2.469938,2.090249,2.090252,-1.423474,0.103988,0.953302,1.720823,2.142337,1.998692,1.000000,26.909990
0.227945,0.976884,-0.325620,-0.194998,-0.195013,-0.931285,0.123745,0.896569,1.722575,2.190826,2.169770,0.000000,26.857512
1.553716,2.347104,0.000000,-1.497880,-1.497879,0.575210,1.219836,2.104688,2.985128,3.513392,3.650693,-1.000000,26.455219
0.362435,0.494234,-0.593081,0.330579,0.330574,0.309727,0.481060,1.443171,2.354210,2.928509,3.202645,0.000000,26.542673
0.495213,0.528227,-0.231106,-0.197690,-0.197678,0.607453,0.333435,1.439411,2.251562,2.905241,3.302513,0.000000,26.490204
-0.589192,0.032733,-0.752861,0.858362,0.858359,-0.392799,-0.553190,0.418987,1.162033,1.884127,2.332791,1.000000,26.717585
0.391648,0.685382,-0.359001,0.294599,0.294592,-0.731065,-0.718008,-0.008696,0.662543,1.417764,1.898399,0.000000,26.796293
-0.488759,0.032584,-0.977524,0.163192,0.163194,-0.606063,-0.736397,-0.356252,0.329098,1.085696,1.590095,0.000000,26.840023
-0.032641,0.587659,-0.457065,-0.195510,-0.195495,-0.228541,-0.417899,-0.367841,0.329734,1.089121,1.618232,0.000000,26.787552
0.032830,0.459622,-0.426786,-0.555011,-0.555019,0.439920,0.242941,-0.004379,0.764937,1.432699,2.015758,-1.000000,26.638876
-0.425953,1.015727,-0.458719,0.196983,0.196994,0.222793,-0.036057,-0.229372,0.443957,1.053722,1.690680,0.000000,26.691353
0.720134,1.309336,-0.065460,0.098293,0.098279,0.065473,-0.186576,-0.261863,0.230771,0.780364,1.441356,0.000000,26.717585
0.390374,0.910865,0.000000,0.621935,0.621935,-0.520491,-0.644112,-0.772067,-0.518869,0.028627,0.680980,1.000000,26.883751
-0.549273,0.129237,-0.969309,0.683152,0.683160,-0.988698,-1.124403,-1.294571,-1.295650,-0.763824,-0.128174,1.000000,27.067410
0.484966,0.614294,-1.034591,-0.064624,-0.064635,-0.620749,-0.853536,-1.060455,-1.298089,-0.737145,-0.193982,0.000000,27.049915
0.488755,0.847181,-0.619097,-0.775942,-0.775943,0.267190,-0.032582,-0.304116,-0.519712,-0.036493,0.456176,-1.000000,26.840023
1.047806,1.604453,-0.327439,-0.488759,-0.488755,0.753110,0.425671,0.148437,0.016370,0.361490,0.803317,0.000000,26.708841
-1.354839,0.161287,-1.451616,1.506218,1.506217,-0.574190,-0.964511,-1.176341,-1.346772,-1.197418,-0.770965,1.000000,27.111134
-0.416937,0.416931,-1.058371,0.580645,0.580658,-1.000651,-1.359854,-1.569391,-1.767168,-1.819126,-1.413309,1.000000,27.268557
0.032082,0.802053,-0.256657,-0.032072,-0.032085,-0.814882,-1.100412,-1.349585,-1.570418,-1.809430,-1.387015,0.000000,27.259808
0.514635,0.643297,-0.450302,-0.256657,-0.256642,-0.302357,-0.662603,-0.979962,-1.265693,-1.500173,-1.152581,0.000000,27.189848
0.288184,0.576369,-0.896571,0.450306,0.450289,-0.307391,-0.890164,-1.297892,-1.625036,-1.816199,-1.597820,0.000000,27.312281
0.127915,0.223857,-0.575632,0.128082,0.128089,-0.262232,-0.847459,-1.300502,-1.587786,-1.811324,-1.752482,0.000000,27.347265
0.032248,0.709449,-0.322477,-0.831468,-0.831484,0.464378,0.003237,-0.391258,-0.656227,-0.890023,-0.989992,-1.000000,27.119877
2.558993,2.891323,-0.099704,-2.966785,-2.966772,2.818212,2.781655,2.572284,2.347956,2.133599,1.898747,-1.000000,26.315292
1.281190,1.989211,0.000000,-1.429046,-1.429047,3.344570,3.924479,3.866038,3.681727,3.464599,3.264779,-1.000000,25.939234
0.065750,1.084813,-0.953323,2.562374,2.562369,0.230114,1.288631,1.242609,1.055232,0.841556,0.703489,1.000000,26.603893
0.431747,1.162398,-0.365330,-1.019063,-1.019054,0.491521,2.035861,2.145459,1.999329,1.861168,1.724779,-1.000000,26.332785
-1.362751,0.097339,-1.979238,2.358017,2.358015,-1.946789,-0.431540,-0.235780,-0.319599,-0.424401,-0.557000,1.000000,26.953716
0.526313,0.855263,-0.625003,-1.362751,-1.362769,-0.388144,0.690804,1.026331,1.047714,0.965805,0.845410,-1.000000,26.586399
1.405232,3.562095,-0.098039,0.657895,0.657919,-0.424845,-0.127461,0.346397,0.400319,0.312410,0.167747,1.000000,26.761316
0.636126,1.781167,-2.671759,2.745101,2.745078,-2.436378,-2.728999,-2.143756,-2.140575,-2.265892,-2.431075,1.000000,27.495935
1.109299,1.729201,-0.228385,-2.512726,-1.699815,-0.234459,-1.164897,-0.471986,-0.421594,-0.547965,-0.673198,-1.000000,27.028555
-0.421534,0.226978,-0.778210,0.619902,0.619937,-0.670872,-1.745805,-1.102953,-1.011452,-1.100615,-1.205078,1.000000,27.196115
-1.217165,0.192191,-1.953869,1.232163,1.232158,-1.193507,-2.500063,-2.240968,-2.128891,-2.174731,-2.281530,1.000000,27.531214
-0.667299,0.000000,-1.080394,0.800769,0.800767,-1.264703,-2.621516,-2.882606,-2.742134,-2.799031,-2.933604,1.000000,27.751675
-0.282302,0.313679,-1.411540,1.302828,1.302815,-2.095350,-3.336985,-3.941661,-3.743155,-3.850519,-4.025790,1.000000,28.113228
0.822524,1.233784,-0.189820,-0.846920,-0.846925,-0.651683,-1.958024,-2.994924,-2.783929,-2.886990,-3.082238,-1.000000,27.875130
-0.630918,0.473183,-0.946375,0.284720,0.284727,-0.391168,-1.878379,-3.071297,-2.937255,-3.035778,-3.218257,0.000000,27.954498
-0.187858,0.187849,-0.751409,0.757098,0.757102,-0.688796,-2.054812,-3.361553,-3.505706,-3.605860,-3.764743,1.000000,28.166142
-0.219573,0.658723,-0.282302,-0.187858,-0.187864,-0.244663,-1.389581,-2.664129,-3.159862,-3.243275,-3.415022,0.000000,28.113228
1.397713,1.524774,-0.127062,-1.254702,-1.254698,0.768740,-0.041297,-1.149584,-1.848644,-1.862313,-2.062548,-1.000000,27.760492
-0.665607,0.507132,-0.919173,0.222360,0.222352,0.507140,0.022198,-1.011999,-1.981046,-1.977808,-2.167394,0.000000,27.822218
0.699304,0.985381,-0.063566,-0.285261,-0.285250,0.642082,0.505402,-0.539196,-1.588369,-1.629014,-1.806373,0.000000,27.742855
0.000000,0.281344,-1.437946,1.684682,1.684668,-0.994056,-0.919030,-1.803275,-2.882951,-3.124020,-3.296099,1.000000,28.210230
-1.066165,0.313581,-1.097516,-0.312601,-0.312585,-0.677334,-0.476644,-1.172786,-2.190329,-2.687657,-2.840910,0.000000,28.122049
-0.781494,0.031260,-0.844017,0.313581,0.313565,-0.668954,-0.753354,-1.312902,-2.211359,-2.864518,-2.967210,0.000000,28.210230
-1.116969,0.031033,-1.241080,0.750234,0.750242,-0.986660,-1.300031,-1.720962,-2.572033,-3.436606,-3.536045,1.000000,28.421875
0.031137,0.934285,-0.809720,-0.372321,-0.372319,-0.211778,-0.803493,-1.090007,-1.967375,-2.906763,-3.052239,0.000000,28.316055
-1.438399,0.500310,-1.438399,-0.404861,-0.404869,0.187623,-0.387738,-0.529492,-1.282522,-2.244543,-2.546837,0.000000,28.201412
-1.070661,0.152961,-1.070661,2.220134,2.220165,-1.498948,-2.303477,-2.441134,-3.068236,-3.966968,-4.474100,1.000000,28.827530
-0.305337,0.610690,-0.458021,0.183545,0.183526,-1.215267,-2.094660,-2.442752,-3.006110,-3.827585,-4.468100,0.000000,28.880436
1.047443,1.540357,-0.154033,-0.885499,-0.885503,-0.190998,-0.939615,-1.396588,-1.860748,-2.648097,-3.465848,-1.000000,28.624699
0.246679,0.709220,-0.770891,-0.092418,-0.092413,0.098672,-0.548879,-1.155314,-1.524827,-2.328029,-3.204241,0.000000,28.598246
0.092618,0.493980,-0.308731,-0.123346,-0.123354,0.475465,-0.302556,-0.940614,-1.222594,-1.930597,-2.822385,0.000000,28.562969
-0.215916,0.616906,-0.555201,0.092618,0.092627,0.215916,-0.231338,-0.921242,-1.167490,-1.765577,-2.603320,0.000000,28.589426
0.531588,1.844903,-0.156348,-1.357181,-1.357194,1.113201,1.138220,0.546181,0.207949,-0.313939,-1.074449,-1.000000,28.201412
2.795627,2.892028,-0.674810,-2.689178,-2.689177,3.046274,3.576483,3.232651,2.898461,2.501290,1.794206,-1.000000,27.443026
-0.256164,0.672434,-1.280820,0.353467,0.353478,1.914819,2.929872,2.819934,2.460771,2.190198,1.506618,0.000000,27.540031
-0.031827,0.350099,-0.509230,0.608389,0.608380,0.681098,2.129224,2.077239,1.758439,1.597714,1.027689,1.000000,27.707579
-1.440655,0.407144,-1.597244,1.623170,1.623177,-1.233953,0.259942,0.455161,0.140932,0.032570,-0.420713,1.000000,28.157322
0.693791,1.166834,-1.009145,-0.689010,-0.689007,-0.719018,0.627560,1.093240,0.871963,0.705139,0.325869,-1.000000,27.963316
0.658098,0.658098,-0.626766,0.630719,0.630708,-0.846125,-0.175489,0.392778,0.296151,0.111570,-0.171308,1.000000,28.139683
0.466134,0.963337,-2.237418,0.846130,0.846143,-1.087640,-1.090748,-0.435059,-0.433506,-0.668745,-0.870112,1.000000,28.377785
0.889171,1.302001,-0.508098,-2.144189,-2.144202,1.124172,0.790732,1.642856,1.668790,1.450625,1.330587,-1.000000,27.769308
-0.157134,0.534255,-0.722816,1.047952,1.047970,0.006275,-0.443130,0.406441,0.603383,0.390937,0.316351,1.000000,28.060322
-0.528285,0.714730,-1.584835,1.131364,1.131359,-0.820390,-1.494723,-0.834894,-0.492548,-0.645128,-0.774815,1.000000,28.377785
0.560751,0.872284,-0.623047,-0.248608,-0.248599,-0.454832,-0.943932,-0.662521,-0.264805,-0.328980,-0.476644,0.000000,28.307238
1.003770,1.882061,-0.439144,-0.685355,-0.685372,0.043923,-0.056455,-0.092007,0.387396,0.411549,0.228989,-1.000000,28.113228
-0.498132,0.186803,-0.902861,0.752823,0.752831,-0.311330,-0.585305,-0.894564,-0.340910,-0.322542,-0.501248,1.000000,28.324873
-0.062601,0.938964,-0.625981,-0.529259,-0.529252,0.300460,-0.050090,-0.465324,0.073538,0.215322,0.035457,-1.000000,28.174963
-1.145869,0.309687,-1.486534,1.064163,1.064143,-0.687512,-0.922880,-1.449360,-1.051405,-0.802720,-0.934238,1.000000,28.474785
0.092586,0.277778,-0.679018,0.340666,0.340659,-0.839499,-1.108015,-1.520568,-1.396597,-1.118510,-1.183120,0.000000,28.571787
1.119403,1.648007,-0.279851,-0.740747,-0.740731,0.074626,-0.376244,-0.592870,-0.702739,-0.374380,-0.373137,-1.000000,28.360147
0.897433,1.634609,-0.480776,-2.985072,-2.985069,2.564097,2.596149,2.418797,2.161851,2.591019,2.607898,-1.000000,27.513577
1.263359,1.684477,-0.064791,-1.057692,-1.057696,2.960799,3.385162,3.284740,3.002912,3.451891,3.594640,-1.000000,27.222567
-0.768492,0.064041,-1.953247,1.166177,1.166180,1.095100,1.889208,1.991674,1.695483,2.064679,2.319349,1.000000,27.540031
2.515511,2.678860,-0.326694,-1.985267,-1.985281,1.973221,3.466196,3.774376,3.672012,3.890240,4.215407,-1.000000,26.993284
2.143332,2.143332,-0.100472,-2.450180,-2.450169,2.993970,5.388478,5.862914,6.046548,6.155388,6.581823,-1.000000,26.331903
0.602605,0.870432,-0.970877,0.033490,0.033480,2.068971,4.599940,5.465916,5.751598,5.782397,6.310687,0.000000,26.340719
0.267648,0.869860,-0.970221,0.066950,0.066965,1.344928,3.840747,4.964870,5.339577,5.373033,5.927287,0.000000,26.358358
0.199402,0.432034,-0.564972,0.669123,0.669127,-0.086417,2.419400,3.804135,4.370215,4.421394,4.928538,1.000000,26.534729
-0.330579,0.495868,-0.595041,0.531738,0.531733,-0.852894,1.166940,2.847380,3.543799,3.754046,4.130023,0.000000,26.675823
-1.036941,0.259235,-1.490606,2.016532,2.016523,-2.164611,-1.254047,0.594084,1.283218,1.655220,1.902141,1.000000,27.213747
-0.483871,0.806452,-0.483871,0.453658,0.453657,-1.877411,-1.764509,-0.101068,0.746783,1.141943,1.292480,0.000000,27.337204
0.840880,0.840880,-0.517464,-0.258065,-0.258062,-0.957305,-1.494175,-0.064679,0.861907,1.272968,1.392846,0.000000,27.266657
0.618694,0.618694,-1.660690,-0.679175,-0.679174,0.123741,-0.989901,0.275703,1.312283,1.835240,1.948340,-1.000000,27.081469
-0.065041,0.162598,-0.650410,0.130254,0.130259,0.318694,-1.073173,-0.212468,0.960974,1.551869,1.775608,0.000000,27.116745
-1.404497,0.967531,-2.091136,4.195125,4.195124,-2.983776,-4.375784,-4.255101,-3.078967,-2.554310,-2.237831,1.000000,28.254326
0.944588,1.039043,-1.133501,-0.873911,-0.873898,-1.649885,-2.937669,-3.293463,-2.281183,-1.661220,-1.340272,-1.000000,28.007412
1.534524,2.109974,-0.191822,-1.511332,-1.511350,0.089518,-1.003833,-1.722078,-0.888745,-0.221225,0.104436,-1.000000,27.584122
-0.224719,1.380417,-0.674154,-0.415604,-0.415601,0.789732,-0.250399,-1.329051,-0.658103,0.062925,0.462283,0.000000,27.469482
0.878049,1.008127,-0.650410,-1.284109,-1.284105,2.100814,1.209754,-0.015177,0.365853,1.188942,1.643360,-1.000000,27.116745
1.001338,1.034716,-0.367153,-2.569109,-2.569110,3.404544,3.578106,2.643528,2.645197,3.600804,4.076550,-1.000000,26.420086
1.936799,1.970778,-0.339789,-1.769022,-1.769029,3.683321,4.909962,4.392350,4.193007,5.100925,5.717530,-1.000000,25.952707
0.413504,1.585114,-0.585803,-1.393136,-0.514216,2.852138,4.891624,4.792728,4.459796,5.279210,5.974628,-1.000000,25.819254
-0.171406,0.925612,-0.651354,0.516885,0.516874,1.154380,3.917324,4.104358,3.616836,4.349128,5.118216,0.000000,25.952707
0.241126,0.620041,-0.895629,-0.479942,-0.479946,0.644384,3.919564,4.387614,3.890984,4.427456,5.305213,0.000000,25.828148
0.720910,0.858222,-0.343282,0.344464,0.344492,-0.089269,2.661000,3.695710,3.454296,3.691895,4.661237,0.000000,25.917124
-0.308219,0.684928,-0.342469,0.240309,0.240301,-0.308228,1.634275,3.098696,3.136752,3.207106,4.109399,0.000000,25.979403
0.137454,0.618560,-0.618557,-0.342469,-0.342467,0.089341,1.329359,3.098618,3.400809,3.355961,4.173037,0.000000,25.890432
0.034415,0.412942,-0.516170,-0.137460,-0.137468,0.151417,0.844344,2.924254,3.411666,3.237522,3.978663,0.000000,25.854841
-0.412091,1.476641,-0.412091,0.206476,0.206472,0.006873,0.170095,2.401207,3.050451,2.857281,3.421726,0.000000,25.908224
1.024587,1.468572,-0.102462,0.549451,0.549443,-0.437150,-0.519119,1.277678,2.264089,2.252029,2.561063,0.000000,26.050575
0.991456,0.991456,-0.136756,-0.102462,-0.102443,-0.300862,-0.389751,0.873407,2.116630,2.308188,2.475427,0.000000,26.023888
-1.082178,1.183632,-1.251265,1.094017,1.094018,-1.061895,-1.281712,-0.541445,0.829464,1.193465,1.250658,1.000000,26.308594
-0.337158,0.708028,-0.370873,0.304363,0.304357,-0.957519,-1.416049,-1.116286,0.392244,0.864270,0.797993,0.000000,26.388666
0.271278,0.508644,-0.203459,-0.573163,-0.573159,-0.135642,-0.691762,-0.769687,0.803397,1.378878,1.283027,-1.000000,26.237417
1.080713,1.283347,-0.135093,0.406921,0.406907,-0.317452,-0.932111,-1.191035,0.032346,0.836000,0.874123,0.000000,26.344179
0.303951,0.709216,-0.033776,0.000000,0.000000,-0.074293,-0.793646,-1.091969,-0.283328,0.685223,0.874560,0.000000,26.344179
0.439189,0.540541,-0.236483,-0.033776,-0.033768,-0.020270,-0.591216,-0.927928,-0.486747,0.577770,0.905715,0.000000,26.335283
-0.236247,0.404998,-0.404992,0.101348,0.101347,-0.141745,-0.499489,-0.924733,-0.797557,0.366769,0.781710,0.000000,26.361973
-0.403901,0.302928,-0.403901,0.269997,0.269995,-0.262536,-0.568826,-1.038925,-1.193984,-0.006932,0.479734,0.000000,26.433149
0.608314,0.777290,-0.135184,-0.403901,-0.403894,0.128416,-0.060834,-0.533967,-0.811089,0.105643,0.774859,0.000000,26.326387
-0.101208,0.337385,-0.404855,0.168973,0.168971,-0.020244,-0.097840,-0.602788,-0.899122,-0.311456,0.482719,0.000000,26.370871
-0.235212,0.100810,-0.940860,0.404862,0.404848,-0.315853,-0.436819,-0.855725,-1.174385,-0.880574,-0.021775,0.000000,26.477633
1.325625,1.529575,-0.271924,-1.142473,-1.142455,0.693397,0.632214,0.371621,0.010190,0.067110,1.018212,-1.000000,26.175138
0.102211,0.272572,-0.511070,-0.237933,-0.237951,0.688253,0.824539,0.663269,0.303247,0.152011,1.131011,0.000000,26.112854
-0.542373,0.000000,-0.847458,0.511073,0.511085,0.115250,0.274572,0.201128,-0.144070,-0.383732,0.361752,0.000000,26.246313
0.101933,0.407744,-0.169898,-0.237288,-0.237294,0.210670,0.451922,0.480239,0.132521,-0.111447,0.368347,0.000000,26.184032
-0.237698,0.475379,-0.339562,0.067961,0.067973,-0.067921,0.332755,0.384821,0.123928,-0.120894,0.124319,0.000000,26.201830
-0.237054,0.237044,-0.575686,0.271647,0.271634,-0.264137,0.027092,0.083532,-0.067726,-0.342700,-0.298717,0.000000,26.273003
-0.371499,0.337717,-0.979402,0.270911,0.270909,-0.357983,-0.276930,-0.159854,-0.254978,-0.533599,-0.665840,0.000000,26.344179
0.339213,0.474902,-0.135682,-0.439044,-0.439038,0.067844,0.125509,0.251017,0.218794,-0.047489,-0.252148,0.000000,26.228518
-0.605850,0.000000,-1.245369,0.780187,0.780185,-0.518339,-0.626048,-0.502632,-0.479631,-0.752603,-0.963755,1.000000,26.433149
0.371751,0.405539,-0.304157,-0.403901,-0.403894,-0.020283,-0.280504,-0.101391,-0.072665,-0.283884,-0.497920,0.000000,26.326387
-0.134322,0.470111,-0.503700,0.642112,0.642105,-0.490263,-0.795837,-0.705172,-0.690062,-0.823372,-1.064473,1.000000,26.495430
1.222404,1.358231,-0.407474,-1.108126,-1.108116,0.516120,0.349735,0.348603,0.415947,0.332756,0.091671,-1.000000,26.201830
0.443689,0.614338,0.000000,-0.509345,-0.509358,0.907859,0.795231,0.796368,0.877141,0.849156,0.623445,-1.000000,26.068369
-2.181205,0.134232,-2.181205,1.706485,1.706493,-0.724831,-0.771811,-0.859061,-0.783558,-0.769128,-0.997763,1.000000,26.513224
0.439334,0.675907,-0.371747,-0.704695,-0.704694,-0.020280,-0.020282,-0.193763,-0.081113,-0.062188,-0.239950,-1.000000,26.326387
0.000000,0.269633,-0.640377,0.270362,0.270356,-0.364002,-0.242668,-0.406695,-0.343781,-0.330299,-0.440399,0.000000,26.397562
0.269542,0.539084,-0.202153,0.033704,0.033700,-0.242585,-0.252690,-0.366122,-0.382408,-0.338271,-0.411046,0.000000,26.406458
-1.562497,0.465422,-1.628989,1.347709,1.347712,-1.050531,-1.379652,-1.562498,-1.625663,-1.601063,-1.646718,1.000000,26.762341
-1.020751,0.164633,-1.218311,0.964099,0.964101,-1.620023,-2.104053,-2.296128,-2.444850,-2.440570,-2.462960,1.000000,27.020357
0.262037,0.360295,-0.786112,0.526836,0.526844,-1.519826,-2.309213,-2.572344,-2.830013,-2.830014,-2.869320,0.000000,27.162712
0.000000,0.459164,-0.360777,-0.131022,-0.131036,-0.852732,-1.948173,-2.234606,-2.527052,-2.589695,-2.651136,0.000000,27.127119
1.094527,1.127695,-0.431177,-1.115120,-1.115128,0.577127,-0.610269,-1.012700,-1.295177,-1.432822,-1.480362,-1.000000,26.824617
0.232952,0.499175,-0.499165,-0.331678,-0.331658,0.891844,-0.029953,-0.556852,-0.875211,-1.043597,-1.103719,0.000000,26.735651
-0.800000,0.133337,-1.400000,-0.166386,-0.166381,0.813323,0.203323,-0.326677,-0.615010,-0.830678,-0.895567,0.000000,26.691168
-0.099764,0.166282,-0.897908,0.233333,0.233317,0.272700,0.129702,-0.452273,-0.743261,-1.020280,-1.074155,0.000000,26.753443
-0.165341,0.297619,-0.462963,0.565348,0.565359,-0.456355,-0.244715,-0.910499,-1.183868,-1.468260,-1.563057,1.000000,26.904696
-0.690559,0.690566,-0.690559,0.562169,0.562158,-0.841822,-0.562310,-1.253969,-1.604730,-1.879640,-2.036606,1.000000,27.055943
-1.453485,0.032300,-1.905678,1.808612,1.808612,-2.015496,-2.044566,-2.650724,-3.113687,-3.434101,-3.629407,1.000000,27.545280
0.818331,2.487725,-0.098196,-1.324289,-1.324285,-0.340425,-0.671028,-1.180575,-1.675937,-1.991486,-2.236767,-1.000000,27.180502
-0.650827,0.065083,-1.269118,0.589201,0.589191,-0.494624,-1.187757,-1.512085,-2.066375,-2.398949,-2.704188,1.000000,27.340647
0.263591,0.955516,-0.164748,-1.236577,-1.236562,0.823714,0.003289,-0.129604,-0.746298,-1.068868,-1.383860,-1.000000,27.002563
0.196783,0.721545,-0.295179,0.461285,0.461275,0.413251,-0.344371,-0.411059,-1.031481,-1.407669,-1.712031,0.000000,27.127119
0.987173,0.987173,-0.230336,-0.327980,-0.327960,0.368530,0.095415,-0.015367,-0.526500,-0.963486,-1.291005,0.000000,27.038153
0.098883,0.758075,-0.065920,-0.164525,-0.164549,0.395525,0.372453,0.142835,-0.273557,-0.717195,-1.028335,0.000000,26.993662
0.430603,0.529973,-0.364362,-0.494394,-0.494386,0.536601,0.910895,0.565306,0.321297,-0.144419,-0.454897,0.000000,26.860209
-1.029897,0.232558,-1.063120,-0.298115,-0.298125,0.671106,1.166122,0.779634,0.692702,0.196690,-0.094119,0.000000,26.780132
2.018163,2.556340,-0.134541,-1.229236,-1.229221,1.412710,2.196429,1.939676,1.954251,1.481328,1.162683,-1.000000,26.450945
0.854409,0.956941,-0.786053,-1.580895,-0.712587,1.549826,2.441432,2.551179,2.590808,2.239223,1.893037,-1.000000,26.262459
1.951216,2.160275,0.000000,-1.913872,-1.913880,2.573338,3.888786,4.311151,4.347915,4.117151,3.794071,-1.000000,25.759827
-0.554401,0.831597,-0.589051,0.557491,0.557496,1.265944,2.757988,3.514082,3.526334,3.474609,3.164205,1.000000,25.903437
0.695656,0.730431,-0.521739,-0.381154,-0.381154,0.897393,2.686951,3.625956,3.666203,3.778616,3.469699,0.000000,25.804705
0.598381,1.055963,-0.422383,-1.182609,-1.182602,1.358672,3.277584,4.459194,4.647009,4.878328,4.616173,-1.000000,25.499538
0.070714,0.388960,-0.671856,-0.457582,-0.457597,1.131547,3.100218,4.371443,4.861593,5.143064,5.007070,0.000000,25.382853
1.426533,1.426533,-0.427964,-0.848656,-0.848656,1.526395,3.257044,4.731534,5.456406,5.748510,5.727602,-1.000000,25.167440
-0.917431,0.211715,-1.658430,1.069897,1.069914,0.084678,1.604353,3.123858,4.081231,4.357650,4.491795,1.000000,25.436710
0.991154,1.203540,-0.212386,-0.317572,-0.317580,0.049558,1.366372,3.019464,4.107421,4.410712,4.687763,0.000000,25.355928
0.641026,0.997155,-0.178059,-0.601770,-0.601780,0.420236,1.485052,3.134300,4.370181,4.785528,5.162446,-1.000000,25.203341
0.141797,0.815321,-0.106342,0.462959,0.462966,-0.092162,0.645166,2.206646,3.449782,4.079005,4.487945,0.000000,25.320024
-1.635921,0.208844,-1.949182,1.843322,1.843320,-1.420116,-1.166025,0.044727,1.307141,2.054929,2.437296,1.000000,25.786753
0.768163,0.907825,-0.803069,-0.313265,-0.313250,-0.900847,-0.932270,0.059760,1.307527,2.212628,2.570292,0.000000,25.705976
-0.312067,0.346744,-0.520107,0.698328,0.698316,-1.178920,-1.588072,-0.864540,0.389213,1.346315,1.699106,1.000000,25.885485
0.103656,0.310988,-0.863856,0.346744,0.346743,-0.926056,-1.744992,-1.329188,-0.179402,0.829698,1.238692,0.000000,25.975241
-0.207681,0.311530,-0.519207,-0.172778,-0.172765,-0.283841,-1.363801,-1.243806,-0.220257,0.755082,1.310381,0.000000,25.930365
0.346981,0.589868,-0.277585,-0.242295,-0.242295,0.020813,-0.853583,-0.976184,-0.195580,0.796771,1.450312,0.000000,25.867537
-0.207465,0.207469,-0.345781,0.346981,0.346975,-0.131397,-0.995855,-1.304753,-0.714603,0.235066,0.997283,0.000000,25.957291
0.069180,0.622622,0.000000,-0.034578,-0.034572,-0.048430,-0.733319,-1.233723,-0.840549,0.107217,0.909355,0.000000,25.948317
-0.616220,0.342349,-0.855871,1.037700,1.037701,-0.890106,-1.365976,-2.065510,-1.903465,-1.059696,-0.233618,1.000000,26.217583
-0.067823,0.271278,-0.406914,0.958579,0.958563,-1.424202,-1.868422,-2.721821,-2.795858,-2.085122,-1.316415,1.000000,26.468895
0.170187,0.987069,-0.068067,-0.373011,-0.372996,-0.673930,-1.279784,-2.053556,-2.316207,-1.813112,-1.049381,0.000000,26.370167
0.238176,0.340255,-0.340245,0.034037,0.034031,-0.387884,-1.058180,-1.848701,-2.259272,-1.919461,-1.204542,0.000000,26.379141
-0.170885,0.512645,-0.341763,-0.442324,-0.442327,0.293918,-0.475048,-1.182502,-1.737868,-1.562543,-0.859538,0.000000,26.262459
0.170071,0.442180,-0.578231,0.478469,0.478462,-0.054417,-0.792508,-1.353735,-2.037409,-2.040811,-1.424980,0.000000,26.388115
0.544774,0.612863,-0.238345,-0.102037,-0.102031,-0.034052,-0.527751,-0.989674,-1.751791,-1.925779,-1.409901,0.000000,26.361191
-1.180442,0.033727,-1.483983,0.953350,0.953333,-0.795940,-1.187168,-1.717802,-2.408079,-2.723762,-2.388660,1.000000,26.612501
0.612245,0.850340,-0.340139,-0.843170,-0.843160,0.054423,-0.183668,-0.709744,-1.397954,-1.823124,-1.618276,-1.000000,26.388115
0.650017,0.718443,-0.752651,-0.578231,-0.578230,0.615805,0.506332,-0.043330,-0.656856,-1.186449,-1.115289,-1.000000,26.235531
-0.645384,0.305707,-0.951090,0.718443,0.718446,-0.074734,-0.132476,-0.643116,-1.134512,-1.751361,-1.824051,1.000000,26.424019
-0.809990,0.033750,-1.181229,0.645374,0.645375,-0.539995,-0.725614,-1.113732,-1.528852,-2.199119,-2.411967,1.000000,26.594553
0.135912,0.577642,-0.305810,-0.674988,-0.674995,-0.013588,-0.033975,-0.303538,-0.740733,-1.345559,-1.666093,-1.000000,26.415041
-1.604275,0.000000,-1.804816,1.664968,1.664976,-1.303479,-1.493987,-1.713459,-2.152406,-2.750001,-3.158423,1.000000,26.854845
-0.332772,0.232952,-0.998333,0.434489,0.434491,-1.184694,-1.657241,-1.885747,-2.374375,-2.931115,-3.433167,0.000000,26.971527
-0.527180,0.395384,-0.823723,0.998339,0.998319,-1.561768,-2.316298,-2.605149,-3.107068,-3.591418,-4.174614,1.000000,27.240789
-0.555919,0.457812,-0.784827,0.757825,0.757841,-1.680841,-2.655335,-3.100067,-3.559516,-4.006540,-4.644648,1.000000,27.447231
1.184211,1.447368,-0.460526,-0.588620,-0.588620,-0.460529,-1.832239,-2.302634,-2.728619,-3.218420,-3.821272,-1.000000,27.285671
0.265076,0.629559,-0.662691,-0.723684,-0.723684,0.437373,-0.858187,-1.415951,-1.810803,-2.308814,-2.916943,-1.000000,27.088209
-0.732110,0.599005,-1.830280,-0.430752,-0.430748,0.871876,-0.156409,-0.814202,-1.196341,-1.725125,-2.297283,0.000000,26.971527
-0.659842,0.461900,-0.791815,0.865225,0.865231,-0.019801,-0.725841,-1.464872,-1.862430,-2.387337,-2.890142,1.000000,27.204893
1.167445,1.300871,-0.033359,-1.088746,-1.088745,0.680446,0.483644,-0.244620,-0.700479,-1.167455,-1.624426,-1.000000,26.908701
0.841184,0.874835,-0.538358,-0.867248,-0.867259,1.103640,1.460299,0.643788,0.225439,-0.181693,-0.652755,-1.000000,26.675333
-0.335909,0.235136,-0.671817,0.168240,0.168238,0.658386,1.239504,0.557609,0.120928,-0.235134,-0.693089,0.000000,26.720211
0.676361,1.420358,-0.067639,-0.671817,-0.671814,1.014543,1.761919,1.314393,0.850521,0.528912,0.060871,-1.000000,26.540701
0.754720,0.891938,-0.445969,-1.420358,-1.420362,1.674102,2.816470,2.707834,2.260721,1.969126,1.526589,-1.000000,26.163727
0.344119,0.791473,-0.584997,-0.308751,-0.308740,1.355810,2.611834,2.895153,2.524081,2.225733,1.860513,0.000000,26.082949
0.239569,0.308008,-0.752906,0.550585,0.550582,0.458589,1.646132,2.283821,1.889114,1.644076,1.348389,1.000000,26.226557
0.617072,0.822763,-0.548509,-0.171112,-0.171117,0.219404,1.474118,2.287737,2.024338,1.788136,1.550678,0.000000,26.181679
0.833623,1.146231,0.000000,-1.302705,-1.302697,1.000339,2.375815,3.346057,3.294534,3.066329,2.877143,-1.000000,25.840611
-1.940095,0.034037,-2.859081,2.049316,2.049317,-0.871342,0.003400,1.050597,1.210000,0.993866,0.830490,1.000000,26.370167
1.414281,1.552263,-0.206968,-1.327430,-1.327447,0.413946,1.007252,2.044392,2.461201,2.300110,2.129476,-1.000000,26.020117
-0.068651,1.167182,-0.446272,0.482922,0.482926,-0.130442,0.319265,1.263310,1.917273,1.737046,1.610029,0.000000,26.145775
2.423607,2.880232,-0.175620,-2.265706,-2.265697,1.693009,2.188267,3.210396,4.025287,3.964872,3.857858,-1.000000,25.553391
0.632467,1.194659,-0.210819,-0.035125,-0.035126,1.496836,1.834154,2.874210,3.782501,3.893182,3.800654,0.000000,25.544415
0.000000,0.390202,-2.234842,-0.948693,-0.948704,1.624691,2.468966,3.358170,4.393406,4.710894,4.651770,-1.000000,25.302074
0.613718,1.119130,-0.685924,-1.738205,-1.738205,2.490977,3.790618,4.637790,5.720221,6.284480,6.302048,-1.000000,24.862272
-0.071868,0.646784,-0.718653,0.469310,0.469305,1.077983,2.806336,3.696263,4.764656,5.558043,5.587507,0.000000,24.978952
-0.214819,0.143212,-1.181525,0.359324,0.359327,0.329400,1.994280,2.885796,3.986763,4.895105,5.034023,0.000000,25.068708
-0.565771,0.848653,-0.990103,1.253136,1.253136,-1.039604,0.551630,1.308351,2.386853,3.346541,3.622118,1.000000,25.382853
-0.176675,0.671382,-1.024731,0.070714,0.070725,-1.031806,0.098939,1.036516,1.959367,2.983749,3.414608,0.000000,25.400805
0.174825,0.944059,-0.104895,1.060074,1.060077,-1.440568,-1.087419,-0.130540,0.648598,1.626571,2.209786,1.000000,25.670073
-1.064933,0.549636,-1.374105,1.783220,1.783220,-2.287882,-2.827216,-1.905423,-1.219519,-0.331164,0.382450,1.000000,26.127827
0.206679,0.620041,-0.275577,-0.274820,-0.274833,-1.260759,-2.366513,-1.667235,-1.074744,-0.214943,0.556902,0.000000,26.056019
0.275009,0.721894,-0.790646,0.206679,0.206701,-0.907537,-2.351336,-1.801318,-1.361303,-0.552777,0.239476,0.000000,26.109877
-1.152933,0.474734,-1.525938,1.375043,1.375028,-1.444551,-3.234993,-3.108396,-2.641569,-2.012881,-1.217357,1.000000,26.468895
-1.508046,0.469169,-1.508046,1.186843,1.186842,-1.769432,-3.652813,-4.054957,-3.652811,-3.180961,-2.458663,1.000000,26.783039
0.200331,0.834725,-0.467452,0.368636,0.368651,-1.569294,-3.298844,-4.224833,-3.884821,-3.505856,-2.867013,0.000000,26.881775
-0.960586,0.033124,-1.093077,0.801336,0.801324,-1.583304,-3.318980,-4.606384,-4.479962,-4.217292,-3.638071,1.000000,27.097185
-0.462358,0.066044,-1.354029,0.298112,0.298120,-1.089834,-2.945845,-4.489221,-4.517842,-4.408198,-3.899171,0.000000,27.177967
1.098535,1.231688,-0.299601,-0.792602,0.066616,-0.620915,-2.350336,-4.088522,-4.429564,-4.319998,-3.964228,0.000000,27.196072
0.133152,0.732354,-0.233029,0.000000,0.000000,-0.317170,-1.789226,-3.516430,-4.213365,-4.156280,-3.929006,0.000000,27.196072
0.701868,0.701868,-0.534759,-0.399471,-0.399473,0.234479,-1.041065,-2.610526,-3.655370,-3.644749,-3.492977,0.000000,27.087431
-0.794709,0.264901,-1.291397,0.935832,0.935836,-0.516558,-1.488615,-2.959437,-4.221742,-4.368518,-4.312076,1.000000,27.340925
-0.461741,0.263852,-0.725594,0.397348,0.397349,-0.712402,-1.390446,-2.841559,-4.253783,-4.512545,-4.580418,0.000000,27.449564
-0.624589,0.394481,-0.624589,0.329815,0.329812,-0.788953,-1.325643,-2.643085,-4.162206,-4.656516,-4.727500,0.000000,27.540096
0.328731,0.657465,-0.525970,0.000000,0.000000,-0.539118,-1.050751,-2.190406,-3.676038,-4.435750,-4.551133,0.000000,27.540096
0.131836,0.725112,-0.395521,-0.262985,-0.262984,0.000001,-0.576540,-1.607312,-2.969027,-3.991266,-4.148841,0.000000,27.467670
-1.352243,0.296834,-1.451191,-0.065920,-0.065917,0.145117,-0.382586,-1.203961,-2.471346,-3.651624,-3.931651,0.000000,27.449564
-0.326904,0.294214,-0.948025,0.890501,0.890484,-0.562263,-1.075501,-1.694620,-2.914893,-4.191542,-4.556495,1.000000,27.693998
-0.065706,0.394212,-0.525624,-0.490353,-0.490341,-0.059136,-0.456638,-0.946696,-2.045074,-3.391968,-3.942490,0.000000,27.558203
-0.361370,0.164254,-0.624182,0.000000,0.000000,-0.045995,-0.325232,-0.759175,-1.702503,-3.000661,-3.756449,0.000000,27.558203
0.985218,1.083744,-0.821018,0.032852,0.032847,-0.006567,-0.183905,-0.625990,-1.473704,-2.656950,-3.616171,0.000000,27.567255
1.025817,1.356717,-0.330900,-0.755343,-0.755335,0.688284,0.582396,0.194134,-0.485705,-1.581234,-2.662617,-1.000000,27.359030
-0.853298,0.623567,-0.951753,0.827267,0.827263,-0.216603,-0.193630,-0.529478,-1.034755,-2.069362,-3.214624,1.000000,27.585361
-1.446945,0.064312,-1.639871,2.067611,2.067600,-1.813497,-1.996775,-2.317246,-2.739958,-3.661777,-4.837381,1.000000,28.155716
-0.064209,1.573030,-0.288928,0.160772,0.160774,-1.515245,-1.919737,-2.236482,-2.644676,-3.457433,-4.595499,0.000000,28.200983
-1.215614,0.799744,-1.215614,0.353130,0.353137,-1.343573,-1.970570,-2.294731,-2.736598,-3.490065,-4.539990,0.000000,28.300571
-0.411780,0.158381,-0.918590,0.991683,0.991676,-1.457078,-2.537215,-2.964833,-3.432048,-4.084326,-5.067696,1.000000,28.581221
-0.787402,0.094491,-1.385830,0.570162,0.570175,-1.209459,-2.724417,-3.214705,-3.707092,-4.261526,-5.216109,1.000000,28.744184
-0.347335,0.473634,-1.010420,-0.251969,-0.251971,-0.599942,-2.090311,-2.707087,-3.206507,-3.712362,-4.596403,0.000000,28.671757
-1.062832,0.500163,-1.219131,1.010420,1.010426,-1.069092,-2.585193,-3.353141,-3.869968,-4.374673,-5.171919,1.000000,28.961464
-0.594301,0.781989,-0.656863,-0.062523,-0.062521,-0.563032,-2.048804,-2.952776,-3.489216,-4.029938,-4.788337,0.000000,28.943357
-1.251962,0.187784,-1.564945,-0.062552,-0.062564,-0.262908,-1.446012,-2.551907,-3.154932,-3.717059,-4.398083,0.000000,28.925249
0.439419,0.972997,-0.345264,-0.281690,-0.281692,0.087888,-0.731326,-2.010882,-2.639675,-3.214062,-3.812077,0.000000,28.843769
0.663510,4.644547,-0.442338,-0.659137,-0.659141,0.739345,0.101112,-1.105840,-1.799363,-2.368398,-2.919700,-1.000000,28.653648
1.260094,1.583199,-0.290792,-2.211687,-2.211690,2.345725,2.300491,1.240716,0.507275,-0.042644,-0.576880,-1.000000,28.019918
0.874912,0.939725,-0.550875,-0.290792,-0.290786,1.924820,2.469217,1.624540,0.884640,0.370707,-0.160857,0.000000,27.938440
0.521682,2.901855,-0.097819,-0.615687,-0.615689,1.721555,2.810571,2.351923,1.566682,1.053804,0.537991,-1.000000,27.766426
-1.349614,0.739071,-1.735222,1.467235,1.467232,-0.224935,1.121471,1.011144,0.183166,-0.304623,-0.797981,1.000000,28.173824
-1.407567,0.093841,-1.720360,2.731356,2.731376,-2.677519,-1.473263,-1.493074,-2.241172,-2.761347,-3.234289,1.000000,28.943357
-0.093929,0.469627,-1.033187,-0.093832,-0.093838,-1.966193,-1.396375,-1.235656,-1.914535,-2.479657,-2.945112,0.000000,28.916197
-0.716731,0.093484,-1.464628,0.469627,0.469623,-1.657836,-1.819881,-1.524876,-2.117482,-2.717357,-3.173366,0.000000,29.051994
2.321141,2.480124,-2.162165,-1.994388,-1.994383,0.839424,0.019071,0.453625,0.069945,-0.593966,-1.070489,-1.000000,28.472586
0.063657,0.732018,-0.063654,-0.095393,-0.095386,1.126667,-0.025471,0.479517,0.316667,-0.393390,-0.859335,0.000000,28.445427
-0.473934,0.600316,-1.105848,0.732018,0.732002,0.189583,-0.751968,-0.254864,-0.325428,-0.964291,-1.450231,1.000000,28.653648
0.223001,0.732724,-0.031857,-0.821488,-0.821487,0.669011,0.210267,0.443886,0.538397,-0.022930,-0.530947,-1.000000,28.418262
-0.318668,0.350545,-0.446141,-0.031857,-0.031860,0.248575,0.407913,0.350551,0.589558,0.127479,-0.388773,0.000000,28.409208
0.096308,1.765653,-0.032106,-0.732948,-0.732949,0.796152,1.303379,0.920285,1.264856,0.986203,0.435534,-1.000000,28.200983
-0.191510,1.436326,-0.351104,0.577849,0.577852,0.159589,0.788387,0.227687,0.616028,0.515804,-0.062768,1.000000,28.363943
0.609756,0.802311,-0.481386,-0.542611,-0.542618,0.391532,1.078316,0.669673,1.083131,1.071899,0.559490,-1.000000,28.210035
-0.477403,1.400385,-0.954803,0.834403,0.834426,-0.420130,0.076372,-0.063665,0.155940,0.269881,-0.168694,1.000000,28.445427
-0.408166,0.062797,-0.847724,1.368555,1.368550,-1.469395,-1.350086,-1.205658,-1.215077,-1.009739,-1.369970,1.000000,28.834717
-0.492308,0.430766,-0.861535,2.040816,2.040807,-2.609229,-3.000000,-2.806151,-3.106152,-2.875074,-3.108716,1.000000,29.423178
-0.520680,0.153136,-0.704453,0.461545,0.461544,-2.248088,-3.068919,-2.940278,-3.430325,-3.211029,-3.331295,0.000000,29.558979
-0.305163,0.335676,-0.488248,0.367528,0.367533,-1.623434,-3.082091,-3.132949,-3.613063,-3.431188,-3.515412,0.000000,29.667618
1.356356,2.435268,-0.986437,-1.007022,-1.007024,0.006170,-1.772501,-2.044798,-2.402894,-2.393338,-2.401353,-1.000000,29.368858
-0.831284,0.738919,-1.077583,0.123308,0.123304,0.270939,-1.554800,-2.085383,-2.273703,-2.450736,-2.396342,0.000000,29.405071
0.709873,1.141969,-0.462969,-0.246299,-0.246291,0.456781,-0.925936,-1.648159,-1.765442,-2.154332,-2.069968,0.000000,29.332649
-1.554872,0.060979,-1.646345,1.234559,1.234556,-0.676827,-1.685974,-2.567074,-2.707315,-3.232926,-3.157519,1.000000,29.694777
-0.392740,0.030221,-1.691834,0.914631,0.914639,-1.377646,-1.990938,-3.158111,-3.418432,-3.934747,-3.891242,1.000000,29.966377
0.857840,2.634807,-0.245092,-1.389725,-1.389724,0.134800,-0.235912,-1.537998,-1.950068,-2.373781,-2.470391,-1.000000,29.549927
-0.426708,0.060960,-2.316373,0.520839,0.520827,-0.182868,-0.460225,-1.757595,-2.348370,-2.641878,-2.890380,0.000000,29.703831
1.294293,1.386752,-0.061636,-1.097226,-1.097222,0.955314,0.628656,-0.400620,-1.110945,-1.342378,-1.761690,-1.000000,29.377914
-1.006091,0.152436,-1.920735,1.078576,1.078576,-0.121947,-0.399387,-1.164631,-1.955792,-2.190242,-2.714430,1.000000,29.694777
-0.797540,2.300614,-0.920242,-0.609759,-0.609754,0.184051,0.159510,-0.263802,-1.208590,-1.512884,-2.020451,-1.000000,29.513712
1.940529,3.724563,-1.377155,-1.993856,-1.993863,1.790296,2.043818,1.875846,0.888886,0.492016,0.077201,-1.000000,28.925249
0.251335,0.408417,-0.911087,-0.375590,-0.375585,1.558276,2.224315,2.255731,1.339927,0.838199,0.556075,0.000000,28.816610
1.344000,1.759997,-0.159997,-1.822180,-1.822189,2.675205,3.753606,3.886939,3.236805,2.684164,2.484271,-1.000000,28.291517
-0.663504,0.000000,-1.990521,1.280000,1.279999,0.650874,2.078996,2.363356,1.982629,1.415487,1.244872,1.000000,28.653648
-0.562149,0.437227,-1.748910,1.169036,1.169048,-0.874459,0.562144,1.024355,0.938471,0.289812,0.080152,1.000000,28.988623
-0.311821,0.623636,-1.091366,0.156152,1.039687,-1.645379,-0.561367,-0.033120,0.044002,-0.623108,-0.907119,1.000000,29.290014
0.151558,0.636553,-1.182188,2.868731,2.868732,-3.516240,-3.192912,-2.660470,-2.530964,-3.165979,-3.551263,1.000000,30.130266
-0.633099,0.753693,-1.326494,0.545608,0.545608,-2.717367,-3.415624,-2.976979,-2.916043,-3.415004,-3.874156,0.000000,30.294659
-0.272150,0.876931,-0.665262,-0.301471,-0.301459,-1.397044,-2.955203,-2.571358,-2.515820,-2.879359,-3.389491,0.000000,30.203333
-1.961938,0.204975,-2.166916,3.265806,3.265792,-3.103954,-5.486899,-5.391067,-5.354762,-5.568674,-6.173773,1.000000,31.189711
-0.729927,0.759118,-0.729927,0.292820,0.292831,-2.113873,-5.009748,-5.298364,-5.325457,-5.481792,-6.142662,0.000000,31.281044
-1.691999,0.286785,-1.835386,1.810216,1.810215,-2.776025,-5.747071,-6.533489,-6.625370,-6.783974,-7.451621,1.000000,31.847298
0.173216,0.894925,-0.375292,-0.659593,-0.659585,-1.281759,-4.063738,-5.436815,-5.641174,-5.885122,-6.475085,-1.000000,31.637238
-0.115677,0.751874,-0.318106,-0.173202,-0.173226,-0.237122,-2.969917,-4.874261,-5.178590,-5.465531,-5.973102,0.000000,31.582434
0.290029,0.290029,-0.696050,-0.289190,-0.289173,0.243618,-1.893854,-4.179771,-4.661508,-4.959750,-5.353111,0.000000,31.491106
-0.232485,0.174371,-0.871837,-0.203016,-0.203035,0.540554,-1.014225,-3.454092,-4.168878,-4.504414,-4.844294,0.000000,31.427168
-0.839123,0.057873,-1.331027,0.435923,0.435938,-0.075236,-0.989587,-3.292834,-4.290138,-4.645295,-4.969070,0.000000,31.564171
-0.814184,0.378020,-0.959575,-0.491904,-0.491900,0.273331,-0.145392,-2.153102,-3.493699,-3.909511,-4.288563,0.000000,31.408907
-0.349444,0.000000,-0.757129,-0.145388,-0.145392,0.279555,0.369830,-1.434674,-3.087192,-3.556807,-3.957444,0.000000,31.363241
-1.182920,0.375075,-2.106174,0.931858,0.931858,-0.542415,-0.409695,-1.783037,-3.643648,-4.233785,-4.634837,1.000000,31.655502
-0.346918,0.375834,-0.607109,-0.201962,-0.201974,-0.237053,-0.109849,-1.098573,-3.026641,-3.781466,-4.207309,0.000000,31.591566
0.349647,0.990676,-0.087410,-0.780572,-0.780544,0.407910,0.515717,-0.062177,-1.860453,-2.815100,-3.247426,-1.000000,31.344980
-1.294219,0.086278,-2.041987,1.311189,1.311176,-0.672997,-0.747777,-1.048801,-2.585102,-3.773333,-4.245236,1.000000,31.755968
0.549766,0.954855,-0.434031,-0.603966,-0.603972,0.057871,-0.150465,-0.160110,-1.532120,-2.951719,-3.465973,-1.000000,31.564171
-0.433017,0.375292,-1.097001,0.231476,0.231487,-0.184761,-0.334880,-0.296389,-1.340943,-2.907370,-3.512877,0.000000,31.637238
0.754276,0.986365,-0.203072,-0.490756,-0.490763,0.237889,0.174061,0.237883,-0.506243,-2.103675,-2.832452,0.000000,31.481974
0.824254,1.442443,-0.647633,-1.450537,-1.450532,1.507207,1.474823,1.536640,1.102433,-0.377995,-1.260281,-1.000000,31.025318
-0.470173,0.440790,-1.087273,0.176621,0.176611,0.893338,1.190134,1.238129,1.050550,-0.194737,-1.251798,0.000000,31.080112
0.148025,1.036122,-0.355237,-0.734646,-0.734650,1.178223,1.773250,1.829494,1.903503,0.828902,-0.395968,-1.000000,30.851782
1.040734,1.397553,0.000000,-0.444044,-0.444039,1.028843,1.920904,2.115174,2.280700,1.503418,0.178632,0.000000,30.714788
-0.558821,0.176474,-0.647062,1.100205,1.100196,-0.347051,0.638248,0.923540,1.130892,0.625892,-0.683164,1.000000,31.052711
-0.235300,0.000000,-0.882350,0.000000,0.000000,-0.329408,0.544127,0.813736,1.002950,0.744715,-0.443132,0.000000,31.052711
-1.045287,0.348438,-1.393728,1.294115,1.294129,-1.364698,-0.836238,-0.464577,-0.316494,-0.394891,-1.379867,1.000000,31.454573
-0.146324,0.380454,-0.673102,-0.783975,-0.783981,-0.357035,-0.166806,0.288760,0.411187,0.520932,-0.327765,-1.000000,31.207975
-1.018040,0.349037,-1.832464,0.614583,0.614586,-0.529386,-0.852245,-0.378131,-0.216700,-0.066322,-0.680633,1.000000,31.399775
0.380665,0.673496,-0.234266,-0.668991,-0.668998,0.228402,-0.278186,0.206932,0.417278,0.595022,0.191313,-1.000000,31.189711
-0.350362,0.642339,-0.788321,0.292820,0.292831,0.081748,-0.487598,-0.099274,0.078828,0.228901,0.021407,0.000000,31.281044
-1.540659,1.141233,-1.597709,2.335764,2.335753,-1.854487,-2.467898,-2.326193,-2.111261,-2.011975,-2.082730,1.000000,32.011692
1.216683,1.390498,-0.057937,-1.512123,-1.512119,-0.144842,-0.756084,-0.834297,-0.582269,-0.514482,-0.439357,-1.000000,31.527637
0.903796,2.040819,-0.087461,-0.637315,-0.637304,0.448974,0.075794,-0.264340,0.002911,0.102619,0.213795,-1.000000,31.326710
-0.146367,0.702582,-0.614751,-0.408160,-0.408166,0.866508,0.532784,0.083915,0.349823,0.483605,0.615727,0.000000,31.198845
-0.260643,0.202719,-0.868807,1.083135,1.083114,-0.052112,-0.390945,-0.880376,-0.695027,-0.596562,-0.495201,1.000000,31.536764
-1.142863,0.628574,-1.285717,1.361138,1.361161,-1.422863,-1.568577,-2.026673,-1.995718,-1.861718,-1.797147,1.000000,31.966030
0.287433,0.977292,-0.086240,-0.599997,-0.599984,-0.672625,-0.796225,-1.241756,-1.371103,-1.217610,-1.184268,-1.000000,31.774239
1.485575,1.485575,-0.640842,-1.322216,-1.322247,0.675802,0.518505,0.217504,-0.094661,0.067588,0.125264,-1.000000,31.354105
0.116338,0.727167,-0.465387,0.145642,0.145659,0.657354,0.439204,0.145428,-0.253060,-0.102389,-0.023274,0.000000,31.399775
-0.174020,0.957079,-0.725058,0.290864,0.290865,0.336428,0.214614,-0.052207,-0.468392,-0.373553,-0.320962,0.000000,31.491106
0.260567,1.013312,-0.086865,0.174017,0.174011,-0.104223,-0.107122,-0.206524,-0.567459,-0.573248,-0.479637,0.000000,31.545904
-0.375292,0.577370,-0.635107,0.289514,0.289527,-0.479221,-0.360861,-0.404164,-0.730378,-0.851047,-0.738075,0.000000,31.637238
-1.113331,0.085647,-1.855547,1.125866,1.125860,-1.187552,-1.261776,-1.389287,-1.635743,-1.910364,-1.807975,1.000000,31.993429
-1.467271,0.084656,-1.523694,1.170425,1.170418,-1.732499,-2.042884,-2.287429,-2.570537,-2.935662,-2.863990,1.000000,32.367886
0.740946,1.253916,-0.227991,-0.987582,-0.987575,-0.404677,-0.906243,-1.153230,-1.443436,-1.839846,-1.821986,-1.000000,32.048229
0.057094,0.799321,-0.342561,-0.170992,-0.170992,0.045676,-0.727946,-0.987726,-1.190410,-1.557524,-1.629081,0.000000,31.993429
0.539628,0.738432,-0.255609,0.513845,0.513834,-0.141997,-1.116151,-1.363239,-1.547846,-1.898315,-2.070425,0.000000,32.157822
-0.341003,0.284177,-0.483089,-0.056802,-0.056798,0.005686,-0.815567,-1.138576,-1.376806,-1.665241,-1.962674,0.000000,32.139557
-0.114158,0.085614,-0.742015,-0.426252,-0.426257,0.205482,-0.202621,-0.547941,-0.827621,-1.125567,-1.488771,0.000000,32.002560
0.085698,0.656967,-0.199940,-0.085625,-0.085606,0.245636,0.034270,-0.371327,-0.634111,-0.925456,-1.305348,0.000000,31.975164
0.601889,1.461746,-0.257954,-0.342756,-0.342760,0.510168,0.478642,-0.049684,-0.315282,-0.533109,-0.883736,0.000000,31.865566
-0.314916,0.458059,-0.372176,0.114649,0.114644,0.234753,0.446604,-0.137421,-0.370744,-0.559980,-0.887493,0.000000,31.902098
-1.329191,0.113125,-1.527152,1.231036,1.231032,-0.888009,-0.681563,-1.157618,-1.432411,-1.658373,-1.929678,1.000000,32.294823
-0.198466,0.368591,-0.623762,-0.254528,-0.254539,-0.504665,-0.476314,-0.737158,-1.023521,-1.280396,-1.559387,0.000000,32.212620
2.168257,2.515175,-0.491477,-1.927984,-1.927984,1.208451,1.335656,1.235435,0.930917,0.699635,0.432699,-1.000000,31.591566
0.754066,1.160096,-0.957071,-0.318011,-0.317996,1.293497,1.499414,1.546787,1.177492,0.954753,0.756957,0.000000,31.491106
-0.349965,0.495766,-0.991543,-0.551041,-0.551048,1.481478,1.793525,2.041411,1.665208,1.487315,1.326918,-1.000000,31.317575
0.530507,0.884173,-0.648397,-1.049872,-1.049845,1.715273,2.502188,2.907924,2.684916,2.520460,2.357772,-1.000000,30.988789
-0.645543,0.381447,-0.645543,0.442093,0.442066,0.569249,1.769365,2.188964,2.188965,2.059856,1.900428,0.000000,31.125780
-0.611885,0.553607,-0.786716,0.704219,0.704239,-0.291383,0.856629,1.324770,1.451033,1.321663,1.194622,1.000000,31.344980
0.732708,0.908561,-0.322394,-0.582753,-0.582757,0.082063,1.222150,1.740905,1.984165,1.812418,1.696942,-1.000000,31.162315
0.866710,1.315012,-0.747161,-1.934349,-1.122930,0.890764,2.018052,2.605256,3.008530,2.843818,2.774520,-1.000000,30.812384
-0.416924,0.506248,-0.744491,0.358646,0.358622,0.487615,1.209835,1.976303,2.467340,2.420536,2.363735,0.000000,30.922884
-0.617281,0.382134,-0.646681,1.310298,1.310292,-0.682898,-0.381510,0.513864,0.976127,1.086728,1.053567,1.000000,31.328064
0.382806,0.883389,-0.058893,-0.176370,-0.176372,-0.553575,-0.307428,0.541729,1.030558,1.237411,1.203978,0.000000,31.272810
0.088816,0.532860,-0.177614,-0.530035,-0.530020,-0.059208,0.100318,0.914901,1.426422,1.720418,1.651192,-1.000000,31.107058
0.715780,0.805249,-0.149117,-0.740083,-0.740086,0.727704,0.703930,1.445961,1.975228,2.380342,2.312228,-1.000000,30.876839
-0.677666,0.147328,-0.824982,1.222786,1.222803,-0.276977,-0.427621,-0.001463,0.601730,1.048973,1.065631,1.000000,31.254402
0.029415,0.205940,-0.205955,0.147328,0.147320,-0.441320,-0.518292,-0.342848,0.341584,0.763914,0.906382,0.000000,31.300446
0.000000,0.235436,-0.235427,-0.029426,-0.029447,-0.400221,-0.506167,-0.377480,0.261855,0.696827,0.914812,0.000000,31.291229
-0.993861,0.526162,-1.081552,0.676866,0.676873,-0.818466,-1.066933,-1.044742,-0.469768,-0.042448,0.231803,1.000000,31.503031
0.000000,0.553945,-0.087461,0.263081,0.263092,-0.629739,-1.081639,-1.247765,-0.780988,-0.377164,-0.036623,0.000000,31.585913
-0.378350,0.378350,-0.436560,0.174933,0.174913,-0.558782,-1.027351,-1.282742,-1.057526,-0.614119,-0.248278,0.000000,31.641161
0.116689,0.612611,-0.145855,-0.232835,-0.232811,-0.157538,-0.720546,-0.959097,-0.928821,-0.437326,-0.100020,0.000000,31.567497
0.205215,0.674286,-0.234541,-0.495910,-0.495931,0.416305,-0.181758,-0.451474,-0.463799,-0.012953,0.330256,0.000000,31.410944
-0.262391,0.495633,-0.670551,0.557016,0.557032,-0.087467,-0.583094,-0.913513,-1.000168,-0.602243,-0.268526,1.000000,31.585913
0.058072,0.261324,-0.493609,0.408163,0.408153,-0.412307,-0.722990,-1.126593,-1.339968,-1.029908,-0.720489,0.000000,31.714832
-0.776978,0.690653,-0.978417,0.900119,0.900112,-1.076251,-1.375532,-1.784166,-2.062049,-1.949617,-1.620649,1.000000,32.000301
0.607636,1.041658,-0.086811,-0.546760,-0.546748,-0.370378,-0.668410,-1.140053,-1.413725,-1.459257,-1.098367,-1.000000,31.825340
0.434900,0.492891,-0.405926,-0.202543,-0.202556,0.052191,-0.318931,-0.836954,-1.148155,-1.237929,-0.920119,0.000000,31.760876
0.406856,0.726533,-0.377800,-0.231957,-0.231939,0.348727,-0.029069,-0.484363,-0.835521,-0.983574,-0.708542,0.000000,31.687210
-0.116825,0.934576,-0.379676,-0.494037,-0.494045,0.730136,0.449761,0.147970,-0.229270,-0.464927,-0.254829,0.000000,31.530661
0.293338,0.557345,-0.469346,-0.438090,-0.438072,0.786143,0.812540,0.617955,0.284523,0.024471,0.088242,0.000000,31.392534
-0.029426,0.529723,-0.176580,-0.322675,-0.322704,0.771056,1.050630,0.941741,0.603307,0.369449,0.314124,0.000000,31.291229
0.117615,0.352846,-0.352834,0.088281,0.088287,0.399896,0.932091,0.858582,0.521917,0.277578,0.196613,0.000000,31.318855
-0.670356,0.349749,-0.757802,0.882102,0.882108,-0.536288,0.052460,-0.003888,-0.279804,-0.544450,-0.668527,1.000000,31.595121
-0.406265,0.319214,-0.580386,0.437184,0.437194,-0.841561,-0.377254,-0.408209,-0.578937,-0.861295,-1.057244,0.000000,31.733253
0.263081,0.730780,-0.321546,-0.725479,-0.725491,-0.046768,0.192934,0.290370,0.187086,-0.063134,-0.279765,-1.000000,31.503031
0.058754,0.235012,-0.528790,-0.496925,-0.496911,0.487649,0.540529,0.744210,0.694757,0.438295,0.241700,0.000000,31.346489
0.058754,0.176254,-0.675676,0.000000,0.000000,0.505280,0.408333,0.730502,0.703572,0.447697,0.241860,0.000000,31.346489
0.206001,0.588582,-0.382584,-0.176266,-0.176288,0.488537,0.459107,0.845608,0.847569,0.648629,0.432619,0.000000,31.291229
-0.843750,0.407329,-0.931045,1.147731,1.147737,-0.704094,-0.642994,-0.312279,-0.286579,-0.395685,-0.618749,1.000000,31.650370
0.146284,0.965471,0.000000,-0.552805,-0.552818,-0.169673,-0.064350,0.130700,0.241388,0.186092,-0.007784,-1.000000,31.475401
0.087435,0.553771,-0.087444,0.380342,0.380361,-0.390563,-0.346842,-0.297292,-0.134075,-0.156226,-0.358499,0.000000,31.595121
-0.260870,0.260870,-0.463768,0.553771,0.553785,-0.672481,-0.753635,-0.844456,-0.627549,-0.645810,-0.855085,1.000000,31.770090
0.321356,0.847210,0.000000,-0.782609,-0.782629,0.257088,0.005850,-0.097373,0.146078,0.140236,-0.029206,-1.000000,31.521448
0.558492,0.940623,-0.293951,-0.613497,-0.613500,0.670200,0.493836,0.476200,0.702538,0.725466,0.635911,-1.000000,31.328064
0.737028,1.090811,-0.147403,-0.293951,-0.293938,0.813682,0.704601,0.738995,0.877067,0.970522,0.930624,0.000000,31.235979
0.416791,1.577848,-0.178628,-0.972872,-0.972862,1.375398,1.559974,1.651272,1.723715,1.880309,1.882492,-1.000000,30.932096
0.775431,0.775431,-0.596472,-0.178628,-0.178640,0.978229,1.589621,1.737750,1.762604,1.993442,2.020084,0.000000,30.876839
-0.385865,0.504607,-0.831104,0.477185,0.477186,0.178095,1.021074,1.131890,1.172456,1.436629,1.484121,0.000000,31.024179
1.108789,3.206473,-0.059937,-0.949837,-0.949843,0.749183,1.690146,1.883934,2.012294,2.281099,2.364407,-1.000000,30.729498
0.150373,1.172929,-0.511272,-0.359601,-0.359596,0.709774,1.777442,2.059146,2.254133,2.469774,2.622556,0.000000,30.618996
-1.156241,0.326119,-1.719532,1.443609,1.443601,-0.640376,0.157136,0.545514,0.761939,0.913141,1.107824,1.000000,31.061012
0.298948,0.837067,-0.179378,-0.830119,-0.830105,0.143487,0.681603,1.269545,1.521664,1.633474,1.888381,-1.000000,30.803173
-0.029542,0.354398,-0.383937,1.225710,1.225705,-0.968699,-0.646786,0.019683,0.225926,0.337858,0.611336,1.000000,31.180729
-0.349240,0.232823,-0.611173,1.476669,1.476656,-1.833519,-1.993589,-1.437711,-1.247082,-1.108258,-0.860488,1.000000,31.641161
-0.861574,0.086152,-0.947725,1.338763,1.338778,-2.228608,-3.029871,-2.617273,-2.464105,-2.330849,-2.163511,1.000000,32.064766
-0.912212,0.199544,-1.054741,0.746703,0.746704,-2.183587,-3.323841,-3.192712,-3.038779,-2.929315,-2.839235,1.000000,32.304195
0.114351,0.400226,-0.200114,-0.285068,-0.285071,-1.029159,-2.632934,-2.824473,-2.627219,-2.540882,-2.514772,0.000000,32.212105
0.113963,0.284909,-0.199427,0.343047,0.343064,-0.660977,-2.564113,-2.991464,-2.800582,-2.784057,-2.782537,0.000000,32.322613
-0.171092,0.028520,-0.427722,-0.085464,-0.085470,-0.171091,-1.996017,-2.708878,-2.617634,-2.631320,-2.620485,0.000000,32.294987
-0.312148,0.368890,-0.454029,0.484750,0.484741,-0.414302,-1.904090,-2.928496,-2.937010,-2.984116,-2.981469,0.000000,32.451534
0.284585,0.569155,-0.739892,-0.283777,-0.283777,-0.096749,-1.223672,-2.358184,-2.542685,-2.582811,-2.595332,0.000000,32.359444
0.516055,0.917431,-0.315370,-0.739892,-0.739883,0.590591,-0.077417,-1.372335,-1.761767,-1.760335,-1.786137,-1.000000,32.120022
0.603804,0.632550,-0.431277,-0.286703,-0.286721,0.695817,0.474425,-0.879804,-1.400219,-1.385844,-1.458682,0.000000,32.027927
1.079985,1.342683,-0.321062,-1.495115,-1.495111,1.751323,1.970241,0.797832,0.131359,0.098082,0.017522,-1.000000,31.549074
-0.495055,0.174729,-1.339543,0.233514,0.233525,0.990092,1.592891,0.774602,-0.040775,-0.116489,-0.202880,0.000000,31.622749
-1.159828,0.339471,-2.687400,2.941171,2.941152,-1.776507,-1.233363,-1.799133,-2.647791,-2.852600,-2.930678,1.000000,32.552822
-0.782992,1.034684,-0.894852,1.159830,1.159838,-2.410513,-2.147642,-2.494398,-3.452173,-3.825495,-3.883289,1.000000,32.930382
-0.139938,0.755668,-0.951584,-0.083887,-0.083880,-1.796818,-1.889173,-2.063628,-3.085646,-3.576830,-3.639336,0.000000,32.902760
-0.415976,1.109257,-0.526905,0.923596,0.923600,-1.697182,-2.512490,-2.645599,-3.599565,-4.232954,-4.364957,1.000000,33.206650
0.387272,0.414929,-0.691563,0.249587,0.249583,-0.940535,-2.503467,-2.642699,-3.438458,-4.224627,-4.421400,0.000000,33.289528
0.304625,0.304625,-0.803104,-0.110653,-0.110650,-0.409863,-2.126842,-2.344693,-3.001944,-3.839387,-4.149366,0.000000,33.252693
0.697934,0.977102,-0.111672,-0.803104,-0.027935,-0.193714,-1.761568,-2.110588,-2.607816,-3.527761,-3.974853,0.000000,33.243404
2.246236,2.303105,-0.398064,-1.814634,-1.814619,1.489958,0.241603,-0.236581,-0.584293,-1.546768,-2.085911,-1.000000,32.640163
-0.056837,0.312589,-0.909349,0.056869,0.056872,1.096726,0.524398,-0.219035,-0.485012,-1.366438,-2.005750,0.000000,32.658726
-0.424214,0.311086,-0.650452,0.483097,0.483081,0.322405,0.404882,-0.624599,-0.848904,-1.572775,-2.316325,0.000000,32.816494
0.256264,0.341694,-0.512528,-0.678739,-0.678732,0.603646,1.103579,0.102429,-0.126915,-0.712049,-1.478847,-1.000000,32.593758
-1.413627,0.282731,-1.865988,0.711845,0.711845,-0.361886,0.357098,-0.461775,-0.739357,-1.167365,-1.977301,1.000000,32.825775
0.056561,0.735288,-1.244352,-0.028267,-0.028274,-0.226242,0.359193,-0.273427,-0.636036,-0.940030,-1.767524,0.000000,32.816494
0.141560,0.509626,-0.792749,-0.113125,-0.113105,-0.039651,0.342484,0.089715,-0.449637,-0.688968,-1.447841,0.000000,32.779377
-1.098589,0.084504,-1.408451,0.509626,0.509616,-0.467608,-0.270424,-0.149928,-0.879284,-1.085465,-1.712056,0.000000,32.946426
-0.365994,0.225220,-0.675678,0.056338,0.056343,-0.298428,-0.413858,-0.122800,-0.843253,-1.060984,-1.574878,0.000000,32.964989
0.283524,0.623765,-0.878937,-0.703829,-0.703844,0.351583,0.136101,0.544955,-0.046770,-0.296022,-0.680689,-1.000000,32.732967
1.070909,1.707670,0.000000,-2.041398,-2.041370,1.973939,2.043399,2.465992,2.041911,1.749554,1.480937,-1.000000,32.064766
2.087063,3.070957,0.000000,-2.923294,-2.923305,3.983298,4.624319,5.106270,5.047004,4.663537,4.481854,-1.000000,31.127415
-0.497983,3.485836,-11.391229,-4.203935,-4.203944,6.448805,8.210395,8.942836,9.354440,8.903465,8.815904,-1.000000,29.818836
5.934911,5.998727,-0.063816,-2.458764,-2.458745,6.464570,9.731956,10.733867,11.514938,11.198394,11.189995,-1.000000,29.085667
-1.079241,0.370025,-3.330250,3.477983,3.477971,1.134756,5.137217,6.315136,7.296177,7.192104,7.218593,1.000000,30.097258
-1.443172,1.082384,-1.773903,2.559352,2.559356,-2.164759,1.882143,3.279213,4.288947,4.366770,4.385837,1.000000,30.867554
1.959581,2.143298,-0.489896,-1.803963,-1.803975,-0.906299,2.939383,4.660140,5.727147,6.120686,6.085311,-1.000000,30.310711
1.520788,1.551831,-0.806958,-1.347211,-1.347214,0.502800,3.327133,5.439691,6.604598,7.339748,7.249858,-1.000000,29.902361
0.318871,1.626275,-0.542092,-2.669150,-2.669134,3.271673,4.834175,7.531877,8.815357,9.809394,9.818180,-1.000000,29.104227
-0.125114,0.000000,-1.845480,1.945147,1.945140,1.013452,1.801695,4.771143,6.137005,7.274701,7.447610,1.000000,29.670345
1.191599,1.661960,-0.407648,-0.250235,-0.250226,0.407646,1.222950,4.308556,5.888986,7.096899,7.443256,0.000000,29.596102
0.255021,1.115709,-0.765069,-1.630599,-1.630613,1.249605,2.209121,5.198176,7.035386,8.309813,8.945423,-1.000000,29.113504
-2.151857,0.122966,-2.151857,3.697794,3.697799,-2.170300,-1.312630,0.838205,2.783587,4.036891,4.902311,1.000000,30.190063
3.254071,3.347935,-0.281596,-1.752229,-1.752235,-0.050055,0.641436,1.894045,4.122351,5.408019,6.448252,-1.000000,29.661062
-1.931327,0.521159,-2.084605,2.065081,2.065085,-1.673816,-1.336598,-0.709168,1.594121,2.882900,4.001951,1.000000,30.273588
-1.213227,0.060664,-1.880506,1.072968,1.072985,-2.062498,-2.471960,-2.082716,0.153154,1.523792,2.646842,1.000000,30.598419
0.703149,1.008872,-0.397423,-0.788602,-0.788616,-0.464687,-1.681439,-1.473551,0.550295,2.027518,3.149875,-1.000000,30.357115
-0.663241,0.542659,-1.085309,1.406295,1.406306,-1.459154,-2.758520,-2.630895,-1.195360,0.348503,1.448091,1.000000,30.784029
-0.602773,0.301383,-1.416519,0.030154,0.030142,-0.753463,-2.239300,-2.290535,-1.577756,0.084390,1.151296,0.000000,30.793308
-0.925932,1.433689,-1.045397,0.904159,0.904151,-1.129022,-2.664269,-2.956981,-2.726991,-1.038222,0.011956,1.000000,31.071726
0.700164,1.765607,-0.030435,-1.881726,-1.881714,0.694064,-0.505326,-1.179095,-1.120241,0.554037,1.694573,-1.000000,30.487045
2.097471,2.806922,-0.555201,-1.308980,-1.308979,1.850709,1.138186,0.082254,0.018508,1.529921,2.758586,-1.000000,30.087976
-0.867942,0.216999,-1.301916,-0.493523,-0.493519,1.791688,1.556104,0.586896,0.534716,1.631741,2.947921,0.000000,29.939486
-1.226235,0.582471,-1.318210,1.115936,1.115924,0.324957,0.637652,-0.265680,-0.378596,0.154513,1.556311,1.000000,30.273588
-1.039755,0.550459,-1.926609,0.245254,0.245250,-0.397551,0.415906,-0.360853,-0.581036,-0.404888,1.035683,0.000000,30.347834
3.355284,3.794290,-0.752584,-2.477070,-2.477053,1.530253,2.627775,2.169951,1.729375,1.791151,3.239254,-1.000000,29.596102
2.855292,3.179750,-0.584040,-3.355281,-3.355290,4.016871,5.577546,5.598095,4.962686,4.972096,6.336794,-1.000000,28.603067
-0.999358,1.353968,-1.160542,0.648929,0.648930,2.546742,4.203737,4.592734,4.092519,4.152159,5.169782,1.000000,28.788681
0.127351,0.509392,-1.114298,1.257253,1.257251,0.503026,2.346386,3.177333,2.808023,2.867877,3.427784,1.000000,29.150627
-1.695983,0.094224,-2.324121,1.368991,1.368996,-1.394474,0.449116,1.620599,1.399178,1.404518,1.671898,1.000000,29.549698
-3.355511,0.090686,-4.776306,3.894479,3.894483,-4.371232,-3.246688,-2.166479,-2.221901,-2.418394,-2.287398,1.000000,30.700506
-0.089603,1.224609,-1.433692,1.209184,1.209166,-3.924720,-4.086012,-3.181991,-3.074962,-3.486252,-3.460764,1.000000,31.071726
1.860326,2.470256,-1.128402,-2.060929,-2.060928,-0.823416,-1.906064,-1.221913,-0.995726,-1.385783,-1.362198,-1.000000,30.431360
-0.570751,0.570739,-2.823680,1.524855,1.524878,-1.183551,-3.178146,-2.683504,-2.282983,-2.635042,-2.648459,1.000000,30.895401
-0.574186,0.453315,-1.662131,-0.600784,-0.600788,0.169231,-2.475073,-2.173877,-1.621343,-1.911160,-1.993562,-1.000000,30.709785
-0.541519,1.022864,-0.962708,0.453315,0.453302,-0.186521,-2.509024,-2.537104,-2.024670,-2.191337,-2.437827,0.000000,30.848993
0.030099,0.662246,-0.963272,-0.060171,-0.060177,-0.282952,-1.727866,-2.317873,-1.888915,-1.909686,-2.322891,0.000000,30.830429
0.606428,2.001210,-0.485143,-0.722459,-0.722442,0.557912,-0.418440,-1.461498,-1.203767,-1.141305,-1.535281,-1.000000,30.607697
0.000000,1.604113,-0.302669,0.181931,0.181931,0.223965,-0.105938,-1.555697,-1.404367,-1.190082,-1.544602,0.000000,30.663382
-3.374419,0.176048,-3.374419,3.147703,3.147693,-2.253521,-2.497065,-4.289906,-4.325119,-4.034039,-4.342725,1.000000,31.628571
-0.174374,0.087181,-1.191514,0.968304,0.968292,-2.510884,-3.045612,-4.719543,-5.015969,-4.786967,-5.015970,1.000000,31.934828
-0.260870,0.115945,-1.188406,0.261552,0.261558,-2.023181,-3.002889,-4.256996,-4.962310,-4.827818,-4.961345,0.000000,32.018356
1.911771,2.029409,-0.705888,-1.449275,-1.449259,0.017639,-1.220594,-2.264712,-3.308830,-3.330596,-3.419615,-1.000000,31.554327
2.121934,2.630009,-1.285117,-1.588238,-1.588245,1.882844,0.424390,-0.278936,-1.622830,-1.736997,-1.711494,-1.000000,31.053167
0.750075,0.930084,-1.320141,-0.388515,-0.388498,1.830160,0.888067,0.408020,-1.144635,-1.371759,-1.257148,0.000000,30.932526
-1.732746,0.881054,-2.408220,2.160207,2.160195,-0.534507,-1.007343,-1.525209,-2.917769,-3.316301,-3.239356,1.000000,31.600729
-0.468384,0.614751,-0.966036,0.323057,0.323053,-1.053859,-1.050935,-1.709601,-2.741510,-3.423887,-3.409446,0.000000,31.702816
0.057148,1.314658,-0.971706,2.429748,2.429746,-2.835095,-2.823666,-3.621989,-4.481283,-5.402690,-5.527298,1.000000,32.473114
-0.620595,1.748939,-1.212979,1.314658,1.314648,-2.973189,-3.404787,-4.466375,-5.150907,-6.310851,-6.539719,1.000000,32.900021
-1.495542,3.249934,-1.754386,-1.918197,-1.918190,-0.247336,-1.317223,-2.275904,-2.874599,-4.240432,-4.588242,-1.000000,32.268936
2.808989,3.193383,-0.266115,-2.732240,-2.732244,2.418692,1.280316,0.583489,-0.036952,-1.322286,-1.812529,-1.000000,31.387270
-2.538514,0.541925,-2.595548,3.666473,3.666493,-0.690260,-2.142054,-2.624086,-3.347132,-4.328592,-5.034240,1.000000,32.538082
0.057195,0.200172,-0.915067,-0.256703,-0.256693,-0.446117,-1.612830,-1.994111,-2.786695,-3.630562,-4.531525,0.000000,32.454559
2.284707,2.431172,-0.146453,-2.373469,-1.585509,0.556601,0.249891,-0.148726,-1.057014,-1.728674,-2.819568,-1.000000,31.939989
0.234255,0.409953,-0.468521,0.029300,0.029308,0.327080,0.538780,-0.111047,-0.892015,-1.457035,-2.680952,0.000000,31.949350
-0.029478,0.353666,-1.738874,-0.644223,-0.644223,1.202059,1.235657,0.496457,-0.108499,-0.686652,-1.824438,-1.000000,31.743525
0.416045,0.624068,-0.772669,-0.825223,-0.825214,1.372950,2.007742,1.218996,0.826096,0.191790,-0.702757,-1.000000,31.481573
0.118381,0.532702,-0.532702,0.416045,0.416040,0.420239,1.312885,0.811908,0.567289,-0.073863,-0.816403,0.000000,31.612549
0.533480,1.392996,-0.266746,-0.147970,-0.147979,0.331955,1.040340,1.069571,0.859266,0.159175,-0.414377,0.000000,31.565769
0.658886,0.928428,-0.119799,-1.037353,-1.037345,0.928426,1.769544,2.194262,1.854029,1.276740,0.809686,-1.000000,31.238323
0.210400,1.232341,-0.390745,-0.359386,-0.359379,0.895698,2.052681,2.461185,2.091473,1.677626,1.218855,0.000000,31.126059
0.392042,0.753920,-0.934867,-0.330628,-0.330627,0.934855,1.902890,2.655017,2.269736,2.039763,1.549402,0.000000,31.023148
1.003961,1.794950,0.000000,-0.874551,-0.874563,1.265599,2.248258,3.187565,3.041561,2.958786,2.480088,-1.000000,30.751831
-0.690480,0.360249,-1.140802,1.338613,1.338613,-0.330229,0.648456,1.453038,1.698153,1.662962,1.155071,1.000000,31.163479
1.548467,2.105915,-1.052958,-3.062143,-3.062136,2.136880,3.251775,4.203255,4.790942,4.686420,4.295189,-1.000000,30.209211
1.243014,1.274083,-0.310746,-0.340666,-0.340661,1.808571,3.060902,4.275793,4.900952,4.801322,4.569466,0.000000,30.106300
0.287265,1.149062,-1.085222,-2.641392,-2.641404,3.402494,5.116507,6.370897,7.338991,7.275196,7.233720,-1.000000,29.311071
-1.845480,0.563037,-2.345949,2.042767,2.042774,0.769473,2.442916,3.674279,4.761691,4.907748,5.009255,1.000000,29.909830
-1.551561,1.125656,-2.007910,2.815139,2.815131,-2.257369,-0.626703,0.578043,1.543984,1.996124,2.143635,1.000000,30.751831
0.396453,0.640436,-0.365974,-0.243377,-0.243368,-1.713944,-0.567252,0.546908,1.532243,2.211636,2.289428,0.000000,30.676991
0.427220,0.427220,-0.732380,-0.060997,-0.061007,-1.293863,-0.659134,0.372298,1.475332,2.151067,2.213076,0.000000,30.658276
-1.844137,0.327189,-2.439024,2.593833,2.593822,-2.427113,-3.033893,-2.171309,-1.262623,-0.463267,-0.430981,1.000000,31.453497
2.340413,2.826748,-0.334350,-2.141574,-2.141565,0.273552,-0.902737,-0.210740,0.626139,1.494985,1.664151,-1.000000,30.779900
1.636304,1.883300,-0.092615,-1.550161,-1.550151,1.556032,0.373571,1.082638,1.940413,2.750243,3.182369,-1.000000,30.302765
-0.945113,0.274390,-1.189021,1.265823,1.265815,0.292684,-0.725605,-0.300807,0.460373,1.259579,1.865855,1.000000,30.686342
0.244954,0.673610,-0.642985,-0.426826,-0.426819,0.655228,-0.153099,0.002037,0.696567,1.584722,2.188460,0.000000,30.555367
-0.553338,0.645567,-0.737774,-0.398043,-0.398045,0.387335,0.614815,0.272568,0.926837,1.714111,2.457843,0.000000,30.433743
0.402592,1.114899,-0.526485,-0.737774,-0.737773,0.755646,1.461744,0.898103,1.444712,2.172802,2.969565,-1.000000,30.209211
0.216313,1.112485,-0.370825,0.216785,0.216778,0.519160,1.084671,0.484137,1.012052,1.731768,2.457777,0.000000,30.274698
0.155958,0.530253,-0.280730,-0.927070,-0.927058,0.998120,1.802856,1.376573,1.749832,2.422945,3.163691,-1.000000,29.994034
-0.590429,0.093222,-1.056557,0.374295,0.374294,0.323179,1.239892,0.998541,1.201048,1.823485,2.637167,0.000000,30.106300
1.115936,1.735902,-0.278983,0.248595,0.248583,-0.092981,0.567278,0.940287,0.810612,1.398647,2.122351,0.000000,30.181139
-0.460411,0.276231,-1.810933,0.991953,0.991954,-0.896256,-0.518724,0.073661,-0.224067,0.254141,0.903414,1.000000,30.480522
0.711410,1.051642,-0.092802,-0.767342,-0.767349,-0.148463,0.231988,0.736162,0.395921,0.854938,1.497066,-1.000000,30.246630
0.812754,1.437952,-0.125036,-1.051661,-1.051651,0.869021,1.044079,1.640096,1.416068,1.751798,2.350735,-1.000000,29.928541
-0.893410,0.000000,-1.386325,1.469206,1.469203,-0.418974,-0.480584,0.104750,-0.009237,0.178688,0.717813,1.000000,30.368252
0.307500,0.307500,-0.492002,0.184846,0.184854,-0.442810,-0.667285,-0.305457,-0.010768,-0.084876,0.416149,0.000000,30.424389
0.061428,0.552829,-0.092144,0.123004,0.123000,-0.577400,-0.706391,-0.497546,-0.043002,-0.245704,0.166868,0.000000,30.461811
-0.367869,0.306567,-0.367869,0.184269,0.184280,-0.582471,-0.809326,-0.633565,-0.265183,-0.513803,-0.131829,0.000000,30.517946
0.555213,0.709451,-0.154223,-0.613124,-0.613128,0.296115,-0.086367,-0.098704,0.293028,0.115977,0.384536,-1.000000,30.330832
-0.791965,0.243673,-0.913807,1.264664,1.264664,-0.731046,-1.136168,-1.311819,-0.950363,-1.055145,-0.913811,1.000000,30.714415
-0.030528,0.427478,-0.305337,-0.243686,-0.243693,-0.348086,-0.745035,-1.025951,-0.841219,-0.639999,-0.713485,0.000000,30.639566
0.588606,0.929377,-0.030976,-1.435118,-1.435112,0.929371,0.607187,0.413053,0.506505,0.845104,0.671209,-1.000000,30.199854
