-0.764569,0.086551,-1.139644,0.711896,0.711907,0.444307,0.790530,0.939413,1.142930,0.914030,0.184957,1.000000,53.482063
1.109168,1.152950,-0.262698,-1.154072,-1.154079,1.246354,1.730885,1.926446,2.203990,2.092080,1.515458,-1.000000,52.864838
0.960251,1.285265,-0.088647,-1.211318,-1.211327,1.787567,2.507024,2.837449,3.278227,3.271347,2.822293,-1.000000,52.224472
-0.250228,0.161909,-0.529879,0.369331,0.369348,0.765371,1.831017,2.293187,2.667043,2.834903,2.478301,0.000000,52.417362
-0.044279,0.413283,-0.546130,-0.279661,-0.279690,0.729169,1.787472,2.400018,2.731059,3.007144,2.755388,0.000000,52.270756
-0.555145,0.204527,-0.803499,1.033206,1.033251,-0.555169,0.582886,1.195987,1.527963,1.831721,1.738000,1.000000,52.810844
-0.073018,0.686323,-0.292062,0.043836,0.043824,-0.610409,0.347531,0.990054,1.336869,1.688852,1.691342,0.000000,52.833988
1.156833,1.156833,-0.014646,-0.277456,-0.277477,-0.158138,0.367559,1.018215,1.410901,1.865028,1.943643,0.000000,52.687386
-0.827646,0.029034,-0.943810,0.849322,0.849323,-0.728905,-0.662113,0.060989,0.501672,0.878757,1.083737,1.000000,53.134872
0.147665,0.487304,-0.147664,-1.669816,-1.669798,0.948017,0.860888,1.537693,2.071016,2.410832,2.701956,-1.000000,52.247627
0.645829,1.071487,-0.322902,0.605428,0.605423,0.246591,0.079262,0.785753,1.315133,1.653198,1.966127,1.000000,52.563946
-0.146689,0.234713,-0.176023,0.058713,0.058704,0.096823,-0.030797,0.568195,1.111200,1.457539,1.808888,0.000000,52.594803
1.201065,1.334511,-0.133458,-1.070846,-1.070847,0.928235,1.014239,1.397789,1.950626,2.336894,2.778796,-1.000000,52.031593
0.496841,0.617290,-0.271003,-1.512461,-1.512452,1.740439,2.336645,2.581552,3.249021,3.715144,4.123252,-1.000000,51.244640
-0.256177,0.286320,-0.964436,-0.090330,-0.090349,1.422553,2.219726,2.426174,3.069634,3.614841,3.995171,0.000000,51.198341
-0.639374,0.822044,-1.019950,-1.009643,-1.009630,1.714107,2.842136,3.102450,3.825543,4.405540,4.809868,-1.000000,50.681427
0.533778,0.579529,-0.366018,-0.182679,-0.182668,1.107204,2.586539,2.991197,3.693754,4.317819,4.751655,0.000000,50.588848
-0.060534,0.166465,-0.802057,0.777798,0.777782,-0.084743,1.460355,2.033903,2.592317,3.222160,3.688462,1.000000,50.982319
-0.389341,0.329441,-0.464208,1.059317,1.059312,-1.024250,0.083869,0.848571,1.265363,1.949101,2.459332,1.000000,51.522381
0.331977,0.573419,-0.362152,-0.763705,-0.763697,-0.289718,0.635285,1.475790,1.851525,2.509741,3.081342,-1.000000,51.128906
0.467569,0.799395,-0.045258,0.045278,0.045266,-0.150823,0.313733,1.213686,1.577688,2.266074,2.845663,0.000000,51.152050
0.030282,0.484407,-0.363303,-0.361998,-0.361989,0.360279,0.358770,1.337175,1.760530,2.411756,3.013432,0.000000,50.966885
-0.379133,0.060663,-0.803758,-0.181647,-0.181669,0.500467,0.313941,1.284017,1.813036,2.348220,2.951194,0.000000,50.874294
0.045623,0.045623,-0.805837,-0.257818,-0.257806,0.453100,0.474393,1.231581,1.911224,2.346987,3.004430,0.000000,50.743137
-0.285547,0.120231,-0.525998,1.170753,1.170763,-0.628203,-0.661260,-0.058112,0.640970,1.024950,1.640119,1.000000,51.337219
-0.328115,0.223705,-0.865029,0.766459,0.766465,-1.160343,-1.214031,-0.925688,-0.228941,0.121097,0.741729,1.000000,51.730701
-0.662833,0.309322,-0.839592,1.252790,1.252780,-1.844160,-2.094563,-2.179010,-1.506842,-1.154800,-0.598017,1.000000,52.378773
-0.286867,0.071710,-1.090077,2.695540,2.695535,-3.336198,-4.142281,-4.528584,-3.989521,-3.632807,-3.223358,1.000000,53.790661
0.200572,0.329507,-0.415474,0.114748,0.114773,-2.292280,-3.819506,-4.315206,-4.032969,-3.636693,-3.350541,0.000000,53.852398
0.346417,0.808310,-0.057738,-0.744991,-0.745020,-0.767884,-2.663096,-3.316000,-3.200044,-2.825041,-2.603428,-1.000000,53.451187
-0.171433,0.057144,-0.399999,1.039262,1.039281,-0.945720,-3.135722,-3.900007,-4.062148,-3.736003,-3.572860,1.000000,54.006695
0.525722,0.525722,-0.326790,0.542853,0.542849,-0.772944,-3.044900,-3.963248,-4.423130,-4.147766,-4.005394,0.000000,54.299870
0.155456,0.706614,-0.113061,0.539933,0.539924,-1.011866,-2.884395,-4.038062,-4.701806,-4.522889,-4.376289,0.000000,54.593048
-0.197767,0.197767,-0.353157,0.042395,0.042401,-0.774123,-2.216414,-3.701090,-4.433537,-4.454866,-4.282618,0.000000,54.616196
0.337835,0.858673,-0.098536,0.353157,0.353166,-0.627823,-1.927091,-3.592353,-4.440465,-4.604175,-4.465096,0.000000,54.809082
-0.028082,0.112347,-0.617894,0.239299,0.239291,-0.525205,-1.577024,-3.362823,-4.280999,-4.658894,-4.563962,0.000000,54.940235
0.392981,0.392981,-0.350877,0.056173,0.056165,-0.336834,-1.160693,-2.931455,-3.936133,-4.539500,-4.487944,0.000000,54.971092
-0.600978,0.069874,-0.614957,0.421057,0.421052,-0.533885,-1.319348,-2.815739,-3.956667,-4.709985,-4.736538,0.000000,55.202549
0.182591,0.421353,-0.575837,-0.489177,-0.489164,0.070227,-0.637638,-1.829584,-3.174155,-3.973030,-4.159171,0.000000,54.932518
0.311925,0.340278,-0.212678,-0.941008,-0.940998,0.876211,0.483473,-0.519882,-1.952371,-2.824339,-3.115940,-1.000000,54.415604
0.771430,0.771430,-0.171433,-0.751452,-0.751455,1.294278,1.244279,0.514279,-0.945722,-1.842292,-2.293339,-1.000000,54.006695
-0.522087,0.197543,-0.790186,1.242861,1.242872,-0.056458,0.070533,-0.439321,-1.822371,-2.748151,-3.365806,1.000000,54.677929
0.148786,0.699302,-0.297570,-5.164391,-5.164402,4.094632,4.991816,4.733421,3.618507,2.615083,1.885133,-1.000000,51.854141
0.059927,0.599254,-0.029958,-0.684420,-0.684412,3.478649,5.110102,5.150549,4.405981,3.320436,2.603732,-1.000000,51.499245
-0.074664,0.164279,-0.522697,0.314605,0.314608,2.087810,4.171135,4.589793,4.109904,3.037620,2.311814,0.000000,51.661266
0.104493,0.298558,-0.358259,0.044801,0.044784,1.143468,3.494559,4.243426,4.058821,3.032696,2.330701,0.000000,51.684402
0.659070,0.778905,-0.224687,-0.343329,-0.343330,0.260640,3.178554,4.241064,4.332686,3.429598,2.742660,0.000000,51.506954
-0.059390,0.000000,-0.564296,0.868775,0.868797,-0.564307,1.664679,3.004642,3.257339,2.621906,1.920093,1.000000,51.954445
0.118224,0.369440,-0.251216,0.490053,0.490052,-0.777309,0.647252,2.194954,2.596410,2.233768,1.466908,0.000000,52.209049
-0.504757,0.059384,-0.623514,-0.458101,-0.458108,-0.201905,0.639842,2.301061,2.926060,2.752959,1.987815,0.000000,51.969875
-0.132934,0.324965,-0.369276,0.504745,0.504735,-0.493342,-0.205306,1.441662,2.239297,2.275338,1.544564,0.000000,52.232185
0.914681,1.124606,-0.059979,-1.491869,-0.164653,-0.084063,-0.526229,1.247812,2.201411,2.426174,1.787420,0.000000,52.146183
-0.135630,0.075351,-0.663055,-0.494828,-0.494842,0.387265,-0.024991,1.325480,2.449013,2.788879,2.358742,0.000000,51.888142
0.194840,0.194840,-0.269784,0.542495,0.542502,-0.169508,-0.435928,0.425690,1.661743,2.105234,1.897585,0.000000,52.169636
0.572728,0.753580,-0.060286,-0.554561,-0.554564,0.352680,0.161520,0.659934,1.946405,2.553516,2.500718,-1.000000,51.880322
0.120329,0.496382,-0.075215,0.195938,0.195932,0.060173,0.022901,0.203425,1.462504,2.197172,2.316392,0.000000,51.981972
0.362590,0.543890,-0.135978,-0.436223,-0.436222,0.347487,0.509103,0.265971,1.596363,2.448264,2.724514,0.000000,51.755215
0.000000,0.347174,-0.226418,0.090645,0.090644,0.223401,0.388677,0.168474,1.176143,2.139978,2.503528,0.000000,51.802128
-0.611216,0.074530,-0.670848,1.252833,1.252840,-0.909367,-0.807318,-0.949962,-0.312291,0.711050,1.146159,1.000000,52.451126
0.343854,0.508303,-0.104648,-0.283248,-0.283241,-0.466444,-0.461958,-0.586873,-0.231135,0.805421,1.360257,0.000000,52.302563
-0.341455,0.578977,-0.371140,0.702649,0.702650,-0.899652,-1.073345,-1.155766,-1.054156,-0.070353,0.568427,1.000000,52.670067
0.101654,0.363055,-0.203311,2.226841,2.226840,-2.282897,-2.913164,-3.019686,-3.287064,-2.330962,-1.650575,1.000000,53.842945
0.220525,0.455756,-0.058797,-1.219872,-1.219885,-0.555705,-1.470145,-1.667642,-1.967488,-1.276449,-0.524185,-1.000000,53.186123
0.208487,0.491439,-0.223383,-1.279028,-1.279025,0.753540,-0.129561,-0.355966,-0.601526,-0.182258,0.630646,-1.000000,52.505859
0.207930,0.341595,-0.490126,0.268057,0.268054,0.614886,-0.251000,-0.536657,-0.773674,-0.583514,0.224704,0.000000,52.646603
-0.577959,0.355658,-0.652048,0.222785,0.222787,0.426791,-0.324542,-0.690576,-0.891952,-0.898725,-0.135577,0.000000,52.763893
-0.252522,0.193103,-0.341658,-0.237112,-0.237100,0.207952,0.080206,-0.392165,-0.548899,-0.818151,-0.045928,0.000000,52.638790
0.266667,0.266667,-0.518516,0.267380,0.267383,-0.213341,-0.001490,-0.545196,-0.735941,-1.012506,-0.465502,0.000000,52.779537
-0.651470,0.236891,-0.681076,0.059261,0.059267,-0.156956,0.007388,-0.523164,-0.737763,-0.971797,-0.658377,0.000000,52.810818
-0.074035,0.148079,-0.207315,-0.014809,-0.014830,-0.082914,0.116994,-0.391918,-0.644152,-0.870620,-0.745443,0.000000,52.802986
-0.994297,0.000000,-0.994297,1.273508,1.273502,-1.073241,-0.991360,-1.458291,-1.777295,-1.983189,-2.026673,1.000000,53.475433
0.278310,0.703095,-0.058582,-0.175467,-0.175471,-0.621046,-0.903748,-1.081960,-1.488923,-1.670424,-1.935403,0.000000,53.381599
-0.364485,0.204122,-0.364485,0.468726,0.468735,-0.766870,-1.282976,-1.316022,-1.785965,-2.004076,-2.282434,0.000000,53.631817
1.357268,1.371865,-0.116747,-0.102054,-0.102053,-0.379454,-0.982189,-1.075104,-1.554284,-1.801830,-2.053335,0.000000,53.577084
0.350926,0.541019,-0.131592,-0.189723,-0.189729,0.061412,-0.638974,-0.740840,-1.218005,-1.502549,-1.754064,0.000000,53.475433
-1.132943,0.172085,-1.878682,1.959357,1.959345,-1.477122,-2.225715,-2.421708,-2.883250,-3.227290,-3.468496,1.000000,54.523201
0.243306,0.300557,-0.300557,0.200774,0.200806,-1.216566,-2.056695,-2.520889,-2.814528,-3.239174,-3.471237,0.000000,54.632687
0.767003,1.114334,-0.101301,-1.102054,-1.102055,0.031828,-0.733730,-1.330447,-1.525333,-2.002323,-2.267497,-1.000000,54.030605
0.057905,0.159236,-0.376378,-0.028938,-0.028954,0.222932,-0.482052,-1.115613,-1.352053,-1.837288,-2.127746,0.000000,54.014961
0.072711,0.349037,-0.087267,-0.463231,-0.463201,0.796954,0.159947,-0.516799,-0.757007,-1.240282,-1.561011,0.000000,53.764763
-0.072880,0.335221,-0.072880,-0.218152,-0.218176,0.690870,0.411017,-0.189477,-0.448914,-0.900160,-1.257834,0.000000,53.647461
-0.579042,0.043426,-0.607988,0.685033,0.685028,-0.222921,-0.154890,-0.698704,-1.110304,-1.407061,-1.814318,1.000000,54.014961
-0.288773,0.028872,-0.577535,0.260567,0.260600,-0.436057,-0.317669,-0.787399,-1.277821,-1.489487,-1.929953,0.000000,54.155724
0.145242,0.479306,-0.130713,-0.591978,-0.591995,0.090056,0.323891,-0.069723,-0.566454,-0.800005,-1.242804,-1.000000,53.835125
0.058490,0.541019,-0.321686,-0.668118,-0.668136,0.655082,0.998700,0.686271,0.179863,-0.045024,-0.479103,-1.000000,53.475433
-0.422865,0.000000,-0.904058,0.277823,0.277825,0.367462,0.551192,0.425784,-0.017492,-0.250797,-0.652761,0.000000,53.624001
-0.131566,0.160785,-0.233890,-0.247883,-0.247887,0.421000,0.587643,0.688990,0.310633,-0.029229,-0.297708,0.000000,53.491074
-0.146324,0.204868,-0.278013,-0.102336,-0.102324,0.254611,0.579464,0.767736,0.474837,0.091899,-0.093643,0.000000,53.436340
-0.369658,0.487952,-0.369658,-1.038922,-1.038933,0.946333,1.420985,1.737904,1.536314,1.171094,0.982322,-1.000000,52.881172
0.898202,1.077835,-0.014973,-1.227257,-1.227248,1.724542,2.387721,2.843312,2.743259,2.396404,2.232532,-1.000000,52.232189
0.376847,0.467299,-0.512505,-0.688633,-0.688618,1.754586,2.755494,3.215752,3.301167,3.037677,2.890154,-1.000000,51.872509
-0.637793,0.029671,-0.815774,1.627980,1.627966,-0.169089,0.863248,1.320088,1.583361,1.393061,1.170773,1.000000,52.716976
-0.280529,0.029525,-0.546290,0.459812,0.459816,-0.806151,0.175687,0.721485,1.054916,0.942557,0.693431,0.000000,52.959377
-0.293251,0.000000,-0.483862,0.693923,0.693907,-1.322565,-0.609960,-0.058634,0.335060,0.285644,0.050846,1.000000,53.326866
-0.233890,0.394673,-0.248510,0.307928,0.307927,-1.154798,-0.912145,-0.399547,0.028511,0.029240,-0.203668,0.000000,53.491074
0.450065,0.653317,-0.188730,0.687024,0.687023,-1.091743,-1.544704,-1.053024,-0.715720,-0.624840,-0.816864,1.000000,53.858570
-1.234036,0.028694,-1.262741,1.175965,1.175993,-1.589918,-2.505400,-2.144754,-1.882639,-1.698396,-1.856334,1.000000,54.491943
-0.071423,0.414228,-0.185695,0.459176,0.459161,-1.388379,-2.712474,-2.520597,-2.266107,-2.066565,-2.185406,0.000000,54.742149
-0.695131,0.212798,-0.808625,0.685611,0.685616,-1.410131,-2.969218,-3.029276,-2.831609,-2.621651,-2.711972,1.000000,55.117470
-0.631762,0.168461,-0.673878,1.049801,1.049796,-1.642568,-3.355332,-3.770889,-3.667700,-3.473820,-3.549539,1.000000,55.696091
0.211180,0.281577,-0.168936,-0.280786,-0.280774,-0.760246,-2.422930,-3.269991,-3.226112,-3.128827,-3.154077,0.000000,55.539711
0.307094,0.307094,-0.181459,0.858792,0.858778,-1.060854,-2.664709,-3.793037,-3.871438,-3.854826,-3.821885,1.000000,56.016674
0.248792,0.331718,-0.331717,0.991065,0.991057,-1.384922,-2.981330,-4.367646,-4.601234,-4.618647,-4.592478,1.000000,56.571831
-0.013848,0.221704,-0.180126,-0.248791,-0.248774,-0.673413,-2.189279,-3.709763,-4.133302,-4.209509,-4.185954,0.000000,56.431095
0.261233,0.343737,-0.302490,0.775953,0.775930,-1.025703,-2.348401,-3.907594,-4.573070,-4.728713,-4.724770,1.000000,56.868961
0.920327,0.947795,-0.151100,0.096246,0.096251,-0.634615,-1.903839,-3.408420,-4.374996,-4.590105,-4.675818,0.000000,56.923698
0.158228,0.345232,-0.460299,-4.505503,-4.505493,3.443612,2.699945,1.350214,0.216487,-0.063288,-0.195143,-1.000000,54.359005
-0.256924,0.000000,-0.742217,0.776756,0.776764,1.992571,1.915495,0.790744,-0.433206,-0.787902,-0.918741,1.000000,54.781246
0.157076,0.157076,-0.328425,-0.042819,-0.042839,1.425112,1.893486,1.008152,-0.219179,-0.677983,-0.831058,0.000000,54.757778
-0.057316,0.143284,-0.573151,-0.342707,-0.342689,0.931356,2.037532,1.487311,0.338150,-0.256206,-0.440854,0.000000,54.570129
0.729408,0.872427,-0.214532,0.186269,0.186254,-0.080083,1.689081,1.397800,0.407619,-0.364978,-0.563490,0.000000,54.671768
0.913305,0.985794,-0.029000,-1.344386,-1.344381,1.124961,2.689181,2.710929,1.888951,1.025802,0.786700,-1.000000,53.936771
-0.450392,0.014520,-0.682843,-0.217456,-0.217451,0.987934,2.401563,2.820470,2.190899,1.274439,0.985514,0.000000,53.819485
-0.057872,0.130203,-0.289359,0.421329,0.421321,0.300928,1.530671,2.256945,1.828705,0.935766,0.574846,0.000000,54.046238
-0.362319,0.014496,-0.463768,-0.173615,-0.173611,0.246376,1.166666,2.219324,2.048552,1.238842,0.779227,0.000000,53.952408
-0.717851,0.014643,-1.010844,-1.072461,0.234944,-0.207755,0.403544,1.799678,1.829752,1.164761,0.571063,0.000000,54.079166
-0.463432,0.217225,-0.593778,1.157341,1.157364,-1.068617,-0.681937,0.475124,0.684174,0.152680,-0.505622,1.000000,54.705059
-0.255647,0.042605,-0.468686,1.969589,1.969555,-2.275677,-2.420785,-1.559899,-1.167302,-1.579343,-2.287171,1.000000,55.782505
1.318775,1.318775,-0.127619,0.156218,0.156246,-1.775387,-2.373996,-1.780461,-1.254167,-1.550830,-2.261304,0.000000,55.869663
0.085126,0.283734,-0.127672,-0.042540,-0.042544,-1.055470,-2.104001,-1.860787,-1.198727,-1.340263,-2.004009,0.000000,55.845894
0.905744,1.061421,-0.212287,0.241177,0.241160,-0.614201,-2.105723,-2.209206,-1.397047,-1.425994,-1.995156,0.000000,55.980572
0.126666,0.182966,-0.281499,0.551937,0.551959,-0.596776,-2.225114,-2.517363,-1.914068,-1.839355,-2.321573,1.000000,56.289562
-0.210087,0.084029,-0.336132,0.492609,0.492594,-0.806717,-2.218703,-2.784762,-2.395306,-2.191489,-2.587794,0.000000,56.566841
0.253986,0.479746,-0.056443,-0.742295,-0.742292,0.033864,-1.113307,-1.892800,-1.690680,-1.386693,-1.691881,-1.000000,56.146950
0.841529,0.898584,-0.413637,-1.072389,-1.072372,1.009829,0.245315,-0.712333,-0.744204,-0.328621,-0.502975,-1.000000,55.544846
0.414761,0.486276,-0.343247,-0.271007,-0.271031,1.072670,0.755163,-0.355544,-0.612505,-0.068246,-0.140162,0.000000,55.394302
0.228762,0.714898,0.000000,0.028610,0.028613,0.726340,0.853592,-0.206778,-0.546083,-0.140615,-0.113489,0.000000,55.410152
0.043176,0.546917,-0.129539,-0.657705,-0.657708,0.840534,1.387455,0.602426,0.136387,0.409618,0.566204,-1.000000,55.045715
-0.346018,0.028829,-0.504612,-0.172714,-0.172704,0.579582,1.395615,0.886195,0.327175,0.475564,0.730067,0.000000,54.950649
-0.465387,0.101803,-0.494479,-0.865050,-0.865054,1.064568,2.028796,1.830522,1.193929,1.176555,1.534340,-1.000000,54.475296
-0.378737,0.000000,-0.524401,-0.159977,-0.159975,0.856516,1.899490,2.031560,1.330000,1.152194,1.626453,0.000000,54.388149
0.056731,0.184367,-0.241109,2.709395,2.709412,-1.642334,-0.865142,-0.521929,-1.170726,-1.408535,-1.063635,1.000000,55.861748
-0.183482,0.352858,-0.211716,0.482195,0.482189,-1.727593,-1.418493,-0.957895,-1.439070,-1.785457,-1.564578,0.000000,56.131107
0.028090,0.280934,-0.266894,0.479893,0.479896,-1.682827,-1.844371,-1.368181,-1.701094,-2.138031,-2.036519,0.000000,56.400478
0.365571,0.463996,-0.210914,-0.098327,-0.098315,-0.922399,-1.605759,-1.212059,-1.392037,-1.915722,-1.971107,0.000000,56.345028
0.933924,0.976373,-0.297154,-0.632740,-0.632782,0.280205,-0.873048,-0.582024,-0.593581,-1.197039,-1.402527,-1.000000,55.988487
0.228403,0.542465,-0.185589,-0.877310,-0.877302,1.036412,0.019995,0.202720,0.357609,-0.210091,-0.461505,-1.000000,55.497299
-0.240008,0.254130,-0.268252,1.113489,1.113499,-0.081886,-0.890864,-0.954398,-0.717917,-1.145368,-1.478417,1.000000,56.115261
-0.155455,0.084791,-0.325047,-0.098828,-0.098829,-0.104580,-0.594967,-0.866780,-0.602742,-0.903901,-1.303534,0.000000,56.059803
-0.986110,0.000000,-1.472219,1.752400,1.752420,-1.580575,-1.856957,-2.399090,-2.209738,-2.393905,-2.858864,1.000000,57.042206
-0.907710,0.055014,-1.017739,0.986110,0.986098,-1.980471,-2.256911,-3.096321,-3.023658,-3.102190,-3.637701,1.000000,57.604698
-0.219605,0.301950,-0.219605,0.206302,0.206301,-1.410925,-2.135605,-3.028643,-3.099099,-3.092512,-3.617416,0.000000,57.723537
0.230913,0.407491,-0.040759,1.043099,1.043077,-1.670726,-2.769613,-3.654789,-3.948642,-3.918487,-4.354854,1.000000,58.325638
-0.081078,0.000000,-0.270266,0.516160,0.516164,-1.299987,-2.889177,-3.731518,-4.230393,-4.223771,-4.585574,0.000000,58.626694
-0.792473,0.026869,-0.792473,0.608104,0.608102,-1.238403,-3.028864,-3.803876,-4.517780,-4.589909,-4.877977,1.000000,58.983204
0.454429,0.481155,-0.320767,0.496982,0.496989,-1.162792,-2.953751,-3.729833,-4.662517,-4.839341,-5.056128,0.000000,59.276344
0.348575,0.536268,-0.107245,-0.307410,-0.307401,-0.394162,-2.045849,-3.068326,-4.056841,-4.356077,-4.515795,0.000000,59.094128
-0.199710,0.093195,-0.465982,0.697151,0.697132,-0.686988,-2.154162,-3.361279,-4.346277,-4.820649,-4.968254,1.000000,59.506092
0.672133,0.739351,-0.120979,-0.958597,-0.958571,0.379068,-0.719193,-2.139186,-3.082411,-3.710184,-3.875081,-1.000000,58.935684
0.537204,0.564059,-0.040289,0.094099,0.094106,0.287387,-0.482156,-1.932151,-2.790774,-3.567031,-3.787730,0.000000,58.991146
0.284205,0.406013,-0.121797,-0.765512,-0.765523,0.809309,0.445250,-0.885104,-1.686293,-2.608204,-2.899809,-1.000000,58.539555
0.053648,0.160947,-0.295067,0.906752,0.906763,-0.104622,-0.229361,-1.372509,-2.298161,-3.235526,-3.615444,1.000000,59.070370
0.336700,0.350171,-0.255895,-0.415770,-0.415785,0.080816,0.272052,-0.653647,-1.661279,-2.574544,-3.085072,0.000000,58.824764
0.066973,0.107168,-0.401881,0.538723,0.538710,-0.385786,-0.178156,-0.838570,-1.956454,-2.813117,-3.435578,0.000000,59.141659
-0.236842,0.000000,-0.618422,1.808437,1.808448,-1.749997,-1.747366,-2.249123,-3.376973,-4.158418,-4.892542,1.000000,60.211205
0.788670,1.056009,-0.026730,-1.565792,-1.565802,0.058827,-0.185790,-0.507051,-1.563281,-2.304490,-3.161774,-1.000000,59.268417
-0.266166,0.239554,-0.572265,0.441119,0.441132,-0.226250,-0.550972,-0.741730,-1.656908,-2.487091,-3.356401,0.000000,59.529869
-0.026638,0.213138,-0.399631,-0.093158,-0.093167,0.085254,-0.463560,-0.520399,-1.282797,-2.171300,-3.018065,0.000000,59.474407
0.411038,0.411038,-0.318215,0.466229,0.466229,-0.175017,-0.788907,-0.856530,-1.431974,-2.400947,-3.200292,0.000000,59.751694
0.377968,1.201403,-0.013502,-1.776712,-1.776718,1.112313,0.954380,0.903535,0.491368,-0.475695,-1.209944,-1.000000,58.690075
0.200617,0.213994,-0.588465,0.931419,0.931425,0.168520,0.140436,-0.032091,-0.298241,-1.174795,-1.848771,1.000000,59.236729
-0.395835,0.118744,-0.580555,1.364189,1.364184,-1.008048,-1.044990,-1.271929,-1.446756,-2.201866,-2.937495,1.000000,60.044827
0.605820,0.605820,-1.185304,0.184720,0.184715,-0.964041,-1.006183,-1.381962,-1.476349,-2.113513,-2.893441,0.000000,60.155739
1.529174,1.569414,-0.134146,-1.817460,-1.817431,0.635791,0.812854,0.457838,0.384285,-0.098209,-0.945693,-1.000000,59.062450
0.797617,0.878737,-0.121676,-0.778004,-0.778021,1.395158,1.328913,1.201386,1.138974,0.791671,-0.040558,-1.000000,58.602932
0.000000,0.242622,-0.363936,0.297419,0.297434,0.938118,0.944854,0.928230,0.796587,0.572567,-0.178836,0.000000,58.777237
-0.981968,0.161425,-1.170292,0.202175,0.202160,0.344374,0.633581,0.704875,0.576413,0.449293,-0.187868,0.000000,58.896061
0.571962,0.598559,-0.691668,1.129949,1.129958,-0.976324,-0.476199,-0.337865,-0.542704,-0.590059,-1.110231,1.000000,59.561562
0.686530,0.741454,-0.041190,-3.125829,-3.125831,1.746530,2.379507,2.711328,2.559378,2.553336,2.175379,-1.000000,57.699768
1.287431,1.525334,-0.055977,-1.881097,-1.881117,2.994701,3.975668,4.256942,4.315718,4.352102,4.109075,-1.000000,56.614368
-0.055860,0.474788,-0.251363,0.209910,0.209924,2.058371,3.316577,3.740632,3.937997,3.954197,3.839780,0.000000,56.733215
-0.389050,0.125048,-0.486311,0.502723,0.502735,0.889250,2.268992,2.928059,3.238142,3.288581,3.279131,0.000000,57.018433
-0.261593,0.206529,-0.316667,0.917043,0.917051,-0.729736,0.885301,1.768769,2.188475,2.213398,2.295181,1.000000,57.541321
-0.573925,0.013668,-0.751576,0.757267,0.757240,-1.380150,-0.060114,0.799864,1.320041,1.379075,1.489031,1.000000,57.977047
-0.163648,0.150007,-0.450023,0.204977,0.204990,-1.071869,-0.351838,0.525473,0.930717,1.110044,1.230504,0.000000,58.095894
-1.184929,0.000000,-1.291442,2.427382,2.427363,-2.484342,-2.590854,-1.826640,-1.441207,-1.221130,-1.155625,1.000000,59.506092
-0.387391,0.253810,-0.427465,-0.332845,0.875912,-2.328573,-3.248208,-2.681031,-2.255565,-2.015066,-1.962077,1.000000,60.027313
-0.289248,0.065742,-0.736258,1.602988,1.603007,-2.738788,-4.540539,-4.125305,-3.673480,-3.419012,-3.427760,1.000000,60.989555
-0.783186,0.000000,-0.861512,0.723117,0.723091,-2.312662,-4.618523,-4.556593,-4.228361,-3.963327,-3.985675,1.000000,61.430565
-0.730863,0.141044,-0.769328,1.801327,1.801323,-2.620839,-5.359171,-5.826018,-5.615410,-5.513877,-5.495593,1.000000,62.537128
0.385856,0.913182,-0.025720,-0.307729,-0.307708,-1.409654,-4.166981,-5.153865,-5.074828,-5.024865,-5.000451,0.000000,62.344696
-0.190818,0.089046,-0.585166,1.106111,1.106088,-1.534145,-4.261004,-5.753801,-5.876167,-5.841500,-5.830118,1.000000,63.034283
0.330624,0.546797,-0.050866,0.038161,0.038186,-0.915577,-3.422640,-5.420087,-5.681942,-5.650099,-5.642271,0.000000,63.058353
-0.820501,1.072960,-1.022465,0.737541,0.737515,-0.982067,-3.256576,-5.501340,-6.021332,-6.103348,-6.103150,1.000000,63.523418
0.152598,0.495931,-0.508648,-0.732141,-0.732116,-0.086479,-1.756115,-4.123126,-4.974947,-5.133752,-5.260143,-1.000000,63.058353
-0.025532,0.306433,-0.472425,-0.406916,-0.406941,0.467323,-0.829917,-3.087170,-4.266258,-4.519061,-4.685494,0.000000,62.801743
-0.563312,0.166428,-0.729740,-0.268129,-0.268115,0.609394,-0.147232,-2.228983,-3.710544,-4.097060,-4.264087,0.000000,62.633362
0.269506,0.577522,-0.282342,-0.243251,-0.243262,0.669925,0.334967,-1.463505,-3.242112,-3.714334,-3.870230,0.000000,62.480999
0.221294,0.676902,-0.182244,-1.411702,-1.411666,1.486568,1.798983,0.339409,-1.540156,-2.170927,-2.393805,-1.000000,61.598976
-0.509622,0.025486,-0.611538,2.173910,2.173869,-0.710905,-0.303208,-1.282527,-3.132631,-3.976839,-4.245509,1.000000,62.938057
-0.076773,0.447797,-0.166332,-0.420428,-0.420412,-0.332657,0.170155,-0.528837,-2.249765,-3.322774,-3.658462,0.000000,62.673458
-0.128633,0.360174,-0.295853,-0.537367,-0.537376,0.110633,0.599443,0.255561,-1.295068,-2.579671,-3.015397,-1.000000,62.336666
0.102791,0.269818,-0.308372,0.115776,0.115763,-0.028252,0.379044,0.291246,-1.019230,-2.509826,-3.007199,0.000000,62.408829
-0.665052,0.076734,-0.741784,0.462547,0.462564,-0.138133,-0.214865,-0.035814,-1.098524,-2.639857,-3.260529,0.000000,62.697510
0.077168,0.630223,-0.102896,-0.562734,-0.562724,0.236645,0.235359,0.509315,-0.198082,-1.721233,-2.513014,-1.000000,62.344696
-0.297278,0.387741,-0.452379,-0.488742,-0.488750,0.524744,0.604881,0.970224,0.496311,-0.896384,-1.858902,0.000000,62.039986
2.197666,2.381899,-0.052640,-1.783643,-1.783648,1.889727,2.152920,2.574029,2.395716,1.160377,0.034832,-1.000000,60.933411
-0.511006,0.235849,-0.576524,0.434270,0.434286,1.053452,1.501562,1.927835,1.969982,0.961961,-0.308591,0.000000,61.198036
0.523974,0.812160,-0.288175,0.026200,0.026168,0.542336,1.412127,1.649663,1.925621,1.147069,-0.143305,0.000000,61.214050
-0.287321,0.548515,-0.417918,0.301289,0.301318,-0.067921,0.856723,1.164067,1.526699,1.058368,-0.183556,0.000000,61.398499
0.591712,0.999336,-0.565417,-0.679113,-0.679127,0.268244,1.268902,1.656806,2.109140,1.846155,0.731178,-1.000000,60.981525
-0.937664,0.132064,-1.069727,-0.433928,-0.433912,0.633904,1.443464,1.889405,2.363301,2.335435,1.373213,0.000000,60.716919
-0.462656,0.793124,-0.555187,-0.092445,-0.092457,0.549899,1.249175,1.783653,2.260409,2.408459,1.638441,0.000000,60.660782
0.290700,0.396410,-0.647460,0.039654,0.039650,0.335632,0.877385,1.642887,1.986000,2.318716,1.746893,0.000000,60.684834
-0.196199,0.313937,-0.706335,1.017438,1.017439,-0.706336,-0.308691,0.441255,0.815574,1.207595,0.896455,1.000000,61.302265
0.575307,0.666834,-0.156906,0.039249,0.039253,-0.632848,-0.464178,0.255400,0.655724,1.101461,0.955802,0.000000,61.326328
0.052098,0.612140,-0.143268,0.392254,0.392254,-0.744986,-0.750194,-0.219674,0.175829,0.611099,0.644701,0.000000,61.566883
-0.320760,0.000000,-0.513217,1.510814,1.510819,-1.634598,-2.019509,-1.695326,-1.313837,-0.922254,-0.772823,1.000000,62.497047
0.486490,0.742544,-0.179234,0.218115,0.218114,-1.226479,-2.006147,-1.916104,-1.446042,-1.194729,-0.924768,0.000000,62.633362
0.076840,0.512296,-0.409836,-0.038406,-0.038412,-0.771001,-1.775101,-1.850238,-1.434425,-1.185450,-0.882854,0.000000,62.609303
0.192878,0.334322,-0.334313,-0.397035,-0.397030,-0.043715,-1.162399,-1.424711,-1.066604,-0.819850,-0.486903,0.000000,62.360725
-0.102857,0.102857,-0.321419,0.012861,0.012859,0.200569,-0.910258,-1.283961,-1.076753,-0.849574,-0.535268,0.000000,62.368744
0.333935,0.770611,-0.115597,0.102857,0.102853,0.077064,-0.728228,-1.253530,-1.176467,-0.954530,-0.670859,0.000000,62.432892
0.244335,0.694446,-0.051442,-0.128434,-0.128427,0.115735,-0.333081,-1.004805,-1.077036,-0.778812,-0.605714,0.000000,62.352711
-0.203333,0.012702,-0.406658,1.195988,1.195975,-0.912436,-1.226324,-1.995164,-2.186421,-1.941281,-1.778279,1.000000,63.098434
-0.491306,0.062992,-0.818839,0.876852,0.876882,-1.368117,-1.719591,-2.567412,-2.910068,-2.732190,-2.587569,1.000000,63.651733
0.852198,0.966667,-0.038167,-0.957412,-0.957411,-0.200984,-0.535508,-1.379654,-1.804271,-1.747161,-1.624292,-1.000000,63.042324
-0.356323,0.572661,-0.356323,-0.050879,-0.050901,0.033094,-0.403409,-1.080851,-1.610461,-1.658946,-1.546195,0.000000,63.010235
-0.529298,0.176434,-0.831753,0.979888,0.979879,-0.536845,-1.213596,-1.732395,-2.375537,-2.554744,-2.395283,1.000000,63.627659
-0.187315,0.049951,-0.811691,0.919980,0.919991,-1.096401,-1.864387,-2.326009,-3.046331,-3.326676,-3.218867,1.000000,64.213028
0.012498,0.162445,-0.224917,-0.062441,-0.062448,-0.872164,-1.520671,-1.969253,-2.737091,-3.133318,-3.080504,0.000000,64.172928
-0.681034,0.099052,-0.681034,0.912162,0.912181,-1.238252,-2.041864,-2.526841,-3.304248,-3.772673,-3.831944,1.000000,64.758301
-0.321944,0.148582,-0.321944,0.000000,0.000000,-0.698378,-1.682774,-2.294052,-2.987878,-3.552762,-3.711008,0.000000,64.758301
0.199422,0.548417,-0.024933,-0.656264,-0.656291,0.177005,-0.725400,-1.472421,-2.063431,-2.721663,-2.990142,-1.000000,64.333298
-0.074476,0.099306,-0.260675,0.411311,0.411324,-0.114194,-0.899942,-1.670798,-2.209527,-2.922040,-3.271262,0.000000,64.597916
-0.247225,0.123607,-0.531522,0.422051,0.422051,-0.318910,-1.128552,-1.826121,-2.347341,-3.090234,-3.532344,0.000000,64.870552
0.024815,0.260609,-0.322663,-0.395550,-0.395555,0.032270,-0.492674,-1.204593,-1.723746,-2.464130,-2.959372,0.000000,64.613953
0.173190,0.346372,-0.222652,0.322653,0.322655,-0.269664,-0.533143,-1.276584,-1.860454,-2.521018,-3.085096,0.000000,64.822433
-0.550320,0.146756,-0.574776,1.150422,1.150429,-1.027273,-1.368471,-2.072476,-2.752840,-3.331781,-3.965999,1.000000,65.568169
0.696983,0.720614,-0.153579,3.522080,3.522093,-3.428249,-4.184303,-4.934842,-5.673375,-6.233209,-6.915155,1.000000,67.877541
0.589484,0.589484,-0.542324,0.200825,0.200801,-2.697470,-3.811591,-4.697781,-5.446818,-6.027814,-6.757044,0.000000,68.013840
-0.492955,0.305167,-0.575115,0.448004,0.448024,-2.046955,-3.719490,-4.607987,-5.433103,-6.051648,-6.802040,0.000000,68.318558
-0.375587,0.176058,-0.410797,0.000000,0.000000,-1.023477,-3.198364,-4.089990,-5.002351,-5.710803,-6.428409,0.000000,68.318558
-0.035128,0.269315,-0.245902,0.234748,0.234739,-0.405151,-2.819675,-3.842312,-4.777519,-5.590166,-6.268152,0.000000,68.478928
-0.092627,0.277872,-0.428393,1.135833,1.135825,-1.125387,-3.238390,-4.436722,-5.402334,-6.266524,-6.937976,1.000000,69.256729
0.334449,0.449774,-0.080729,0.393651,0.393650,-1.077145,-2.947749,-4.297843,-5.350585,-6.221650,-6.909613,0.000000,69.529358
0.173271,0.254131,-0.277230,-0.161457,-0.161444,-0.600675,-2.098885,-3.695666,-4.738367,-5.663860,-6.382122,0.000000,69.417107
0.241656,0.402759,-0.345229,0.381197,0.381200,-0.586891,-1.773311,-3.590345,-4.621414,-5.605992,-6.393948,0.000000,69.681725
-0.149225,0.057386,-0.367309,0.253166,0.253171,-0.443080,-1.407267,-3.306566,-4.416337,-5.414615,-6.285598,0.000000,69.858139
-0.280184,0.572027,-0.326882,-1.675848,-0.603411,0.213116,-0.584205,-2.254998,-3.459933,-4.475291,-5.388934,-1.000000,69.436607
0.349166,0.395722,-0.104744,0.303519,0.303521,-0.056246,-0.650498,-2.093539,-3.359055,-4.420010,-5.326490,0.000000,69.647362
-0.392705,0.000000,-0.438906,0.768161,0.768183,-0.600063,-1.142298,-2.310958,-3.709347,-4.741698,-5.677101,1.000000,70.182381
0.240687,0.389680,-0.217767,0.773848,0.773827,-1.068185,-1.561093,-2.504670,-4.026894,-5.036824,-6.010557,1.000000,70.725471
0.279238,0.360681,-0.325770,-1.489975,-1.489968,0.374639,0.098996,-0.637396,-2.192187,-3.253502,-4.238798,-1.000000,69.671684
0.092799,0.127597,-0.336389,0.302504,0.302507,0.199510,-0.113359,-0.745805,-2.109069,-3.220772,-4.204018,0.000000,69.882446
-0.445893,0.228965,-0.554358,-3.746661,-3.746679,3.391191,3.437989,3.043384,1.879282,0.730205,-0.296123,-1.000000,67.264175
0.000000,0.230969,-0.243136,-0.867680,-0.867651,3.245788,3.932927,3.781499,2.925937,1.727152,0.758403,-1.000000,66.680557
0.636315,0.758682,-0.097898,-0.656456,-0.656445,2.574623,4.100564,4.258369,3.713266,2.488989,1.586861,-1.000000,66.242836
0.122368,0.195786,-0.195794,0.000000,0.000000,1.539388,3.554799,4.033329,3.764190,2.604294,1.718457,0.000000,66.242836
0.219075,0.401648,-0.219086,0.538428,0.538389,0.009755,2.574259,3.210232,3.112575,2.175058,1.293192,0.000000,66.599480
-0.329907,0.048877,-0.549850,-0.389494,-0.389469,0.122196,2.476783,3.293279,3.389588,2.663160,1.798131,0.000000,66.340096
0.072973,0.145944,-0.474336,0.464327,0.464306,-0.350263,1.472889,2.538922,2.786444,2.310775,1.422178,0.000000,66.648117
-0.338171,0.157001,-0.398553,0.705427,0.705439,-0.787442,0.224636,1.566020,1.977012,1.730915,0.828923,1.000000,67.118279
0.487687,0.499882,-0.182875,-0.942036,-0.942049,0.229222,0.698627,2.193789,2.796945,2.753603,1.895741,-1.000000,66.485992
-0.170005,0.109294,-0.461441,0.402342,0.402355,-0.126293,-0.173646,1.516293,2.197496,2.274470,1.595040,0.000000,66.753502
-0.385217,0.060194,-0.469484,0.874319,0.874311,-0.695797,-1.028039,0.407696,1.148937,1.347826,0.836584,1.000000,67.337135
0.193125,0.217261,-0.096561,-0.264839,-0.264830,-0.280028,-0.694024,0.374170,1.249390,1.547863,1.230649,0.000000,67.158806
-0.060351,0.193148,-0.205212,-0.012072,-0.012065,-0.258337,-0.546842,0.031382,1.073149,1.490550,1.358438,0.000000,67.150703
0.108871,0.326605,-0.096773,-0.205212,-0.205247,0.104050,-0.227388,-0.027391,1.068734,1.611777,1.638764,0.000000,67.012878
0.035914,0.466897,-0.059854,1.040282,1.040291,-0.644072,-1.090615,-1.270586,-0.099350,0.474229,0.584063,1.000000,67.710007
0.260665,0.319900,-0.319911,1.041546,1.041545,-1.353077,-1.806866,-2.176133,-1.219182,-0.626607,-0.433209,1.000000,68.415237
-0.153181,0.223866,-0.341700,0.556873,0.556889,-1.423366,-2.038421,-2.512867,-1.866978,-1.213041,-0.961470,1.000000,68.796234
-0.283921,0.047322,-0.425885,-0.400617,-0.400631,-0.626995,-1.439719,-1.899118,-1.633135,-0.883460,-0.553266,0.000000,68.520615
-0.739970,0.000000,-0.855588,2.318702,2.318705,-1.995604,-3.156429,-3.754570,-3.831068,-3.115263,-2.729367,1.000000,70.109406
0.415706,0.588918,-0.161662,0.127182,0.127190,-1.411088,-2.788686,-3.535027,-3.930713,-3.194916,-2.808205,0.000000,70.198578
0.069265,0.427147,-0.173172,0.023100,0.023094,-0.921267,-2.401296,-3.189411,-3.742781,-3.184942,-2.798106,0.000000,70.214790
-0.390800,0.000000,-0.390800,0.438694,0.438697,-0.864370,-2.350577,-3.245977,-3.890801,-3.588502,-3.170402,0.000000,70.522820
0.825484,0.906870,-0.034879,-1.137929,-1.137938,0.620863,-0.858037,-1.883496,-2.535162,-2.536439,-2.054013,-1.000000,69.720314
0.011666,0.198281,-0.489851,-0.313922,-0.313907,0.762768,-0.187782,-1.285285,-1.993821,-2.239327,-1.762692,0.000000,69.501457
-0.497397,0.127242,-1.249270,0.828084,0.828085,-0.099482,-0.669755,-1.779838,-2.550609,-3.031116,-2.539039,1.000000,70.076988
-0.034445,0.068901,-0.367435,0.740311,0.740316,-0.725691,-1.090831,-2.193906,-2.965329,-3.554945,-3.210474,1.000000,70.595779
-0.195387,0.264333,-0.586142,-0.091852,-0.091850,-0.632123,-0.753951,-1.785251,-2.600865,-3.247914,-3.105018,0.000000,70.530937
-0.114153,0.228316,-0.365296,0.678078,0.678058,-0.938344,-1.071908,-2.084468,-2.982868,-3.631040,-3.744280,1.000000,71.009178
-0.193355,0.238852,-0.318470,0.365297,0.365315,-0.803007,-1.269342,-2.042775,-3.000463,-3.699735,-4.019947,0.000000,71.268585
0.091326,0.228316,-0.308215,-0.363967,-0.363985,-0.178071,-0.794511,-1.375181,-2.346453,-3.099534,-3.616427,0.000000,71.009178
0.298167,0.401383,-0.194952,-0.456622,-0.456609,0.305044,-0.272938,-0.708718,-1.661701,-2.409177,-3.012997,0.000000,70.684944
0.242185,0.415178,-0.161457,-0.561924,-0.561943,0.802685,0.257192,-0.006139,-0.883393,-1.650547,-2.293838,-1.000000,70.287735
-0.848914,0.103251,-1.089821,0.530503,0.530515,0.172077,-0.138807,-0.331917,-1.158082,-1.969025,-2.601045,0.000000,70.660622
0.336936,0.395032,-0.267229,-1.261900,-1.261907,1.022425,1.175793,0.909343,0.302666,-0.527937,-1.187787,-1.000000,69.768951
-0.057614,0.172832,-0.368706,0.836530,0.836534,-0.002307,0.375620,0.086800,-0.341629,-1.148520,-1.829703,1.000000,70.352592
-0.161141,0.161142,-0.448894,0.103694,0.103706,-0.179568,0.247460,0.003063,-0.302148,-1.075514,-1.738036,0.000000,70.425552
0.311092,0.530014,-0.322617,-0.103587,-0.103599,-0.057610,0.326073,0.090641,-0.088144,-0.791336,-1.460613,0.000000,70.352592
-0.205927,0.080081,-0.434739,0.714371,0.714383,-0.711600,-0.407290,-0.512540,-0.632092,-1.285909,-1.983769,1.000000,70.855179
0.404810,0.879022,-0.127228,-1.086838,-1.086848,0.469587,0.518160,0.636135,0.458018,-0.025906,-0.735598,-1.000000,70.085091
-0.393742,0.115807,-0.555871,-0.127228,-0.127213,0.495651,0.501437,0.756600,0.571500,0.232067,-0.454750,0.000000,69.995934
-0.891622,0.081055,-0.984251,0.011584,0.011575,0.363594,0.392538,0.688586,0.544807,0.311250,-0.339283,0.000000,70.004036
0.288317,0.334449,-0.046132,0.405278,0.405261,-0.059954,-0.012672,0.259114,0.122260,-0.008752,-0.593152,0.000000,70.287735
-0.045962,0.126393,-0.264272,0.369046,0.369053,-0.514759,-0.396408,-0.153198,-0.187285,-0.261513,-0.798187,0.000000,70.547134
-0.402205,0.218343,-0.494140,-0.011493,-0.011473,-0.374635,-0.275807,-0.210690,-0.102285,-0.225705,-0.620175,0.000000,70.539040
-0.046319,0.092637,-0.440016,-0.758442,-0.758451,0.389064,0.436542,0.456224,0.655970,0.525701,0.248566,-1.000000,70.004036
-0.058326,0.221620,-0.571568,-0.729502,-0.729524,0.979831,1.040491,1.080148,1.316356,1.222923,1.036990,-1.000000,69.493340
0.058201,0.488938,-0.151345,0.198296,0.198328,0.591370,0.736888,0.817213,1.051205,0.971345,0.876971,0.000000,69.631165
0.592277,0.769962,-0.533045,-1.722938,-1.722957,1.736564,2.148787,2.367535,2.634453,2.666200,2.641166,-1.000000,68.431450
1.311816,1.311816,-0.127699,2.037433,2.037427,-0.499178,0.071987,0.328934,0.481784,0.634792,0.578139,1.000000,69.825691
0.269096,0.491398,-0.514803,-0.777801,-0.777791,0.072536,0.753478,1.012440,1.144844,1.377792,1.322489,-1.000000,69.282593
-0.359418,0.000000,-1.101446,0.912600,0.912619,-0.711899,-0.170454,0.050224,0.175053,0.422010,0.391865,1.000000,69.914879
0.742977,0.824238,-0.232177,-0.127537,-0.127567,-0.529361,-0.109113,0.127711,0.269921,0.509878,0.486815,0.000000,69.825691
-0.779430,0.418801,-0.779430,-0.208962,-0.208955,0.037229,-0.024426,0.224914,0.409497,0.644024,0.695288,0.000000,69.679787
0.599924,0.705798,-0.235271,-1.105162,-1.105150,0.889299,0.856359,1.231216,1.469228,1.631795,1.791934,-1.000000,68.909721
-0.530845,0.176951,-0.861149,-0.282326,-0.282346,1.009806,0.954361,1.393589,1.637387,1.786024,2.014092,0.000000,68.715157
-0.412539,0.365401,-0.506827,0.082575,0.082583,0.594062,0.766156,1.190483,1.433294,1.590766,1.841513,0.000000,68.771904
-0.511176,0.130766,-0.618170,-0.848648,-0.848662,0.974806,1.417034,1.851336,2.142786,2.337151,2.598681,-1.000000,68.188263
0.228863,0.277045,-0.433622,-1.307663,-0.192334,0.692533,1.557465,1.803693,2.134052,2.381340,2.651806,0.000000,68.057114
0.192072,0.480185,-0.168066,0.337275,0.337273,0.171580,0.990712,1.241596,1.659056,1.950368,2.161193,0.000000,68.286652
-0.059755,0.334607,-0.669212,0.456179,0.456187,-0.317424,0.432324,0.645213,1.095526,1.385094,1.580107,0.000000,68.598167
-0.035459,0.000000,-0.460992,1.099424,1.099419,-1.234045,-0.740952,-0.462819,-0.050834,0.220670,0.411412,1.000000,69.352348
-0.926462,0.000000,-1.043743,0.791961,0.791946,-1.519863,-1.509997,-1.219116,-0.863779,-0.592595,-0.395958,1.000000,69.901581
0.083312,0.130921,-0.297548,-1.465932,-1.465902,0.183278,-0.161320,0.293573,0.489833,0.771411,0.999537,-1.000000,68.876892
0.047911,0.251526,-0.119774,-0.630801,-0.630839,0.864794,0.404218,0.795539,0.974617,1.315147,1.576119,-1.000000,68.442390
0.156547,0.301060,-0.325149,-0.538983,-0.538976,1.257230,0.854046,1.223336,1.379997,1.751208,2.014957,-1.000000,68.073502
-0.467681,0.215854,-0.467681,0.421481,0.421472,0.542043,0.370564,0.646903,0.871638,1.227981,1.486098,0.000000,68.360413
-0.403940,0.285144,-0.451464,0.935363,0.935386,-0.651071,-0.441967,-0.365601,-0.108906,0.215223,0.480258,1.000000,68.999847
-0.696992,0.000000,-0.886001,0.570279,0.570282,-1.065581,-0.813951,-0.958096,-0.606030,-0.419554,-0.159734,1.000000,69.393341
-0.447318,0.035322,-0.494406,0.354395,0.354373,-1.071208,-0.969968,-1.237995,-0.970397,-0.822876,-0.533631,0.000000,69.639252
-0.212139,0.082499,-0.601063,-0.117715,-0.117685,-0.528006,-0.715397,-1.040916,-0.833970,-0.731713,-0.437457,0.000000,69.557297
0.629602,0.629602,-0.308864,-0.789626,-0.789645,0.451418,0.024946,-0.230458,-0.110383,0.030264,0.306882,-1.000000,69.008041
-0.177222,0.165406,-0.224483,0.546447,0.546445,0.016546,-0.593097,-0.657683,-0.685005,-0.527559,-0.281623,0.000000,69.385132
1.013230,1.108596,-0.286085,-0.886106,-0.886112,0.729534,0.280135,0.299609,0.136780,0.381467,0.523769,-1.000000,68.770302
-0.737397,0.071357,-0.808754,0.226491,0.226496,0.294958,0.123691,0.134793,-0.088328,0.102413,0.218596,0.000000,68.926064
0.694698,0.962819,-0.109694,-2.414366,-2.414373,2.093847,2.480199,2.479793,2.275566,2.458887,2.562219,-1.000000,67.261932
-0.024684,0.246788,-0.308490,-1.230959,-1.230944,2.591304,3.467418,3.464125,3.374253,3.526231,3.686933,-1.000000,66.433975
-0.425281,0.000000,-0.984210,1.554790,1.554774,0.452009,1.656143,1.639536,1.738161,1.801425,1.992586,1.000000,67.466873
0.454382,0.454382,-0.319295,-1.057112,-1.057105,0.921039,2.346803,2.513408,2.727501,2.713733,2.998495,-1.000000,66.753677
0.173160,0.259740,-0.272110,-0.712271,-0.712265,0.846010,2.573903,3.031127,3.312926,3.291759,3.558966,-1.000000,66.278214
-0.518133,0.135702,-0.814207,0.259740,0.259737,0.340491,1.840613,2.601368,2.883669,2.887837,3.148610,0.000000,66.450363
-1.100920,0.464828,-1.100920,0.851224,0.851226,-0.332726,0.683789,1.601630,1.840976,1.914617,2.133805,1.000000,67.016006
0.479999,0.615385,-0.110764,-0.611621,-0.611629,0.022158,0.886158,1.987288,2.220313,2.446776,2.601203,-1.000000,66.606117
-0.121993,0.256190,-0.207391,0.886155,0.886166,-0.724662,-0.234239,0.873483,1.197382,1.495664,1.576780,1.000000,67.196358
0.486205,0.546984,-0.790074,0.365983,0.365981,-0.741461,-0.818039,0.288481,0.754223,1.075484,1.133855,0.000000,67.442284
-0.048657,0.000000,-0.474394,-0.072928,-0.072932,-0.389246,-0.726188,0.147590,0.777279,1.077729,1.142278,0.000000,67.393097
0.086355,0.542810,-0.197380,-1.398858,-1.398858,0.853691,0.684680,1.311787,2.063290,2.337037,2.460732,-1.000000,66.450363
-0.135553,0.024641,-0.998159,0.111034,0.111036,0.717187,0.431295,0.912708,1.764013,2.020452,2.263706,0.000000,66.524147
0.565900,0.691654,-0.402415,-2.008632,-2.008659,2.165517,2.249775,2.614883,3.527443,3.885340,4.213226,-1.000000,65.187904
-0.864449,0.200455,-1.315464,0.377267,0.377305,1.167612,1.736393,1.873368,2.816950,3.310936,3.676176,0.000000,65.433861
-0.162822,0.338183,-0.463421,0.025051,0.025056,0.548585,1.558104,1.663315,2.477442,3.124737,3.489884,0.000000,65.450256
0.417080,0.581394,-0.404449,-0.901795,-0.901827,0.973215,2.149910,2.426704,3.090253,3.847333,4.200804,-1.000000,64.860008
0.510466,0.510466,-0.421136,-0.960569,-0.960567,1.240436,2.771833,3.084918,3.689394,4.557950,4.917488,-1.000000,64.236984
1.049637,1.192171,-1.062589,-1.518636,-1.518622,2.192564,3.734612,4.306510,4.852923,5.782559,6.239473,-1.000000,63.261467
0.130529,0.339384,-0.574341,-0.725667,-0.725693,2.101571,3.754100,4.700018,5.131860,6.120375,6.716729,-1.000000,62.802383
-0.782685,0.234793,-0.821817,0.065270,0.065297,1.205307,2.962420,4.249056,4.711705,5.623785,6.369676,0.000000,62.843391
0.381380,0.670702,-0.092057,-0.808770,-0.808769,1.220401,3.141760,4.598451,5.236712,6.056807,6.914778,-1.000000,62.335133
-1.582404,0.012859,-2.058415,2.222517,2.222488,-1.142402,0.459298,2.022404,2.654722,3.395363,4.314101,1.000000,63.720524
0.988784,1.416363,-0.387484,-3.718007,-3.717983,2.052376,3.713257,5.326921,6.178517,6.904333,7.905314,-1.000000,61.351406
0.576526,0.878518,-0.301992,-2.659003,-2.658990,3.807812,5.589552,7.342012,8.529842,9.207949,10.299233,-1.000000,59.720078
1.434286,1.765272,-0.096538,-0.466707,-0.466732,3.149916,5.073786,6.953530,8.449187,9.193775,10.249170,0.000000,59.441345
1.339471,1.409240,-0.125570,-1.158466,-1.158463,3.139393,5.265807,7.333620,9.017032,9.950617,10.959501,-1.000000,58.752739
0.378570,0.490743,-2.201346,-0.488347,-0.488350,1.848016,4.795295,6.941492,8.855871,9.874380,10.881484,0.000000,58.465820
-2.222546,0.384666,-2.350764,-1.584405,-1.584396,2.162696,5.487954,7.776982,9.769193,11.002704,12.015954,-1.000000,57.539490
-0.859552,0.485243,-0.998188,2.763919,2.763923,-0.784698,2.029668,4.167474,6.113960,7.533620,8.450946,1.000000,59.129837
-0.908965,0.069915,-1.160680,-0.859552,-0.859571,-0.204160,2.194108,4.294047,6.285845,7.931771,8.899935,-1.000000,58.621574
-1.627335,0.081374,-1.681581,3.118439,3.118454,-2.660701,-1.208301,0.653648,2.575266,4.233255,5.276651,1.000000,60.449661
0.314771,1.094845,-0.136854,-0.908595,-0.908609,-1.289166,-0.940184,1.093939,2.962924,4.741221,5.820917,-1.000000,59.900410
-0.446239,0.594999,-0.797831,1.204321,1.204327,-1.446920,-2.239344,-0.399362,1.361064,3.060997,4.224487,1.000000,60.621807
-0.269938,0.027001,-0.742334,0.189316,0.189326,-1.104069,-2.256719,-0.814326,0.782831,2.424619,3.723401,0.000000,60.736580
-0.446794,0.284320,-0.825888,-0.310427,-0.310437,-0.159763,-1.769564,-0.758189,0.691851,2.291366,3.721460,0.000000,60.548031
-0.589975,0.000000,-0.951996,0.974819,0.974843,-0.898386,-2.327724,-1.846809,-0.584629,0.956268,2.399640,1.000000,61.138279
0.726980,1.400109,-0.646198,-0.402257,-0.402270,-0.172322,-1.534737,-1.760011,-0.457731,0.994073,2.500447,0.000000,60.892338
-0.672405,0.174821,-1.102743,0.107703,0.107726,-0.169465,-1.079908,-1.908759,-0.753793,0.607826,2.049013,0.000000,60.957935
-0.535692,0.000000,-1.446367,0.416887,0.416853,-0.428536,-1.150386,-2.153467,-1.295691,-0.085701,1.286113,0.000000,61.212040
1.094684,1.313627,-0.177894,-2.129364,-2.129347,1.524355,1.215096,0.027355,0.606857,1.718104,3.073332,-1.000000,59.908623
0.125721,0.377155,-0.516825,-2.038870,-2.038877,2.802077,3.021377,2.101787,2.390001,3.414446,4.777673,-1.000000,58.687160
-1.419719,0.165396,-1.681600,1.340979,1.341000,0.964835,1.586470,0.863747,0.678127,1.725679,2.996067,1.000000,59.474155
0.000000,0.247559,-0.797692,0.220532,0.220516,0.288819,1.192410,0.872871,0.310132,1.256493,2.457246,0.000000,59.605305
-0.671682,0.000000,-1.061257,2.379319,2.379308,-2.103699,-1.112297,-1.264550,-1.914291,-1.213324,-0.164784,1.000000,61.023499
0.741544,0.943785,-0.067406,-0.362714,-0.362708,-1.453412,-0.710521,-0.666034,-1.445326,-0.987999,-0.056177,0.000000,60.802162
-1.209841,0.201643,-1.519017,0.296617,0.296608,-0.992056,-1.029695,-0.901544,-1.553963,-1.369530,-0.563687,0.000000,60.982506
0.151851,1.187191,-0.207069,-2.621316,-1.375044,0.611064,0.225734,0.507099,-0.041903,-0.232276,0.595823,-1.000000,60.143970
-0.320284,0.153182,-0.445620,-0.869691,-0.869705,1.498990,0.880793,1.276963,1.009618,0.526920,1.274845,-1.000000,59.620895
-1.253276,0.027539,-1.308356,1.114055,1.114046,0.135734,-0.384443,0.111195,-0.007460,-0.543167,0.019840,1.000000,60.285099
-0.772729,0.220775,-0.855531,-0.192811,-0.192814,0.118675,-0.148748,0.262585,0.314290,-0.302665,0.064897,0.000000,60.168861
0.163626,0.218167,-0.640841,1.200490,1.200503,-1.098988,-0.971283,-0.953845,-0.839445,-1.344859,-1.201180,1.000000,60.891190
0.164580,0.342888,-0.452616,-0.586299,-0.586302,-0.386787,-0.212139,-0.409155,-0.202287,-0.626357,-0.793961,-1.000000,60.534184
-1.197040,0.121054,-1.277735,1.975029,1.975030,-1.632818,-1.800656,-2.254653,-2.045406,-2.279481,-2.694931,1.000000,61.729752
-0.066413,0.371943,-0.664187,1.250842,1.250846,-2.138686,-2.777267,-3.324612,-3.114309,-3.270908,-3.748672,1.000000,62.501896
-0.080233,0.401181,-0.494778,-0.664187,-0.664189,-0.866542,-1.920302,-2.444329,-2.342583,-2.400900,-2.963078,-1.000000,62.086765
0.647866,1.079772,-0.094478,-0.922711,-0.922733,0.259167,-0.920478,-1.229418,-1.402545,-1.422732,-1.909727,-1.000000,61.513870
-0.146823,0.293648,-0.747460,1.120262,1.120264,-0.314991,-1.687118,-2.031186,-2.389508,-2.366755,-2.796156,1.000000,62.202988
0.777651,1.195269,-0.129614,-7.314464,-7.314461,6.137674,5.730132,5.474482,5.027008,5.132198,4.881448,-1.000000,57.653175
-1.236327,0.042630,-1.563175,1.339287,1.339293,3.339483,4.014493,3.784071,3.400493,3.584542,3.455148,1.000000,58.425320
-1.333332,0.305557,-1.805560,2.316324,2.316333,0.227765,1.594438,1.320365,1.048744,1.188015,1.177553,1.000000,59.778645
-0.477455,0.589802,-0.786402,-1.097224,-1.097226,0.530820,2.422410,2.234705,2.206614,2.174231,2.225204,-1.000000,59.122738
0.455776,0.683668,-0.227882,-1.404297,-1.404275,0.620975,3.496629,3.479063,3.560962,3.451074,3.589227,-1.000000,58.292492
0.630094,0.816268,-0.272094,-0.541229,-0.541246,1.280250,3.412564,3.853158,3.984104,3.808382,4.000890,-1.000000,57.976986
1.069288,1.186473,-0.410135,-2.234004,-2.234017,2.979364,4.748802,5.802463,5.977218,5.860774,6.138924,-1.000000,56.681770
-0.748793,1.306708,-0.807522,-0.234358,-0.234352,2.078994,4.015561,5.624236,5.850096,5.871795,6.152517,0.000000,56.548935
1.223008,1.313596,-0.543560,-2.760238,-2.760227,3.472739,5.781355,7.906775,8.309665,8.607965,8.792917,-1.000000,54.988056
0.534022,1.953004,-0.122066,-1.041827,-1.041826,3.137008,5.463831,8.293143,8.923547,9.379504,9.541509,-1.000000,54.415176
1.568131,2.195387,-0.047041,-2.700642,-2.700662,4.099117,7.501976,10.192892,11.316462,11.912330,12.077530,-1.000000,52.945606
2.495604,3.167493,-0.639893,-1.975854,-1.975852,4.354517,8.411470,11.052110,12.752373,13.464917,13.738538,-1.000000,51.899479
-2.274474,1.951738,-2.996774,4.095348,4.095365,-0.685421,3.081293,5.688224,7.747803,8.499147,8.900765,1.000000,54.024952
-2.517296,1.074642,-2.855884,4.395267,4.395269,-4.366267,-1.741504,0.633978,2.813181,3.606057,4.180599,1.000000,56.399494
-0.815371,0.014563,-1.805472,1.104078,1.104067,-4.496214,-3.037271,-1.070662,1.382500,2.255680,2.899602,1.000000,57.022182
-1.673521,0.028361,-2.113182,2.664534,2.664526,-5.063106,-5.457376,-3.537079,-1.521055,-0.471983,0.168405,1.000000,58.541553
0.466632,0.565614,-1.315045,0.297829,0.297824,-3.023179,-5.391674,-3.790522,-2.135877,-0.874423,-0.260039,0.000000,58.715904
-1.239793,0.211319,-1.338411,0.367650,0.367677,-1.713175,-5.333912,-4.238768,-2.762064,-1.321516,-0.731209,0.000000,58.931789
0.014075,0.379966,-0.830280,0.112701,0.112690,-0.942865,-4.760765,-4.360632,-3.084716,-1.560934,-0.955060,0.000000,58.998199
-0.293869,0.489783,-0.419808,0.562906,0.562893,-0.719275,-4.465426,-4.779353,-3.869286,-2.193104,-1.555171,1.000000,59.330296
0.014081,0.662150,-0.324039,-0.671699,-0.671675,0.084515,-2.803623,-4.027442,-3.110751,-1.721629,-0.928448,-1.000000,58.931789
-0.371687,0.500366,-0.686199,-1.451121,-1.451127,1.338100,-0.308793,-2.454136,-1.714083,-0.579275,0.403618,-1.000000,58.076614
0.575045,0.690056,-0.143759,-0.557540,-0.557557,1.497999,0.895642,-1.768245,-1.338400,-0.322013,0.827116,-1.000000,57.752804
0.462961,0.708909,-0.839123,-0.632540,-0.632529,1.582748,1.710062,-0.864204,-0.861550,0.024878,1.265425,-1.000000,57.387501
1.770456,2.060449,-0.778381,-5.208342,-5.208336,5.351038,6.816236,4.580785,4.227714,4.946884,6.453496,-1.000000,54.398567
0.649548,2.397146,-0.293849,-1.312566,-1.312577,4.797399,7.332197,6.063509,5.214194,6.047014,7.369829,-1.000000,53.684544
-0.427675,0.962268,-1.099742,1.252702,1.252711,2.132269,5.202379,5.052690,3.698634,4.435614,5.541971,1.000000,54.357056
-1.688579,0.134495,-2.092052,2.214750,2.214756,-0.869697,2.316193,2.960743,1.362815,1.869091,2.863610,1.000000,55.560932
0.378616,0.651219,-0.984404,-1.329945,-1.329958,-0.469476,2.933521,4.156701,2.713923,2.928372,3.843207,-1.000000,54.821995
0.466278,0.823760,-1.041340,-2.559447,-2.559449,1.778065,4.530632,6.442867,5.318631,5.267030,6.022704,-1.000000,53.418854
0.279026,0.883584,-1.116108,0.264231,0.264227,1.463343,3.252214,5.542299,5.098440,4.659748,5.488561,0.000000,53.560001
-1.487856,0.281912,-2.020356,-1.023103,-1.023094,2.004697,3.364136,5.915952,6.289744,5.464685,6.238583,-1.000000,53.012032
0.449743,1.209676,-0.744421,0.986695,0.986695,0.251232,1.566373,4.209051,5.205484,4.209052,4.811823,1.000000,53.535099
-2.281947,0.075068,-2.341988,3.303347,3.303351,-2.780370,-2.058255,0.431361,1.742225,0.899558,1.230040,1.000000,55.303551
0.149810,0.374532,-1.048685,0.210177,0.210167,-2.262167,-2.079396,-0.249682,1.384275,0.760454,0.844949,0.000000,55.419781
-1.003690,0.265683,-1.047969,1.498127,1.498131,-2.748338,-3.068634,-2.039851,-0.315866,-0.491807,-0.745878,1.000000,56.250042
-0.600738,0.630037,-0.996337,0.738007,0.738015,-2.171433,-3.371435,-2.923572,-1.227112,-0.884402,-1.473999,1.000000,56.665176
-0.674782,1.056185,-0.850817,-0.117219,-0.117224,-0.974034,-3.074666,-2.945575,-1.317294,-0.586180,-1.355434,0.000000,56.598751
-1.164459,0.517539,-1.610115,2.039020,2.039008,-2.104648,-4.504015,-4.842810,-3.397055,-2.478999,-3.167038,1.000000,57.752804
-1.130995,0.429498,-1.216891,0.416906,0.416901,-1.623466,-4.111653,-4.824609,-3.913369,-2.816877,-3.363382,0.000000,57.993576
2.741353,2.741353,0.000000,-3.908368,-3.908354,2.190099,0.177288,-0.709183,-0.292765,0.933845,0.733507,-1.000000,55.726982
1.032354,1.278892,-0.785829,-3.307510,-3.307514,4.653308,3.765793,2.628659,2.728814,4.027736,4.302004,-1.000000,53.883804
0.046875,0.906388,-0.812629,-1.402157,-1.402156,4.835125,5.164867,3.782880,3.754492,5.070167,5.729020,-1.000000,53.128269
-0.667074,0.212248,-1.303822,3.078601,3.078589,0.612503,1.925422,0.676181,0.416176,1.622817,2.471716,1.000000,54.763870
-2.772592,0.172392,-2.772592,5.533660,5.533658,-4.732069,-3.008178,-4.098058,-4.555367,-3.812082,-2.856855,1.000000,57.794315
-0.602669,0.896663,-0.970154,-2.269792,-2.269782,-2.251947,-0.714388,-1.525792,-2.090984,-1.751574,-0.722223,-1.000000,56.482510
-1.074345,0.343797,-1.217589,2.616491,2.616490,-3.337630,-3.022486,-3.467500,-4.276600,-4.264710,-3.297034,1.000000,57.960369
0.203428,0.682942,-0.435924,-1.418132,-1.418136,-0.543447,-1.532981,-1.658425,-2.761544,-2.930533,-2.010549,-1.000000,57.138412
-0.863679,0.633371,-0.863679,0.944494,0.944508,-0.463521,-2.467262,-2.304120,-3.423787,-3.818632,-3.003699,1.000000,57.678089
-0.173615,0.028929,-1.475702,-0.503812,-0.503810,-0.101285,-2.079005,-1.580837,-2.588986,-3.123273,-2.625394,-1.000000,57.387501
-0.693831,0.162386,-1.121929,-1.996535,-0.645370,0.735153,-1.216671,-0.851851,-1.653074,-2.260202,-2.104819,-1.000000,57.017139
-0.716371,0.628655,-0.862579,0.974319,0.974316,-0.371538,-1.529115,-1.703463,-2.205961,-2.979895,-3.078601,1.000000,57.572666
-0.895182,0.144382,-0.909623,1.257310,1.257321,-1.211311,-1.865287,-2.729864,-3.011897,-3.996899,-4.250992,1.000000,58.296539
-1.080380,0.403341,-1.685390,0.231008,0.231010,-1.181216,-1.463832,-2.876647,-2.967797,-3.971091,-4.412132,0.000000,58.431210
-0.302679,0.446822,-0.533288,-0.057622,-0.057622,-0.778324,-1.303725,-2.774535,-2.656897,-3.574705,-4.128759,0.000000,58.397541
0.058860,0.588584,-0.470865,-2.046697,-2.046691,1.359616,0.884326,-0.571108,-0.539719,-1.305244,-1.920582,-1.000000,57.202324
-0.995608,0.146411,-1.039542,0.500300,0.500293,0.825766,0.300042,-0.648047,-0.963226,-1.485080,-2.227254,0.000000,57.488503
0.191833,0.737790,-0.398402,-0.775997,-0.776006,1.174573,1.067629,0.586411,-0.149798,-0.468677,-1.376028,-1.000000,57.042389
0.160281,0.203992,-0.845103,1.268998,1.269009,-0.323473,-0.183593,-0.327545,-1.399863,-1.545381,-2.441996,1.000000,57.766262
-0.739884,0.145073,-1.320184,0.437131,0.437138,-0.887865,-0.509223,-0.735563,-1.826833,-1.794707,-2.602325,0.000000,58.018780
0.236308,0.383994,-0.502136,-1.769913,-1.769927,0.824108,1.278990,1.112587,0.053041,0.026840,-0.646672,-1.000000,56.991890
-0.102715,0.792370,-0.264125,0.649835,0.649836,0.129125,0.588408,0.390248,-0.289743,-0.570365,-1.035346,1.000000,57.362244
0.751202,0.991591,-0.480769,-2.333095,-2.333092,2.157455,2.585640,2.655777,2.350592,1.763794,1.476828,-1.000000,56.023930
-0.180962,0.392101,-0.497655,-0.375601,-0.375609,1.842869,2.503404,2.820098,2.830510,2.008485,1.889877,0.000000,55.813499
-0.075797,0.272853,-1.091407,-0.512739,-0.512733,1.470362,2.514779,3.126673,3.156340,2.356551,2.421448,-1.000000,55.527325
0.137147,0.228580,-0.380981,-0.530541,-0.530539,1.374574,2.704962,3.461337,3.593406,2.866694,2.906336,-1.000000,55.232731
0.589327,0.837460,-0.093060,-1.737275,-1.737283,2.028537,3.928351,4.885239,5.085248,4.714073,4.578808,-1.000000,54.273182
0.325580,0.899228,-0.031003,0.031013,0.031010,1.358146,3.389157,4.360734,4.790339,4.767207,4.404635,0.000000,54.290012
1.956351,2.231208,-0.161678,-4.108530,-4.108516,4.258688,6.722714,8.016166,8.740500,9.048217,8.513363,-1.000000,52.059498
0.687057,0.817929,-0.441682,-1.164102,-1.164110,3.903158,6.703746,8.388682,9.444628,9.839672,9.367766,-1.000000,51.453468
2.000976,2.017241,-0.276561,0.556192,0.556198,1.978195,5.098417,7.085294,8.329262,8.865454,8.505945,1.000000,51.739651
0.150351,0.217175,-0.885398,-2.619164,-2.619146,3.177394,6.540238,9.025480,10.529546,11.192046,11.192805,-1.000000,50.384514
-0.512139,0.214771,-1.305133,1.119275,1.119247,0.723621,4.364787,7.021322,8.585010,9.475328,9.819442,1.000000,50.948441
-0.585933,0.325521,-0.846356,1.503387,1.503394,-0.901689,2.026370,4.656035,6.327314,7.392581,7.996317,1.000000,51.714397
-2.546368,0.471548,-3.143666,3.548177,3.548172,-3.514611,-1.839038,0.513471,2.231223,3.425973,4.031483,1.000000,53.549313
0.269545,0.539084,-0.713495,-0.864506,-0.864506,-2.165843,-1.387344,0.899533,2.735060,4.031715,4.725438,-1.000000,53.086376
-0.541206,0.711302,-0.819544,2.536861,2.536864,-3.098810,-3.797739,-1.955566,-0.087363,1.227158,1.918427,1.000000,54.433105
-1.985458,0.712328,-1.985458,2.025677,2.025677,-3.370725,-5.483483,-3.960801,-2.206734,-0.981514,-0.201315,1.000000,55.535744
1.751152,1.751152,-0.061444,-1.333745,-1.333743,-0.940093,-3.706604,-2.786481,-1.155913,0.091553,0.972352,-1.000000,54.795040
0.410829,0.928182,-0.076085,0.952386,0.952396,-1.235557,-3.916628,-3.728964,-2.332637,-1.075485,-0.105005,1.000000,55.316906
1.143384,1.529663,-0.509892,-1.521607,-1.521620,0.800373,-1.929851,-2.334158,-1.054543,0.252781,1.282962,-1.000000,54.475193
0.644755,0.739107,-0.440319,-1.745984,-1.745987,2.251933,0.399437,-0.691929,0.345184,1.738013,2.830638,-1.000000,53.524063
0.312549,0.812627,-0.234415,0.629033,0.629035,0.990781,0.312548,-1.365839,-0.482889,0.865759,1.913319,1.000000,53.860748
-0.223285,0.606062,-0.510367,-2.015941,-2.015939,2.303031,2.577351,0.753854,1.276713,2.562678,3.652843,-1.000000,52.774948
0.157632,0.693572,-0.472888,1.180220,1.180227,0.390916,1.352455,-0.178650,-0.104040,1.020171,2.131668,1.000000,53.397812
0.015735,0.188856,-0.786906,0.157632,0.157630,-0.138499,1.266915,-0.118565,-0.424934,0.598672,1.739056,0.000000,53.481983
-1.067613,0.866478,-1.129499,1.715449,1.715452,-1.500851,-0.447161,-1.311056,-2.092684,-1.315801,-0.166077,1.000000,54.399441
0.168043,0.794384,-0.274977,1.284236,1.284219,-2.300630,-1.788867,-2.060281,-3.260759,-2.634270,-1.549536,1.000000,55.098049
0.911305,1.741251,-1.903990,-6.125875,-6.125872,3.668027,4.026043,4.331981,3.019533,3.403096,4.485494,-1.000000,51.722813
-1.113140,0.564878,-1.113140,-2.050451,-2.050443,4.758264,5.284931,6.136125,5.098023,5.183585,6.188735,-1.000000,50.662266
-0.579475,0.281454,-0.612588,0.348900,0.348909,3.354291,4.203629,5.472393,4.644027,4.472172,5.416101,0.000000,50.839031
0.247159,0.675563,-0.148296,0.480127,0.480104,1.562049,3.227895,4.531241,4.212406,3.723199,4.502679,0.000000,51.083111
0.193547,0.354840,-0.354840,2.158512,2.158526,-1.700001,0.725807,1.894625,2.129032,1.370323,2.049462,1.000000,52.185753
-0.643440,0.188322,-1.459510,2.774195,2.774204,-3.640937,-1.833028,-1.000217,-0.448848,-1.248596,-0.840666,1.000000,53.633492
-0.571698,0.587140,-1.313353,1.569366,1.569357,-3.729912,-3.152040,-2.632880,-1.902039,-2.552534,-2.437165,1.000000,54.475193
-0.156737,0.156745,-0.595613,-1.421511,-1.421513,-1.275859,-1.714730,-1.324969,-0.430246,-1.001249,-1.125387,-1.000000,53.700821
0.737482,0.941475,-0.062766,-0.109716,-0.109700,-0.213410,-1.748012,-1.201957,-0.394645,-0.649628,-1.056030,0.000000,53.641911
0.425532,0.724979,-0.330968,-0.439352,-0.439358,0.684000,-1.631212,-0.822702,-0.154459,-0.027116,-0.674554,0.000000,53.406231
0.409641,0.409641,-0.409645,0.031521,0.031513,0.573502,-1.343940,-0.773068,-0.314321,0.069324,-0.620765,0.000000,53.423061
0.031371,0.627545,-0.094136,0.425399,0.425406,-0.160029,-1.204900,-1.162019,-0.891912,-0.347042,-0.905247,0.000000,53.650326
0.392650,0.471184,-0.439766,-0.109827,-0.109826,-0.091092,-0.582694,-1.039739,-0.865402,-0.199782,-0.681119,0.000000,53.591404
0.187828,0.782595,-0.109562,0.345533,0.345520,-0.385026,-0.424156,-1.457705,-1.183275,-0.592259,-0.812847,0.000000,53.776573
0.031227,0.374657,-0.483918,0.266081,0.266081,-0.458936,-0.366832,-1.864908,-1.440046,-0.975950,-0.892383,0.000000,53.919662
-0.342901,0.701367,-0.639034,0.156113,0.156114,-0.399004,-0.453553,-1.736284,-1.479894,-1.188902,-0.905549,0.000000,54.003838
-0.108374,0.387057,-0.541876,0.670187,0.670193,-0.798883,-1.136392,-1.936310,-2.046751,-1.916699,-1.515192,1.000000,54.365768
-0.077560,0.000000,-1.380485,-0.185780,-0.185781,-0.366067,-0.848456,-1.332921,-1.792307,-1.749652,-1.259501,0.000000,54.264767
0.293622,0.664503,-0.139076,0.372263,0.372247,-0.482140,-1.064734,-1.284688,-2.150347,-2.044798,-1.623636,0.000000,54.466766
1.117828,1.878589,-0.046587,-0.463599,-0.463582,0.090038,-0.454907,-0.575487,-1.776129,-1.562497,-1.246708,0.000000,54.214268
0.854427,1.242807,-0.233031,-0.062104,-0.062111,0.217491,-0.253224,-0.446376,-1.488269,-1.397544,-1.223135,0.000000,54.180595
0.761790,0.920492,-0.539597,-2.112793,-2.112775,1.879057,1.783832,1.521443,0.861759,0.703371,0.765478,-1.000000,53.035881
-0.061606,0.138606,-1.370705,3.047139,3.047133,-0.991844,-1.031889,-1.364552,-1.771915,-2.188826,-2.203405,1.000000,54.651955
0.323125,0.569323,-0.230808,0.092404,0.092401,-0.997073,-0.953995,-1.326359,-1.531774,-2.256964,-2.221881,0.000000,54.702454
-0.509341,0.370424,-0.617382,-0.307735,-0.307736,-0.574164,-0.535581,-0.883886,-1.012506,-1.996609,-1.878895,0.000000,54.534115
-0.154989,0.418481,-0.480468,-0.416737,1.049323,-1.270638,-1.368375,-1.709492,-1.906780,-2.768701,-2.756786,1.000000,55.106354
0.867541,1.022457,-0.170412,0.046507,0.046512,-0.556143,-1.275251,-1.576023,-1.892818,-2.489612,-2.697145,0.000000,55.131985
-0.435796,0.264588,-0.980546,-0.464761,-0.464757,-0.010246,-0.702937,-0.960423,-1.327675,-1.740064,-2.158149,0.000000,54.875755
0.063373,0.380231,-0.253485,-1.758756,-1.758760,1.486060,0.971564,0.829206,0.463725,0.228823,-0.436762,-1.000000,53.910622
0.934733,0.966967,-0.080579,-1.695184,-1.695189,2.655928,2.483002,2.451828,2.157509,2.018400,1.147961,-1.000000,52.996735
0.048036,0.304199,-0.256164,0.660757,0.660767,1.322444,1.653999,1.697210,1.479780,1.327234,0.585477,1.000000,53.346920
-0.252525,0.520830,-0.394571,1.440925,1.440915,-0.492421,0.409579,0.221836,0.081302,-0.138646,-0.630574,1.000000,54.115604
0.273183,0.417808,-0.321390,-1.783461,-1.783452,0.665269,1.950357,1.901935,1.857136,1.633256,1.318775,-1.000000,53.150478
0.644096,0.842282,-0.660606,-2.699664,-2.699669,2.609415,4.201489,4.374625,4.483976,4.304151,4.170705,-1.000000,51.715591
-0.787271,0.229621,-0.852878,0.693645,0.693646,1.548302,3.011315,3.381661,3.587036,3.483325,3.445974,1.000000,52.074314
-0.392287,0.032692,-1.242239,0.344430,0.344431,0.781300,2.111801,2.780963,3.064007,3.038604,3.002877,0.000000,52.253674
0.362500,0.757955,-0.593174,-0.800917,-0.800914,0.715109,2.300213,3.456369,3.652025,3.730446,3.664731,-1.000000,51.835167
0.756557,0.857434,-0.840619,-1.993737,-1.993755,1.839286,3.579368,5.055730,5.419790,5.620994,5.583372,-1.000000,50.801701
-0.166503,0.715952,-0.316354,0.975119,0.975117,0.692651,2.069609,3.598637,4.092797,4.407668,4.411384,1.000000,51.297077
0.634924,1.019216,-0.033410,-0.349655,-0.349640,0.671677,2.060152,3.516572,4.155140,4.554746,4.628497,0.000000,51.117722
0.918057,1.207071,-0.016999,-1.720966,-1.720967,1.632093,3.228492,4.683215,5.586612,6.085767,6.249318,-1.000000,50.238003
-1.307080,0.441348,-1.374982,0.153009,0.153004,0.872516,2.315400,3.885027,5.154909,5.601656,5.866029,0.000000,50.314869
0.685639,1.251286,-0.017137,-0.967578,-0.967571,1.467255,2.648265,4.224658,5.698241,6.277246,6.648609,-1.000000,49.828037
-0.085585,0.410822,-0.907222,0.137124,0.137122,0.766863,2.143103,3.545592,5.071897,5.765325,6.243353,0.000000,49.896362
-0.284515,0.602512,-0.552305,2.276621,2.276631,-1.509632,-0.334739,0.984091,2.389949,3.161631,3.689829,1.000000,51.032318
0.133626,0.250545,-0.551191,0.200835,0.200826,-1.356270,-0.753299,0.493292,1.796395,2.716615,3.294986,0.000000,51.134804
0.084969,0.424809,-0.713675,-1.703693,-1.703697,0.333057,0.654210,1.724164,3.076473,4.276308,4.813279,-1.000000,50.263622
-0.800540,0.545052,-0.851644,-0.237891,-0.237888,0.698349,0.763073,1.567025,2.850453,4.165364,4.789287,0.000000,50.144051
-1.267320,0.000000,-1.351806,0.800547,0.800550,0.155456,-0.185877,0.606057,1.700740,3.009122,3.698461,1.000000,50.545479
-0.151796,0.387922,-0.995109,0.185875,0.185876,-0.185534,-0.465514,0.230499,1.279300,2.510368,3.270755,0.000000,50.639431
0.100827,0.806594,-0.470506,0.371052,0.371057,-0.675520,-0.717530,-0.327121,0.657028,1.794653,2.669066,0.000000,50.827332
0.638758,0.991763,-0.117674,-0.033601,-0.033602,-0.426969,-0.586661,-0.428094,0.365598,1.488644,2.557567,0.000000,50.810253
0.349765,0.599602,-0.049972,0.924523,0.924518,-0.896067,-1.214192,-1.278040,-0.736179,0.278478,1.398904,1.000000,51.280003
-0.551566,0.267424,-0.568277,-0.349765,-0.349766,-0.330936,-0.631791,-0.957159,-0.447939,0.410493,1.519859,0.000000,51.100643
0.232333,0.796555,-0.265516,0.718696,0.718692,-0.720202,-1.256215,-1.618534,-1.217218,-0.424818,0.596866,1.000000,51.467899
1.100183,1.100183,-0.166699,-0.448052,-0.448042,-0.113357,-0.791805,-1.045737,-0.871821,-0.141365,0.797903,0.000000,51.237301
-0.600701,0.050057,-0.817622,-0.100020,-0.100033,0.133497,-0.512255,-0.833186,-0.835969,-0.270308,0.641868,0.000000,51.186047
0.430589,1.222871,-0.051674,-3.120305,-3.120290,2.676532,2.580082,2.328617,2.235608,2.654485,3.527949,-1.000000,49.588894
0.662602,0.889282,-0.871840,-1.222878,-1.222877,3.082820,3.530947,3.471080,3.265034,3.702173,4.474275,-1.000000,48.982483
1.338975,1.374213,-0.176177,-1.028771,-1.028764,2.921064,4.161372,4.195431,4.066232,4.483426,5.249576,-1.000000,48.478569
0.191974,0.715532,-0.069810,0.951376,0.951359,1.012222,2.794072,2.914490,2.952884,3.227926,3.957536,1.000000,48.939774
0.088668,0.461080,-0.390142,-1.588133,-1.588127,1.386774,3.903174,4.284448,4.390848,4.588754,5.223146,-1.000000,48.162548
-0.964287,0.267861,-2.589288,-0.691610,-0.691622,1.357153,3.905367,4.688106,4.908938,5.068580,5.585127,-1.000000,47.829445
0.917593,1.025549,-0.269885,-0.749996,-0.749996,1.486150,3.925878,5.047385,5.446209,5.540127,6.084927,-1.000000,47.470726
0.551505,0.693825,-0.587081,1.133496,1.133520,0.152984,2.040551,3.504703,3.949462,4.098190,4.613637,1.000000,48.008816
-0.156008,0.138674,-1.022709,2.632984,2.632960,-2.281150,-0.975896,0.639058,1.093787,1.349290,1.728211,1.000000,49.272869
-0.017444,0.296584,-0.523378,-0.641357,-0.641345,-1.325895,-0.792048,1.036283,1.612871,1.892529,2.188875,-1.000000,48.956860
-1.491519,0.051430,-1.697243,1.762041,1.762041,-2.235562,-2.463576,-0.908630,-0.179160,0.127543,0.353726,1.000000,49.819500
0.329402,0.537451,-0.364076,-1.114353,-1.114359,-0.405682,-1.307210,-0.040451,0.815710,1.204579,1.347089,-1.000000,49.264332
0.155925,0.641024,-0.034650,0.069350,0.069340,0.048518,-1.209278,-0.403085,0.609851,0.993773,1.153856,0.000000,49.298492
0.608595,0.643372,-0.434707,-0.363831,-0.363814,0.351242,-0.812035,-0.326901,0.803338,1.198399,1.447283,0.000000,49.119137
0.403012,0.770979,-0.157701,-0.765081,-0.765089,1.037325,0.071843,0.107474,1.368498,1.853867,2.121959,-1.000000,48.743332
0.069761,0.889428,-0.156958,0.473103,0.473111,0.216248,-0.165683,-0.447626,0.655733,1.278685,1.582951,0.000000,48.973942
0.265912,0.691365,-0.390004,-1.621904,-1.621907,1.418186,1.627370,1.082549,2.012053,2.751994,3.138922,-1.000000,48.179630
0.303683,0.625227,-0.589493,-0.762276,-0.762281,1.575566,2.366919,1.766109,2.413366,3.304755,3.706684,-1.000000,47.812366
0.546150,0.709995,-0.182046,-1.875670,-1.875674,2.577832,3.821234,3.423758,3.910439,4.945939,5.389291,-1.000000,46.915562
0.493331,0.676042,-0.383702,-0.364100,-0.364090,2.097567,3.727386,3.599485,3.815090,4.981543,5.523476,0.000000,46.744747
-0.344208,0.471011,-0.996375,0.858763,0.858760,0.452897,2.277172,2.620772,2.672101,3.736955,4.413043,1.000000,47.146172
-1.576780,0.250851,-1.648454,1.105072,1.105065,-0.860057,0.824229,1.526614,1.411939,2.315003,3.070543,1.000000,47.667168
0.343999,0.739596,-0.567592,4.174875,4.174880,-4.090125,-3.144131,-2.320831,-2.533536,-1.931196,-1.126012,1.000000,49.657215
1.599312,1.599312,-0.429923,0.017205,0.017208,-2.999144,-3.050735,-2.284899,-2.477218,-2.074638,-1.220983,0.000000,49.665760
0.869112,0.990786,-0.260730,-1.066213,-1.066217,-0.980354,-1.925947,-1.207481,-1.327128,-1.186157,-0.269998,-1.000000,49.136215
0.452564,0.852912,-0.417758,-0.139054,-0.139044,-0.059191,-1.770243,-1.172042,-1.063541,-1.091043,-0.281412,0.000000,49.067894
0.843377,1.394152,-0.068842,1.131413,1.131406,-0.388981,-2.578310,-2.229486,-1.953524,-2.145951,-1.496266,1.000000,49.623051
-0.900440,0.169891,-1.580022,1.308095,1.308094,-1.430512,-3.346925,-3.362782,-2.994393,-3.266734,-2.847434,1.000000,50.272167
0.391221,1.037593,-0.051034,-0.118926,-0.118929,-1.095423,-2.575266,-3.102566,-2.785335,-3.050176,-2.799793,0.000000,50.212379
-1.604731,0.000000,-1.672301,0.697398,0.697402,-1.216217,-2.494935,-3.533785,-3.299833,-3.531758,-3.514077,1.000000,50.562561
-0.572487,0.218894,-1.330192,0.320943,0.320951,-0.878942,-2.101370,-3.612287,-3.519959,-3.612062,-3.748111,0.000000,50.724842
-0.970707,0.187331,-1.668936,-1.128133,0.461931,-0.810325,-1.905510,-3.691857,-3.797289,-3.781439,-4.061387,0.000000,50.959156
1.609795,1.609795,-0.244976,-2.673704,-2.673700,1.642165,0.777084,-0.806286,-1.124397,-1.010110,-1.350663,-1.000000,49.596661
-0.263578,0.421722,-0.439290,-0.419951,-0.419962,1.737139,1.145930,-0.054162,-0.680149,-0.583282,-0.904349,0.000000,49.388374
0.247611,0.530596,-0.389107,-0.650148,-0.650141,1.793420,1.793775,0.915436,0.002807,0.076298,-0.194410,-1.000000,49.067280
-0.285103,0.374203,-0.302919,-0.742840,-0.742847,1.724883,2.480640,1.883771,0.723397,0.733559,0.612315,-1.000000,48.702785
2.408759,2.408759,-0.565688,-2.352103,-2.352100,2.744529,4.514766,4.322493,3.084142,3.016403,3.041885,-1.000000,47.557247
1.029406,1.801469,-0.055153,-0.729922,-0.729903,2.488952,4.634633,4.743985,3.778306,3.596910,3.743129,-1.000000,47.210125
2.988766,3.141064,0.000000,-3.437505,-3.437525,4.469835,7.344956,7.876326,7.327020,6.974954,7.166787,-1.000000,45.587265
0.080227,1.644603,-1.604493,-5.082806,-5.082788,7.384663,11.407928,12.749284,12.672851,12.197477,12.467459,-1.000000,43.270161
4.211789,4.211789,0.000000,0.000000,0.000000,4.873638,9.685105,11.856022,12.224966,11.670206,11.962928,0.000000,43.270161
2.312948,2.373292,-1.609016,-0.280786,-0.280799,3.125509,8.183830,11.170674,12.017381,11.518272,11.805754,0.000000,43.148659
-4.311005,0.192460,-4.311005,4.505225,4.505222,-2.259423,2.521176,5.612336,6.682172,6.469457,6.674898,1.000000,45.092602
-1.672362,0.722161,-1.824400,1.270208,1.270206,-3.451149,0.420000,3.623852,4.906074,5.024529,5.084795,1.000000,45.665371
-1.813714,0.075573,-2.796144,0.589132,0.589129,-2.856597,-0.850172,2.345244,3.943141,4.338857,4.265500,1.000000,45.934399
1.249994,2.023802,-0.595246,-4.779894,-4.779899,2.234130,2.992073,6.417998,8.551725,9.264890,9.100492,-1.000000,43.738781
0.234518,0.371317,-2.462376,1.527770,1.527788,1.262451,0.732851,3.832973,6.330942,7.327013,7.175565,1.000000,44.407017
0.295330,1.693249,-0.315023,-0.742617,-0.742624,1.559357,0.775742,3.775020,6.423754,7.623631,7.694963,-1.000000,44.077240
0.040496,0.546671,-0.587165,-2.756452,-2.756457,3.130192,2.996566,5.701567,8.583022,10.039404,10.432456,-1.000000,42.862270
-0.375047,0.039479,-1.263324,2.571373,2.571376,-0.351362,0.572445,2.277933,5.110543,6.810268,7.453209,1.000000,43.964420
2.674117,3.033327,-0.219519,-1.085667,-1.085673,0.626626,1.726206,2.600951,5.432056,7.469279,8.352133,-1.000000,43.487110
-0.671671,0.572898,-1.837219,1.017757,1.017766,-0.604506,0.879097,1.016728,3.569736,5.868108,6.976878,1.000000,43.929707
-0.019893,0.099489,-0.775963,-0.711183,-0.711191,-0.103457,1.263437,1.191149,3.626154,6.016127,7.281552,-1.000000,43.617283
0.000000,0.601813,-0.862588,-0.815758,-0.815743,0.902701,1.540614,1.664990,3.770306,6.245372,7.670436,-1.000000,43.261478
-0.537199,0.756070,-0.537199,0.822467,0.822452,-0.079580,0.181066,0.888720,2.299055,4.741754,6.370352,1.000000,43.617283
-1.733432,0.288910,-1.887517,3.302825,3.302831,-2.577041,-2.729197,-2.072417,-1.376151,0.889835,2.672790,1.000000,45.057888
-0.116371,1.454616,-0.484872,-0.693369,-0.693366,-1.532202,-1.974405,-1.150770,-1.001749,1.038786,3.026301,-1.000000,44.745472
1.085864,1.548361,-0.321737,-3.549265,-3.549273,1.878146,1.419669,2.187818,2.171733,4.160070,6.268021,-1.000000,43.157333
-0.281348,0.281359,-0.643085,0.060322,0.060319,1.780554,1.432887,1.743043,1.831805,3.522521,5.661389,0.000000,43.183365
0.542793,1.043841,-0.584557,-3.737934,-3.737928,4.747385,4.795401,4.993732,5.581416,6.820874,9.043143,-1.000000,41.569202
2.563030,2.605046,-0.063021,-0.626313,-0.626303,3.592431,4.928564,5.263299,6.009447,6.778147,8.970584,-1.000000,41.308853
0.401102,0.717754,-0.865527,-0.483191,-0.483199,2.326366,4.751952,5.239602,6.276123,6.669202,8.701008,0.000000,41.109249
0.463941,0.716997,-0.485025,0.105550,0.105543,1.244208,4.042606,4.654865,5.685373,5.967956,7.902443,0.000000,41.152637
1.916379,1.916379,0.000000,-3.163222,-3.163214,2.878920,6.585364,7.569685,8.408100,8.853660,10.629357,-1.000000,39.850891
0.492187,0.770383,-0.385194,1.763942,1.763951,0.594896,3.982439,5.144433,5.865597,6.698896,8.011971,1.000000,40.553841
-0.926704,0.147428,-1.074134,1.604965,1.604955,-1.044652,1.404799,3.114290,3.885843,4.812970,5.699240,1.000000,41.204712
1.981839,2.312143,-0.598673,2.021902,2.021900,-2.563995,-1.248967,0.770713,1.545211,2.630058,3.166807,1.000000,42.037830
-2.352472,0.000000,-2.731258,3.550787,3.550783,-4.812595,-4.549439,-2.698031,-1.999599,-1.032693,-0.652575,1.000000,43.530502
-1.518647,0.346023,-1.653210,3.708134,3.708154,-5.870829,-7.527887,-5.899028,-5.250881,-4.617470,-4.237487,1.000000,45.144680
-1.944810,0.166698,-2.148546,3.787009,3.786991,-6.616039,-9.774033,-8.872015,-8.399706,-8.019265,-7.476695,1.000000,46.854305
0.071635,0.662606,-0.895415,3.426557,3.426554,-6.715611,-11.287603,-11.423110,-10.921379,-10.676931,-10.185049,1.000000,48.459793
-1.834217,0.017633,-1.904765,1.540116,1.540126,-5.216935,-10.987659,-12.162264,-11.736338,-11.641629,-11.136985,1.000000,49.206135
0.984076,1.663985,-0.268379,-1.428575,-1.428574,-1.792807,-8.182145,-10.154473,-9.953484,-9.996068,-9.614724,-1.000000,48.503189
0.844113,0.844113,-0.431036,-0.375736,-0.375742,-0.107757,-6.082971,-9.106799,-9.090338,-9.204742,-9.090638,0.000000,48.320942
-1.171730,1.006955,-1.171730,-1.903737,-1.903736,2.061517,-2.815817,-6.522640,-6.926950,-7.152692,-7.223240,-1.000000,47.401039
-0.448833,0.323160,-0.951531,1.977301,1.977307,0.032311,-3.224423,-7.365656,-8.392287,-8.551534,-8.704975,1.000000,48.338303
-1.902745,0.070474,-2.343196,1.903047,1.903044,-1.814656,-3.565889,-7.992717,-9.644996,-9.826639,-10.081631,1.000000,49.258202
-0.436910,0.104855,-1.572878,0.810435,0.810423,-2.139106,-3.107297,-7.590579,-9.716876,-10.065007,-10.429915,1.000000,49.657402
1.203301,1.346983,-0.413073,-2.691368,-2.691361,0.567529,0.229886,-3.866138,-6.688217,-7.158764,-7.576030,-1.000000,48.320942
-1.201366,0.233104,-1.506186,0.161638,0.161632,0.817650,0.387312,-2.940642,-6.133219,-6.913389,-7.419755,0.000000,48.399044
0.177932,0.782915,-0.818504,0.771026,0.771034,0.224194,-0.316728,-2.648876,-6.086302,-7.321000,-7.766908,1.000000,48.772217
-0.589605,0.214399,-0.661074,-0.409253,-0.409249,0.353754,-0.037526,-1.351920,-4.932112,-6.624984,-7.069270,0.000000,48.572617
0.692548,0.801899,-0.601418,-1.965342,-1.965348,1.509024,1.780576,1.197988,-2.347362,-4.378346,-4.926186,-1.000000,47.617996
1.880473,1.992180,-0.037237,-2.114088,-2.114089,2.967794,3.611995,3.593377,0.486880,-2.018986,-2.633273,-1.000000,46.611309
-0.454461,0.473395,-0.833179,-1.675662,-1.675662,3.601592,5.035032,5.209873,2.775044,0.022724,-0.812977,-1.000000,45.830261
-0.412366,1.574510,-1.049666,1.022528,1.022530,1.484540,3.531400,3.833807,2.284916,-0.558570,-1.727581,1.000000,46.298889
-0.588565,0.645529,-0.778432,-1.274602,-1.274601,1.541675,4.091515,4.664265,4.007029,1.127781,-0.388580,-1.000000,45.708763
-0.455491,0.835077,-0.910989,0.037974,0.037973,0.675650,3.192258,4.219652,4.207633,1.489470,-0.239132,0.000000,45.726120
-2.062432,0.092900,-2.415459,2.144621,2.144621,-1.397251,0.680044,1.801066,2.186921,-0.054253,-2.082248,1.000000,46.706772
-1.987600,0.711160,-2.115244,1.895206,1.895196,-2.490876,-1.362135,-0.065636,0.363796,-1.321652,-3.481633,1.000000,47.591957
0.678026,0.971226,-0.733007,-0.492341,-0.492331,-1.561301,-1.172807,0.290757,0.743999,-0.313725,-2.578339,0.000000,47.357647
0.436431,1.100565,-0.208731,-3.426789,-3.426786,1.943066,1.713465,3.335856,3.939273,3.546864,1.215681,-1.000000,45.734802
-0.555770,0.134151,-1.073210,-0.986719,-0.986721,2.763508,2.211572,3.721730,4.619584,4.733613,2.528426,-1.000000,45.283527
0.557480,1.211077,-0.519031,-0.306631,-0.306617,2.387530,2.201061,3.571687,4.589565,5.055732,3.234639,0.000000,45.144680
-0.277171,0.752328,-0.356357,-2.902734,-1.115917,2.220853,3.087982,4.179264,5.460720,6.042967,4.704832,-1.000000,44.640903
2.031374,2.172160,-0.080453,-1.564041,-1.564036,2.290756,4.189739,5.101856,6.636220,7.316690,6.576168,-1.000000,43.942703
0.882957,1.827513,-0.225875,-2.051488,-2.051492,3.181566,5.752186,6.446413,8.147461,8.991464,8.886071,-1.000000,43.041222
-0.082510,0.515677,-1.031353,-0.451747,-0.451751,2.512383,5.560083,6.187099,7.843470,8.958009,9.327005,0.000000,42.846783
-2.336354,0.000000,-2.638473,2.413370,2.413374,-0.479359,2.428554,3.269966,4.796209,5.985669,6.654706,1.000000,43.880836
0.542387,0.763361,-0.421854,0.261827,0.261827,-1.032540,1.343665,2.722296,4.022115,5.399290,6.159604,0.000000,43.995728
-1.154147,0.058691,-1.232389,2.691844,2.691850,-3.079033,-1.794833,-0.135448,0.897853,2.356853,3.134877,1.000000,45.180027
-0.271686,0.698622,-0.504559,0.802034,0.802031,-2.751795,-2.618452,-0.954376,-0.237624,1.216090,2.046127,1.000000,45.542385
2.321858,2.742200,-0.100078,-3.046769,-3.046764,0.896714,0.186146,1.920900,2.505254,3.898333,4.924669,-1.000000,44.154816
0.766743,1.230825,-0.383378,-0.800637,-0.800637,1.674732,0.688048,2.301282,3.011806,4.324155,5.427565,-1.000000,43.801296
-1.699597,0.256921,-1.798417,2.098460,2.098458,-0.090906,-1.363635,-0.229413,0.770491,1.850921,3.060878,1.000000,44.720448
0.496524,0.973192,-0.417078,-0.494071,-0.494074,0.099309,-0.748755,-0.162217,1.068663,1.972569,3.285049,0.000000,44.499496
0.237818,0.495442,-0.138724,0.218473,0.218479,-0.543007,-0.616334,-0.549996,0.723653,1.393657,2.711468,0.000000,44.596718
1.581900,1.661996,-0.020022,-1.030519,-1.030524,0.484583,0.710854,0.312376,1.592437,2.133965,3.364053,-1.000000,44.137138
-0.416417,0.099147,-0.713861,0.981179,0.981178,-0.146738,-0.113028,-0.748232,0.365634,0.958404,2.079210,1.000000,44.570202
1.582851,2.584654,-0.220399,-1.031132,-1.031137,0.617115,0.953722,0.205709,1.016710,1.854332,2.818688,-1.000000,44.110622
2.658281,2.759740,-0.202920,-1.262274,-1.262265,1.469154,1.870940,1.427216,1.871429,2.904332,3.733742,-1.000000,43.553829
0.799672,0.861183,-1.312280,-1.034901,-1.034906,1.837195,2.370311,2.497438,2.631446,3.738623,4.395534,-1.000000,43.103088
1.163294,1.378723,-0.495474,-4.818540,-4.818536,5.476088,6.790178,7.390494,7.308274,8.532122,9.144949,-1.000000,41.026150
-0.762191,1.328399,-1.546165,-1.077122,-1.077123,4.660280,7.160280,8.018295,7.914854,9.110436,9.838350,-1.000000,40.584248
-0.403478,1.911238,-0.955619,2.547914,2.547910,0.862180,3.752390,4.953637,4.870463,5.825336,6.771953,1.000000,41.618298
0.258340,2.023677,-0.021533,-1.359097,-1.359104,1.033373,4.342309,5.729465,5.963408,6.669098,7.817114,-1.000000,41.052662
1.296094,1.519553,-0.044693,-3.659851,-3.659845,3.074860,7.030168,8.735943,9.547488,10.095833,11.393905,-1.000000,39.550198
0.067596,0.518251,-1.960349,-0.826813,-0.826818,3.014873,6.669673,8.804270,9.998878,10.395678,11.769965,-1.000000,39.223190
-0.066954,1.004233,-0.312437,0.968905,0.968906,1.530908,4.391877,7.053487,8.403261,8.776615,10.099518,1.000000,39.603226
-0.467288,0.645307,-1.379615,0.290109,0.290115,0.280372,2.983978,5.904168,7.551180,7.966178,9.120217,0.000000,39.718121
1.555708,1.715855,-0.205903,-2.736983,-2.736993,1.848554,4.607650,7.871588,9.730050,10.454370,11.437885,-1.000000,38.631039
1.322385,1.390789,-0.342002,0.343175,0.343193,1.094379,3.130402,6.499455,8.480380,9.635191,10.457285,0.000000,38.763618
0.778210,1.808196,-0.366217,-0.387601,-0.387624,1.171905,2.906857,5.960189,8.184955,9.623272,10.311301,0.000000,38.613361
-1.140434,0.089439,-1.475850,2.357524,2.357529,-1.198567,0.268339,2.668460,5.152062,6.657430,7.296518,1.000000,39.523682
-1.161070,0.000000,-1.709939,5.925756,5.925761,-5.699810,-5.281823,-3.432549,-1.071350,0.487233,1.073117,1.000000,41.865761
1.202745,1.739686,0.000000,-1.709939,-1.709937,-2.835055,-3.610399,-2.142043,0.242695,1.843641,2.605239,-1.000000,41.149883
0.152150,0.652039,-0.565090,-1.181278,-1.181279,-0.738970,-2.184305,-1.372162,0.957405,2.581184,3.636897,-1.000000,40.663788
-0.255643,0.383468,-0.724331,2.021302,2.021309,-1.320841,-3.576912,-3.252384,-1.362382,0.291432,1.474219,1.000000,41.485729
0.777363,1.209238,-0.129564,-1.342135,-1.342141,0.708268,-1.941269,-1.880087,-0.465345,1.375079,2.614265,-1.000000,40.928932
-0.217207,0.738488,-0.369248,-0.583027,-0.583030,0.721113,-1.127282,-1.456705,-0.301911,1.573415,2.945266,-1.000000,40.690304
