-6.944448,0.880762,-7.791331,5.730659,5.730659,-0.596207,-9.596884,-17.190606,-20.936654,-24.096206,-26.203703,1.000000,29.520000
1.047651,2.568435,-1.993917,0.237127,0.237127,-0.912470,-6.830011,-15.241636,-19.324097,-22.802298,-25.035485,0.000000,29.590000
0.966521,3.831553,-0.034518,-2.095306,-2.095306,0.697277,-2.361060,-11.414104,-16.066619,-19.730754,-22.252903,-1.000000,28.969999
-0.847170,0.881057,-2.033209,1.864001,1.864001,-1.382583,-2.466961,-11.031289,-16.070824,-19.716707,-22.500847,1.000000,29.510000
1.943403,3.136720,-0.750082,-0.609963,-0.609963,0.184111,-0.542108,-8.164565,-14.053870,-17.751109,-20.879645,-1.000000,29.330000
-6.503031,0.382528,-6.598667,6.955339,6.955339,-5.151422,-5.804912,-11.669326,-17.843484,-21.509726,-24.669007,1.000000,31.370001
-4.707343,1.021982,-4.707343,2.932738,2.932738,-6.181483,-7.689690,-11.807580,-18.292044,-22.092291,-25.411378,1.000000,32.290001
4.285714,5.000003,-0.616877,-4.614438,-4.614438,-0.454542,-2.870126,-5.593071,-12.621751,-16.933764,-20.492422,-1.000000,30.799999
-2.407287,0.292778,-6.148341,-0.194802,-0.194802,0.540014,-2.394275,-4.066363,-10.808393,-15.435264,-19.017567,0.000000,30.740000
1.490553,1.490553,-4.571056,-1.789196,-1.789196,2.941369,0.135804,-1.269739,-7.350119,-12.613451,-16.254834,-1.000000,30.190001
-4.281725,0.682597,-5.088427,6.757201,6.757201,-3.040645,-5.361464,-6.559106,-11.279864,-16.636674,-20.176854,1.000000,32.230000
-4.186315,0.795994,-5.011784,5.243556,5.243556,-6.910373,-8.800113,-10.387180,-13.761788,-19.156835,-22.681796,1.000000,33.919998
-1.506373,1.390498,-2.578213,1.768874,1.768874,-6.373118,-8.777520,-11.015836,-13.418309,-18.904983,-22.633257,1.000000,34.520000
4.852574,5.558962,-0.737104,-5.677865,-5.677865,0.380832,-2.349511,-5.106473,-6.976354,-12.558971,-16.738332,-1.000000,32.560001
0.924496,2.095532,-4.807402,-0.337838,-0.337838,2.114018,-1.057013,-3.854137,-5.580897,-10.619417,-15.230614,0.000000,32.450001
4.686443,5.225890,-5.057316,-8.597846,-8.597846,9.986514,7.673635,5.221398,3.649697,-0.876602,-6.180041,-1.000000,29.660000
0.576076,4.100302,-0.304981,-0.505732,-0.505732,7.556762,7.278889,5.738168,4.142664,0.811928,-4.636846,-1.000000,29.510000
1.048002,1.521302,-0.236646,0.237208,0.237208,3.962138,6.612576,5.625423,3.874240,1.625423,-3.807753,0.000000,29.580000
-3.935481,1.935484,-6.322577,4.800541,4.800541,-1.806451,1.812904,1.107527,-0.700000,-2.197419,-7.100000,1.000000,31.000000
7.021206,10.670838,-0.173796,-7.193548,-7.193548,3.246437,9.210984,8.814738,7.144595,5.846368,1.218862,-1.000000,28.770000
-9.218753,1.468753,-9.249997,11.226973,11.226973,-5.712500,-1.884375,-2.037500,-3.282812,-4.286250,-7.722917,1.000000,32.000000
-5.526472,1.018031,-6.544502,7.437503,7.437503,-9.406634,-8.542759,-8.413809,-9.281561,-10.368821,-12.791354,1.000000,34.380001
-4.520086,2.008931,-6.501122,4.246652,4.246652,-9.603794,-11.900111,-11.207217,-12.018694,-13.335937,-15.038132,1.000000,35.840000
-5.084741,1.959751,-5.084741,5.357137,5.357137,-10.619699,-15.002644,-14.482693,-15.399889,-16.905716,-18.192086,1.000000,37.759998
1.505368,3.413978,-0.913978,-1.483043,-1.483043,-4.741938,-12.446239,-11.939070,-13.068550,-14.656991,-15.906812,-1.000000,37.200001
1.728256,1.728256,-3.004523,1.102151,1.102151,-2.797130,-11.286894,-11.945407,-13.186655,-14.726936,-15.935480,1.000000,37.610001
3.181939,3.426704,-0.135978,-2.233451,-2.233451,0.723416,-7.285831,-9.417097,-10.594234,-11.997824,-13.375034,-1.000000,36.770000
0.684744,3.314169,-1.835108,-0.707104,-0.707104,1.807728,-4.727467,-8.408650,-9.175563,-10.545051,-12.137309,-1.000000,36.509998
0.777343,2.220988,-1.943365,-1.342093,-1.342093,2.226541,-2.037757,-6.522302,-7.207107,-8.605219,-10.372016,-1.000000,36.020000
-7.021172,0.077434,-7.021172,7.551366,7.551366,-4.155916,-6.342286,-12.003102,-12.618745,-14.050598,-15.733957,1.000000,38.740002
6.657534,6.657534,-0.684932,-5.782142,-5.782142,1.117808,0.638356,-5.353424,-6.671233,-8.213698,-9.925114,-1.000000,36.500000
-3.570495,1.094610,-4.925721,5.123285,5.123285,-2.976282,-3.226477,-8.426720,-10.639820,-12.053164,-13.552252,1.000000,38.369999
-2.842770,1.106916,-3.144654,3.596563,3.596563,-4.714465,-5.602516,-9.900210,-13.084276,-14.205786,-15.649476,1.000000,39.750000
0.684240,3.902689,-0.937656,-0.729562,-0.729562,-2.270651,-4.477950,-7.808749,-11.571209,-12.691331,-14.189050,-1.000000,39.459999
-1.025646,0.025636,-3.076926,-1.165735,-1.165735,-0.984616,-2.889744,-4.972650,-9.688462,-10.757949,-12.350427,-1.000000,39.000000
4.717999,6.290672,-2.060743,-5.435895,-5.435895,4.913229,2.494574,1.372015,-3.518170,-5.123647,-6.813994,-1.000000,36.880001
1.707730,2.323623,-2.435619,-3.145336,-3.145336,6.836504,5.529112,4.914144,0.484320,-1.840988,-3.467714,-1.000000,35.720001
-3.334234,1.762001,-3.334234,3.275470,3.275470,1.897536,2.285175,1.776455,-1.711843,-4.697205,-5.979034,1.000000,36.889999
-1.800327,1.609384,-1.800327,-0.623473,-0.623473,1.009275,3.101473,2.214948,-0.323241,-3.651937,-4.850882,-1.000000,36.660000
-0.271221,2.251158,-0.515321,0.572829,0.572829,-0.721451,2.007054,1.573097,0.207488,-3.721180,-4.788895,1.000000,36.869999
0.758405,0.758405,-0.650049,0.135609,0.135609,-0.834232,1.982670,1.310947,0.738087,-3.065000,-4.494397,0.000000,36.919998
1.676287,2.857931,-0.192358,-1.435534,-1.435534,0.978291,2.923882,2.716866,2.481453,-0.896947,-2.877162,-1.000000,36.389999
3.583424,4.143337,-0.475929,-1.841160,-1.841160,2.217241,3.726200,4.496077,4.386895,1.649493,-0.943452,-1.000000,35.720001
-1.983693,0.570649,-6.603261,3.023511,3.023511,-0.706521,-0.040759,1.570654,1.192937,-0.703259,-3.466483,1.000000,36.799999
1.098893,1.373626,-3.241761,-1.086948,-1.086948,0.126368,0.343401,2.258236,2.195049,1.226368,-2.043962,-1.000000,36.400002
8.316061,8.316061,-3.521761,-7.170332,-7.170332,6.007693,7.179635,9.622173,9.523524,9.257173,5.929759,-1.000000,33.790001
0.000000,0.770593,-1.600477,-0.147970,-0.147970,4.593951,6.751624,8.869782,9.236804,9.343206,6.504637,0.000000,33.740002
0.233378,0.816809,-2.479577,1.600465,1.600465,2.106189,4.308638,6.091018,7.190785,7.438743,5.283939,1.000000,34.279999
1.592911,3.569318,-4.159292,-1.108509,-1.108509,1.539821,4.663711,6.186818,8.079640,8.187605,6.749256,-1.000000,33.900002
1.224246,1.224246,-1.911030,-1.209439,-1.209439,1.045086,4.935797,6.389962,8.618985,9.068970,8.525922,-1.000000,33.490002
0.413712,1.802603,-2.039001,1.045082,1.045082,0.029554,2.940309,4.690702,7.102542,7.495272,7.584713,1.000000,33.840000
5.481573,6.689377,-0.712295,-4.580375,-4.580375,3.933105,6.611954,9.007946,11.302258,12.100338,12.533289,-1.000000,32.290001
0.409317,4.502516,-3.526452,-1.641378,-1.641378,4.080608,7.144209,9.750211,11.901764,13.372797,13.982998,-1.000000,31.760000
3.534032,6.773567,-1.047117,-3.778341,-3.778341,5.981680,9.309561,12.729062,14.839664,17.109952,17.673434,-1.000000,30.559999
1.716874,4.016845,-0.259151,1.014404,1.014404,3.219952,6.420472,10.301261,12.369612,14.914153,15.808225,1.000000,30.870001
1.201686,1.201686,-2.565771,-0.259151,-0.259151,1.506981,5.722636,9.260581,11.672618,14.470929,15.370788,0.000000,30.790001
-2.155727,2.767056,-3.056631,0.941861,0.941861,-0.218790,3.880310,7.102104,9.884171,12.464608,13.684042,1.000000,31.080000
-0.096435,1.350048,-2.475092,0.096528,0.096528,-0.732885,2.761169,6.010928,8.849242,11.245256,12.995819,0.000000,31.110001
1.028939,1.028939,-1.061093,-0.032147,-0.032147,-0.353696,1.893892,4.823153,7.990355,10.205789,12.504824,0.000000,31.100000
-0.829085,1.977038,-2.997452,0.836016,0.836016,-0.867348,0.369896,2.882652,6.216516,8.317600,10.787625,1.000000,31.360001
-1.077996,1.363342,-1.077996,0.573980,0.573980,-0.957516,-0.932151,1.819910,4.757449,7.022192,9.631154,1.000000,31.540001
0.665818,1.363342,-1.141411,0.000000,0.000000,-0.665822,-1.169944,1.354892,3.988585,6.492071,8.909319,0.000000,31.540001
-0.755668,0.598240,-1.322418,0.697524,0.697524,-0.944582,-1.854532,0.123848,2.644838,5.108314,7.316332,1.000000,31.760000
7.515230,8.056868,-0.033852,-6.989921,-6.989921,5.443466,5.176031,6.664408,9.129992,12.043329,14.262015,-1.000000,29.540001
-4.215302,0.324257,-4.215302,4.400809,4.400809,0.661481,0.732816,1.595332,3.628407,6.538264,8.563555,1.000000,30.840000
1.071777,14.809993,-0.584605,-0.162124,-0.162124,0.337771,0.896394,1.099923,3.309515,5.914906,8.080543,0.000000,30.790001
9.571078,9.890114,-0.106342,-8.379350,-8.379350,7.153496,9.106705,9.382021,11.777744,14.441694,17.077874,-1.000000,28.209999
0.570410,0.819972,-4.812827,-0.567175,-0.567175,5.119433,8.638151,9.124188,11.304819,14.000719,16.695193,-1.000000,28.049999
-1.964836,2.516374,-3.171320,3.422464,3.422464,1.275422,4.322648,5.156844,6.778698,9.154087,11.954500,1.000000,29.010000
2.450984,2.591037,-3.046212,-1.551193,-1.551193,1.274512,4.985998,6.274514,7.598044,9.775916,12.748605,-1.000000,28.559999
-6.886417,1.762405,-7.147513,7.282913,7.282913,-5.698433,-2.434723,-0.972581,-0.228456,1.912537,4.411449,1.000000,30.639999
5.164801,5.164801,-0.577642,-3.949083,-3.949083,-0.992187,0.859666,2.725111,3.387700,5.516821,7.915960,-1.000000,29.430000
0.986734,1.258935,-1.905407,-0.135919,-0.135919,0.054442,0.190543,2.474768,3.125217,4.994901,7.344907,0.000000,29.389999
-0.907872,1.916607,-8.406187,1.190885,1.190885,-0.632147,-0.921319,0.963909,1.773706,3.199732,5.290295,1.000000,29.740000
-0.639293,3.532978,-1.076713,-0.067253,-0.067253,0.215345,-1.231492,0.663978,1.648725,2.761780,4.611938,0.000000,29.719999
-4.950492,0.415209,-5.908656,5.349933,5.349933,-4.445863,-6.081123,-4.496964,-3.430211,-2.779939,-0.964544,1.000000,31.309999
3.287764,3.287764,-0.911452,-1.884382,-1.884382,-1.770833,-3.460286,-2.840710,-1.634112,-1.117184,0.609813,-1.000000,30.719999
-0.671144,3.451575,-1.981467,1.855475,1.855475,-2.345802,-4.183450,-4.710774,-3.397255,-2.978591,-1.541496,1.000000,31.290001
2.287368,2.287368,-3.962635,-0.798977,-0.798977,-0.721653,-2.757736,-3.621138,-2.628869,-2.135312,-1.055630,-1.000000,31.040001
1.547074,1.711656,-2.633308,-2.126295,-2.126295,1.869654,-0.046081,-1.628262,-0.674783,-0.073729,0.752692,-1.000000,30.379999
-2.962963,1.288251,-3.929143,2.205398,2.205398,-0.495972,-2.070852,-3.695114,-2.896938,-2.196454,-1.720877,1.000000,31.049999
1.803873,5.444415,-3.214169,-1.803540,-1.803540,1.180715,0.075433,-1.427792,-1.285668,-0.477534,-0.112605,-1.000000,30.490000
-2.787453,2.312319,-3.642699,3.542145,3.542145,-2.103263,-2.657587,-4.056595,-4.692747,-3.823884,-3.549784,1.000000,31.570000
2.569945,4.651913,-1.073520,-2.629078,-2.629078,0.344826,0.296030,-1.090871,-1.924204,-1.273911,-0.926046,-1.000000,30.740000
-0.553930,0.325839,-2.248293,-0.162651,-0.162651,0.710326,0.775493,-0.467040,-1.788860,-1.200395,-0.784189,0.000000,30.690001
0.329493,1.515647,-1.021414,-1.107856,-1.107856,1.377266,1.588138,0.584294,-0.761121,-0.250412,0.278967,-1.000000,30.350000
3.041695,3.178404,-1.469583,-3.591433,-3.591433,4.313056,4.873548,4.292549,3.115173,3.153793,3.807245,-1.000000,29.260000
-1.448302,0.842034,-2.458747,1.469586,1.469586,1.535869,2.815760,2.849441,1.897941,1.380932,2.144377,1.000000,29.690001
1.612353,1.852491,-1.475132,-1.818798,-1.818798,2.325902,4.072041,4.619783,3.809605,3.205488,3.813608,-1.000000,29.150000
0.034495,2.104174,-1.966195,-0.548885,-0.548885,1.717834,4.166954,5.029320,4.456709,3.519834,4.114062,-1.000000,28.990000
0.000000,0.760190,-1.727712,-0.172470,-0.172470,0.919141,3.617827,4.664821,4.343465,3.442981,3.994467,0.000000,28.940001
-1.728228,1.558790,-1.762115,1.969589,1.969589,-0.860724,1.284311,2.369819,2.341579,1.621145,1.756466,1.000000,29.510000
1.374095,2.335967,-2.129856,-1.355469,-1.355469,0.103055,1.830984,3.277221,3.699756,3.163170,2.851250,-1.000000,29.110001
-3.389831,0.332340,-5.250914,3.366537,3.366537,-2.532401,-1.701561,-0.296887,0.380525,-0.053174,-0.437576,1.000000,30.090000
1.688049,2.498312,-1.114112,-1.561977,-1.561977,-0.560433,-0.503040,1.114110,1.956445,1.675891,1.004948,-1.000000,29.620001
-3.035189,0.678079,-4.326768,4.557724,4.557724,-3.584110,-4.639970,-3.310727,-2.542780,-2.713591,-3.378536,1.000000,30.969999
-2.395965,0.252207,-3.089530,2.421698,2.421698,-4.470363,-6.119164,-5.338374,-4.689467,-4.725092,-5.294239,1.000000,31.719999
0.000000,0.219505,-3.449351,0.535939,0.535939,-3.236122,-5.929756,-5.776102,-5.103478,-4.919408,-5.397719,0.000000,31.889999
-2.850138,0.091937,-3.830837,2.320483,2.320483,-3.873739,-6.996631,-7.526818,-7.011955,-6.721425,-7.173361,1.000000,32.630001
2.395772,2.395772,-3.018043,-1.501692,-1.501692,-0.840073,-4.598628,-5.816218,-5.320470,-4.998130,-5.386847,-1.000000,32.139999
0.563204,2.753445,-2.221524,-0.560050,-0.560050,0.337924,-3.116393,-4.949934,-4.644865,-4.381724,-4.716309,-1.000000,31.959999
-0.469631,1.064490,-1.721985,-0.062572,-0.062572,0.538506,-2.294931,-4.331040,-4.358174,-4.169070,-4.394702,0.000000,31.940001
7.245402,7.245402,-0.634394,-6.230432,-6.230432,5.923202,4.477459,2.083469,1.726207,2.019362,2.020030,-1.000000,29.950001
1.306533,1.306533,-4.020101,-0.333893,-0.333893,4.415410,4.747068,2.581798,1.917923,2.201675,2.374093,0.000000,29.850000
-0.234663,2.145488,-1.106269,-0.067002,-0.067002,2.936642,4.887696,2.838306,1.842106,2.196447,2.455023,0.000000,29.830000
-0.571429,0.403365,-2.084037,-0.268186,-0.268186,1.727732,4.759664,3.296359,2.015126,2.296471,2.555743,0.000000,29.750000
2.531207,3.675451,-0.450766,-3.058824,-3.058824,2.787795,7.066574,6.400832,5.161235,5.295423,5.574434,-1.000000,28.840000
-2.929296,0.740737,-4.175091,2.981973,2.981973,-0.356905,3.228953,3.452297,2.117842,1.994610,2.338942,1.000000,29.700001
-0.607287,2.766532,-4.790823,-0.202027,-0.202027,-0.296893,2.429153,3.560507,2.407224,2.052635,2.388668,0.000000,29.639999
-2.620229,0.232169,-2.620229,1.720651,1.720651,-1.771144,0.036485,1.925925,0.867330,0.254727,0.631288,1.000000,30.150000
3.648142,3.648142,-1.636550,-2.719735,-2.719735,0.688715,1.936584,4.402773,3.753836,2.918514,3.249233,-1.000000,29.330000
-0.728910,3.366894,-0.728910,-1.772932,-1.772932,2.485251,2.690042,5.613795,5.505036,4.713645,4.918435,-1.000000,28.809999
-1.603001,2.796722,-2.557981,1.770222,1.770222,0.443382,0.688949,3.192360,3.705661,2.841746,2.837654,1.000000,29.320000
-0.034471,1.792489,-0.654947,-1.057299,-1.057299,1.082385,1.475353,3.463173,4.627714,3.921406,3.737792,-1.000000,29.010000
0.034495,1.793722,-0.655402,-0.068942,-0.068942,0.351845,1.255605,2.810164,4.591238,3.993101,3.613890,0.000000,28.990000
-4.034392,0.330688,-4.034392,4.311832,4.311832,-3.194445,-2.767857,-1.818783,0.147156,-0.133598,-0.681217,1.000000,30.240000
2.484690,2.484690,-1.565688,-2.843919,-2.843919,0.027232,0.262086,0.474249,2.680398,2.771957,2.239622,-1.000000,29.379999
-2.763903,0.299700,-4.095911,2.212396,2.212396,-1.665005,-1.798206,-1.682765,0.148182,0.669993,0.064377,1.000000,30.030001
-1.027167,1.855533,-2.783300,0.499497,0.499497,-1.378396,-2.107356,-2.098520,-0.755467,0.181577,-0.319196,0.000000,30.180000
2.411681,4.076080,-0.577449,-2.451952,-2.451952,1.406247,0.112089,0.274000,1.280567,2.675268,2.237315,-1.000000,29.440001
0.928793,1.651183,-0.928796,-1.256797,-1.256797,1.891986,1.296870,1.394336,2.072584,3.720674,3.553492,-1.000000,29.070000
-4.323975,0.032268,-5.324298,6.604747,6.604747,-3.381735,-4.275572,-4.425083,-4.404646,-2.799613,-2.703022,1.000000,30.990000
0.747481,0.747481,-1.104972,-0.709906,-0.709906,-2.209944,-3.119922,-3.509912,-3.587910,-2.250244,-1.827538,-1.000000,30.770000
-0.226764,0.421118,-1.749274,0.324995,0.324995,-2.079691,-2.831230,-3.556854,-3.735021,-2.794950,-2.061336,0.000000,30.870001
-0.806972,0.032279,-1.387995,0.356330,0.356330,-1.433182,-2.533892,-3.720680,-3.891220,-3.289864,-2.262750,0.000000,30.980000
-3.545885,1.026432,-3.545885,3.776637,3.776637,-3.104203,-5.486785,-6.639715,-7.015557,-6.785697,-5.697258,1.000000,32.150002
-1.802077,0.794129,-1.893717,1.835148,1.835148,-3.781310,-6.163718,-7.521894,-8.095607,-8.367751,-7.292817,1.000000,32.740002
6.818930,6.818930,-0.619905,-6.383634,-6.383634,2.701471,0.437196,-0.926589,-1.673735,-2.028058,-1.106035,-1.000000,30.650000
-13.977065,3.174174,-14.510543,22.316483,22.316483,-12.504669,-15.937586,-17.494446,-18.566288,-19.087760,-18.716995,1.000000,37.490002
-3.402059,2.396910,-5.257735,3.494257,3.494257,-11.427830,-16.363398,-18.594498,-20.201028,-20.894843,-20.889173,1.000000,38.799999
2.819904,3.511572,-0.984302,-3.118554,-3.118554,-5.682361,-11.404627,-14.670567,-16.533652,-17.514232,-17.843397,-1.000000,37.590000
-1.848966,0.755200,-1.848966,2.154834,2.154834,-4.723962,-11.343753,-14.904517,-17.045576,-18.258337,-19.015628,1.000000,38.400002
-4.000000,0.819277,-5.831320,8.072911,8.072911,-6.612047,-15.380721,-19.418472,-21.774698,-23.226987,-24.137349,1.000000,41.500000
3.800000,9.075003,-0.699997,-3.614458,-3.614458,-1.854999,-9.924998,-14.759998,-17.467499,-19.311999,-20.446666,-1.000000,40.000000
-2.659582,1.885875,-4.182785,3.400002,3.400002,-3.844295,-10.377176,-15.641522,-18.685929,-20.881046,-22.133302,1.000000,41.360001
-0.456726,3.461546,-5.408654,0.580264,0.580264,-2.471149,-8.622591,-14.120187,-17.789659,-20.157688,-21.633008,1.000000,41.599998
-1.497436,2.339728,-2.503519,2.740394,2.740394,-3.041651,-8.720172,-14.578072,-18.419516,-20.983625,-22.639217,1.000000,42.740002
-7.026319,4.415921,-7.026319,7.557321,7.557321,-7.909507,-11.801176,-18.375753,-22.417882,-25.086796,-26.895077,1.000000,45.970001
1.464165,2.272730,-0.633735,-0.456826,-0.456826,-4.969401,-9.589157,-15.831872,-20.359480,-23.278842,-25.385340,0.000000,45.759998
-1.750265,0.064041,-2.988254,2.381993,2.381993,-4.836710,-9.974382,-15.531835,-20.354318,-23.538950,-25.933116,1.000000,46.849998
4.460146,4.548459,-0.529923,-3.329770,-3.329770,0.070654,-5.173329,-10.688159,-15.820270,-19.576066,-22.207258,-1.000000,45.290001
-4.314995,1.294505,-6.450911,2.340466,2.340466,-0.660192,-5.626750,-10.773099,-16.088453,-19.950805,-22.724915,1.000000,46.349998
-0.104710,4.565445,-0.984295,3.020501,3.020501,-2.827227,-7.084817,-11.001745,-16.770680,-20.813403,-23.704014,1.000000,47.750000
2.093669,4.360017,-0.863376,-2.973818,-2.973818,0.397146,-2.870715,-7.001947,-12.551266,-16.992017,-20.119436,-1.000000,46.330002
1.068940,1.439791,-1.832461,-1.057634,-1.057634,1.029669,-0.855149,-4.984002,-9.995636,-14.673647,-18.040284,-1.000000,45.840000
0.087779,2.282205,-0.482778,-0.589005,-0.589005,1.751152,0.603467,-3.253602,-7.989905,-12.719771,-16.433325,-1.000000,45.570000
0.285896,0.483831,-0.989666,-0.219440,-0.219440,1.587859,1.425113,-2.004254,-6.387730,-11.254015,-15.070011,0.000000,45.470001
0.715724,1.990604,-0.536788,-1.671436,-1.671436,1.954823,2.867369,0.140165,-3.224109,-8.498320,-12.531870,-1.000000,44.709999
2.334630,2.632184,-1.556423,-2.281369,-2.281369,3.126575,4.795150,3.041125,-0.255205,-5.188370,-9.459065,-1.000000,43.689999
4.234452,4.952153,-0.430622,-4.325933,-4.325933,5.856461,8.325361,7.770337,4.613639,0.133974,-4.379583,-1.000000,41.799999
0.894375,1.281129,-2.755618,-1.028708,-1.028708,4.926276,8.503749,8.853439,6.157846,2.066234,-2.394647,-1.000000,41.369999
0.169492,3.898308,-1.912835,-0.169205,-0.169205,3.084746,7.464893,8.805490,6.688864,3.068283,-1.397092,0.000000,41.299999
-0.530253,0.530241,-3.133292,0.460056,0.460056,1.060491,5.463962,7.587364,6.199079,3.641354,-0.987391,0.000000,41.490002
0.799036,1.573855,-2.324453,-0.457949,-0.457949,0.368040,4.731237,7.362391,6.845038,4.487169,0.309930,0.000000,41.299999
0.604303,0.604303,-1.837075,0.169492,0.169492,-0.009667,3.473533,6.297641,6.665460,4.558861,0.977361,0.000000,41.369999
0.075657,3.379571,-2.976043,-4.157595,-4.157595,3.460273,6.469099,9.960482,11.046652,9.302390,5.988225,-1.000000,39.650002
-0.818447,2.256944,-2.554561,1.689780,1.689780,1.254961,3.422618,7.136243,8.901289,7.676587,4.853671,1.000000,40.320000
-0.319808,0.565803,-1.525223,0.818457,0.818457,0.019676,1.584251,5.102086,7.362848,6.718814,4.822463,1.000000,40.650002
-0.824842,2.207666,-1.698207,1.402211,1.402211,-1.402232,-0.419701,2.822252,5.327508,5.361472,3.674589,1.000000,41.220001
-3.368419,1.871343,-4.678363,3.711788,3.711788,-4.285378,-3.761403,-1.339571,1.078363,1.720702,0.272125,1.000000,42.750000
0.140550,2.037953,-0.913563,-0.140353,-0.140353,-2.726631,-3.316933,-1.650657,0.915908,1.965802,0.811278,0.000000,42.689999
-1.022540,0.952824,-1.859166,0.796439,0.796439,-2.235647,-3.678826,-2.805792,-0.267253,1.187081,0.373385,1.000000,43.029999
3.567982,5.279648,-2.892963,-3.602136,-3.602136,1.817743,-0.081967,0.306975,2.703713,4.535197,4.122468,-1.000000,41.480000
5.817254,5.817254,-2.162162,-6.340410,-6.340410,7.490351,6.051486,6.266843,8.693699,10.900391,11.072506,-1.000000,38.849998
-4.440007,2.220005,-4.440007,3.191769,3.191769,2.838611,2.451983,2.695601,4.614617,6.795709,7.531387,1.000000,40.090000
-0.623989,1.871971,-5.153684,7.932153,7.932153,-4.451122,-4.240814,-4.558971,-3.339497,-1.239658,-0.242663,1.000000,43.270000
3.659124,4.405387,-0.505534,-3.998149,-3.998149,-1.189218,0.040922,-0.545661,0.213045,2.410205,3.815597,-1.000000,41.540001
-2.985758,0.895726,-5.810755,4.814636,4.814636,-4.781812,-3.890678,-4.800186,-4.524577,-2.680755,-1.139185,1.000000,43.540001
4.077153,4.394529,-0.903318,-5.925590,-5.925590,2.246097,2.099611,1.140953,1.156008,2.924807,4.697268,-1.000000,40.959999
3.381510,4.620539,-3.639649,-5.419915,-5.419915,7.408359,6.915327,6.484249,6.557816,8.089824,9.999134,-1.000000,38.740002
2.326795,3.660136,-0.941179,-1.264848,-1.264848,6.159479,7.124183,7.604358,7.515033,8.709020,10.794771,-1.000000,38.250000
-8.661420,2.982582,-8.661420,9.568627,9.568627,-2.934859,-2.498210,-1.539807,-1.801479,-1.124314,0.765927,1.000000,41.910000
2.415218,3.366667,-2.220054,-2.195175,-2.195175,-2.000491,-0.429377,0.725376,0.341542,0.731881,2.477835,-1.000000,40.990002
-0.552351,1.440929,-2.617675,1.585745,1.585745,-3.203647,-1.313637,-0.779697,-1.183955,-1.037461,0.502724,1.000000,41.639999
0.142252,3.105742,-0.734948,1.296832,1.296832,-2.811759,-2.081554,-2.140035,-2.353010,-2.268373,-1.073178,1.000000,42.180000
-0.165953,1.730678,-1.280230,0.000000,0.000000,-0.948316,-2.339971,-2.220642,-2.053105,-2.191560,-1.341078,0.000000,42.180000
2.998537,4.656265,-0.755731,-2.750119,-2.750119,1.418821,0.294979,0.217780,0.802048,0.547051,1.087275,-1.000000,41.020000
-0.147196,2.257120,-3.287537,-0.633842,-0.633842,1.952899,0.252704,0.739292,1.458543,1.116786,1.409066,-1.000000,40.759998
-2.233429,0.912586,-4.394808,2.158982,2.158982,-0.201728,-1.702687,-0.943001,-0.635205,-0.987510,-0.898173,1.000000,41.639999
-2.092641,0.117571,-3.597458,2.137368,2.137368,-2.125558,-2.868562,-2.633433,-2.740417,-2.950386,-2.914803,1.000000,42.529999
1.944771,2.689071,-0.768307,-2.069121,-2.069121,-0.312131,-0.000005,-0.835539,-0.810329,-0.707808,-0.841141,-1.000000,41.650002
-1.505880,0.470591,-2.329416,2.040811,2.040811,-1.609413,-1.861177,-2.668235,-2.856471,-2.488470,-2.730196,1.000000,42.500000
0.997383,1.377340,-1.614821,-0.917645,-0.917645,-0.056995,-0.686301,-1.993195,-1.881978,-1.446690,-1.780260,-1.000000,42.110001
0.095458,1.145582,-2.124114,-0.498692,-0.498692,0.568016,-0.126496,-1.352430,-1.026257,-0.887833,-1.240259,0.000000,41.900002
-3.974413,1.644589,-3.974413,4.486866,4.486866,-3.179530,-4.049792,-4.821073,-4.854954,-5.049792,-5.297698,1.000000,43.779999
-1.411293,0.537639,-2.643369,1.964367,1.964367,-3.705195,-5.347220,-5.700416,-6.534496,-6.704299,-6.749550,1.000000,44.639999
-6.403015,3.578152,-6.403015,7.056456,7.056456,-7.838461,-10.169493,-11.095768,-12.041224,-12.455327,-12.374975,1.000000,47.790001
0.692110,2.642615,-1.698828,-0.230176,-0.230176,-5.289429,-8.510906,-9.955257,-11.404152,-11.733221,-11.681348,0.000000,47.680000
-3.427864,0.856972,-4.570492,2.789425,2.789425,-4.958169,-9.489896,-11.396310,-12.987142,-13.299323,-13.548252,1.000000,49.009998
-4.370855,3.027442,-4.446543,7.835136,7.835136,-8.431408,-14.113526,-16.488171,-17.974453,-18.633110,-19.192681,1.000000,52.849998
0.440358,1.072183,-0.689261,-1.173128,-1.173128,-4.438064,-11.068352,-14.214054,-15.662455,-16.981045,-17.624609,-1.000000,52.230000
0.770566,3.255631,-0.520133,-0.612675,-0.612675,-2.261608,-8.707379,-12.286650,-14.179349,-15.670198,-16.546587,-1.000000,51.910000
1.748587,2.273165,-1.496017,-0.847619,-0.847619,0.046626,-6.108415,-10.149604,-12.427630,-14.333011,-15.186194,-1.000000,51.470001
-0.311648,1.499807,-1.012855,-0.252576,-0.252576,1.207635,-4.031945,-8.662511,-11.261200,-13.307363,-14.160499,0.000000,51.340000
0.370222,1.929074,-1.110678,-0.038956,-0.038956,0.650819,-2.525332,-7.485061,-10.336127,-12.293063,-13.397636,0.000000,51.320000
0.234878,1.585441,-0.978665,-0.448168,-0.448168,0.657663,-0.824036,-5.836759,-9.060482,-10.892934,-12.497553,0.000000,51.090000
0.986388,3.274806,-2.012233,-0.782934,-0.782934,0.970608,0.530678,-4.016570,-7.389030,-9.496941,-11.205364,-1.000000,50.689999
-2.510620,0.753185,-2.510620,2.150326,2.150326,-1.035148,-0.793742,-4.792068,-8.274429,-10.568558,-12.544095,1.000000,51.779999
0.577365,5.850656,-1.693605,0.347625,0.347625,-1.139337,-0.569668,-3.831151,-7.599113,-10.083909,-12.141389,0.000000,51.959999
-2.700684,0.670516,-4.097592,3.329484,3.329484,-3.441981,-3.617060,-5.699384,-9.537156,-12.123672,-14.044203,1.000000,53.689999
-3.460642,2.115835,-4.339254,3.874094,3.874094,-5.364893,-6.577013,-7.885961,-11.645150,-14.426395,-16.202857,1.000000,55.770000
1.435843,4.307523,-0.963282,-1.344809,-1.344809,-2.500910,-4.738278,-5.754272,-9.302981,-12.242094,-14.266328,-1.000000,55.020000
-0.252116,1.728801,-1.116512,0.926934,0.926934,-2.045740,-4.882045,-5.677411,-8.927606,-11.984152,-14.180922,1.000000,55.529999
-3.349444,0.621549,-5.662982,4.303978,4.303978,-4.029694,-7.670923,-8.543966,-11.302657,-14.491710,-16.785219,1.000000,57.919998
-1.235193,4.196284,-2.978000,2.037293,2.037293,-4.115058,-8.197968,-9.664972,-11.777494,-15.077493,-17.492384,1.000000,59.099998
13.450945,16.244029,-4.079377,-7.918782,-7.918782,3.634694,0.308712,-1.628076,-3.291986,-6.835720,-9.647186,-1.000000,54.419998
-1.998200,1.926193,-7.974798,2.076444,2.076444,1.717371,-0.856886,-3.192319,-4.560756,-7.791178,-10.613261,1.000000,55.549999
-2.491669,2.123178,-2.491669,2.592265,2.592265,-0.340416,-2.447803,-4.992693,-6.155470,-9.076684,-11.922563,1.000000,56.990002
1.314636,4.978089,-0.823833,0.105276,0.105276,-0.750219,-1.658194,-4.425357,-5.549517,-8.110078,-11.114811,0.000000,57.049999
-0.348979,1.012036,-1.413368,0.455744,0.455744,-1.825163,-1.472695,-4.162162,-5.588905,-7.582623,-10.658410,0.000000,57.310001
0.069628,2.140990,-0.939950,0.244285,0.244285,-1.009575,-1.420368,-3.657676,-5.364667,-6.915929,-9.959387,0.000000,57.450001
0.913723,1.739592,-3.725178,-0.939950,-0.939950,0.407662,-0.152874,-2.014878,-4.027412,-5.391672,-8.260997,-1.000000,56.910000
2.725136,4.132830,-1.822772,-2.635741,-2.635741,2.555496,2.528424,1.074414,-1.073814,-2.272515,-4.977442,-1.000000,55.410000
0.761701,2.919842,-1.505256,-0.487278,-0.487278,2.364892,2.526298,1.953816,-0.244830,-1.349292,-3.711763,0.000000,55.139999
-4.640335,0.931511,-6.072106,5.132394,5.132394,-2.404693,-2.673798,-2.531197,-4.541144,-5.811974,-7.596460,1.000000,57.970001
-0.291749,1.493048,-0.840915,0.517507,0.517507,-2.625708,-2.514158,-2.746983,-4.416510,-5.882273,-7.292490,0.000000,58.270000
-0.324506,1.639623,-1.571303,0.480520,0.480520,-2.531169,-2.467974,-2.810133,-4.202390,-5.878735,-7.123256,0.000000,58.549999
-1.617522,1.449033,-2.443127,1.366352,1.366352,-2.517268,-3.385001,-3.691096,-4.855937,-6.616341,-7.719739,1.000000,59.349998
0.890612,2.554194,-2.016463,0.269587,0.269587,-1.310702,-3.231387,-3.771913,-4.477396,-6.318264,-7.379710,0.000000,59.509998
-0.283478,0.883774,-1.950979,0.772984,0.772984,-1.400703,-3.530100,-4.413320,-4.686512,-6.459899,-7.694405,1.000000,59.970001
0.631651,1.379658,-0.349067,0.316823,0.316823,-1.083778,-3.384309,-4.079123,-4.622674,-6.152262,-7.546543,0.000000,60.160000
-3.109470,1.602821,-3.285781,3.706780,3.706780,-3.388363,-5.959288,-6.776726,-7.441096,-8.756531,-10.291178,1.000000,62.389999
-4.762636,0.488475,-4.762636,5.000806,5.000806,-6.108994,-8.896355,-10.349568,-11.087623,-12.263780,-13.849288,1.000000,65.510002
-0.060681,3.777315,-0.364075,0.625853,0.625853,-4.748177,-7.827668,-10.010111,-11.033827,-11.962377,-13.647854,1.000000,65.919998
0.869047,1.890541,-0.899521,-0.500610,-0.500610,-2.555263,-6.202161,-8.715755,-10.091473,-10.793714,-12.488180,-1.000000,65.589996
-1.240475,1.180680,-2.510837,2.012514,2.012514,-2.460027,-6.761327,-9.574061,-10.931854,-11.887616,-13.426499,1.000000,66.910004
3.052721,3.052721,-1.125507,-3.063821,-3.063821,1.384519,-2.841507,-5.898861,-7.399015,-8.495839,-9.961971,-1.000000,64.860001
0.077141,2.746063,-2.128974,-0.061673,-0.061673,1.234187,-1.937674,-4.872982,-6.737890,-7.866091,-9.235833,0.000000,64.820000
1.469206,3.157237,-0.468897,-1.295896,-1.295896,1.956862,0.048453,-2.702928,-4.971866,-6.277587,-7.417944,-1.000000,63.980000
-1.835981,0.229500,-3.228276,2.156926,2.156926,-0.266218,-1.239291,-4.003470,-6.362456,-7.873319,-8.777542,1.000000,65.360001
3.504344,4.498815,-0.299918,-3.075280,-3.075280,1.774273,2.397793,-0.423044,-2.925806,-4.386422,-5.484344,-1.000000,63.349998
-0.062619,1.048845,-2.598622,0.836627,0.836627,0.623042,1.781464,-0.692968,-3.185662,-4.658111,-5.806201,1.000000,63.880001
-2.124380,1.477831,-3.217365,1.690667,1.690667,-1.006772,0.004619,-1.768266,-4.060190,-5.752462,-6.888341,1.000000,64.959999
1.075595,3.663286,-0.202658,-1.246917,-1.246917,0.296178,0.991424,-0.045729,-2.146535,-4.119722,-5.388935,-1.000000,64.150002
4.714524,4.942909,-1.778140,-4.442717,-4.442717,3.634585,4.986952,4.746059,2.674553,0.598370,-0.870580,-1.000000,61.299999
2.128366,4.456270,-0.232788,-1.892333,-1.892333,4.566014,5.886267,6.764218,4.810444,2.717660,1.358498,-1.000000,60.139999
-0.415697,1.679420,-1.895575,0.000000,0.000000,3.322249,5.101431,6.514800,4.942635,2.932492,1.612905,0.000000,60.139999
-1.360211,1.753523,-1.950177,1.463254,1.463254,0.540806,2.962963,4.488146,3.566044,1.815798,0.367639,1.000000,61.020000
0.942459,2.546296,-1.405422,-0.884956,-0.884956,0.224867,3.303571,4.821428,4.570932,3.078042,1.452822,-1.000000,60.480000
2.386594,3.571423,-1.929592,-2.314812,-2.314812,1.848338,4.688554,6.570748,6.973592,5.595798,3.956778,-1.000000,59.080002
1.490726,1.560064,-1.802734,-2.352747,-2.352747,3.452940,6.229851,8.073036,9.336975,8.099846,6.475416,-1.000000,57.689999
-1.689415,0.631404,-3.430031,1.577395,1.577395,1.320822,3.679184,5.682597,7.315703,6.424577,4.918092,1.000000,58.599998
-0.667921,2.312045,-1.524232,-0.358360,-0.358360,0.784382,2.926872,5.328539,7.091969,6.741567,5.465549,0.000000,58.389999
2.108747,2.317877,-1.080521,-1.729745,-1.729745,1.477865,3.558729,6.415706,8.232832,8.471939,7.452072,-1.000000,57.380001
-1.549727,0.970708,-2.963217,2.335308,2.335308,-0.960493,0.756129,3.233422,5.177962,5.911442,5.042573,1.000000,58.720001
-1.871656,1.236634,-1.921793,1.907355,1.907355,-2.095589,-1.179813,0.910205,2.618650,3.907754,3.163993,1.000000,59.840000
-1.740562,0.262724,-3.940890,1.771394,1.771394,-3.044337,-2.775044,-1.172417,0.507386,2.001310,1.496986,1.000000,60.900002
-2.513205,1.344645,-2.513205,2.577995,2.577995,-4.174804,-4.986395,-3.921884,-2.206661,-0.756845,-0.887361,1.000000,62.470001
-6.803020,1.203938,-6.817528,10.356973,10.356973,-9.814332,-12.676242,-12.475585,-11.024807,-9.895564,-9.733104,1.000000,68.940002
-3.929766,1.867330,-3.929766,4.090513,4.090513,-9.724081,-14.340860,-14.943332,-14.075392,-13.092533,-12.732722,1.000000,71.760002
3.294491,5.495612,-0.215798,-3.135451,-3.135451,-4.019566,-9.867646,-11.291423,-10.850959,-10.129768,-9.459552,-1.000000,69.510002
-2.796231,0.885934,-3.363787,3.927487,3.927487,-4.507194,-11.385655,-13.527129,-13.641332,-13.117384,-12.426631,1.000000,72.239998
-2.171266,0.474961,-2.754781,2.007204,2.007204,-3.341024,-11.053061,-14.082419,-14.748272,-14.345503,-13.779800,1.000000,73.690002
0.122244,0.923662,-2.811736,-0.094991,-0.094991,-1.977726,-8.762566,-12.810833,-14.024045,-13.740291,-13.349184,0.000000,73.620003
-0.257526,0.352402,-2.710762,0.217327,0.217327,-1.642719,-6.919217,-11.671634,-13.364731,-13.470858,-13.167071,0.000000,73.779999
0.856207,0.937748,-0.448494,-0.271072,-0.271072,-0.269096,-4.798859,-9.991847,-12.215957,-12.679534,-12.628886,0.000000,73.580002
-2.334890,0.680456,-3.388917,1.861912,1.861912,-1.368908,-4.664438,-10.182784,-12.832551,-13.684853,-13.777181,1.000000,74.949997
-0.040019,0.640165,-1.547083,0.040035,0.040035,-1.064287,-3.034145,-8.743667,-11.936519,-13.184852,-13.360010,0.000000,74.980003
0.147395,0.790572,-1.862521,-0.466799,-0.466799,-0.329623,-1.816959,-6.774751,-10.575502,-12.215995,-12.477999,0.000000,74.629997
-0.133208,0.412944,-1.425336,0.589579,0.589579,-0.570135,-1.951512,-5.869188,-10.034634,-11.996803,-12.559833,1.000000,75.070000
-1.744797,1.041660,-3.190111,2.304520,2.304520,-1.971358,-3.210941,-6.517364,-10.817060,-13.111461,-13.945749,1.000000,76.800003
0.313486,2.233541,-0.261229,-0.312506,-0.312506,-1.243466,-2.343257,-4.860672,-9.364548,-11.981188,-13.123909,0.000000,76.559998
-1.484255,0.890546,-1.729484,1.201678,1.201678,-1.770783,-3.013684,-4.698850,-9.208831,-12.176564,-13.616850,1.000000,77.480003
-0.566649,0.965872,-1.931745,0.219410,0.219410,-1.207986,-2.707021,-4.159692,-8.102384,-11.484354,-13.226445,0.000000,77.650002
0.869000,1.530481,-1.387807,-0.708312,-0.708312,0.023350,-1.582358,-3.014264,-6.254860,-9.918026,-11.924338,-1.000000,77.099998
-2.746284,1.902245,-4.837486,2.957197,2.957197,-2.199543,-3.678505,-4.971022,-7.716675,-11.412443,-13.646171,1.000000,79.379997
3.818988,3.884385,-0.667018,-3.678506,-3.678506,1.509287,0.197490,-0.973928,-3.174861,-7.094950,-9.636846,-1.000000,76.459999
3.062748,3.848755,-0.243935,-3.492019,-3.492019,4.182136,3.661741,2.618240,1.095676,-2.898496,-5.790307,-1.000000,73.790001
-0.272077,0.680180,-1.292347,-0.379454,-0.379454,3.452588,3.904228,2.999136,1.791591,-1.650934,-4.840613,0.000000,73.510002
1.225725,1.996966,-1.280817,-1.224325,-1.224325,3.498139,4.853325,4.168387,3.111829,0.333287,-3.039986,-1.000000,72.610001
1.262097,2.538221,-1.037720,-1.790391,-1.790391,3.121585,5.994954,5.855189,5.117799,2.805781,-0.635719,-1.000000,71.309998
-3.328325,0.477433,-3.396533,2.804656,2.804656,-0.551082,2.659940,2.818172,2.323015,0.678219,-2.677667,1.000000,73.309998
-3.917209,0.353722,-3.917209,4.119498,4.119498,-3.820256,-1.552472,-1.131930,-1.552472,-2.578805,-5.744794,1.000000,76.330002
2.808390,4.622417,-0.591232,-2.502298,-2.502298,-1.107227,0.540179,1.386727,1.027952,0.216074,-2.562480,-1.000000,74.419998
-3.199069,0.531024,-3.743037,3.748994,3.748994,-3.489185,-3.078616,-2.092129,-2.400595,-3.122910,-5.285151,1.000000,77.209999
-1.038193,2.178934,-2.255826,1.049084,1.049084,-2.771082,-4.259161,-3.004355,-3.129323,-3.692383,-5.491750,1.000000,78.019997
0.595323,1.397698,-1.617704,-0.961292,-0.961292,-0.802379,-3.225052,-2.001636,-2.038951,-2.497214,-3.868250,-1.000000,77.269997
-1.444693,1.051824,-1.938927,2.122437,2.122437,-2.210119,-4.587510,-3.917549,-3.825883,-4.259034,-5.171719,1.000000,78.910004
-1.528473,0.178321,-3.107887,-0.506909,-0.506909,-0.669981,-3.464530,-3.354990,-3.088781,-3.522102,-4.282259,-1.000000,78.510002
-0.268369,1.712455,-0.460065,-0.331171,-0.331171,-0.074121,-2.423004,-2.935890,-2.563578,-2.973035,-3.687753,0.000000,78.250000
-5.200859,0.251075,-5.224775,6.888178,6.888178,-5.169774,-7.236967,-8.851426,-8.433763,-8.744619,-9.331260,1.000000,83.639999
0.740391,3.176504,-0.800093,0.119559,0.119559,-3.737757,-6.102219,-8.380700,-8.114400,-8.433721,-8.981767,0.000000,83.739998
-1.202258,0.553986,-2.722769,1.313587,1.313587,-3.587927,-6.316593,-8.700295,-8.871991,-9.156055,-9.723790,1.000000,84.839996
2.272455,2.867907,-0.352413,-3.005652,-3.005652,0.318384,-2.457166,-5.159803,-5.766195,-5.968649,-6.575122,-1.000000,82.290001
-2.731148,0.638450,-2.731148,2.782842,2.782842,-0.900925,-4.226770,-6.784113,-7.875387,-8.064793,-8.678965,1.000000,84.580002
-0.474761,1.111625,-2.037984,2.104515,2.104515,-2.313573,-5.235064,-7.543617,-9.370080,-9.516907,-10.067934,1.000000,86.360001
-0.870545,0.169588,-1.763706,2.420097,2.420097,-3.556809,-6.210285,-8.587146,-10.833802,-11.117239,-11.684188,1.000000,88.449997
0.179811,0.314676,-1.090134,0.599215,0.599215,-3.200722,-5.637225,-8.183865,-10.511354,-11.129695,-11.685775,1.000000,88.980003
3.616280,4.883717,-0.023252,-3.349070,-3.349070,1.016280,-1.496512,-4.104651,-6.684303,-7.661861,-8.184884,-1.000000,86.000000
-1.231168,0.310662,-3.785526,1.058144,1.058144,0.494761,-1.531474,-4.364673,-6.838688,-8.177199,-8.692138,1.000000,86.910004
-1.953737,0.527735,-4.491354,2.473816,2.473816,-1.324947,-3.300020,-5.846992,-8.091173,-9.959127,-10.437531,1.000000,89.059998
2.133002,3.444741,-0.752819,-1.560746,-1.560746,0.061598,-1.318579,-3.563360,-5.814986,-8.020073,-8.595109,-1.000000,87.669998
1.229744,1.609013,-1.379156,-0.752819,-0.752819,0.367772,-0.320654,-2.211242,-4.486843,-6.714633,-7.536684,-1.000000,87.010002
1.778305,2.477776,-2.062830,-3.057124,-3.057124,3.141674,3.066986,1.334126,-0.886186,-3.258801,-4.356054,-1.000000,84.349998
-2.214497,0.243477,-3.397101,2.252522,2.252522,0.716521,0.990145,-0.279807,-2.545507,-4.757334,-6.109372,1.000000,86.250000
-4.760851,0.243014,-5.025954,4.962318,4.962318,-3.720313,-3.323759,-4.486910,-6.461945,-8.410913,-10.137707,1.000000,90.529999
0.033251,0.897803,-0.587452,-0.342426,-0.342426,-2.824209,-2.795390,-3.679895,-5.422856,-7.346488,-9.320551,0.000000,90.220001
1.768713,4.784582,-0.192742,-2.238976,-2.238976,-0.328796,-0.657593,-1.219951,-2.730156,-4.686165,-6.699166,-1.000000,88.199997
0.747965,2.277881,-2.198544,0.045353,0.045353,0.507707,-0.448774,-0.815199,-2.222913,-4.102899,-6.185024,0.000000,88.239998
-0.067558,1.002138,-1.249860,0.645966,0.645966,0.439140,-0.873774,-1.134255,-2.255938,-4.195922,-6.179107,1.000000,88.809998
-3.161757,1.305707,-3.690513,4.346357,4.346357,-3.282615,-4.613143,-4.798387,-5.840076,-7.554115,-9.318728,1.000000,92.669998
0.000000,1.110870,-0.808887,0.053958,0.053958,-2.795516,-4.119933,-4.542711,-5.406602,-6.937447,-8.669832,0.000000,92.720001
-3.011051,0.229208,-3.021464,3.515964,3.515964,-4.475936,-6.441971,-7.298746,-8.039178,-9.386959,-11.089466,1.000000,95.980003
2.255794,3.649714,-0.255379,-2.083767,-2.083767,-1.221539,-3.426264,-4.759881,-5.460207,-6.800173,-8.503585,-1.000000,93.980003
0.604903,0.848982,-2.302881,0.266014,0.266014,-0.333229,-2.835618,-4.494679,-5.198984,-6.369100,-8.144260,0.000000,94.230003
-3.205257,0.121330,-4.084935,4.955958,4.955958,-3.779575,-6.577352,-8.341087,-9.041458,-10.173106,-11.777892,1.000000,98.900002
-0.090058,0.710426,-0.940566,1.051567,1.051567,-3.336001,-6.576948,-8.476421,-9.413149,-10.459477,-11.939832,1.000000,99.940002
-2.306265,0.576562,-2.706932,2.391435,2.391435,-4.352584,-7.378091,-9.615950,-10.876577,-11.867098,-13.233657,1.000000,102.330002
9.981538,9.981538,-0.684260,-10.026387,-10.026387,5.891172,3.359402,1.015170,-0.615292,-1.620940,-3.073748,-1.000000,92.070000
-4.930247,1.594457,-6.105108,3.540786,3.540786,2.500786,0.508759,-1.804260,-3.572329,-4.534146,-5.791113,1.000000,95.330002
5.489894,5.832320,-3.844025,-5.035144,-5.035144,6.086382,5.601461,3.402189,1.621563,0.711810,-0.542360,-1.000000,90.529999
0.000000,1.201098,-1.256197,0.243014,0.243014,3.803857,5.128376,3.190451,1.544904,0.569036,-0.525987,0.000000,90.750000
-2.287422,7.110884,-2.297369,10.798901,10.798901,-6.667332,-4.663353,-6.048071,-7.678769,-8.772553,-9.700317,1.000000,100.550003
-6.943419,0.517749,-6.943419,7.568375,7.568375,-10.258878,-10.060098,-11.430599,-13.073690,-14.371674,-15.256413,1.000000,108.160004
1.581948,3.575775,-0.720775,-1.229662,-1.229662,-6.988674,-7.760929,-9.203407,-11.028270,-12.559769,-13.507131,-1.000000,106.830002
0.328699,2.019153,-1.070630,-0.327622,-0.327622,-3.687078,-6.745869,-8.040321,-9.986854,-11.617958,-12.592977,0.000000,106.480003
0.439582,0.776283,-2.572017,0.413218,0.413218,-1.058732,-6.476802,-7.533355,-9.576316,-11.261502,-12.376853,0.000000,106.919998
0.484447,2.366314,-0.670759,0.392815,0.392815,-0.180730,-6.375997,-7.189611,-9.038565,-10.851123,-12.149552,0.000000,107.339996
1.452446,1.452446,-3.047275,-1.863238,-1.863238,1.179042,-3.338709,-4.708558,-6.499901,-8.361492,-9.869625,-1.000000,105.339996
2.087381,2.213591,-0.184468,-2.221375,-2.221375,2.733979,-0.398058,-1.976051,-3.686892,-5.629126,-7.301294,-1.000000,103.000000
1.256256,1.570320,-0.755713,-1.077671,-1.077671,2.952202,1.801944,-0.712532,-2.185198,-4.155068,-5.871691,-1.000000,101.889999
-2.126018,1.063006,-2.126018,1.560510,1.560510,0.705446,1.467914,-2.010053,-3.168247,-5.115194,-6.808725,1.000000,103.480003
6.744957,6.744957,-0.841818,-7.015850,-7.015850,5.992516,8.673871,4.960160,4.150384,2.377468,0.541813,-1.000000,96.220001
6.968408,7.943083,-0.593770,-7.233422,-7.233422,10.654267,15.030246,12.934497,12.007056,10.406003,8.564865,-1.000000,89.260002
3.960280,3.971965,-1.051403,-4.100385,-4.100385,11.320097,17.468460,17.005455,16.292059,14.976639,13.181467,-1.000000,85.599998
-5.951198,0.806010,-6.701998,5.806077,5.806077,2.711716,9.265761,10.587759,9.450702,8.574584,6.972140,1.000000,90.570000
4.750347,9.500695,-0.566341,-4.471683,-4.471683,3.599171,12.022657,15.438438,13.798548,13.370324,11.836959,-1.000000,86.519997
2.799996,3.658825,-1.929411,-1.756816,-1.756816,2.811764,11.397647,16.283137,14.814118,14.880942,13.711373,-1.000000,85.000000
3.462939,4.507897,-2.332936,-3.176467,-3.176467,4.493313,12.252730,18.003236,17.987238,18.082135,17.201293,-1.000000,82.300003
4.097736,6.121146,-0.509038,-4.520050,-4.520050,7.653345,14.459148,21.192836,22.506997,22.875538,22.315685,-1.000000,78.580002
-2.365752,0.738520,-3.342093,1.667087,1.667087,3.214421,9.828516,16.986691,19.832271,19.908877,19.776779,1.000000,79.889999
-2.004671,0.725623,-4.009341,1.777443,1.777443,0.130368,5.183867,12.843851,17.159024,16.898294,17.217238,1.000000,81.309998
3.946523,4.897798,-1.478342,-4.329107,-4.329107,2.807558,7.574237,15.417576,20.997556,20.926082,21.741868,-1.000000,77.790001
-0.487811,0.911424,-1.001282,0.141408,0.141408,1.532732,5.964054,12.906288,18.884464,20.027725,20.881897,0.000000,77.900002
-1.157409,0.488679,-3.960908,-0.179718,-0.179718,1.504628,5.146603,10.945642,17.229292,19.340018,20.393516,0.000000,77.760002
6.421516,7.779921,-0.150933,-6.275726,-6.275726,6.377611,9.759884,15.720825,22.773742,26.362245,27.264916,-1.000000,72.879997
4.203596,6.920213,-0.743500,-4.034022,-4.034022,7.597939,12.003143,17.388235,25.290960,30.483840,31.184822,-1.000000,69.940002
1.565713,2.707062,-3.175297,-2.287684,-2.287684,7.351484,12.187598,17.416844,25.370947,31.653505,32.598291,-1.000000,68.339996
-0.925917,1.880342,-2.464382,2.721687,2.721687,2.313393,7.491457,12.495731,19.546301,26.002284,28.046539,1.000000,70.199997
3.529061,3.983015,-2.504025,-2.720792,-2.720792,2.401519,8.991065,13.952260,20.348512,27.268998,30.307998,-1.000000,68.290001
-1.521359,1.448211,-1.930954,0.102504,0.102504,0.974252,7.192801,11.669591,17.772819,24.908131,29.093523,0.000000,68.360001
-2.304281,0.443677,-6.054106,2.208897,2.208897,-1.228000,3.238868,7.667569,12.822380,20.087586,25.307471,1.000000,69.870003
5.800850,5.953100,-0.137034,-5.996855,-5.996855,4.263094,7.981121,12.575112,17.694884,25.211328,31.531669,-1.000000,65.680000
2.317519,6.400754,-0.378371,-3.425700,-3.425700,5.826897,9.530191,14.585107,19.833675,27.009932,33.846760,-1.000000,63.430000
4.242029,6.330151,-1.200263,-4.114772,-4.114772,7.911872,11.445248,17.555629,22.939000,29.686288,37.068946,-1.000000,60.820000
4.020866,4.878871,-2.355313,-2.268992,-2.268992,7.415884,11.771536,17.991254,23.174632,29.840514,37.613281,-1.000000,59.439999
-9.278663,1.032685,-14.519110,9.152083,9.152083,-3.128850,1.619917,6.409787,11.179105,16.573988,23.914925,1.000000,64.879997
-4.546128,2.946836,-5.804825,4.084467,4.084467,-6.382349,-2.487782,1.221187,5.522732,10.300016,17.087222,1.000000,67.529999
7.374069,11.321645,-1.089536,-6.219454,-6.219454,-0.205278,2.894360,6.400333,11.023208,15.977258,22.641188,-1.000000,63.330002
-4.494037,0.271452,-5.881463,4.705504,4.705504,-3.034232,-2.028349,0.467503,5.108584,9.601571,15.285280,1.000000,66.309998
-1.113067,3.178087,-1.142354,2.970896,2.970896,-3.242531,-4.866724,-2.880296,1.225836,5.133569,10.318299,1.000000,68.279999
1.535737,5.891905,-0.177205,-0.820149,-0.820149,-1.603664,-4.397521,-2.295730,1.059508,4.892497,9.470366,-1.000000,67.720001
0.043431,2.606056,-2.504711,1.993501,1.993501,-3.080932,-5.775301,-4.134936,-1.546982,1.919791,6.020462,1.000000,69.070000
1.849112,3.165681,-0.650879,-2.128279,-2.128279,0.289943,-3.109466,-2.306703,-0.167897,3.266275,7.257892,-1.000000,67.599998
0.672541,1.584213,-3.960547,-1.020701,-1.020701,1.503507,-1.200126,-1.436762,0.050808,3.633531,7.432864,-1.000000,66.910004
-7.130990,0.166152,-7.560231,7.936029,7.936029,-4.868458,-6.694823,-8.327334,-7.351151,-4.410968,-1.313119,1.000000,72.220001
-0.110454,4.404257,-1.311607,0.290777,0.290777,-3.843710,-5.922960,-8.357495,-7.447881,-5.178517,-2.247687,0.000000,72.430000
1.422475,2.418203,-3.684216,-2.940766,-2.940766,-0.580372,-2.678524,-5.142726,-4.504271,-2.731725,0.017066,-1.000000,70.300003
-1.786700,0.233642,-6.129740,3.499287,3.499287,-2.523364,-4.672899,-7.494963,-7.557039,-6.302916,-3.801542,1.000000,72.760002
0.206471,5.010322,-1.128699,-0.151182,-0.151182,-0.795596,-3.655886,-6.269330,-7.117001,-6.442398,-3.927968,0.000000,72.650002
3.515625,5.888308,-0.361690,-4.858911,-4.858911,3.373841,1.385993,-0.548807,-2.318435,-1.881948,0.459101,-1.000000,69.120003
-5.154639,0.054984,-6.378005,5.251732,5.251732,-1.696217,-2.981442,-4.789919,-6.994501,-6.623230,-4.945704,1.000000,72.750000
-0.617702,0.933426,-2.855183,0.137454,0.137454,-1.131087,-2.595740,-4.433764,-6.630059,-6.503772,-5.302216,0.000000,72.849998
0.651603,1.927076,-0.720915,-0.988334,-0.988334,-0.318865,-0.995419,-2.666477,-5.094963,-5.463464,-4.623592,-1.000000,72.129997
1.967953,3.556366,-1.827387,-1.372519,-1.372519,0.643802,0.976949,-0.859336,-3.048916,-3.987628,-3.606502,-1.000000,71.139999
1.066553,1.137661,-2.858365,-1.152655,-1.152655,2.158701,1.884244,0.490141,-1.144767,-2.756541,-2.603811,-1.000000,70.320000
1.331016,3.689229,-0.086813,-1.706480,-1.706480,2.881939,3.174186,2.369788,0.878179,-1.111694,-0.952454,-1.000000,69.120003
2.173593,2.173593,-2.025721,-2.155680,-2.155680,3.604912,5.052496,4.483223,3.108093,1.182320,1.194741,-1.000000,67.629997
-2.836264,0.615958,-4.182781,3.223423,3.223423,-0.295085,1.349379,1.431508,0.352388,-1.611801,-1.983953,1.000000,69.809998
-0.937372,1.264024,-1.860540,0.859484,0.859484,-1.352086,0.167584,0.898542,-0.211623,-1.905417,-2.718842,1.000000,70.410004
-0.225803,1.524133,-0.747952,0.639109,0.639109,-1.826137,-0.222977,0.129833,-0.663280,-1.883715,-3.219024,1.000000,70.860001
1.436369,2.973282,-1.838562,-1.749927,-1.749927,0.066070,1.104563,1.644160,1.242456,0.136164,-1.507234,-1.000000,69.620003
-1.023747,1.421868,-2.815305,1.019820,1.019820,-0.176312,-0.274423,0.620880,0.309966,-0.715486,-2.281153,1.000000,70.330002
1.317094,1.883587,-3.214849,0.398122,0.398122,-0.345558,-0.885144,0.018882,0.125336,-0.696786,-2.329699,0.000000,70.610001
-1.525537,0.517849,-1.889432,1.189628,1.189628,-1.226027,-2.006993,-1.268948,-0.734075,-1.576482,-2.982034,1.000000,71.449997
3.310299,4.490493,-0.561323,-2.757165,-2.757165,1.177315,0.650544,1.564955,1.883272,1.283244,0.250428,-1.000000,69.480003
1.924485,3.129127,-0.117529,-2.029365,-2.029365,2.817689,2.581167,3.210421,3.673425,3.401793,2.483229,-1.000000,68.070000
7.586534,7.586534,-2.955584,-7.051565,-7.051565,8.386281,9.674413,10.031084,10.983089,10.879723,10.033719,-1.000000,63.270000
0.350432,1.258364,-2.676013,-0.774460,-0.774460,6.737816,9.410644,9.896997,11.054478,11.438040,10.863335,-1.000000,62.779999
2.008100,5.295542,-0.388667,-1.640648,-1.640648,5.376519,9.833199,10.716330,12.024292,12.962592,12.466398,-1.000000,61.750000
-4.414019,0.738239,-4.783139,5.295542,5.295542,-1.294983,3.411263,4.604742,6.075059,6.838517,6.643090,1.000000,65.019997
5.217252,8.537333,-4.299269,0.522922,0.522922,-2.637701,2.221541,3.677069,4.957924,5.850060,5.967971,0.000000,65.360001
-1.498127,4.224719,-1.498127,2.126681,2.126681,-3.622473,-0.443446,1.430213,2.315356,3.433109,3.645444,1.000000,66.750000
10.014877,10.246242,-1.024622,-9.348318,-9.348318,5.566024,8.154027,10.865426,11.906300,13.289708,13.943154,-1.000000,60.509998
-6.156270,0.931335,-8.666136,4.693439,4.693439,1.338596,2.026838,5.152332,6.274668,7.623681,8.647728,1.000000,63.349998
4.375635,5.671496,-0.589024,-6.203631,-6.203631,6.156178,7.081793,10.823520,12.386406,14.088862,15.115566,-1.000000,59.419998
1.618125,5.842276,-0.613185,-1.194882,-1.194882,5.174586,6.782490,10.924886,12.858969,14.512010,15.728725,-1.000000,58.709999
-1.488450,0.769890,-3.336186,-0.442851,-0.442851,2.802391,6.432845,10.063299,12.575704,14.035926,15.567720,0.000000,58.450001
3.745386,6.224725,-0.720943,-2.703168,-2.703168,4.378407,8.350625,11.510463,14.565678,16.130827,17.847139,-1.000000,56.869999
-1.370340,5.342581,-2.185608,1.371554,1.371554,0.988721,6.173456,8.405893,11.908929,13.623587,15.385367,1.000000,57.650002
-7.496014,1.658694,-7.607657,8.759755,8.759755,-6.098884,-2.748008,-1.046254,2.244815,3.985963,5.750663,1.000000,62.700001
4.236601,6.322309,-1.955354,-2.121215,-2.121215,-3.197000,-1.290532,0.370431,3.788497,5.734400,7.424367,-1.000000,61.369999
-3.602623,0.452279,-4.226455,4.481023,4.481023,-5.580165,-5.934191,-3.845919,-1.147073,0.980657,2.363272,1.000000,64.120003
1.433124,1.735669,-1.958597,-2.058646,-2.058646,-1.707004,-3.592355,-1.822717,0.308918,2.656690,4.019641,-1.000000,62.799999
-0.598238,2.235520,-1.653021,1.146498,1.146498,-0.972921,-4.658375,-2.749791,-1.452299,1.059194,2.440701,1.000000,63.520000
-1.500469,0.593937,-2.485153,0.724181,0.724181,-1.284776,-4.631134,-3.557362,-2.590654,-0.097530,1.373867,1.000000,63.980000
0.644958,2.564098,-1.997799,-0.640825,-0.640825,0.044047,-3.251533,-3.123067,-2.316345,0.166116,1.736668,-1.000000,63.570000
2.588424,3.601288,-0.739548,-2.155103,-2.155103,1.630223,-0.517686,-1.476958,-0.250806,1.849516,3.686494,-1.000000,62.200001
0.324881,2.290448,-0.909683,-1.028939,-1.028939,2.283950,1.278427,-0.338966,0.687133,2.320336,4.317737,-1.000000,61.560001
-1.016623,0.290465,-2.436666,0.666017,0.666017,1.106987,1.305470,-1.146793,0.038727,1.031465,3.173577,1.000000,61.970001
-1.258759,0.175272,-3.824087,1.274806,1.274806,-0.554490,0.039838,-2.036325,-1.400571,-0.668576,1.444660,1.000000,62.759998
4.897825,7.245400,-0.168887,-5.656468,-5.656468,3.935148,5.673030,3.893489,3.991726,4.688399,6.940834,-1.000000,59.209999
5.608976,6.321223,-2.510684,-5.151155,-5.151155,7.428775,9.994658,9.264008,8.696581,9.867521,11.907645,-1.000000,56.160000
0.458146,2.185026,-3.312777,1.050570,1.050570,4.616739,7.785022,8.113951,7.235242,8.300264,9.930102,1.000000,56.750000
1.345367,2.071159,-1.557800,-0.458146,-0.458146,3.158077,7.036640,8.474653,7.121611,8.426266,9.553309,0.000000,56.490002
-1.411884,1.115564,-3.590723,1.557792,1.557792,-0.303293,4.242638,6.191391,5.299810,6.229739,7.169254,1.000000,57.369999
0.972761,0.972761,-2.069335,-1.446746,-1.446746,0.215775,4.529535,7.180756,6.653695,7.165191,8.062726,-1.000000,56.540001
0.493651,3.208745,-2.009871,0.318359,0.318359,0.095204,3.231663,5.970849,6.162728,6.117770,7.334859,0.000000,56.720001
0.877975,3.816517,-4.085293,-1.604372,-1.604372,1.390431,3.884607,6.863763,7.798780,7.511197,8.668695,-1.000000,55.810001
7.448428,8.422458,-0.534757,-6.181688,-6.181688,6.493506,8.894192,12.484083,14.396484,13.755537,15.231090,-1.000000,52.360001
-1.983166,0.168382,-2.918619,2.081742,2.081742,2.855005,4.931711,8.876831,11.198315,10.988960,12.159649,1.000000,53.450001
-0.279845,1.138062,-3.675368,0.280630,0.280630,1.470154,3.591423,7.332094,10.162318,10.297020,11.114432,0.000000,53.599998
0.037251,4.861241,-1.378279,0.167912,0.167912,0.171356,2.957723,6.095489,9.006335,9.757499,10.117342,0.000000,53.689999
-0.516985,1.366326,-2.788032,0.875398,0.875398,-1.307238,1.586042,4.263910,7.262740,8.604875,8.770926,1.000000,54.160000
-2.072815,3.695023,-2.361215,2.437223,2.437223,-2.530642,-1.012977,1.003365,3.986121,5.864456,5.710166,1.000000,55.480000
-3.892264,0.382278,-5.125979,3.731072,3.731072,-4.611642,-4.542135,-3.233129,-0.312770,1.698699,1.799597,1.000000,57.549999
-2.120690,0.844831,-2.706897,0.781931,0.781931,-3.834483,-5.031034,-4.122988,-1.566379,0.677242,0.968966,1.000000,58.000000
3.215486,4.103743,-0.319773,-2.948274,-2.948274,0.010657,-2.222421,-1.195003,0.898915,3.179249,3.908330,-1.000000,56.290001
2.289528,2.289528,-2.019115,-1.456742,-1.456742,1.961419,-0.838293,0.111771,1.841534,4.175949,5.360253,-1.000000,55.470001
-0.558453,2.035671,-2.720227,0.072106,0.072106,1.898760,-0.342278,-0.078060,1.186276,3.523693,5.155832,0.000000,55.509998
-5.640425,0.352525,-6.244757,7.314001,7.314001,-4.367970,-6.107102,-6.642046,-5.977841,-3.828101,-2.186223,1.000000,59.570000
0.944354,3.575041,-2.209101,-0.453250,-0.453250,-3.494097,-4.718380,-5.906688,-5.542157,-3.678245,-1.857221,0.000000,59.299999
3.418349,4.498762,-3.418349,-4.789208,-4.789208,1.420475,0.565003,-1.204391,-0.764256,0.760186,2.627230,-1.000000,56.459999
1.189416,4.029817,-1.047399,-0.230246,-0.230246,1.959875,1.182315,-0.914851,-0.572522,0.621335,2.481208,0.000000,56.330002
-3.304229,1.677793,-3.304229,3.692523,3.692523,-0.677966,-1.919192,-3.752782,-3.948810,-3.205616,-1.459796,1.000000,58.410000
-1.790494,2.024771,-2.192097,2.311245,2.311245,-2.858096,-3.765057,-5.223112,-5.918672,-5.593036,-3.921237,1.000000,59.759998
2.185416,2.441523,-0.904898,-1.991295,-1.991295,-1.133687,-1.712481,-2.731774,-3.833874,-3.718627,-2.253714,-1.000000,58.570000
-1.734881,0.168439,-3.975073,1.365885,1.365885,-1.485597,-2.518106,-3.404636,-4.906517,-4.799729,-3.729716,1.000000,59.369999
-2.439818,2.407285,-3.285623,3.553985,3.553985,-3.191283,-4.886143,-5.926047,-7.709011,-7.759271,-7.038061,1.000000,61.480000
1.288746,2.104406,-1.631321,-0.292780,-0.292780,-1.964111,-3.662316,-5.016856,-6.708808,-7.174550,-6.801521,0.000000,61.299999
1.708975,2.156960,-0.381614,-1.680259,-1.680259,-0.119463,-1.899785,-3.092750,-4.548698,-5.395719,-5.346496,-1.000000,60.270000
3.245298,4.954253,-0.586915,-3.882529,-3.882529,3.694113,1.826342,0.813625,-0.319351,-1.478336,-1.596755,-1.000000,57.930000
-1.286960,1.913040,-2.939129,-0.742275,-0.742275,3.819130,2.768695,1.707826,0.757391,-0.687305,-0.783189,-1.000000,57.500000
0.646511,1.153240,-0.943563,-0.469565,-0.469565,2.823694,3.410798,2.392684,1.500961,-0.119518,-0.287146,0.000000,57.230000
-0.088158,1.198873,-1.815941,-0.891139,-0.891139,2.133285,4.042663,3.455569,2.522917,1.086034,0.622941,-1.000000,56.720001
1.697946,3.646114,-0.571939,-1.357546,-1.357546,1.994637,4.793564,4.448017,3.790883,2.655941,1.923144,-1.000000,55.950001
1.114102,1.491461,-1.491468,-0.536191,-0.536191,1.725065,4.833779,4.573821,4.139260,3.356690,2.419284,-1.000000,55.650002
0.691791,1.674855,-1.237939,-1.293804,-1.293804,2.122703,5.399600,5.758845,5.380484,4.801748,3.653134,-1.000000,54.930000
1.674023,1.674023,-1.214128,-1.037683,-1.037683,2.137601,5.194995,6.626194,6.383368,5.915377,4.651090,-1.000000,54.360001
-1.128297,2.202000,-2.056417,1.085357,1.085357,0.396724,2.909917,5.061569,5.190171,4.739580,3.684560,1.000000,54.950001
1.217037,2.212797,-0.221278,-1.310284,-1.310284,1.095336,3.162457,5.776631,6.094413,5.885303,5.109103,-1.000000,54.230000
-2.498650,0.521296,-3.559229,2.581599,2.581599,-1.456050,0.152795,2.762297,3.094552,3.050151,2.585534,1.000000,55.630001
-5.277499,1.123595,-5.277499,5.590510,5.590510,-5.376236,-4.938715,-2.749974,-2.169734,-2.239022,-2.559304,1.000000,58.740002
0.000000,1.758621,-1.465514,-1.259792,-1.259792,-2.913792,-3.593102,-1.909194,-0.777586,-0.817241,-1.095402,-1.000000,58.000000
-1.486991,0.878677,-2.112200,2.034483,2.034483,-3.420073,-5.099694,-4.103863,-2.690942,-2.546806,-2.859074,1.000000,59.180000
1.265163,1.265163,-1.594458,-2.500843,-2.500843,0.259965,-2.362219,-1.941075,-0.373485,-0.176778,-0.358754,-1.000000,57.700001
-2.277716,1.214783,-3.239416,2.720969,2.720969,-1.167537,-4.337775,-4.387829,-2.953433,-2.823013,-2.926719,1.000000,59.270000
2.417695,3.703704,-0.531553,-1.602834,-1.602834,0.298354,-2.198216,-2.736624,-1.462619,-1.112482,-1.229424,-1.000000,58.320000
-0.601380,0.790376,-1.701034,-0.205760,-0.205760,0.573882,-1.336770,-2.424972,-1.541238,-0.780070,-0.869417,0.000000,58.200001
0.207073,2.933565,-0.880072,-0.429553,-0.429553,0.583261,-0.393443,-1.862526,-1.405523,-0.383780,-0.301411,0.000000,57.950001
-1.406516,1.526587,-2.315606,0.603965,0.603965,0.185251,-0.293308,-2.182959,-2.166378,-1.081987,-0.972554,1.000000,58.299999
-6.047339,0.956550,-6.857975,5.797600,5.797600,-4.523346,-4.776264,-6.891482,-7.223572,-6.300907,-6.270536,1.000000,61.680000
3.802215,3.802215,-0.443313,-4.912448,-4.912448,0.521737,0.127875,-1.658428,-2.332483,-1.509295,-1.303782,-1.000000,58.650002
2.022119,4.683718,0.000000,-1.346975,-1.346975,1.776702,1.470791,0.087567,-0.944522,-0.414795,0.131926,-1.000000,57.860001
-0.922761,2.648667,-2.289815,1.140683,1.140683,0.823651,0.213603,-0.634540,-1.907894,-1.727955,-0.991114,1.000000,58.520000
1.370578,1.457323,-1.509367,-1.503761,-1.503761,2.133937,1.733174,1.276894,-0.263703,-0.410129,0.397874,-1.000000,57.639999
-6.026748,3.320228,-6.483083,10.253296,10.253296,-6.775765,-7.054286,-7.310777,-8.917386,-9.318015,-8.677680,1.000000,63.549999
1.908271,2.116740,-3.463759,-1.872538,-1.872538,-3.806929,-4.632778,-5.155015,-6.583548,-7.275818,-6.775177,-1.000000,62.360001
3.266665,3.266665,-0.616665,-3.784479,-3.784479,0.690000,-0.581666,-1.202222,-2.439166,-3.443999,-3.190555,-1.000000,60.000000
0.600002,1.716665,-1.083337,0.000000,0.000000,1.183333,-0.240000,-1.111111,-2.018333,-3.225333,-3.262777,0.000000,60.000000
-2.072031,1.003120,-2.927153,1.350002,1.350002,0.878144,-1.156061,-2.087377,-2.782438,-4.194706,-4.521735,1.000000,60.810001
-0.751019,1.991838,-2.057140,0.723564,0.723564,-0.597550,-1.936326,-2.575238,-3.022040,-4.517224,-5.026938,1.000000,61.250000
-0.717778,2.185971,-0.717778,0.081631,0.081631,-1.024468,-1.584011,-2.330613,-2.892331,-4.179443,-4.897768,0.000000,61.299999
-4.113876,1.517288,-4.176446,4.290377,4.290377,-3.866729,-4.683247,-5.751082,-6.423432,-7.522602,-8.460816,1.000000,63.930000
2.108626,2.316302,-0.255589,-2.080404,-2.080404,-0.993608,-2.006387,-3.253458,-4.162137,-5.069006,-6.202872,-1.000000,62.599998
1.376515,2.720648,-0.064779,-1.357824,-1.357824,0.673683,0.008097,-1.549258,-2.514980,-3.275141,-4.598650,-1.000000,61.750000
-0.421322,1.118138,-1.831141,-0.064779,-0.064779,0.888025,-0.225246,-1.482200,-2.254090,-2.818342,-4.209473,0.000000,61.709999
0.503986,1.170545,-0.455207,-0.324098,-0.324098,1.284346,-0.039016,-0.851891,-1.676960,-2.322221,-3.541426,0.000000,61.509998
-0.274989,1.294078,-1.099969,0.503986,0.503986,0.093819,-0.245876,-0.922032,-1.877224,-2.564866,-3.622883,0.000000,61.820000
1.173213,2.362720,-0.325894,-0.727921,-0.727921,0.426919,0.708816,0.114063,-0.879093,-1.707673,-2.567485,-1.000000,61.369999
-1.768926,0.047807,-2.470118,2.248657,2.248657,-1.462949,-1.196814,-1.544755,-2.704383,-3.547411,-4.257636,1.000000,62.750000
-1.876674,0.788519,-2.507491,1.051793,1.051793,-1.952374,-1.884562,-2.584241,-3.580666,-4.290175,-4.845187,1.000000,63.410000
-0.332073,0.158125,-1.280838,-0.268093,-0.268093,-1.141685,-1.314045,-2.229605,-2.958574,-3.721698,-4.352206,0.000000,63.240002
-0.530918,1.420981,-1.046224,1.265021,1.265021,-1.683324,-2.529671,-3.030399,-3.688322,-4.559652,-5.232669,1.000000,64.040001
0.280767,1.013884,-0.764314,0.109307,0.109307,-0.935892,-2.400563,-2.708887,-3.357512,-4.279521,-5.079812,0.000000,64.110001
-0.093235,1.554002,-1.072258,0.374352,0.374352,-0.808077,-2.360526,-2.704996,-3.196578,-4.260448,-5.089352,0.000000,64.349998
0.343162,1.138660,-0.717515,-0.372956,-0.372956,-0.218375,-1.620654,-2.043365,-2.790518,-3.750431,-4.482402,0.000000,64.110001
-0.015593,0.155882,-1.325024,0.062394,0.062394,0.003116,-1.270462,-1.808265,-2.711617,-3.467501,-4.239026,0.000000,64.150002
1.580784,4.315523,-0.126459,-1.387380,-1.387380,1.163456,0.346194,-0.497415,-1.085201,-1.767939,-2.625142,-1.000000,63.259998
-2.261462,0.542141,-4.135686,2.055011,2.055011,-0.734199,-1.180294,-2.298634,-2.723820,-3.371745,-4.244628,1.000000,64.559998
-1.403677,0.323923,-2.622244,0.418222,0.418222,-0.999540,-1.271019,-2.388815,-2.818914,-3.330560,-4.307679,0.000000,64.830002
2.641566,2.641566,-0.158181,-2.483420,-2.483420,1.240113,1.213223,0.256247,-0.188233,-0.889594,-1.789520,-1.000000,63.220001
0.189848,0.996679,-1.803511,-0.015821,-0.015821,0.958710,1.224492,0.451407,-0.021356,-0.820122,-1.533511,0.000000,63.209999
2.363995,3.497409,-0.291444,-2.293942,-2.293942,2.843267,3.231868,2.803328,2.150262,1.622412,0.988777,-1.000000,61.759998
1.236775,2.522374,-0.488200,-0.501938,-0.501938,2.349877,3.319770,3.330620,2.572008,2.229453,1.657172,-1.000000,61.450001
0.778841,1.249393,-1.330521,0.292921,0.292921,1.012492,2.576666,2.907673,2.262695,1.984097,1.576070,0.000000,61.630001
0.016191,0.647777,-2.024291,0.194709,0.194709,0.340081,1.995142,2.528475,2.067206,1.818299,1.281511,0.000000,61.750000
-1.704273,0.662777,-3.440114,2.623480,2.623480,-2.174529,-0.735363,-0.078900,-0.395296,-0.653936,-1.254535,1.000000,63.369999
-1.350936,0.434779,-2.360250,1.625380,1.625380,-2.919257,-2.145966,-1.639755,-1.788046,-2.213668,-2.606111,1.000000,64.400002
-2.251287,0.228173,-4.152723,2.080739,2.080739,-3.592939,-3.961056,-3.479360,-3.457557,-4.015817,-4.300271,1.000000,65.739998
-0.181152,0.935995,-2.022941,0.760572,0.760572,-2.928742,-4.473126,-4.017711,-3.922853,-4.469200,-4.749394,1.000000,66.239998
1.187032,1.947952,-1.050072,-0.800119,-0.800119,-0.940496,-3.323694,-3.081214,-2.972910,-3.455181,-3.754882,-1.000000,65.709999
-1.918751,0.509675,-2.788189,1.521838,1.521838,-1.424074,-4.248238,-4.278218,-4.167290,-4.590615,-4.927296,1.000000,66.709999
-0.984934,0.746157,-1.268464,0.449712,0.449712,-1.086409,-3.893452,-4.333685,-4.374723,-4.707957,-5.199725,0.000000,67.010002
0.120104,2.071756,-2.417056,-0.596927,-0.596927,-0.231198,-2.541662,-3.554022,-3.612823,-3.821049,-4.429767,-1.000000,66.610001
1.710438,1.710438,-2.244962,-1.696439,-1.696439,1.258396,-0.271843,-1.823462,-1.863169,-1.994506,-2.590617,-1.000000,65.480003
-4.052808,3.085666,-5.910344,-0.519249,-0.519249,1.611916,0.769114,-1.114521,-1.271874,-1.376725,-1.906661,-1.000000,65.139999
2.971396,3.113637,-1.169592,-2.870738,-2.870738,3.527740,3.731627,1.814446,1.576576,1.540066,1.085296,-1.000000,63.270000
0.636235,0.636235,-2.322251,-0.632213,-0.632213,2.869415,4.148244,2.579929,2.191826,2.111661,1.784106,-1.000000,62.869999
0.333703,0.508502,-0.889879,0.095437,0.095437,1.601780,3.602415,2.638911,1.964882,1.939298,1.769691,0.000000,62.930000
-0.396825,0.793651,-1.000002,0.111235,0.111235,0.701587,2.973016,2.669841,1.706349,1.740317,1.669841,0.000000,63.000000
-1.174260,0.688898,-1.518705,1.380951,1.380951,-1.067793,1.282294,1.492617,0.371850,0.339441,0.308963,1.000000,63.869999
0.109136,0.592451,-1.777360,0.422734,0.422734,-1.212971,0.455256,1.145412,0.021829,-0.083566,-0.066520,0.000000,64.139999
1.458700,2.489296,-0.174411,-1.668224,-1.668224,0.526399,1.534803,2.720786,1.822578,1.599492,1.577612,-1.000000,63.070000
2.688612,3.552224,-0.602899,-2.695419,-2.695419,2.802673,3.493565,5.091523,4.636632,4.205965,4.242574,-1.000000,61.369999
0.809787,1.090729,-0.727149,-1.401338,-1.401338,3.440755,4.143119,5.953840,6.031238,5.401424,5.512591,-1.000000,60.509998
-3.258267,0.015969,-3.258267,3.470506,3.470506,-0.431244,0.245965,2.069955,2.543521,1.827182,1.893732,1.000000,62.610001
-0.507854,0.841141,-0.507854,0.638871,0.638871,-1.421995,-0.431675,1.030527,1.863993,1.168071,1.186587,1.000000,63.009998
1.518537,1.998082,-0.383633,-0.714168,-0.714168,-0.875962,0.234972,1.283033,2.449646,1.946929,1.877129,-1.000000,62.560001
-0.535096,0.629522,-0.849860,1.566496,1.566496,-1.721752,-1.214985,-0.601198,0.696410,0.506136,0.252333,1.000000,63.540001
-0.173148,0.724072,-0.724066,-0.015741,-0.015741,-0.755547,-1.116007,-0.790177,0.498978,0.641588,0.199907,0.000000,63.529999
0.874263,1.255764,-0.317916,-0.975915,-0.975915,0.317914,-0.294072,-0.048748,1.266889,1.707200,1.170985,-1.000000,62.910000
1.805465,2.163307,-0.878336,-2.273089,-2.273089,2.153546,1.592387,2.081977,3.196975,3.949902,3.430384,-1.000000,61.480000
-1.637504,1.268263,-1.637504,1.317503,1.317503,0.738480,0.146089,0.692458,1.476158,2.462673,2.113767,1.000000,62.290001
1.054334,1.897807,-0.194652,-1.027451,-1.027451,1.171125,1.231140,1.599348,2.127328,3.260986,3.184641,-1.000000,61.650002
-0.161704,1.406855,-0.161704,0.308188,0.308188,0.313714,1.135188,1.162139,1.519243,2.659120,2.878935,0.000000,61.840000
-0.274906,0.695343,-0.274906,0.000000,0.000000,-0.032341,1.010673,0.943294,1.252425,2.408797,2.883786,0.000000,61.840000
0.016143,0.726277,-0.677853,0.194048,0.194048,-0.071011,0.645580,0.513236,0.950615,1.903811,2.608674,0.000000,61.959999
-1.073721,0.208329,-1.185901,0.710140,0.710140,-0.740387,-0.089746,-0.267097,0.201119,0.889740,1.778309,1.000000,62.400002
-0.927090,1.257076,-0.927090,1.987175,1.987175,-2.049024,-2.020740,-1.972552,-1.695473,-1.262726,-0.314790,1.000000,63.639999
0.555200,1.744921,-1.031095,-0.942800,-0.942800,-0.736042,-1.165927,-0.771998,-0.756664,-0.477794,0.464783,-1.000000,63.040001
-1.897058,0.730837,-2.192499,2.014589,2.014589,-1.928158,-2.900012,-2.555328,-2.682317,-2.494788,-1.591766,1.000000,64.309998
1.081769,2.258985,0.000000,-2.254699,-2.254699,0.620425,-0.440663,-0.323471,-0.539295,-0.271717,0.474068,-1.000000,62.860001
-0.549965,0.078567,-1.351351,1.240849,1.240849,-0.223129,-1.448773,-1.432012,-1.713543,-1.445630,-0.933898,1.000000,63.639999
0.745798,2.348461,-1.475722,-0.974228,-0.974228,0.561726,-0.261822,-0.517296,-0.615678,-0.470327,-0.149159,-1.000000,63.020000
0.542524,1.388229,-0.398915,-0.555382,-0.555382,1.005268,0.427640,-0.053185,0.111699,0.064468,0.259032,-1.000000,62.669998
-0.048081,0.657157,-1.506649,-0.446783,-0.446783,0.843084,0.966502,0.339800,0.543358,0.418658,0.562057,0.000000,62.389999
-0.430967,0.957698,-2.298488,0.416738,0.416738,0.357538,0.657618,0.047882,0.097363,-0.093220,0.111728,0.000000,62.650002
1.446447,3.201692,-2.324071,-1.787714,-1.787714,1.498457,2.348449,1.786664,1.835692,1.625225,1.861424,-1.000000,61.529999
-0.543305,0.255673,-2.508795,1.706490,1.706490,-0.345161,0.461806,0.177902,0.050332,-0.002560,0.133692,1.000000,62.580002
0.836822,1.577084,-0.225296,-0.703105,-0.703105,0.189896,1.028324,0.919431,0.646928,0.810430,0.796590,-1.000000,62.139999
-1.036514,0.733534,-2.009246,0.917284,0.917284,-0.618719,-0.145111,0.094617,-0.283845,-0.099504,-0.181256,1.000000,62.709999
-1.460427,0.251256,-1.601759,1.546804,1.546804,-1.809046,-1.537375,-1.250000,-1.630025,-1.579146,-1.725817,1.000000,63.680000
1.804717,2.066938,-0.539872,1.805908,1.805908,-2.532780,-3.100419,-2.751816,-3.179087,-3.184948,-3.378583,1.000000,64.830002
-0.337052,0.383024,-1.608696,0.678690,0.678690,-2.365555,-3.408913,-3.240893,-3.554462,-3.731572,-3.830750,1.000000,65.269997
1.039575,1.706759,-0.310313,-1.256320,-1.256320,-0.406514,-1.903797,-1.863974,-2.124899,-2.449647,-2.403409,-1.000000,64.449997
1.688223,2.634904,-0.063113,-1.660196,-1.660196,1.486271,-0.091513,-0.305040,-0.351059,-0.773116,-0.715264,-1.000000,63.380001
6.628536,7.789369,-1.917900,-6.216475,-6.216475,6.786676,5.990916,5.919696,6.042229,5.666892,5.665659,-1.000000,59.439999
4.354695,5.109745,-0.456544,-4.189095,-4.189095,8.688319,9.820893,9.767630,10.200173,9.911850,9.957270,-1.000000,56.950001
2.168846,3.566944,-0.286790,-2.036874,-2.036874,7.549738,10.887253,11.185993,11.787952,11.777019,11.780484,-1.000000,55.790001
2.843946,3.176356,-1.440449,-2.939593,-2.939593,7.002768,12.770079,13.504459,14.352719,14.594271,14.588485,-1.000000,54.150002
1.360032,1.530036,-1.190023,-2.234539,-2.234539,5.504347,13.502080,14.908704,15.892522,16.540992,16.579778,-1.000000,52.939999
-0.018772,1.126555,-2.647390,0.604456,0.604456,2.549760,10.863691,13.042938,14.294972,15.187387,15.364881,1.000000,53.259998
-0.838772,0.633737,-2.628145,0.732264,0.732264,0.574088,7.973900,11.241996,12.533080,13.697665,13.989433,1.000000,53.650002
2.229425,2.934451,-0.228657,-2.180805,-2.180805,1.554878,7.943979,12.439024,14.037728,15.381859,15.948298,-1.000000,52.480000
1.491094,2.188228,-0.096822,-1.600612,-1.600612,2.234703,7.219212,12.912473,14.824750,16.375680,17.175964,-1.000000,51.639999
1.943288,2.736468,-0.257785,-2.343143,-2.343143,3.692246,7.223875,13.998281,16.394011,18.067023,19.233260,-1.000000,50.430000
0.220487,2.024460,-0.320704,-1.070793,-1.070793,3.463622,6.470237,13.389459,16.375027,18.305073,19.717380,-1.000000,49.889999
0.943201,2.327915,-0.260889,-0.120259,-0.120259,2.054983,5.169573,11.519160,15.341155,17.338947,19.020665,0.000000,49.830002
-3.406887,0.658149,-4.800619,3.672482,3.672482,-1.877662,0.644599,5.812363,10.198412,12.302749,14.031488,1.000000,51.660000
4.358460,5.784116,-0.183299,-4.955482,-4.955482,2.203670,4.863547,9.245083,14.616094,17.052550,19.030554,-1.000000,49.099998
-3.078139,1.302289,-3.078139,3.217927,3.217927,-0.883978,1.148382,4.168640,9.855959,12.479084,14.423178,1.000000,50.680000
-0.039843,1.235058,-1.175299,-0.947117,-0.947117,0.187249,1.505974,3.937581,9.563743,12.562547,14.676624,-1.000000,50.200001
-2.976073,0.408479,-3.423455,2.410357,2.410357,-1.556118,-1.318810,0.772872,5.679828,9.125851,11.184594,1.000000,51.410000
-3.903451,0.792008,-3.903451,3.151136,3.151136,-4.046765,-4.229680,-2.652585,1.297381,5.071848,7.160100,1.000000,53.029999
2.389674,3.141262,-1.117745,-2.149727,-2.149727,-0.863363,-2.077470,-0.804264,2.312586,6.590096,8.821869,-1.000000,51.889999
-1.895375,1.364674,-3.847608,1.676622,1.676622,-1.709626,-3.250566,-2.462721,-0.380967,4.078093,6.419008,1.000000,52.759998
5.643697,5.703957,-1.586666,-5.629259,-5.629259,3.988749,2.500500,2.890806,4.592285,9.170514,11.906003,-1.000000,49.790001
0.917995,1.795190,-0.815996,-1.546497,-1.546497,4.647082,3.945328,3.877328,5.426356,9.595267,12.813137,-1.000000,49.020000
1.341317,1.341317,-1.031779,-1.142393,-1.142393,3.970286,4.486175,4.524695,5.888363,9.474207,13.145551,-1.000000,48.459999
5.266590,5.266590,-0.108812,-5.179525,-5.179525,7.064197,9.508158,9.408775,10.780193,13.843741,18.151611,-1.000000,45.950001
2.058358,3.754807,-1.085725,-3.786729,-3.786729,7.410091,12.354673,12.776900,14.152909,16.589914,21.406924,-1.000000,44.209999
2.166479,3.922468,-0.296458,-0.814298,-0.814298,5.582672,11.828966,12.784497,14.017108,16.124976,20.896242,-1.000000,43.849998
-2.388256,0.372485,-4.688867,4.082101,4.082101,-0.039439,6.178791,7.749052,8.667837,10.579318,14.753142,1.000000,45.639999
-12.107309,4.112252,-15.548892,24.145489,24.145489,-16.586658,-13.831628,-12.619133,-12.098483,-10.866220,-8.072127,1.000000,56.660000
6.739873,8.746685,-0.605831,-6.777268,-6.777268,-7.921243,-7.391141,-5.797047,-5.596366,-4.486937,-2.122934,-1.000000,52.820000
-1.734427,0.876540,-3.804545,1.514576,1.514576,-5.785155,-8.612457,-6.837000,-6.707384,-5.861245,-4.189978,1.000000,53.619999
3.503181,5.911618,-0.756371,-6.303613,-6.303613,3.097130,-2.374606,-0.563964,-0.396103,0.231684,1.645431,-1.000000,50.240002
1.057249,1.555952,-2.493517,-0.218951,-0.218951,5.114700,-1.938961,-0.515994,-0.147619,0.170754,1.414985,0.000000,50.130001
0.099778,2.953500,-0.618643,-0.039896,-0.039896,2.542406,-1.570547,-0.864767,-0.262425,0.021550,1.077627,0.000000,50.110001
-0.462413,1.749093,-0.844395,-0.738374,-0.738374,2.066745,-0.076401,-0.415498,0.543824,0.612782,1.533972,-1.000000,49.740002
-0.512117,2.915107,-1.496951,2.070764,2.070764,-1.126647,-0.811502,-2.697131,-1.487099,-1.401615,-0.668374,1.000000,50.770000
1.676312,3.751748,-0.219519,-1.299978,-1.299978,0.123728,1.744162,-1.372981,-0.198565,-0.085414,0.430384,-1.000000,50.110001
-0.789737,1.678180,-1.776904,1.077631,1.077631,-0.738402,1.648566,-2.209941,-1.337615,-1.085887,-0.837779,1.000000,50.650002
-0.888979,0.572898,-1.027264,-0.059236,-0.059236,-0.478068,0.515610,-1.867507,-1.517185,-1.109441,-0.901486,0.000000,50.619999
0.936071,2.549299,-0.418241,-0.809957,-0.809957,0.521811,0.816574,-0.500562,-0.880301,-0.213501,-0.187212,-1.000000,50.209999
-2.710031,1.606663,-2.710031,2.887873,2.887873,-1.955091,-2.392565,-2.331913,-3.768873,-2.938444,-2.909408,1.000000,51.660000
-1.064440,1.197493,-1.083444,1.838949,1.838949,-2.775139,-3.704620,-2.985492,-5.238549,-4.507890,-4.490276,1.000000,52.610001
0.076455,1.987769,-0.917431,-0.551228,-0.551228,-1.597860,-2.752293,-1.596584,-4.397935,-3.909021,-3.802243,-1.000000,52.320000
0.350265,2.082117,-1.011870,-1.777525,-1.777525,0.482586,-0.743333,-0.499446,-2.382757,-2.297721,-2.078872,-1.000000,51.389999
-0.961538,1.096154,-2.173079,1.187003,1.187003,-0.007692,-1.473077,-1.771794,-2.946154,-3.435385,-3.041667,1.000000,52.000000
-1.179428,1.430777,-1.218099,-0.538460,-0.538460,0.556843,-0.755995,-1.484920,-1.694704,-2.993041,-2.449731,-1.000000,51.720001
0.856871,1.421624,-1.733202,-0.715396,-0.715396,0.790656,0.200588,-0.630960,-0.256081,-2.172537,-1.672181,-1.000000,51.349998
-0.641895,0.836413,-2.334178,0.116849,0.116849,0.319003,0.231472,-0.580950,0.188680,-2.100759,-1.786942,0.000000,51.410000
3.115077,5.654758,-0.376990,-1.964594,-1.964594,1.936504,2.196425,1.449732,1.575393,0.015076,0.007271,-1.000000,50.400002
3.054065,3.054065,-0.907963,-3.849212,-3.849212,4.556337,5.926540,5.334986,5.191914,4.226168,3.774937,-1.000000,48.459999
-0.959186,1.530612,-1.285716,1.114323,1.114323,2.293877,4.216327,3.933333,3.561225,3.468572,2.375510,1.000000,49.000000
-2.034767,0.592649,-2.943497,3.306120,3.306120,-1.268271,0.487951,0.674307,0.284475,0.692219,-0.846172,1.000000,50.619999
1.849242,5.266330,-0.201001,-1.718686,-1.718686,-0.209045,1.728643,2.314237,2.000000,2.783518,0.936683,-1.000000,49.750000
-6.681853,0.417620,-7.953679,5.889447,5.889447,-4.893699,-3.684510,-3.115667,-3.429195,-3.235383,-4.410276,1.000000,52.680000
-1.539892,0.630798,-4.100191,2.315873,2.315873,-5.027832,-5.512063,-4.852199,-5.229131,-5.345458,-6.082254,1.000000,53.900002
-1.677611,1.349384,-1.677611,1.743967,1.743967,-4.525893,-6.562728,-6.096523,-6.482494,-6.878920,-7.045952,1.000000,54.840000
-1.474460,0.509035,-2.474987,3.884028,3.884028,-5.866246,-9.069687,-9.097187,-9.376866,-9.888012,-9.753673,1.000000,56.970001
0.000000,1.165870,-1.360185,-0.631912,-0.631912,-2.844021,-7.572868,-8.013898,-8.274158,-8.857094,-8.533829,-1.000000,56.610001
1.106555,2.462968,-0.232013,-1.024557,-1.024557,-0.642510,-5.611278,-6.509606,-6.841869,-7.490985,-7.624485,-1.000000,56.029999
1.222582,2.319311,-1.294493,-0.731751,-0.731751,0.708380,-3.628189,-5.386550,-5.668822,-6.386190,-6.775738,-1.000000,55.619999
-0.216487,3.229300,-0.865955,-0.341602,-0.341602,1.266462,-2.137831,-4.616032,-5.005412,-5.729027,-6.347345,0.000000,55.430000
-1.332149,0.905865,-2.326815,1.569545,1.569545,-0.536411,-2.641206,-5.503847,-6.145647,-6.746002,-7.435759,1.000000,56.299999
-4.096264,0.017064,-4.164530,4.067497,4.067497,-3.748081,-4.937703,-8.380270,-9.278887,-9.848780,-10.572339,1.000000,58.590000
3.350290,3.350290,-0.649007,-2.696709,-2.696709,-0.736711,-1.543586,-5.068114,-6.271704,-6.901944,-7.690460,-1.000000,57.009998
0.499114,3.119430,-0.356499,-1.596211,-1.596211,1.044565,0.445635,-2.620318,-4.385915,-4.971833,-5.815208,-1.000000,56.099998
-1.624011,1.747567,-1.624011,0.980399,0.980399,0.494258,-0.210066,-2.665494,-4.879086,-5.542104,-6.383646,1.000000,56.650002
3.135770,3.897049,-0.271883,-2.612540,-2.612540,2.780499,2.140659,0.495442,-1.981146,-2.822545,-3.566549,-1.000000,55.169998
0.524794,2.153462,-1.483893,0.163132,0.163132,1.407891,1.730006,0.996504,-1.792433,-2.768003,-3.445527,0.000000,55.259998
-0.199378,1.631325,-1.395679,-0.162866,-0.162866,0.906291,1.740078,1.462150,-1.199925,-2.335324,-3.013108,0.000000,55.169998
2.373445,3.133690,-0.185422,-2.247595,-2.247595,2.421656,3.765991,3.798750,1.578898,0.053402,-0.553187,-1.000000,53.930000
0.168004,1.773381,-1.624041,-0.667532,-0.667532,1.960050,4.116108,4.338248,2.688071,0.863916,0.233961,-1.000000,53.570000
-1.782149,2.091284,-2.291329,2.650741,2.650741,-0.738320,1.189302,1.403887,0.433711,-1.475909,-2.210103,1.000000,54.990002
-1.455782,1.671461,-1.455782,1.182028,1.182028,-1.761321,-0.523005,0.103044,-0.210279,-2.322788,-3.153605,1.000000,55.639999
1.547984,2.677110,-0.491716,-1.312004,-1.312004,-0.549991,0.417045,1.297880,1.319431,-0.695684,-1.652401,-1.000000,54.910000
-3.653613,1.879501,-3.653613,3.678747,3.678747,-3.024767,-3.000176,-2.142984,-2.009486,-3.624100,-4.853329,1.000000,56.930000
-5.391106,2.034066,-5.391106,6.218164,6.218164,-6.419713,-8.046968,-7.316027,-7.280472,-8.507361,-9.941019,1.000000,60.470001
3.235146,5.295420,-1.702707,-2.877462,-2.877462,-2.373574,-4.716500,-4.294229,-4.383621,-5.244339,-6.853965,-1.000000,58.730000
-0.629036,1.632096,-2.006122,0.153244,0.153244,-1.441686,-4.257055,-4.414599,-4.342061,-4.772527,-6.576562,0.000000,58.820000
-0.678084,1.034067,-1.881676,0.289021,0.289021,-0.342433,-3.885407,-4.466297,-4.366846,-4.619091,-6.360404,0.000000,58.990002
0.392291,0.665187,-1.381547,-0.610275,-0.610275,0.849394,-2.493605,-3.592019,-3.522942,-3.710730,-5.207234,-1.000000,58.630001
-1.000169,0.474653,-1.915581,0.614022,0.614022,-0.267844,-2.169861,-3.915921,-3.809971,-4.016955,-5.221227,1.000000,58.990002
2.779234,2.779234,-0.367067,-3.017466,-3.017466,2.303796,1.262020,-0.688689,-0.737632,-1.013807,-1.888363,-1.000000,57.209999
0.176862,2.352313,-0.919705,-1.171120,-1.171120,2.709586,2.621152,0.639074,0.257338,0.154225,-0.325435,-1.000000,56.540001
-0.544619,1.300074,-1.791982,0.672085,0.672085,1.296560,2.289182,0.172176,-0.419884,-0.451859,-0.742559,1.000000,56.919998
-1.169492,0.174547,-2.216793,0.650040,0.650040,0.174549,1.691394,-0.083785,-0.959157,-0.978183,-1.186364,1.000000,57.290001
3.717133,3.862188,0.000000,-3.735380,-3.735380,2.669081,4.672708,3.984282,2.747957,2.843877,2.666663,-1.000000,55.150002
-1.740195,0.087889,-2.794867,3.155026,3.155026,-0.583580,1.147832,1.026545,-0.243450,-0.260149,-0.478114,1.000000,56.889999
0.548191,1.520780,-0.618918,-0.597645,-0.597645,0.017685,1.354556,1.741234,0.470382,0.195227,0.116712,-1.000000,56.549999
-1.044201,0.939786,-1.392271,1.609195,1.609195,-1.378348,-0.516879,0.425806,-0.921508,-1.360249,-1.385890,1.000000,57.459999
0.369984,1.638480,-0.493302,-1.218241,-1.218241,-0.348835,0.380553,1.644354,0.549687,-0.097248,-0.102769,-1.000000,56.759998
-4.156765,0.780460,-4.156765,3.840735,3.840735,-2.748558,-3.340685,-2.288201,-2.713775,-3.636918,-3.599139,1.000000,58.939999
0.274113,2.518419,-0.394038,-0.967085,-0.967085,-1.291760,-2.198046,-1.375134,-1.474215,-2.476613,-2.539545,-1.000000,58.369999
-3.581452,0.594159,-3.829015,3.803325,3.803325,-3.574849,-5.113056,-4.793971,-4.675689,-5.697970,-6.000441,1.000000,60.590000
-3.993633,0.652347,-4.248207,3.729985,3.729985,-5.326968,-7.581541,-7.808006,-7.471755,-8.600156,-9.070801,1.000000,62.849998
-1.716607,0.499376,-3.152311,1.957047,1.957047,-4.859554,-8.295884,-9.010615,-8.689922,-9.720977,-10.401064,1.000000,64.080002
2.156724,12.634794,-0.251616,-13.171040,-13.171040,8.386054,5.702732,4.390128,4.726817,4.122216,3.129644,-1.000000,55.639999
3.707150,3.744409,-4.433683,-3.522644,-3.522644,10.596125,8.964231,7.763288,8.080290,7.826378,6.802657,-1.000000,53.680000
1.800762,1.800762,-1.053638,-2.757077,-2.757077,10.517239,11.220303,10.264365,10.510534,10.619921,9.635375,-1.000000,52.200001
3.352738,3.352738,-1.204581,-4.578544,-4.578544,10.584219,15.021077,14.603491,14.891586,15.518167,14.537239,-1.000000,49.810001
-2.061647,1.000801,-2.762204,0.301140,0.301140,4.599682,13.314654,13.281293,13.678945,14.613293,13.928478,0.000000,49.959999
-2.116094,0.252380,-2.950876,3.102480,3.102480,-0.151423,8.462438,9.401414,9.532133,10.468651,10.366923,1.000000,51.509998
0.175953,3.069402,-0.449666,-0.698886,-0.698886,-0.437931,7.814268,9.423260,9.710650,10.653368,10.893446,-1.000000,51.150002
0.059426,1.584784,-0.871630,-1.309877,-1.309877,0.202060,7.242472,10.073956,10.566560,11.461173,12.024564,-1.000000,50.480000
-0.099461,0.815596,-1.810223,-0.416006,-0.416006,0.803660,5.187985,9.580266,10.367018,11.232942,12.184868,0.000000,50.270000
-0.872941,1.028134,-2.424830,2.546248,2.546248,-1.082443,0.145492,6.185582,7.069837,7.921631,9.051408,1.000000,51.549999
-1.362500,1.381694,-1.880637,1.086328,1.086328,-1.915181,-1.608138,4.170662,5.627516,6.233734,7.344717,1.000000,52.110001
0.777307,2.020989,-0.194322,-1.247365,-1.247365,-0.555770,-0.796733,4.591270,6.434125,7.128645,8.229695,-1.000000,51.459999
-0.523461,1.376501,-1.880576,0.233197,0.233197,-0.360608,-1.147735,3.183401,5.704726,6.494761,7.510013,0.000000,51.580002
-0.425534,1.353967,-1.102514,0.232646,0.232646,-0.038686,-1.011607,1.506124,4.902319,5.843712,6.790456,0.000000,51.700001
-1.106022,0.495809,-1.449273,1.431331,1.431331,-1.109837,-1.935543,-1.406049,3.010109,3.980169,4.890035,1.000000,52.439999
-2.311923,0.220182,-2.550457,3.928301,3.928301,-3.970642,-5.093577,-5.272171,-1.290826,0.002201,0.650764,1.000000,54.500000
-0.400512,0.473328,-0.801016,0.788991,0.788991,-3.458947,-5.148370,-5.862006,-2.376661,-0.923357,-0.275502,1.000000,54.930000
0.557834,1.450357,-0.613607,-2.093575,-2.093575,-0.576421,-2.506506,-3.653153,-0.922274,0.989217,1.685882,-1.000000,53.779999
-0.730996,0.639618,-0.822370,1.747865,1.747865,-1.180558,-3.368057,-4.710041,-3.367143,-0.945908,-0.194934,1.000000,54.720001
0.925583,1.369859,-0.314702,-1.279242,-1.279242,0.684932,-1.658645,-2.974207,-3.046094,0.134765,0.896581,-1.000000,54.020000
-0.221933,0.314411,-1.830956,0.092558,0.092558,0.432772,-1.387091,-2.748289,-3.280932,-0.318106,0.736699,0.000000,54.070000
