-0.542119,0.120471,-2.211514,-1.139944,-1.139950,2.739870,5.702610,6.496289,5.267192,4.035112,3.050803,-1.000000,105.178482
0.042276,0.532722,-0.989351,1.764050,1.764063,0.126829,2.991702,4.279823,3.578967,2.289858,1.434398,1.000000,107.033897
0.339513,1.001126,-0.287283,-2.866564,-2.866574,2.263430,4.738399,6.818721,6.583092,5.258812,4.483907,-1.000000,103.965691
-0.838580,0.017468,-1.921736,-0.339514,-0.339518,1.567090,3.928199,6.476825,6.718206,5.643957,4.862860,0.000000,103.612709
-2.212538,0.410049,-2.964294,2.253664,2.253657,-0.755156,0.988395,3.671064,4.320020,3.407155,2.586436,1.000000,105.947784
0.437473,0.561288,-0.610811,3.493938,3.493954,-3.290141,-2.369795,-0.168393,0.792813,0.121826,-0.720876,1.000000,109.649551
0.350232,1.125750,-0.542029,-1.015274,-1.015280,-2.021346,-1.640257,0.370250,1.621918,1.311878,0.391376,-1.000000,108.536301
1.536139,1.846726,-0.637954,-0.658773,-0.658769,-0.656427,-1.024929,0.443214,2.085118,2.086125,1.136294,-1.000000,107.821297
-1.755981,0.041216,-1.887882,1.821545,1.821544,-1.309156,-2.726301,-1.713111,0.040392,0.312610,-0.464692,1.000000,109.785309
1.116038,1.601640,-0.502638,-3.231662,-3.231662,2.041236,0.507754,1.155792,3.051628,3.636737,2.944569,-1.000000,106.237419
-0.274127,0.423660,-0.697787,2.555802,2.555802,-0.629672,-1.650605,-1.373427,0.195216,1.024092,0.530266,1.000000,108.952637
0.122660,0.531524,-0.318913,1.586646,1.586644,-1.794097,-2.857144,-2.962358,-1.629734,-0.636848,-0.841989,1.000000,110.681328
1.589666,1.987085,-0.057957,-1.234771,-1.234778,-0.293088,-1.153331,-1.682390,-0.769988,0.493798,0.527413,-1.000000,109.314659
1.631644,1.776867,-0.418587,-3.079981,-3.079985,2.151042,2.208279,1.248375,1.922957,3.361365,3.646860,-1.000000,105.947784
-0.142205,0.175658,-1.631121,2.127119,2.127130,0.386443,0.287742,-0.748923,-0.413638,1.022163,1.527391,1.000000,108.201431
0.703681,0.978288,-1.072685,-2.526143,-2.526142,2.327294,2.490344,1.841585,1.995622,3.269887,4.022712,-1.000000,105.468109
0.136411,0.426294,-0.562711,0.652194,0.652196,0.811657,1.602007,1.126547,1.083634,2.213313,3.134392,1.000000,106.155968
-0.194813,0.033881,-0.965611,0.656490,0.656486,-0.306623,0.848722,0.647130,0.360412,1.151620,2.289799,1.000000,106.852867
-0.854280,0.246429,-1.076062,3.117059,3.117065,-2.551340,-2.163632,-1.997704,-2.620752,-2.106460,-0.935330,1.000000,110.183540
0.538699,0.837058,-0.248635,-0.887132,-0.887136,-1.495112,-1.016082,-0.921601,-1.620259,-1.362841,-0.171836,-1.000000,109.206062
-0.512110,0.333282,-1.430658,1.955903,1.955895,-2.329693,-2.700365,-2.720958,-3.230766,-3.174108,-2.203426,1.000000,111.342018
0.184780,0.698960,-0.474013,1.178673,1.178691,-2.313820,-3.658723,-3.610518,-4.108631,-4.260635,-3.454657,1.000000,112.654396
-0.811111,0.000000,-1.124313,0.040167,0.040167,-1.315455,-3.397051,-3.360645,-3.759644,-4.140064,-3.632622,0.000000,112.699646
0.518880,0.566781,-0.734413,0.602313,0.602304,-1.342697,-3.320026,-3.727946,-3.905164,-4.560388,-4.277958,1.000000,113.378441
-0.016017,0.240188,-0.432347,-0.295358,-0.295356,-0.371500,-2.605287,-3.041371,-3.306649,-4.042278,-3.987994,0.000000,113.043571
0.364506,0.364506,-0.570518,1.040829,1.040829,-0.893816,-2.842313,-3.732700,-4.102615,-4.714105,-4.827259,1.000000,114.220161
-0.031548,0.189323,-0.402299,0.451664,0.451665,-0.976571,-2.531356,-3.929953,-4.263628,-4.874025,-5.160791,0.000000,114.736053
-0.587821,0.100553,-0.788916,1.987849,1.987847,-2.168764,-3.562529,-5.363649,-5.736712,-6.281998,-6.758704,1.000000,117.016830
-0.362403,0.000000,-0.478059,0.309389,0.309390,-1.788884,-3.246976,-5.006299,-5.703990,-6.101939,-6.809060,0.000000,117.378868
0.269983,0.269983,-0.339403,-0.038556,-0.038563,-1.019742,-2.516964,-4.450780,-5.194765,-5.677563,-6.462249,0.000000,117.333603
0.364596,0.426657,-0.643862,-0.563094,-0.563087,-0.038792,-1.508032,-3.269468,-4.327055,-4.902650,-5.604173,-1.000000,116.672913
-0.022927,0.504436,-0.863642,1.497162,1.497160,-0.891162,-2.474010,-4.005907,-5.411568,-5.971565,-6.676090,1.000000,118.419693
-0.588688,0.252295,-0.779820,-0.030566,-0.030564,-0.629973,-1.964071,-3.327220,-4.999621,-5.585936,-6.241594,0.000000,118.383499
-0.276159,0.138073,-0.444923,-0.336393,-0.336397,-0.191775,-1.242710,-2.560087,-4.168837,-4.989259,-5.519074,0.000000,117.985260
-0.230240,0.368378,-0.230240,-0.046025,-0.046035,-0.044504,-0.782800,-2.021991,-3.712193,-4.548878,-5.136854,0.000000,117.930946
0.671926,0.671926,-0.332092,-0.629322,-0.629315,0.676557,0.098863,-1.068883,-2.602325,-3.663261,-4.321638,-1.000000,117.188789
0.724136,0.747494,-0.280297,-0.810938,-0.810941,1.124355,1.046494,-0.054493,-1.372331,-2.684408,-3.318528,-1.000000,116.238457
-0.525289,0.101918,-0.980008,-0.685190,-0.685185,1.312419,1.607209,0.793412,-0.319876,-1.800707,-2.431466,-1.000000,115.442009
0.056229,0.056229,-1.261145,-2.399063,-2.399067,2.859667,3.687047,3.229180,2.240748,0.851802,0.052219,-1.000000,112.672478
0.474012,0.906442,-0.116423,-3.405895,-3.405897,4.814970,6.562167,6.611233,5.828697,4.431110,3.659605,-1.000000,108.834969
0.342610,0.611795,-0.195773,1.945943,1.945956,1.690180,4.012556,4.379907,3.791089,2.635449,1.741031,1.000000,110.952850
0.254304,0.459390,-0.541431,-0.562847,-0.562855,1.194421,3.867922,4.704401,4.273175,3.367679,2.306262,-1.000000,110.328346
0.007923,0.499053,-0.269325,3.560292,3.560284,-2.492071,-0.064156,0.943715,0.756506,0.073205,-1.066740,1.000000,114.256348
-3.357400,0.454106,-3.930618,6.408432,6.408448,-6.899435,-5.787251,-4.905341,-4.974325,-5.578805,-6.596448,1.000000,121.578407
-0.262526,0.355190,-1.042384,-3.588184,-3.588184,-2.004480,-2.341908,-1.372870,-1.259751,-1.791369,-2.863872,-1.000000,117.215950
-0.015423,0.254435,-0.462599,0.146708,0.146710,-1.051661,-2.468009,-1.476747,-1.269473,-1.729225,-2.667698,0.000000,117.387917
0.744745,1.168082,-0.047035,-1.649961,-1.649971,1.495772,-0.899964,0.004708,0.417847,0.016312,-0.766431,-1.000000,115.451050
-0.031243,0.351478,-0.695150,0.368455,0.368468,1.402791,-1.226283,-0.506662,-0.000009,-0.241201,-0.871157,0.000000,115.876450
0.729012,0.909302,-0.211646,-0.359290,-0.359293,0.708628,-0.628679,-0.293702,0.277488,0.190635,-0.361375,0.000000,115.460114
0.140269,0.140269,-0.459791,0.587918,0.587910,-0.065462,-0.580582,-0.979327,-0.360041,-0.288345,-0.744756,1.000000,116.138916
-1.129033,0.268822,-1.336398,1.465079,1.465089,-1.431645,-1.431647,-2.372252,-1.749237,-1.605227,-1.994115,1.000000,117.840454
0.355838,0.541500,-0.177931,-0.714280,-0.714275,-0.457964,-0.152406,-1.626583,-1.103132,-0.820004,-1.165276,-1.000000,116.998749
1.176932,1.184786,-0.353077,-1.407911,-1.407932,0.872514,1.368394,-0.227005,0.177727,0.538575,0.322753,-1.000000,115.351486
-0.217256,0.566415,-0.380203,1.122015,1.122026,-0.043454,-0.179240,-1.106977,-0.991239,-0.602117,-0.697036,1.000000,116.645760
0.530427,0.725435,-0.241808,-0.527629,-0.527635,0.468027,0.248059,-0.168999,-0.547966,-0.119806,-0.084497,-1.000000,116.030296
-0.378635,0.331313,-0.654725,-1.115445,-1.115435,1.060186,1.147747,1.176933,0.466985,0.939336,1.057555,-1.000000,114.736053
1.090669,1.334852,-0.260459,-3.084323,-3.084325,3.232943,3.984209,4.448964,3.437650,3.891906,4.167613,-1.000000,111.197220
-0.368678,0.272505,-0.488894,1.554612,1.554610,1.223053,2.131125,2.771503,1.742809,2.108200,2.452247,1.000000,112.925903
0.496022,0.496022,-0.771595,1.795307,1.795307,-0.856628,0.285804,0.574757,0.047633,0.201871,0.575018,1.000000,114.953270
0.862685,0.942568,-0.167744,-1.432958,-1.432958,0.103842,1.493729,1.806853,1.699416,1.495325,1.918681,-1.000000,113.306038
0.475650,0.757822,-0.257981,-0.918605,-0.918609,0.591749,1.938089,2.446528,2.700746,2.260887,2.732724,-1.000000,112.265198
-0.080709,0.597206,-0.508438,-0.104802,-0.104793,0.866751,1.612452,2.357619,2.889590,2.222250,2.654068,0.000000,112.147552
-0.104929,0.879816,-0.209865,-0.016145,-0.016143,0.740977,1.341508,2.151367,2.811361,2.120586,2.484725,0.000000,112.129448
0.339429,0.604351,-0.140738,-2.502218,-2.502227,2.296551,3.272624,4.398822,4.889481,4.618928,4.850844,-1.000000,109.323715
-0.241354,0.772324,-0.466615,2.905871,2.905875,-0.735319,0.042637,1.235181,1.718018,1.795009,1.729146,1.000000,112.500526
-1.295293,0.508588,-1.462171,1.238932,1.238934,-1.664014,-1.255561,-0.234688,0.319852,0.652576,0.387794,1.000000,113.894333
-0.692456,0.278573,-0.819801,-0.158930,-0.158925,-1.232095,-0.877114,-0.268498,0.403132,0.931864,0.473570,0.000000,113.713326
0.326560,0.732774,-0.963765,-0.071630,-0.071636,-0.896855,-0.743928,-0.297891,0.376343,0.982237,0.492497,0.000000,113.631866
-0.930599,0.063087,-0.985804,0.995619,0.995612,-0.925862,-1.738954,-1.390111,-0.643528,-0.250784,-0.437430,1.000000,114.763199
-0.298318,0.227666,-0.423929,0.457409,0.457411,-0.893385,-2.014439,-1.882026,-1.132825,-0.771857,-0.704186,0.000000,115.288139
-0.893697,0.148951,-0.987767,0.141310,0.141308,-0.763557,-1.876756,-1.979192,-1.375816,-0.978982,-0.714427,0.000000,115.451050
0.119128,0.492411,-0.317689,-1.293504,-1.293489,0.579766,-0.432066,-0.533197,-0.216834,0.266211,0.692811,-1.000000,113.957703
-0.544166,0.078864,-0.764985,0.706853,0.706838,0.070980,-0.901416,-1.124601,-0.942819,-0.476336,0.000793,1.000000,114.763199
0.195695,0.563602,-0.203524,0.749209,0.749224,-0.524469,-1.093549,-1.821272,-1.723687,-1.210810,-0.914554,1.000000,115.623032
-0.307620,0.386495,-0.536363,-0.759296,-0.759304,0.141980,-0.141189,-0.986485,-1.027764,-0.503549,-0.228216,-1.000000,114.745102
-2.627354,0.183308,-2.757193,3.273382,3.273386,-2.517372,-2.917588,-3.774025,-4.005956,-3.634918,-3.359300,1.000000,118.501152
0.276498,0.506916,-0.330256,-0.557547,-0.557546,-1.311830,-2.023044,-2.912444,-3.185870,-3.066055,-2.749874,-1.000000,117.840454
0.733872,0.973357,-0.162219,-0.576037,-0.576042,-0.330626,-1.154112,-2.063600,-2.444184,-2.442640,-2.149862,-1.000000,117.161644
-0.285094,0.130989,-0.724305,0.254926,0.254926,-0.271228,-1.175836,-1.850824,-2.585529,-2.662968,-2.341911,0.000000,117.460320
0.045954,0.605092,-0.482541,0.601016,0.601016,-0.287989,-1.522670,-2.117543,-2.961855,-3.172179,-2.868156,1.000000,118.166275
0.269535,0.423556,-0.269546,-0.543805,0.361725,-0.631763,-1.612609,-2.206160,-3.044786,-3.391054,-3.197068,0.000000,118.593712
-0.841037,0.272769,-0.924383,1.640346,1.640349,-1.787686,-2.654465,-3.406920,-4.261440,-4.640201,-4.661445,1.000000,120.539063
-0.268686,0.406877,-0.307074,-1.303229,-1.303229,-0.187156,-1.015626,-1.832436,-2.709855,-3.177879,-3.301224,-1.000000,118.968163
-0.421777,0.164029,-1.155976,-1.711958,-1.711969,1.460916,0.820369,0.001055,-0.689959,-1.423772,-1.608792,-1.000000,116.931465
0.557649,0.903237,-0.463397,-0.554557,-0.554551,1.702798,1.514844,0.615742,0.026479,-0.771664,-1.052875,-1.000000,116.283020
-0.454333,0.211496,-1.198501,0.267047,0.267048,1.088826,1.080861,0.413092,-0.124175,-0.887452,-1.263304,0.000000,116.593552
0.587084,0.587084,-0.665360,0.070497,0.070500,0.355377,0.909825,0.497655,-0.067587,-0.802037,-1.176347,0.000000,116.675751
-0.421837,0.210924,-0.773376,0.203519,0.203512,-0.199979,0.683629,0.416144,-0.130216,-0.839838,-1.263374,0.000000,116.913200
0.095742,0.797830,-0.063822,-2.085774,-2.085774,1.496734,2.567582,2.488336,1.984612,1.452462,0.825982,-1.000000,114.474655
1.463452,1.520050,-0.145537,-1.324394,-1.324389,2.270372,3.483180,3.758459,3.250297,2.830341,2.168979,-1.000000,112.958565
-0.327893,0.031235,-1.647274,3.565650,3.565638,-1.183535,-0.217025,0.099853,-0.238870,-0.604263,-1.214055,1.000000,116.986259
-0.717559,0.000000,-0.969469,2.271843,2.271851,-2.882446,-2.508398,-2.023253,-2.217313,-2.613946,-3.199616,1.000000,119.644012
-0.691218,0.000000,-1.329282,0.496179,0.496188,-2.808969,-2.884168,-2.336449,-2.472451,-2.875020,-3.452773,0.000000,120.237671
-0.573614,0.328867,-0.650100,-0.683626,-0.683638,-1.312426,-2.007645,-1.555025,-1.642326,-2.050624,-2.506491,-1.000000,119.415680
0.578659,0.609515,-0.084871,-0.871892,-0.871886,0.470637,-0.969065,-0.677421,-0.623915,-1.084814,-1.483576,-1.000000,118.374512
-0.568186,0.153560,-1.105653,0.486077,0.486078,0.314797,-1.250009,-1.137908,-1.085761,-1.445636,-1.818455,0.000000,118.949905
-0.499623,0.007683,-0.691782,-0.107493,-0.107491,0.284390,-0.963116,-1.127861,-0.938017,-1.175832,-1.569489,0.000000,118.822044
-0.401485,0.293383,-0.633112,-0.445812,-0.445813,0.404567,-0.403034,-0.723191,-0.446616,-0.613953,-0.997382,0.000000,118.292320
-0.007737,1.252122,-0.162318,-0.108091,-0.108095,0.301440,0.017002,-0.546198,-0.309093,-0.420375,-0.794302,0.000000,118.164452
1.392389,1.392389,-0.872160,1.027981,1.027986,-0.550840,-0.462865,-1.385264,-1.272674,-1.278352,-1.689515,1.000000,119.379166
0.007733,0.294008,-0.541584,-1.116982,-1.116988,0.419350,0.751262,-0.189295,-0.180656,-0.178619,-0.505727,-1.000000,118.045715
-0.169466,0.138648,-0.577723,0.441011,0.441009,-0.064702,0.217996,-0.521235,-0.702127,-0.592419,-0.813015,0.000000,118.566307
0.093244,0.551707,-0.147643,-0.870440,-0.870435,0.683815,0.867979,0.387494,0.108787,0.293138,0.136514,-1.000000,117.534264
0.490773,0.490773,-0.116845,-0.248665,-0.248665,0.777446,0.934026,0.795103,0.371586,0.535706,0.432168,0.000000,117.241997
-0.348970,0.038777,-0.449788,0.451821,0.451814,0.051189,0.428860,0.614201,-0.016664,0.070113,0.066106,0.000000,117.771713
-0.122891,0.215053,-0.437782,0.969368,0.969380,-0.763445,-0.538403,-0.243729,-0.879035,-0.879880,-0.883047,1.000000,118.913368
0.710862,0.757221,-0.131354,-0.599078,-0.599087,-0.227165,0.008506,0.276110,-0.217118,-0.361609,-0.275505,-1.000000,118.200974
-0.192663,0.300554,-0.616514,0.262708,0.262714,-0.323676,-0.235048,-0.083742,-0.411142,-0.638100,-0.498842,0.000000,118.511505
0.285424,0.285424,-0.323998,-0.100177,-0.100184,-0.029317,-0.115714,-0.041141,-0.145799,-0.489084,-0.372805,0.000000,118.392776
0.155531,0.474377,-0.342174,-0.802290,-0.802289,0.723233,0.527261,0.714422,0.852716,0.355243,0.412427,-1.000000,117.442924
0.890100,0.890100,-0.116094,0.474377,0.474377,0.092880,0.048764,0.185247,0.419510,-0.070894,-0.078428,0.000000,118.000046
1.421538,1.850383,-0.142948,-2.538699,-2.538693,2.144214,2.345135,2.573589,2.833543,2.473949,2.363932,-1.000000,115.004387
-0.832225,0.204125,-0.832225,1.151529,1.151524,0.606106,1.076388,1.293343,1.494857,1.287272,1.122973,1.000000,116.328690
0.157895,0.299996,-0.189467,-0.549584,-0.549588,0.694722,1.500754,1.710487,1.894694,1.889009,1.646015,-1.000000,115.689362
-0.706992,0.031416,-0.714850,0.497359,0.497367,-0.006290,0.868807,1.028534,1.299681,1.498502,1.142440,0.000000,116.264763
-1.049666,0.062662,-1.315996,0.282797,0.282793,-0.529533,0.385395,0.660605,0.912970,1.198807,0.857222,0.000000,116.593552
-0.376532,0.360840,-0.541263,-0.141000,-0.141002,-0.144336,0.374960,0.680367,0.952698,1.231252,0.992573,0.000000,116.429153
-0.234414,0.265670,-0.320365,0.392218,0.392220,-0.439132,-0.156276,0.250036,0.498123,0.721049,0.597227,0.000000,116.885811
-0.031336,0.744226,-0.305523,-0.257854,-0.257858,-0.028197,-0.053268,0.471604,0.690171,0.884297,0.917617,0.000000,116.584412
0.055450,0.419834,-0.356462,-1.104586,-1.104585,0.920474,0.876906,1.450681,1.637758,1.904316,2.112384,-1.000000,115.296638
0.134866,0.547398,-0.190405,-0.150503,-0.150507,0.817140,0.779061,1.384111,1.664027,1.924957,2.212356,0.000000,115.123108
-0.398057,0.151263,-0.398057,-0.349069,-0.349066,0.872543,1.107399,1.537036,1.852562,2.139006,2.427359,0.000000,114.721252
-0.467102,0.356270,-0.688778,0.557278,0.557288,0.049079,0.463142,0.792226,1.193883,1.471297,1.718784,1.000000,115.360580
0.716562,0.716562,-0.111464,-0.562109,-0.562116,0.288217,0.945862,1.148091,1.655655,1.924525,2.157116,-1.000000,114.712120
0.224125,0.336187,-0.136075,-0.533438,-0.533442,0.616348,1.297531,1.495242,2.039947,2.286085,2.580118,-1.000000,114.100197
-0.167717,0.375370,-0.239593,0.224125,0.224128,0.257169,0.875331,1.055829,1.612493,1.928283,2.216813,0.000000,114.355927
0.000000,0.351855,-0.127952,-0.127782,-0.127782,0.295880,0.810074,1.138744,1.567772,1.906116,2.212981,0.000000,114.209801
0.580179,1.168417,-0.048346,-0.759700,-0.759695,0.707491,1.269134,1.737306,2.117242,2.538273,2.849851,-1.000000,113.342155
-0.048538,0.380229,-0.873717,-0.394840,-0.394837,0.784719,1.343734,1.975561,2.278530,2.790705,3.101953,0.000000,112.894638
-0.527985,0.389891,-0.812282,-0.404498,-0.404505,0.898385,1.501096,2.162835,2.471367,3.018439,3.314922,0.000000,112.437973
0.575662,0.674342,-0.279602,-1.226548,-1.226547,1.557569,2.395561,3.099234,3.431335,4.014805,4.388160,-1.000000,111.058868
-0.374775,0.325893,-0.374775,0.937500,0.937506,0.237899,1.210686,1.884195,2.341123,2.831021,3.226328,1.000000,112.100052
0.179696,0.408397,-0.130689,-0.252565,-0.252573,0.218905,1.150048,1.839965,2.398516,2.851918,3.317272,0.000000,111.816917
-0.262942,0.197210,-0.328672,-0.596262,-0.596265,0.506170,1.436327,2.124905,2.808554,3.208225,3.754322,-1.000000,111.150192
0.822674,1.229852,-0.116336,-1.117503,-1.117493,1.181650,2.201263,2.952190,3.681236,4.100382,4.688382,-1.000000,109.908096
0.257608,0.540138,-0.066473,0.000000,0.000000,0.972244,1.796576,2.635864,3.377097,3.805883,4.415267,0.000000,109.908096
0.654252,0.654252,-0.251638,-0.930692,-0.930703,1.330317,2.263888,3.242751,4.001851,4.556289,5.111006,-1.000000,108.885178
-0.075857,0.412977,-0.202274,-0.478107,-0.478097,1.179935,2.295824,3.308325,4.108296,4.764597,5.303830,0.000000,108.364601
-0.118013,0.404623,-0.438334,-0.016861,-0.016862,0.679424,1.893282,2.934053,3.745680,4.511170,5.012505,0.000000,108.346329
-0.850958,0.041305,-1.528420,2.031530,2.031530,-1.209520,-0.306513,0.670300,1.465215,2.223395,2.713701,1.000000,110.547417
0.185326,0.429620,-0.286409,-1.924985,-1.924986,0.454890,1.406789,2.281190,3.147586,3.928228,4.435178,-1.000000,108.419395
-0.235789,0.058947,-0.454738,0.033696,0.033693,0.341898,1.036633,1.893055,2.824002,3.599160,4.198739,0.000000,108.455925
-0.268299,0.150918,-0.410831,0.437892,0.437894,0.008387,0.331183,1.178841,2.080576,2.855373,3.518071,0.000000,108.930847
-0.303517,0.008433,-0.303517,-0.553363,-0.553356,0.561497,0.628945,1.460802,2.353925,3.122831,3.867570,-1.000000,108.328072
-1.051851,0.221873,-1.051851,2.596746,2.596744,-1.876905,-1.807056,-1.184984,-0.369798,0.363212,1.084991,1.000000,111.141075
0.484086,0.492292,-0.352806,0.156130,0.156129,-1.509680,-1.833771,-1.323707,-0.661716,0.069905,0.769336,0.000000,111.314598
1.244234,1.244234,-0.032961,-0.426646,-0.426641,-0.657552,-1.236822,-0.976716,-0.388109,0.358595,1.033006,0.000000,110.839684
-0.344487,0.000000,-0.574145,0.461435,0.461427,-0.679128,-1.422241,-1.459425,-0.935037,-0.246389,0.403272,0.000000,111.351128
0.804113,0.804113,-0.439359,-1.058072,-1.058060,0.717893,-0.202278,-0.464789,0.000821,0.655550,1.282978,-1.000000,110.172966
0.406604,0.647248,-0.531075,-0.099474,-0.099484,0.622356,-0.146876,-0.356265,-0.007470,0.609076,1.225345,0.000000,110.063362
0.590829,0.674049,-0.141465,-0.282138,-0.282138,0.622456,0.257139,-0.083767,0.215946,0.725974,1.348647,0.000000,109.752831
-0.058111,0.107917,-0.390172,0.241326,0.241326,0.230784,0.157732,-0.255684,-0.119956,0.331065,0.962146,0.000000,110.017693
0.275346,0.275346,-0.166872,-0.506393,-0.506386,0.395491,0.715892,0.318728,0.280762,0.699870,1.296337,-1.000000,109.460579
0.000000,0.141276,-0.614980,0.400504,0.400496,-0.054849,0.457078,0.012744,-0.176182,0.189146,0.746280,0.000000,109.898964
-0.264879,0.066221,-0.670473,0.398900,0.398898,-0.402281,-0.014894,-0.397313,-0.553344,-0.285072,0.232325,0.000000,110.337349
0.921271,0.921271,-0.167508,-1.167119,-1.167110,0.644885,0.958118,0.817414,0.581651,0.818753,1.253761,-1.000000,109.049591
-0.175790,0.242760,-0.661310,0.050249,0.050240,0.426925,0.748372,0.806411,0.541189,0.658299,1.046937,0.000000,109.104378
-0.016744,0.477107,-0.301331,0.008373,0.008364,0.354909,0.534873,0.809141,0.567099,0.550776,0.909304,0.000000,109.113503
-0.191942,0.000000,-0.776099,0.301332,0.301341,-0.030045,0.166068,0.574147,0.315030,0.186264,0.500987,0.000000,109.442307
0.159405,0.662808,-0.201363,-0.534090,-0.534089,0.234917,0.593169,0.974354,0.776071,0.685627,0.931005,-1.000000,108.857788
0.033207,0.066414,-0.689027,1.065523,1.065523,-0.645859,-0.443300,-0.168796,-0.213762,-0.371906,-0.164646,1.000000,110.017693
-0.328705,0.041085,-0.780675,1.021088,1.021092,-1.283595,-1.348513,-1.159782,-1.101574,-1.297728,-1.202514,1.000000,111.141075
0.871315,0.904827,-0.251343,-1.914702,-1.914710,0.625004,0.536196,0.626679,0.832779,0.652819,0.640363,-1.000000,109.013046
0.941636,0.984055,-0.144213,-1.239950,-1.239943,1.557517,1.590600,1.734532,2.067782,1.891077,1.795895,-1.000000,107.661346
0.726308,1.051015,-0.751941,-0.721071,-0.721063,1.925995,2.005460,2.275191,2.610006,2.494053,2.440961,-1.000000,106.885040
-0.254607,0.373415,-0.458288,0.683588,0.683573,0.787580,1.179669,1.448418,1.741496,1.768315,1.674450,1.000000,107.615677
0.904441,0.955634,-0.238907,-0.534673,-0.534675,0.563148,1.530725,1.808314,2.110931,2.262468,2.163548,-1.000000,107.040283
0.238988,0.571866,-0.392631,-0.034124,-0.034120,0.221918,1.368214,1.689996,1.942643,2.225334,2.156026,0.000000,107.003761
0.139418,0.644822,-1.002092,-2.048482,-2.048470,1.774128,3.046347,3.493076,3.818828,4.228989,4.180017,-1.000000,104.811821
1.082041,1.241687,-0.594233,-1.751483,-1.751491,2.829267,4.312195,4.861493,5.325498,5.769933,5.792165,-1.000000,102.976051
-0.568939,0.151130,-1.546802,-0.230600,-0.230602,2.117524,3.844790,4.694346,5.227579,5.680508,5.852376,0.000000,102.738586
-0.752207,0.164269,-1.340137,2.818034,2.818037,-0.947608,0.477256,1.605851,2.135997,2.586888,2.862120,1.000000,105.633797
-1.190063,0.189721,-1.310794,0.259377,0.259374,-1.410828,-0.075886,1.141200,1.704037,2.115904,2.500865,0.000000,105.907784
-1.260858,0.238547,-1.422728,1.224558,1.224553,-2.157090,-1.327305,-0.221494,0.348023,0.769816,1.225942,1.000000,107.204681
0.393027,0.401573,-0.375942,-0.289654,-0.289648,-1.139784,-1.039818,-0.054114,0.478467,0.943949,1.387559,0.000000,106.894165
-0.101775,0.169618,-0.686970,0.743338,0.743346,-0.949887,-1.763220,-0.935753,-0.326108,0.122454,0.527227,1.000000,107.688759
-0.008502,0.723040,-0.263693,-0.296842,-0.296848,-0.331745,-1.440115,-0.875014,-0.110157,0.321878,0.718782,0.000000,107.369087
-1.007317,0.206627,-1.110634,-1.199384,-1.199389,0.910893,-0.330604,0.144068,0.959537,1.412313,1.775866,-1.000000,106.081314
-0.060780,0.520968,-0.147606,-0.843740,-0.843732,1.385777,0.553093,0.839336,1.616303,2.096028,2.483861,-1.000000,105.186272
0.206397,0.713796,-0.455795,0.963794,0.963779,0.287249,-0.103189,-0.166256,0.521166,0.965610,1.384312,1.000000,106.200035
0.598857,1.041483,-0.104151,-0.911591,-0.911583,0.742925,1.052769,0.601169,1.218539,1.749349,2.173812,-1.000000,105.231934
0.069368,0.381510,-0.407527,0.095470,0.095468,0.260123,0.927773,0.397123,0.846268,1.509062,1.928092,0.000000,105.332397
0.042980,0.627475,-0.060168,0.875743,0.875750,-0.577619,0.084235,-0.521460,-0.159017,0.520199,0.942639,1.000000,106.254845
-0.103293,0.318501,-0.266848,-0.146122,-0.146126,-0.259964,0.126541,-0.294968,-0.086509,0.541278,0.970993,0.000000,106.099579
-0.188891,0.386363,-0.455052,0.258245,0.258236,-0.484239,-0.180296,-0.338849,-0.367898,0.188898,0.586712,0.000000,106.373566
0.363383,0.380684,-0.181691,-0.764144,-0.764141,0.344351,0.386747,0.606798,0.301959,0.791490,1.251085,-1.000000,105.560722
-0.663676,0.000000,-0.991203,0.380684,0.380687,0.082746,-0.126699,0.245939,-0.129283,0.213761,0.768263,0.000000,105.962578
-0.112754,0.537723,-0.381615,-0.620578,-0.620576,0.527315,0.423240,0.833764,0.413702,0.698697,1.276957,-1.000000,105.305000
0.211266,0.334511,-0.396123,-1.474419,-1.474417,1.579223,1.787850,2.120893,1.865317,2.054930,2.609743,-1.000000,103.752365
-0.329830,0.060759,-0.477385,1.417254,1.417263,-0.059031,0.272536,0.587903,0.548555,0.565567,1.060664,1.000000,105.222809
-0.070636,0.423800,-0.379657,-1.692559,-1.692568,1.251986,1.825885,2.046028,2.313702,2.135616,2.588733,-1.000000,103.441841
0.130834,0.261662,-0.095945,1.227265,1.227267,-0.214567,0.532050,0.639623,1.029215,0.808370,1.140278,1.000000,104.711349
0.737104,0.886278,-0.140397,-0.601834,-0.601834,0.154441,0.931904,1.120858,1.553174,1.306422,1.594710,-1.000000,104.081161
0.238226,0.405865,-0.299979,-0.544053,-0.544057,0.656439,1.234343,1.566382,1.930479,1.810486,2.016945,-1.000000,103.514900
0.666904,0.862530,-0.044456,-0.776422,-0.776421,0.955007,1.669928,2.134685,2.524453,2.596835,2.679768,-1.000000,102.711189
-0.017973,0.305477,-0.655888,-1.031474,-1.031483,1.654991,2.345019,2.964365,3.296051,3.623365,3.554363,-1.000000,101.651741
1.161418,1.424553,-0.480899,-0.979339,-0.979323,1.854634,2.830046,3.672980,3.984204,4.450405,4.367110,-1.000000,100.656242
0.285029,0.616033,-0.248257,-1.315667,-1.315684,2.256349,3.599677,4.590542,5.030808,5.578161,5.501111,-1.000000,99.331924
-0.542151,0.126502,-0.668653,1.756157,1.756172,0.009032,1.546938,2.454138,3.014814,3.513504,3.557117,1.000000,101.076363
-0.345994,0.400615,-0.446149,-0.759010,-0.759004,0.294991,1.833731,2.834671,3.509046,4.042598,4.260510,-1.000000,100.309189
0.487669,0.975339,-0.478465,-1.047075,-1.047079,0.874124,2.489873,3.499565,4.303453,4.803820,5.246895,-1.000000,99.258873
-0.985037,0.111516,-1.208069,-0.984541,-0.984554,1.393930,2.854760,4.007689,4.981885,5.476076,6.044053,-1.000000,98.281616
0.260780,0.987238,-0.027947,-0.223026,-0.223024,1.361652,2.470898,3.747791,4.798828,5.384746,6.014407,0.000000,98.062424
0.333520,0.463220,-0.694830,0.530874,0.530885,0.320544,1.429491,2.850342,3.864175,4.560302,5.163045,0.000000,98.583023
0.424119,0.783698,-0.147516,0.481746,0.481733,-0.413048,0.574414,1.942353,2.996965,3.770614,4.395177,0.000000,99.057930
0.370943,1.311865,-0.253324,1.908538,3.780142,-3.351057,-2.977026,-1.812312,-0.888803,-0.103710,0.434196,1.000000,102.802460
0.286790,0.376410,-0.241982,0.949971,0.949970,-3.201104,-3.589132,-2.796178,-1.926671,-1.103636,-0.626231,1.000000,103.779053
0.522907,0.788796,-0.230437,1.120272,1.120269,-2.962440,-4.122671,-3.818394,-3.030496,-2.249322,-1.763351,1.000000,104.941658
0.177144,0.522583,-0.310008,0.062040,0.062051,-1.799122,-3.807826,-3.783322,-3.030899,-2.351567,-1.829968,0.000000,105.006775
-0.238477,0.105984,-0.362129,0.283436,0.283432,-0.890304,-3.605336,-3.891088,-3.301090,-2.668165,-2.135778,0.000000,105.304398
-0.070523,0.061707,-0.652332,0.194313,0.194305,-0.569460,-3.199893,-3.833746,-3.390655,-2.858879,-2.316811,0.000000,105.509010
0.062023,0.646815,-0.283537,-0.511284,-0.511284,0.168355,-2.065294,-3.065595,-2.881868,-2.397500,-1.826327,-1.000000,104.969559
0.862843,1.204383,-0.206726,-1.417685,-1.417669,1.326613,-0.133268,-1.404297,-1.514233,-1.064410,-0.503872,-1.000000,103.481438
0.107732,0.332169,-0.493763,0.116841,0.116842,0.937240,0.234662,-1.356820,-1.624951,-1.185665,-0.700336,0.000000,103.602348
0.000000,0.219980,-0.430798,-2.055841,-2.055846,2.300641,2.576533,0.790123,0.378901,0.740608,1.222962,-1.000000,101.472443
-0.770446,0.092824,-0.983946,-1.255724,-1.255726,2.541538,3.621086,2.134366,1.582883,1.892234,2.331814,-1.000000,100.198227
1.624916,1.828030,-0.009674,-4.028594,-4.028589,5.014025,7.178640,6.274685,5.613325,5.813723,6.287655,-1.000000,96.161652
-0.562490,0.877108,-0.800835,1.450817,1.450813,2.297648,4.888932,4.720334,4.012005,4.033006,4.502930,1.000000,97.556778
-0.130451,0.354078,-0.549755,2.316714,2.316711,-0.777113,1.994038,2.431607,1.593819,1.529241,2.005294,1.000000,99.816887
-0.215239,0.102938,-1.113609,-0.428624,-0.428619,-0.769233,1.837915,2.894748,1.984854,1.832586,2.248736,0.000000,99.389053
-0.433300,0.027656,-0.709877,1.506644,1.506634,-2.105645,-0.131827,1.240902,0.551787,0.290773,0.646657,1.000000,100.886482
0.481396,0.555458,-0.305494,-0.414865,-0.414855,-0.840586,-0.163857,1.442943,1.079477,0.701071,0.925147,0.000000,100.467949
0.239325,0.266938,-0.184091,0.573970,0.573959,-0.716120,-0.974770,0.606906,0.650200,0.194185,0.249011,1.000000,101.044594
0.027669,0.193690,-0.193690,-0.202505,-0.202498,-0.311751,-1.047775,0.535574,0.966336,0.388111,0.364003,0.000000,100.839981
0.120201,0.314374,-0.027738,-0.249028,-0.249029,0.175679,-0.888581,0.474033,1.294497,0.649852,0.544233,0.000000,100.588860
0.280264,0.280264,-0.429745,-1.026353,-1.026351,0.947306,0.074737,1.117339,2.181893,1.705542,1.516717,-1.000000,99.556465
0.300498,0.685513,-0.131468,-0.513829,-0.513830,1.181332,0.882713,1.240808,2.470656,2.261661,1.986806,-1.000000,99.044914
0.308211,0.364247,-0.672459,0.544654,0.544654,0.339964,0.539833,0.431494,1.646587,1.768838,1.442790,0.000000,99.584366
0.288370,0.455812,-0.111631,0.401606,0.401602,-0.232555,0.154422,-0.211469,0.988841,1.417827,1.000615,0.000000,99.984299
-0.387381,0.073789,-0.691754,0.855812,0.855816,-1.029330,-0.551559,-1.100042,-0.089465,0.627930,0.161116,1.000000,100.839981
0.264280,0.382757,-0.328078,1.208269,1.208265,-1.720588,-1.623987,-2.159239,-1.451288,-0.602569,-0.943213,1.000000,102.058395
0.054578,0.227417,-0.236516,0.182263,0.182261,-1.273535,-1.629215,-1.940625,-1.763844,-0.843441,-0.994233,0.000000,102.244408
0.310670,0.447732,-0.027410,-0.445736,-0.445731,-0.398396,-1.115683,-1.224418,-1.407166,-0.523394,-0.428932,0.000000,101.788673
0.458716,0.522936,-0.256880,-0.402049,-0.402049,0.278898,-0.663304,-0.722937,-1.118808,-0.264954,0.064953,0.000000,101.379433
-0.027514,0.100890,-0.412728,0.027522,0.027520,0.363204,-0.609923,-0.617566,-1.149223,-0.446114,0.114649,0.000000,101.407333
0.323623,0.425334,-0.573281,-0.807115,-0.807114,0.887654,0.301431,0.171365,-0.325475,0.168284,0.855909,-1.000000,100.588860
0.082664,0.468443,-0.312303,0.665743,0.665750,0.025712,-0.143299,-0.439065,-0.732993,-0.640772,0.105928,1.000000,101.258530
-0.311323,0.100724,-0.558558,0.312295,0.312293,-0.327809,-0.258220,-0.714222,-0.844247,-1.025182,-0.316212,0.000000,101.574753
-1.050456,0.143656,-1.158198,1.986996,1.986997,-1.842341,-1.853116,-2.471420,-2.593824,-2.953853,-2.303826,1.000000,103.593040
0.579553,0.914608,-0.018107,-0.852933,-0.852937,-0.744361,-0.826768,-1.494763,-1.594224,-2.070814,-1.547587,-1.000000,102.709457
0.767120,1.059364,-0.456621,-0.842162,-0.842172,0.345215,-0.005471,-0.508363,-0.711407,-1.174421,-0.831346,-1.000000,101.844467
-0.218956,0.009125,-0.593013,0.100458,0.100465,0.379527,-0.135023,-0.418453,-0.738528,-1.046620,-1.029710,0.000000,101.946785
-0.460363,0.165731,-0.736583,-0.912326,-0.912323,1.193257,0.708036,0.592945,0.174015,0.001471,-0.199799,-1.000000,101.016701
0.464382,0.566547,-0.037151,-0.865485,-0.865492,1.387578,1.463739,1.481695,1.013753,0.887534,0.556337,-1.000000,100.142410
-0.240602,0.148069,-0.434945,0.362218,0.362216,0.583014,1.007782,1.093228,0.645020,0.567841,0.161339,0.000000,100.505142
-0.538858,0.374467,-0.566257,1.323339,1.323348,-0.732490,-0.189059,-0.241728,-0.557586,-0.708376,-1.093251,1.000000,101.835175
-0.118567,0.082090,-0.237142,0.137000,0.136997,-0.862825,-0.255381,-0.395840,-0.549981,-0.785114,-1.038549,0.000000,101.974686
-0.163474,0.054488,-0.526748,0.428677,0.428676,-1.013534,-0.599401,-0.780431,-0.836436,-1.155208,-1.302939,0.000000,102.411827
0.582294,0.809752,-0.373036,-0.181634,-0.181631,-0.425808,-0.552276,-0.544692,-0.546360,-0.921122,-1.044799,0.000000,102.225815
-0.179386,0.197328,-0.376714,1.437534,1.437531,-1.221630,-1.866533,-1.807034,-1.818096,-2.205396,-2.308724,1.000000,103.695343
0.212180,0.247545,-0.185659,1.453048,1.453057,-1.996293,-2.952885,-2.921057,-3.074890,-3.391396,-3.571162,1.000000,105.202095
0.149194,0.210623,-0.596753,0.742636,0.742626,-1.962258,-3.287401,-3.339471,-3.612982,-3.841679,-4.108521,1.000000,105.983353
-0.661324,0.095720,-0.661324,0.851251,0.851257,-1.952663,-3.554648,-3.824111,-4.188131,-4.380091,-4.735758,1.000000,106.885544
0.026205,0.157234,-0.952135,-0.382871,-0.382870,-0.777433,-2.589104,-3.273940,-3.580543,-3.768698,-4.193168,0.000000,106.476311
-0.340343,0.183268,-0.671957,0.096081,0.096080,-0.331614,-2.112747,-3.124763,-3.430489,-3.645691,-4.097796,0.000000,106.578613
-0.460268,0.269211,-0.547117,0.488704,0.488709,-0.462013,-2.097271,-3.268787,-3.596186,-3.926017,-4.329432,0.000000,107.099472
-0.060833,0.208567,-0.208567,-0.069476,-0.069484,-0.198137,-1.557310,-2.885199,-3.259753,-3.680540,-4.014366,0.000000,107.025055
-0.166860,0.219549,-0.430321,-1.042841,-1.042844,0.669187,-0.189687,-1.553817,-2.035653,-2.509878,-2.803780,-1.000000,105.908951
0.000000,0.359463,-0.245484,0.166853,0.166859,0.427845,0.007891,-1.344322,-2.081362,-2.494828,-2.773979,0.000000,106.085670
0.455100,0.901452,-0.131280,0.175350,0.175342,0.194297,0.075271,-1.155256,-2.085154,-2.482405,-2.773787,0.000000,106.271683
-0.105038,0.105045,-0.210082,-0.017507,-0.017503,0.052522,0.191704,-0.860758,-1.860554,-2.252098,-2.625172,0.000000,106.253082
-0.183443,0.157234,-0.506640,0.210088,0.210092,-0.260313,0.027948,-0.786750,-1.853604,-2.261011,-2.696836,0.000000,106.476311
0.366139,0.462034,-0.174350,0.200905,0.200894,-0.313828,-0.190907,-0.718324,-1.784492,-2.265182,-2.738782,0.000000,106.690216
-1.042660,0.146487,-1.214997,1.168167,1.168184,-1.121941,-1.208111,-1.512003,-2.557529,-3.232756,-3.659353,1.000000,107.936554
-0.212314,0.271762,-0.611466,1.464883,1.464878,-1.956690,-2.366033,-2.579479,-3.552869,-4.381150,-4.803400,1.000000,109.517693
-0.008460,0.169174,-0.422940,0.399152,0.399151,-1.673153,-2.494505,-2.678625,-3.567082,-4.466253,-4.897934,0.000000,109.954834
-0.102374,0.059717,-0.443614,-0.845881,-0.845886,-0.366829,-1.479268,-1.662399,-2.421087,-3.391570,-3.849172,-1.000000,109.024742
0.609180,0.720717,-0.042903,-0.571573,-0.571564,0.521660,-0.682977,-1.003869,-1.583878,-2.563716,-3.086525,-1.000000,108.401596
-0.476715,0.042561,-0.715080,0.789359,0.789356,-0.023837,-1.170515,-1.609493,-2.032864,-2.993109,-3.672716,1.000000,109.257271
0.297491,0.297491,-0.305993,0.153231,0.153220,-0.193788,-1.033567,-1.586621,-1.920946,-2.815464,-3.615521,0.000000,109.424675
-0.109388,0.084152,-0.311339,1.011470,1.011476,-1.088854,-1.637490,-2.365080,-2.661978,-3.473910,-4.318688,1.000000,110.531479
0.075210,0.183848,-0.183856,0.690010,0.690012,-1.358852,-1.878658,-2.778431,-3.090426,-3.800438,-4.694416,1.000000,111.294159
-0.678883,0.016356,-0.744319,2.172821,2.172818,-2.522493,-3.347780,-4.388460,-4.851136,-5.448715,-6.349037,1.000000,113.712379
0.377420,0.385626,-0.205120,-0.310817,-0.310818,-1.494910,-2.568093,-3.662613,-4.250897,-4.761071,-5.668411,0.000000,113.358940
-0.312170,0.139653,-0.558613,-0.123067,-0.123063,-0.703199,-2.121090,-3.134808,-3.839647,-4.307240,-5.177855,0.000000,113.219437
0.074279,0.528226,-0.247609,-0.468249,-0.468252,0.146913,-1.417960,-2.298338,-3.139238,-3.591284,-4.410697,0.000000,112.689285
0.532002,0.532002,-0.556946,-0.709806,-0.709811,0.969247,-0.457185,-1.277356,-2.229421,-2.690934,-3.431970,-1.000000,111.889404
-0.199932,0.208264,-0.866379,-0.216128,-0.216125,0.818062,0.049153,-0.767517,-1.760659,-2.309559,-2.947069,0.000000,111.647583
-0.482846,0.288010,-1.219824,-1.657779,-1.657777,1.868699,1.784835,1.018213,0.064380,-0.541804,-1.081180,-1.000000,109.796715
-0.092805,0.236252,-0.337491,0.398131,0.398137,0.923049,1.454605,0.660929,-0.152717,-0.803577,-1.275734,0.000000,110.233856
0.310927,0.411763,-0.092438,0.404997,0.404995,0.152939,1.058822,0.298599,-0.355462,-1.074286,-1.508964,0.000000,110.680298
0.244294,0.320105,-0.320105,-0.243698,-0.243702,0.129730,1.225678,0.627303,0.066132,-0.709962,-1.134694,0.000000,110.410568
0.209820,0.310529,-0.033572,0.370654,0.370661,-0.389431,0.590845,0.401168,-0.117084,-0.899376,-1.381458,0.000000,110.819817
0.692685,0.929216,-0.152053,-0.646248,-0.646249,0.314242,0.949483,1.105477,0.631018,-0.108803,-0.630175,-1.000000,110.103645
-0.050468,0.075690,-0.462577,0.439268,0.439254,-0.060548,0.269981,0.733396,0.239284,-0.389563,-0.943923,0.000000,110.587280
0.025281,0.286530,-0.530933,-0.201849,-0.201836,0.084268,0.262086,0.927012,0.460553,-0.039109,-0.644986,0.000000,110.364075
-0.385970,0.201374,-0.385970,0.438223,0.438218,-0.273533,-0.269338,0.459811,0.104466,-0.317500,-0.963526,0.000000,110.847710
-0.033493,0.184210,-0.318176,0.209767,0.209766,-0.435400,-0.529177,0.091548,0.015493,-0.368078,-1.015655,0.000000,111.080231
0.192665,0.510974,-0.008372,-0.041868,-0.041863,-0.226170,-0.376110,-0.006143,0.137376,-0.214776,-0.825655,0.000000,111.033730
0.242415,0.309289,-0.259130,0.209415,0.209415,-0.312630,-0.491515,-0.332135,0.010867,-0.360444,-0.883278,0.000000,111.266251
-0.514184,0.149278,-0.688341,0.794119,0.794116,-0.779567,-1.144469,-1.149445,-0.704927,-1.067176,-1.488914,1.000000,112.149834
0.008288,0.729803,-0.066348,0.000000,0.000000,-0.547355,-0.989385,-1.133964,-0.666778,-0.955714,-1.320285,0.000000,112.149834
0.399863,0.399863,-0.416528,-0.447836,-0.447839,0.001669,-0.469841,-0.689211,-0.312393,-0.393866,-0.728364,0.000000,111.647583
1.118739,1.457752,-0.042373,-1.707767,-1.707764,1.503519,1.226377,1.032859,1.254770,1.354355,1.051222,-1.000000,109.740906
0.102052,0.416707,-0.255119,-0.339013,-0.339009,1.501828,1.459308,1.323809,1.423165,1.697083,1.390425,0.000000,109.368874
-0.160856,0.177784,-0.423298,0.450725,0.450730,0.629858,0.958337,0.819495,0.839390,1.216380,0.932657,0.000000,109.861832
-0.016800,0.663699,-0.436862,0.770400,0.770385,-0.399893,0.173913,0.066657,0.015130,0.421414,0.211719,1.000000,110.708191
-0.411632,0.128635,-1.011921,-2.033099,-2.033087,1.078804,2.010970,1.998107,1.943652,2.311630,2.293107,-1.000000,108.457397
0.668494,1.199865,-0.214261,0.060028,0.060018,0.793629,1.718380,1.839794,1.823796,2.071996,2.209180,0.000000,108.522491
-0.841620,0.025510,-1.258178,0.814190,0.814194,-0.013599,0.726858,0.945340,0.963618,1.108223,1.383153,1.000000,109.406075
-0.025693,0.376837,-0.222681,-0.739603,-0.739599,0.498452,1.150217,1.589009,1.619984,1.710854,2.079188,-1.000000,108.596909
-0.145000,0.264419,-0.349707,0.411096,0.411093,-0.218354,0.451212,1.062778,1.141250,1.190039,1.592461,0.000000,109.043343
-0.067839,0.339186,-0.135676,0.588538,0.588538,-0.578310,-0.315441,0.386670,0.497753,0.526414,0.875661,1.000000,109.685104
-0.229316,0.042469,-0.416170,-0.161114,-0.161115,-0.237810,-0.175808,0.455809,0.632752,0.678107,0.921241,0.000000,109.508385
0.307983,0.419196,-0.538966,-0.721929,-0.721923,0.361020,0.490201,1.030024,1.278548,1.354431,1.517091,-1.000000,108.717819
-0.170631,0.221826,-0.170631,0.273762,0.273757,0.163809,0.138213,0.562523,0.940193,1.016637,1.127605,0.000000,109.015442
0.128261,0.222319,-0.119708,-0.221826,-0.221823,0.336895,0.182983,0.579164,1.069259,1.181016,1.256946,0.000000,108.773621
-0.069139,0.155575,-0.432152,-1.068833,-1.068837,1.035440,1.186692,1.415734,2.000003,2.154886,2.225875,-1.000000,107.611008
-0.025910,0.405943,-0.060459,0.069146,0.069146,0.627053,1.039041,1.218404,1.774055,1.994473,2.089884,0.000000,107.685417
0.604788,0.604788,-0.131470,-1.459667,-1.459665,1.626786,2.225437,2.513222,3.038830,3.336665,3.472698,-1.000000,106.113571
-0.087060,0.243753,-0.182814,0.683677,0.683675,0.529291,1.366759,1.628504,2.090621,2.503000,2.650239,1.000000,106.839043
0.043444,0.538751,-0.139037,0.182814,0.182817,0.020851,0.994087,1.214223,1.665358,2.173440,2.357775,0.000000,107.034363
0.165342,0.243667,-0.130539,-0.147722,-0.147721,0.031324,0.880683,1.265331,1.592544,2.167254,2.386208,0.000000,106.876251
0.148561,0.410733,-0.349560,-0.417722,-0.417733,0.214987,1.014602,1.559039,1.863155,2.422799,2.700639,0.000000,106.429794
0.157453,0.209935,-0.349897,-0.096129,-0.096122,0.351646,0.886984,1.463728,1.818143,2.335549,2.665909,0.000000,106.327492
-0.223748,0.008608,-0.404470,1.644504,1.644502,-1.043025,-0.832182,-0.209978,0.088214,0.529092,0.934313,1.000000,108.076050
0.137982,0.344948,-0.094861,-0.206539,-0.206533,-0.686447,-0.712317,-0.077041,0.162985,0.577783,1.050647,0.000000,107.852837
0.120637,0.611804,-0.129255,0.077616,0.077622,-0.567008,-0.759165,-0.262541,0.061170,0.362247,0.875186,0.000000,107.936554
-0.257757,0.025775,-0.403816,0.292974,0.292971,-0.520666,-0.996652,-0.631215,-0.243582,0.014086,0.494883,0.000000,108.252777
0.103415,0.232676,-0.456738,-0.300711,-0.300721,0.075841,-0.529985,-0.380325,-0.011199,0.262327,0.694878,0.000000,107.927238
0.330382,0.373848,-0.043467,-0.879011,-0.879003,0.758131,0.365154,0.376166,0.799860,1.043644,1.426708,-1.000000,106.978554
-0.360544,0.085843,-0.609494,1.278040,1.278030,-0.422345,-0.780317,-0.916809,-0.504327,-0.318646,0.029767,1.000000,108.345772
-0.094527,0.094526,-0.317954,-0.103009,-0.102999,-0.264679,-0.552554,-0.776265,-0.468769,-0.224119,0.027779,0.000000,108.234177
0.230549,0.247631,-0.239091,0.635901,0.635894,-0.771923,-0.952094,-1.327524,-1.124581,-0.839892,-0.629321,1.000000,108.922432
-0.153637,0.102420,-0.401162,0.042697,0.042699,-0.623082,-0.751965,-1.194948,-1.155260,-0.898261,-0.683967,0.000000,108.968941
-0.297643,0.221109,-0.484734,0.367013,0.367016,-0.549365,-0.996681,-1.402044,-1.500551,-1.232416,-1.062164,0.000000,109.368874
0.034087,0.502773,-0.400512,-0.204097,-0.204099,-0.199401,-0.675754,-1.071437,-1.282060,-1.026671,-0.907540,0.000000,109.145653
-0.510759,0.058612,-0.577746,1.772477,1.772474,-1.425100,-2.122579,-2.542072,-2.845178,-2.700156,-2.554631,1.000000,111.080231
0.454699,0.538902,-0.168410,-0.560996,-0.560995,-0.591109,-1.370833,-1.749186,-2.171606,-2.116874,-1.946503,-1.000000,110.457077
0.084026,0.672209,-0.084025,0.210509,0.210508,-0.489035,-1.328460,-1.692854,-2.170405,-2.251239,-2.113827,0.000000,110.689598
0.617339,0.634249,-0.194506,-0.638603,-0.638593,0.262149,-0.421150,-0.945462,-1.398739,-1.587830,-1.442714,-1.000000,109.982742
-0.664703,0.050489,-0.689944,0.507398,0.507393,0.008413,-0.725285,-1.283412,-1.737906,-2.020700,-1.895108,0.000000,110.540787
0.975646,1.323489,-0.076359,-0.824565,0.240675,-0.281051,-0.731466,-1.347738,-1.796469,-2.140580,-2.096910,0.000000,110.806831
-0.345558,0.126423,-0.455121,0.661745,0.661741,-0.742403,-1.149365,-1.799788,-2.212971,-2.645664,-2.679799,1.000000,111.540085
0.468008,0.536083,-0.374400,-0.952385,-0.952388,0.173660,-0.062297,-0.701638,-1.084870,-1.551546,-1.690920,-1.000000,110.477791
0.314816,0.493493,-0.416913,0.008511,0.008522,0.256441,0.030405,-0.498392,-0.984185,-1.427859,-1.654895,0.000000,110.487206
1.105872,1.148732,-0.162883,-0.748742,-0.748755,0.852126,0.831936,0.332145,-0.154810,-0.588456,-0.886034,-1.000000,109.659927
0.471693,0.611458,-0.733756,-1.860265,-1.860256,2.171553,2.421697,2.195910,1.723064,1.323550,0.992966,-1.000000,107.619972
-0.396012,0.129127,-0.585400,1.467506,1.467500,0.265151,0.825214,0.734778,0.295207,-0.040421,-0.421460,1.000000,109.199295
-0.077117,0.445590,-0.248494,0.464870,0.464879,-0.339333,0.269097,0.313496,-0.087775,-0.379745,-0.773057,0.000000,109.706940
1.018822,1.139699,-0.017266,-0.754068,-0.754074,0.122605,0.929633,1.045727,0.758664,0.406696,0.043346,-1.000000,108.879669
-0.584896,0.077409,-1.746085,0.379902,0.379908,-0.323418,0.433504,0.672306,0.420671,0.079406,-0.266393,0.000000,109.293312
1.475727,1.554319,-0.244498,-1.496650,-1.496653,1.198046,1.666958,1.989967,1.919676,1.589640,1.273144,-1.000000,107.657570
0.912522,1.561814,-0.105293,-0.480262,-0.480267,1.302101,1.746953,2.275788,2.328368,2.038372,1.783985,0.000000,107.140526
1.331322,1.775095,-0.071006,-1.140654,-1.140658,1.755578,2.490468,3.155560,3.365049,3.139847,2.945514,-1.000000,105.918419
0.286686,0.376275,-0.322524,-0.931921,-0.931913,1.960219,2.925100,3.804990,4.125934,4.032023,3.814005,-1.000000,104.931351
-0.254406,0.290750,-1.508265,-1.397603,-1.397609,2.278761,3.785216,4.820408,5.327305,5.317893,5.144115,-1.000000,103.464821
-1.080053,0.599016,-1.415862,0.109033,0.109038,1.379558,3.281902,4.240939,4.850411,5.023353,4.889315,0.000000,103.577637
-0.728667,0.546496,-0.774204,-0.353965,-0.353960,0.978224,3.068579,4.073224,4.871826,5.175065,5.099069,0.000000,103.211014
-0.864880,0.167683,-0.891356,3.206118,3.206110,-2.045712,-0.432438,0.592479,1.418254,1.815830,1.790119,1.000000,106.520073
-0.873398,0.105869,-1.076313,0.035301,0.035303,-1.775032,-0.685486,0.311133,1.221749,1.674370,1.741031,0.000000,106.557678
0.748200,1.024317,-0.062350,-0.952802,-0.952799,-0.436448,-0.085509,1.016004,1.958671,2.515881,2.631205,-1.000000,105.542397
-0.141085,0.652498,-0.423247,1.015416,1.015415,-0.867652,-1.187732,-0.062316,0.737143,1.317820,1.548896,1.000000,106.614090
-0.087327,0.122260,-0.558902,0.969930,0.969928,-0.995547,-2.089775,-1.118389,-0.411319,0.240177,0.533949,1.000000,107.648170
-0.017488,0.446040,-0.419796,-0.148464,-0.148465,-0.668178,-1.798141,-1.108968,-0.402303,0.270091,0.637514,0.000000,107.488350
-0.390961,0.000000,-0.860119,0.664686,0.664688,-1.019981,-2.144221,-1.803648,-1.165507,-0.457791,-0.062917,1.000000,108.202812
0.164064,0.725329,-0.466282,0.616855,0.616858,-1.015458,-2.247648,-2.431571,-1.807704,-1.129438,-0.684039,1.000000,108.870270
-0.914896,0.379770,-0.923528,0.043177,0.043174,-0.635252,-1.799587,-2.396573,-1.790525,-1.241500,-0.793095,0.000000,108.917274
-1.895340,0.074169,-2.348577,4.738475,4.738476,-4.003297,-5.289659,-6.406813,-6.019778,-5.620437,-5.175507,1.000000,114.078293
-0.573768,0.024589,-0.975411,0.535642,0.535651,-3.259024,-5.081976,-6.395637,-6.303288,-5.976402,-5.564479,0.000000,114.689354
0.083750,0.268006,-0.912901,-2.131146,-2.131160,-0.432156,-2.508371,-3.922945,-4.113062,-3.866329,-3.440896,-1.000000,112.245140
-0.280138,0.313090,-0.790969,1.649917,1.649917,-1.132072,-3.341021,-4.861166,-5.458926,-5.271152,-4.904285,1.000000,114.097092
-0.258704,0.125178,-0.675962,-1.268848,-1.268846,0.801136,-1.563047,-3.101615,-4.022365,-3.875156,-3.627639,-1.000000,112.649376
-0.202240,0.000000,-0.834245,-0.968041,-0.968041,1.334798,-0.250271,-1.655569,-2.886152,-2.850928,-2.685034,-1.000000,111.558884
-0.135630,0.271255,-0.398407,-0.589869,-0.589869,1.252860,0.649319,-0.808679,-2.085275,-2.231414,-2.094882,-1.000000,110.900833
-0.537182,0.243412,-0.595937,0.991776,0.991780,0.214871,-0.000001,-1.458789,-2.731242,-3.080075,-3.011304,1.000000,112.000725
-0.042094,0.126274,-0.572439,-0.293770,-0.293778,0.075767,0.545505,-0.802533,-2.077191,-2.709315,-2.665484,0.000000,111.671692
-0.141878,0.459024,-0.141878,0.867076,0.867088,-0.786187,0.011677,-1.298622,-2.516699,-3.368727,-3.353649,1.000000,112.639984
-0.200299,0.050073,-0.492403,0.000000,0.000000,-0.594230,-0.116014,-1.003178,-2.098154,-3.173434,-3.251829,0.000000,112.639984
-0.075888,0.463785,-0.430048,-1.026543,-1.026555,0.541369,0.632438,0.262537,-0.860099,-1.969467,-2.195231,-1.000000,111.483673
-0.324811,0.266510,-0.416424,1.248001,1.248002,-0.543014,-0.552176,-0.697368,-1.802279,-2.896308,-3.282805,1.000000,112.874992
-0.232653,0.141254,-0.739509,0.233196,0.233198,-0.515162,-0.868299,-0.676912,-1.695054,-2.780222,-3.394542,0.000000,113.138214
0.025058,0.258936,-0.175408,-0.523471,-0.523472,-0.008353,-0.355830,0.060698,-0.914216,-1.949882,-2.741396,-1.000000,112.545967
-0.560640,0.338030,-0.560640,1.311393,1.311395,-1.060272,-1.429632,-1.237805,-1.917307,-2.839806,-3.799160,1.000000,114.021889
0.024699,0.230528,-0.131727,0.140158,0.140160,-0.726166,-1.280257,-1.405677,-1.761486,-2.707394,-3.692574,0.000000,114.181702
-0.049255,0.147771,-0.057467,0.288160,0.288166,-0.725725,-1.344723,-1.557076,-1.768333,-2.709143,-3.690453,0.000000,114.510735
0.238292,0.246510,-0.238285,-0.090305,-0.090312,-0.414131,-1.016432,-1.450012,-1.437550,-2.311256,-3.284578,0.000000,114.407318
-0.178667,0.162434,-0.560379,1.175021,1.175025,-1.016813,-1.897185,-2.415878,-2.287017,-3.130028,-4.057232,1.000000,115.751633
-0.224106,0.504240,-0.312149,1.469995,1.469997,-1.866501,-2.908604,-3.495018,-3.558916,-4.199464,-5.042962,1.000000,117.453178
-0.007902,0.363434,-0.197519,1.304625,1.304614,-2.322820,-3.528478,-4.284845,-4.620365,-5.046690,-5.916617,1.000000,118.985489
-0.164434,0.140944,-0.461981,0.900687,0.900686,-2.270765,-3.791398,-4.691876,-5.146421,-5.499330,-6.381642,1.000000,120.057175
0.163291,0.163291,-0.388802,0.696897,0.696899,-1.874030,-3.815710,-4.842926,-5.521776,-5.755524,-6.606275,1.000000,120.893852
-0.131751,0.209257,-0.434006,0.334365,0.334373,-1.286526,-3.414713,-4.684187,-5.480126,-5.661324,-6.513994,0.000000,121.298088
0.482787,0.599598,-0.132377,-0.472759,-0.472766,-0.275656,-2.400713,-3.784974,-4.651531,-4.992989,-5.708870,0.000000,120.724632
-0.397322,0.046741,-1.199751,-0.046719,-0.046715,0.049856,-1.817547,-3.232579,-4.202248,-4.750394,-5.300721,0.000000,120.668236
1.123599,1.131569,-0.294840,-2.235901,-2.235912,1.984231,0.721182,-0.731523,-1.758299,-2.377870,-2.858918,-1.000000,117.970200
0.364824,0.983429,-0.174473,0.478124,0.478134,1.100801,0.590056,-0.900414,-1.936315,-2.692680,-3.049409,0.000000,118.534256
0.899312,1.228520,-0.016062,-1.229277,-1.229278,1.638024,1.955193,0.590973,-0.526340,-1.330338,-1.610462,-1.000000,117.077141
1.637185,1.859313,-0.403130,-2.400833,-2.400829,3.007808,4.184277,3.079658,1.991764,1.191600,0.815294,-1.000000,114.266319
0.344431,1.262917,-0.155816,0.320855,0.320843,1.625393,3.471383,2.776233,1.802940,0.998199,0.491228,0.000000,114.632935
-0.990100,0.332735,-0.990100,1.049696,1.049698,0.201269,2.032140,1.784885,0.873237,0.081482,-0.449330,1.000000,115.836235
-0.489018,0.040086,-0.737532,1.233564,1.233560,-1.236164,0.479405,0.707079,-0.179966,-0.947242,-1.572330,1.000000,117.265144
-0.228329,0.354300,-0.385800,1.819788,1.819797,-2.612397,-1.475479,-0.889173,-1.677037,-2.491146,-3.143064,1.000000,119.399132
-0.268474,0.197410,-0.560644,-0.291318,-0.291319,-1.524008,-1.328176,-0.510109,-1.178538,-1.990841,-2.650296,0.000000,119.051300
-0.015781,0.433888,-0.157782,0.094759,0.094756,-0.856738,-1.547807,-0.594299,-1.063032,-1.825813,-2.511307,0.000000,119.164108
0.347109,0.449669,0.000000,0.000000,0.000000,-0.298202,-1.447617,-0.644262,-0.867781,-1.614705,-2.310929,0.000000,119.164108
-0.858709,0.148311,-0.858709,1.057119,1.057124,-0.816555,-2.321630,-1.709609,-1.654964,-2.401881,-3.090561,1.000000,120.423820
-0.227684,0.180572,-0.400410,-0.569870,-0.569874,-0.191567,-1.539609,-1.233154,-0.924865,-1.602261,-2.337548,-1.000000,119.737556
0.039707,0.127072,-0.460648,-1.146266,-1.146261,0.849810,-0.051630,-0.220799,0.262483,-0.314516,-1.043874,-1.000000,118.365051
0.095629,0.581763,-0.063756,-0.341515,-0.341516,0.991393,0.572997,-0.031881,0.562636,0.155241,-0.521733,0.000000,117.960815
0.445616,0.771864,-0.620672,0.151415,0.151416,0.665237,0.615899,-0.173471,0.329433,0.126680,-0.523595,0.000000,118.139427
0.867309,1.005105,-0.259382,-1.830186,-1.830185,1.775145,2.380640,1.540618,1.987916,2.047493,1.412547,-1.000000,115.977257
1.064704,1.326784,-0.728910,-1.029428,-1.029441,1.970528,3.043419,2.463566,2.764958,3.075195,2.532361,-1.000000,114.783340
0.279619,0.711033,-0.087880,2.514333,2.514337,-0.648713,0.398665,0.143278,0.114650,0.554452,0.120908,1.000000,117.669380
-0.885723,0.094055,-0.885723,1.925385,1.925390,-2.196273,-1.433612,-1.453731,-1.807104,-1.313375,-1.610495,1.000000,119.934975
1.340415,1.340415,-0.079314,-1.175733,-1.175735,-0.967641,-0.314878,-0.130076,-0.615482,-0.190990,-0.327041,-1.000000,118.524857
0.364963,1.348776,-0.555383,-0.031727,-0.031722,-0.512542,-0.446687,-0.029623,-0.585929,-0.240563,-0.180635,0.000000,118.487259
0.506288,1.154971,-0.617045,0.293560,0.293554,-0.121826,-0.814018,-0.353875,-0.802943,-0.615458,-0.386310,0.000000,118.835083
-0.317916,0.127168,-0.945798,-0.466738,-0.466738,0.449853,-0.356062,0.069945,-0.168095,-0.232075,0.104119,0.000000,118.280434
0.859760,1.254138,-0.118317,0.762994,0.762994,-0.436975,-1.008043,-0.686750,-0.733157,-1.037385,-0.648364,1.000000,119.182907
-0.434511,0.093106,-0.644011,1.656417,1.656418,-1.624769,-2.371977,-2.195325,-2.131054,-2.544695,-2.236967,1.000000,121.157074
0.263236,0.487759,-0.309700,0.217256,0.217257,-1.354911,-2.135339,-2.352640,-2.172114,-2.660888,-2.434451,0.000000,121.420296
-0.233175,0.124361,-0.505215,-0.387117,-0.387112,-0.621800,-1.245149,-1.906323,-1.727816,-2.154523,-2.064881,0.000000,120.950264
-0.685353,0.284918,-1.463116,0.932688,0.932689,-0.917915,-1.796554,-2.609995,-2.511941,-2.802716,-2.932908,1.000000,122.078354
0.262221,0.424189,-0.123403,-0.154010,-0.154022,-0.320833,-1.484647,-2.244842,-2.249726,-2.414619,-2.749752,0.000000,121.890327
-0.667378,0.341269,-0.667378,1.696743,1.696746,-1.531923,-2.689970,-3.562867,-3.687240,-3.780673,-4.211281,1.000000,123.958496
0.022883,0.480542,-0.167812,-0.576365,-0.576360,-0.665144,-1.739898,-2.610735,-3.014498,-3.028838,-3.528609,-1.000000,123.244049
0.977472,1.122567,-0.190913,-0.114423,-0.114431,-0.201596,-1.280633,-2.048611,-2.766696,-2.797395,-3.254924,0.000000,123.103020
-0.506998,0.022701,-0.915620,0.916378,0.916391,-0.761260,-1.698072,-2.585952,-3.413547,-3.513282,-3.866063,1.000000,124.231125
0.496701,0.876981,-0.124178,-2.497153,-2.497159,1.654632,0.980206,-0.025357,-0.809085,-0.977265,-1.225202,-1.000000,121.128876
-0.755199,0.030520,-1.052704,1.738448,1.738438,-0.199853,-0.576691,-1.478871,-2.297266,-2.537177,-2.712883,1.000000,123.234627
-1.182306,0.053388,-1.281471,0.007636,0.007646,-0.207482,-0.436313,-1.229093,-2.009922,-2.453095,-2.558612,0.000000,123.244049
-0.361770,1.175770,-0.361770,1.205177,1.205175,-1.135056,-1.318958,-2.090236,-2.778107,-3.454622,-3.576519,1.000000,124.729355
-0.576901,0.136627,-0.728713,-0.708463,-0.708456,-0.491887,-0.472152,-1.092059,-1.835063,-2.588745,-2.759485,-1.000000,123.845703
0.154354,0.710039,-0.154366,-1.647182,-1.647187,1.285785,1.187769,0.707977,-0.114230,-0.831063,-1.058636,-1.000000,121.805733
0.240010,0.456795,-0.154844,-0.316434,-0.316436,1.308456,1.299937,1.042117,0.322080,-0.408178,-0.682617,0.000000,121.420296
-0.871226,0.160483,-0.871226,1.308456,1.308461,-0.038216,-0.027519,-0.176799,-0.789843,-1.465808,-1.895307,1.000000,123.009033
-0.167914,0.175543,-0.213707,0.129918,0.129914,-0.421306,-0.151885,-0.186232,-0.742636,-1.321327,-1.929732,0.000000,123.168839
-0.326208,0.128962,-0.470346,0.610596,0.610598,-1.013505,-0.782890,-0.692870,-1.117438,-1.718409,-2.375467,1.000000,123.920906
-0.377387,0.226423,-0.377387,0.508267,0.508269,-1.073291,-1.009892,-1.052663,-1.401998,-2.067181,-2.692788,0.000000,124.550758
-0.060571,0.461841,-0.060571,-0.309460,-0.309467,-0.324039,-0.627643,-0.734399,-0.974784,-1.581462,-2.228949,0.000000,124.165314
-0.372689,0.149073,-0.380151,1.574805,1.574810,-1.375970,-1.940221,-2.121350,-2.323720,-2.865238,-3.476698,1.000000,126.120682
-0.576581,0.155238,-0.665282,0.834820,0.834825,-1.562686,-2.559876,-2.718315,-2.887718,-3.407159,-3.951068,1.000000,127.173569
-0.701236,0.065749,-0.759674,1.197513,1.197500,-1.985379,-3.335998,-3.638166,-3.779754,-4.226431,-4.802033,1.000000,128.696472
-0.058404,0.160608,-0.416113,0.058438,0.058441,-1.387059,-2.851503,-3.298770,-3.568761,-3.984515,-4.628892,0.000000,128.771683
-0.534907,0.260229,-0.795136,0.992846,0.992856,-1.451501,-3.142983,-3.900054,-4.282567,-4.654910,-5.271073,1.000000,130.050201
-0.051138,0.197270,-0.350695,-1.062600,-1.062610,0.002927,-1.662884,-2.586874,-3.043756,-3.405559,-3.989909,-1.000000,128.668274
0.058481,0.482459,-0.124268,-0.051138,-0.051136,0.276312,-1.190058,-2.336255,-2.780335,-3.118128,-3.687621,0.000000,128.602478
-0.014766,0.317654,-0.014766,-1.045327,-1.045320,1.109548,0.115976,-1.125804,-1.634410,-1.931891,-2.435055,-1.000000,127.258171
-0.456315,0.095683,-0.456315,0.369358,0.369347,0.574085,-0.003673,-1.180530,-1.738049,-2.109948,-2.571075,0.000000,127.728195
-0.022156,0.324965,-0.243713,-0.345920,-0.345923,0.488929,0.588636,-0.530268,-1.237800,-1.665570,-2.072365,0.000000,127.286354
-0.088555,0.051647,-0.826454,0.088634,0.088643,0.200701,0.599904,-0.388631,-1.162193,-1.622200,-2.002660,0.000000,127.399185
0.044487,0.385474,-0.185322,-0.457504,-0.457503,0.379539,1.034097,0.260935,-0.625646,-1.052926,-1.398070,0.000000,126.816330
0.318784,0.808064,-0.140857,-0.007409,-0.007412,0.315809,0.892577,0.420094,-0.501519,-0.964340,-1.266463,0.000000,126.806931
0.081248,0.192034,-0.332371,0.370672,0.370679,-0.125571,0.402533,0.192030,-0.654043,-1.136870,-1.490022,0.000000,127.276978
0.344074,0.516122,-0.067317,-1.255630,-1.255637,0.888624,1.331435,1.546361,0.778666,0.198070,-0.191737,-1.000000,125.678841
0.149251,0.335819,-0.126864,0.231878,0.231877,0.428361,0.882836,1.303483,0.663061,0.052838,-0.350495,0.000000,125.970261
-0.988876,0.101795,-0.988876,2.634328,2.634337,-1.766891,-1.653464,-1.187628,-1.684003,-2.374178,-2.748739,1.000000,129.288742
-0.227654,0.154224,-0.521400,-0.988876,-0.988887,-0.597776,-0.612466,-0.236465,-0.542332,-1.268996,-1.679023,-1.000000,128.010223
-0.116349,0.450840,-0.261780,0.991412,0.991421,-1.263822,-1.468157,-1.189653,-1.335814,-2.006988,-2.434077,1.000000,129.279343
0.094910,0.299349,-0.262851,-0.407211,-0.407226,-0.382588,-0.951367,-0.852800,-0.754231,-1.378500,-1.892274,0.000000,128.752884
-0.699597,0.128493,-1.135064,2.278034,2.278041,-1.733294,-2.831952,-2.908338,-2.753427,-3.311536,-3.863743,1.000000,131.685928
0.028546,0.349743,-0.321208,0.014280,0.014276,-1.380441,-2.474658,-2.765166,-2.595288,-3.066093,-3.700925,0.000000,131.704727
-0.314485,0.286536,-0.391360,2.134183,2.134185,-2.473961,-3.939471,-4.437294,-4.414348,-4.776568,-5.448778,1.000000,134.515549
0.006878,0.330303,-0.254617,1.558467,1.558462,-2.897054,-4.730247,-5.470223,-5.594202,-5.884665,-6.538439,1.000000,136.611923
0.491276,0.491276,-0.083040,-0.550511,-0.550508,-1.313313,-3.453499,-4.526244,-4.857803,-5.019372,-5.666801,-1.000000,135.859863
1.001323,1.001323,-0.020860,-0.491286,-0.491278,-0.307353,-2.294695,-3.670584,-4.146791,-4.282039,-4.900679,0.000000,135.192413
-0.076865,0.384322,-0.279501,-0.486751,-0.486751,0.600931,-1.426878,-2.816950,-3.457483,-3.595000,-4.153916,0.000000,134.534363
-0.042133,0.077248,-0.477523,-0.496127,0.922756,-0.133247,-1.756211,-3.265137,-4.026525,-4.267891,-4.739215,1.000000,135.775787
-0.617331,0.273588,-0.820763,0.105343,0.105336,-0.340322,-1.371101,-2.943054,-3.826208,-4.158290,-4.560658,0.000000,135.918808
0.707703,0.750592,-0.128667,-1.866015,-1.866007,1.183237,0.851415,-0.712483,-1.768951,-2.235936,-2.515543,-1.000000,133.382553
-0.108315,0.129988,-0.512704,-1.007937,-1.007932,1.735699,1.904954,0.604828,-0.593099,-1.138419,-1.373574,-1.000000,132.038147
-0.135696,0.628474,-0.278531,1.112080,1.112079,0.462784,0.919113,-0.291058,-1.435868,-2.078816,-2.300196,1.000000,133.506516
-0.455062,0.405296,-0.455062,0.442790,0.442792,-0.230379,0.443060,-0.427977,-1.598533,-2.306477,-2.596636,0.000000,134.097672
0.271976,0.658458,-0.050105,-0.654151,-0.654149,0.021467,0.849859,0.424884,-0.727533,-1.498300,-1.843963,-1.000000,133.220474
-0.057168,0.307270,-0.285843,0.157458,0.157456,-0.128627,0.509225,0.500706,-0.593131,-1.468970,-1.913833,0.000000,133.430237
-0.578942,0.150090,-0.650421,-0.021436,-0.021442,0.097209,0.396540,0.608001,-0.293278,-1.267857,-1.774524,0.000000,133.401627
-0.673102,0.121742,-0.708908,-0.185841,-0.185849,0.230591,0.479784,0.867874,0.037502,-0.893646,-1.477699,0.000000,133.153702
0.079965,0.319862,-0.261705,-1.496596,-1.496580,1.305608,1.654546,2.229870,1.677499,0.744879,0.118353,-1.000000,131.160950
0.021634,0.230775,-0.382229,0.799655,0.799650,0.349052,0.567573,1.196897,0.981710,0.094906,-0.562900,1.000000,132.209778
0.107847,0.215705,-0.287611,0.302898,0.302891,-0.077650,0.205643,0.727939,0.822209,0.001719,-0.729353,0.000000,132.610229
0.143903,0.374157,-0.136712,-0.071905,-0.071904,-0.139584,0.313723,0.665715,0.926034,0.271227,-0.529240,0.000000,132.514877
0.404545,0.433436,-0.310621,-0.395743,-0.395740,0.080912,0.597420,0.937183,1.337849,0.751493,-0.003361,0.000000,131.990463
0.007215,0.439703,-0.064872,0.216718,0.216714,0.033162,0.242204,0.542549,1.034076,0.662633,-0.081768,0.000000,132.276505
0.028298,0.403306,-0.035380,1.874148,1.874153,-1.429284,-1.488009,-1.364655,-0.893501,-1.026679,-1.734947,1.000000,134.755569
-0.134126,0.162357,-0.345903,0.233497,0.233509,-1.294664,-1.596090,-1.511143,-1.153615,-1.070169,-1.732105,0.000000,135.070236
0.092183,0.177267,-0.290721,-0.444730,-0.444738,-0.563003,-1.077080,-0.950627,-0.738924,-0.545423,-1.082432,0.000000,134.469528
0.035400,0.184119,-0.162886,0.127638,0.127636,-0.296016,-1.092704,-1.020707,-0.861489,-0.584964,-1.076014,0.000000,134.641159
0.213282,0.419448,-0.078203,-0.389493,-0.389490,0.368263,-0.485574,-0.632737,-0.535695,-0.208132,-0.537437,0.000000,134.116745
0.084468,0.549062,-0.323801,0.995304,0.995304,-0.518087,-1.226948,-1.502184,-1.533156,-1.225841,-1.365742,1.000000,135.451614
0.383556,1.193272,-0.511390,-0.893992,-0.894000,0.255711,-0.214495,-0.573423,-0.612960,-0.383082,-0.339730,-1.000000,134.240677
0.704932,0.935119,-0.222987,-1.257184,-1.257185,1.242989,1.058843,0.649788,0.671848,0.805584,0.950940,-1.000000,132.553024
-0.864538,0.000000,-0.885972,0.676164,0.676172,0.384389,0.489419,-0.011439,-0.006438,0.096020,0.316500,1.000000,133.449310
-0.192778,0.264169,-0.342707,0.071443,0.071441,0.227046,0.512640,0.036175,-0.098528,-0.042267,0.220650,0.000000,133.544647
1.388589,1.635769,-0.072705,-1.792086,-1.792085,1.400215,2.071973,1.807824,1.645580,1.636348,1.910680,-1.000000,131.151413
0.116654,0.605133,-0.481193,-0.283533,-0.283533,1.159229,2.034119,2.003982,1.833256,1.845724,2.070963,0.000000,130.779556
-0.768559,0.101508,-0.783064,0.554093,0.554093,0.442289,1.246377,1.390663,1.199972,1.268273,1.415024,1.000000,131.504196
-1.843509,0.154799,-1.934985,3.045241,3.045244,-2.222065,-1.681676,-1.432591,-1.703841,-1.665353,-1.558073,1.000000,135.508820
0.312847,0.662062,-0.021825,-3.285954,-3.285955,0.720263,1.425246,1.854252,1.631866,1.582830,1.666545,-1.000000,131.056061
-0.108971,0.283306,-0.479445,0.152788,0.152790,0.582589,0.950887,1.521134,1.440498,1.368001,1.393039,0.000000,131.256302
0.534337,0.966189,-0.073189,-0.755491,-0.755497,1.269220,1.414148,2.048023,2.122682,2.042459,2.085108,-1.000000,130.264664
-0.159479,0.029002,-0.717644,0.973505,0.973500,0.297216,0.358834,0.915316,1.100770,1.001820,1.088084,1.000000,131.532791
-0.516611,0.014353,-0.516611,1.029357,1.029358,-1.119317,-0.706027,-0.200896,0.104407,-0.035293,0.042581,1.000000,132.886734
-0.028684,0.043041,-0.200817,0.043049,0.043048,-0.877853,-0.793937,-0.302651,0.086435,-0.024661,-0.029394,0.000000,132.943939
0.229346,0.508855,-0.179173,0.071725,0.071723,-0.680857,-0.723136,-0.494989,-0.049802,-0.071375,-0.105585,0.000000,133.039291
0.136682,0.460398,-0.172643,-0.372683,-0.372686,0.034535,-0.218679,-0.208126,0.228774,0.300423,0.245799,0.000000,132.543472
-0.473324,0.078888,-0.473324,0.309335,0.309347,-0.060251,-0.417390,-0.495796,-0.137338,0.004300,-0.074587,0.000000,132.953491
-0.173640,0.318335,-0.224278,-0.874929,-0.874921,0.655463,0.179411,0.298547,0.635932,0.880905,0.772913,-1.000000,131.790253
0.559190,0.559190,-0.406680,-0.376215,-0.376218,0.784309,0.575884,0.563055,0.908493,1.231951,1.156859,0.000000,131.294434
-0.036033,0.165739,-0.331488,0.777057,0.777045,-0.102325,-0.119623,-0.153730,0.011892,0.377607,0.379528,1.000000,132.314651
-0.636896,0.157437,-0.658364,0.698999,0.699013,-0.691291,-0.589680,-0.723738,-0.719920,-0.374135,-0.301524,1.000000,133.239548
0.616438,0.616438,-0.275585,-1.323891,-1.323903,0.416281,0.739722,0.606766,0.571111,0.871423,1.009746,-1.000000,131.475586
0.408043,0.539195,-0.313325,-0.471386,-0.471381,0.749050,1.061638,0.846200,0.948333,1.233454,1.459240,0.000000,130.855835
0.124477,0.424681,-0.073227,-0.488194,-0.488201,1.077838,1.348027,1.297990,1.315809,1.610310,1.904275,0.000000,130.216995
0.050926,0.320142,-0.320141,0.637032,0.637047,0.244464,0.554415,0.646088,0.670463,0.832643,1.164862,1.000000,131.046539
0.058449,0.496889,-0.160761,-0.429275,-0.429283,0.254291,0.830104,1.091213,1.093162,1.152205,1.483858,0.000000,130.483978
0.354225,0.354225,-0.184488,-0.979182,-0.979196,0.894416,1.537175,1.970842,2.003927,2.048869,2.351627,-1.000000,129.206284
0.322950,0.563275,-0.398047,-1.741570,-1.741561,2.068351,2.956073,3.466774,3.475035,3.653031,3.963959,-1.000000,126.956078
0.151169,0.332579,-0.287230,-0.638371,-0.638369,2.078607,3.209372,3.772233,3.945198,4.084352,4.421263,-1.000000,126.145630
-0.297980,0.260720,-0.379923,1.466366,1.466370,0.126630,1.380358,2.009827,2.315620,2.481518,2.718010,1.000000,127.995392
0.044394,0.244120,-0.207131,0.700229,0.700224,-0.816687,0.338074,1.111613,1.550901,1.710318,1.865421,1.000000,128.891647
-0.029528,0.280456,-0.295231,0.229333,0.229323,-1.046567,-0.068633,0.685914,1.227772,1.405867,1.545509,0.000000,129.187225
-0.228764,0.236150,-0.250902,0.014754,0.014753,-0.712851,-0.211041,0.537737,1.070415,1.195793,1.421066,0.000000,129.206284
-0.264590,0.080847,-0.404236,0.405876,0.405885,-0.561518,-0.651917,0.050961,0.538002,0.745851,0.913081,0.000000,129.730713
-0.415212,0.163121,-0.830426,-0.874616,-0.874615,0.409280,0.034108,0.740964,1.252321,1.552016,1.737233,-1.000000,128.596069
-0.728730,0.275141,-0.728730,-0.289167,-0.289154,0.596358,0.147965,0.772348,1.377520,1.782858,1.965835,0.000000,128.224228
0.343226,0.447688,-0.059694,-0.342052,-0.342056,0.722269,0.380528,0.925722,1.523271,2.014912,2.218812,0.000000,127.785629
-0.236191,0.642169,-0.236191,1.089384,1.089371,-0.367574,-0.529223,-0.248493,0.328101,0.800716,0.953900,1.000000,129.177689
-0.109416,0.109405,-0.226122,1.195756,1.195765,-1.393150,-1.354495,-1.401420,-0.879294,-0.458360,-0.247517,1.000000,130.722351
0.450518,0.450518,-0.051693,-1.239980,-1.239988,-0.076799,-0.030275,-0.263903,0.240776,0.669432,0.949293,-1.000000,129.101410
0.355906,0.474531,-0.014821,-0.391432,-0.391429,0.373698,0.339589,0.030155,0.454145,0.942246,1.302740,0.000000,128.596069
-0.088595,0.310053,-0.228859,0.437467,0.437464,0.149119,-0.099663,-0.407995,-0.073086,0.385058,0.800235,0.000000,129.158630
1.245760,1.268409,-0.037752,-2.222065,-2.222064,1.967538,1.939604,1.820061,2.016991,2.492115,2.916828,-1.000000,126.288643
0.351403,0.545791,-0.149530,0.981505,0.981507,0.475511,0.776075,0.902678,0.919999,1.377794,1.774953,1.000000,127.528175
0.089817,0.179633,-0.344317,-0.112145,-0.112142,0.318855,0.794156,0.984023,0.889587,1.336819,1.741261,0.000000,127.385162
-0.022598,0.135588,-0.241060,-0.636232,-0.636230,0.641805,1.309224,1.508595,1.381162,1.775061,2.235527,-1.000000,126.574699
-0.361633,0.278769,-0.452039,-0.015069,-0.015069,0.245611,1.227302,1.385266,1.291718,1.634896,2.082422,0.000000,126.555626
-0.090656,0.120855,-1.231308,-0.263686,-0.263692,0.500076,1.260762,1.495692,1.530440,1.756758,2.205265,0.000000,126.221909
1.561158,1.584574,-0.132698,-3.225566,-3.225562,2.969324,3.934116,4.464911,4.750991,4.884236,5.362316,-1.000000,122.150543
0.875769,1.162520,-0.077506,0.718131,0.718128,1.526780,2.699375,3.418330,3.802217,3.875689,4.359453,1.000000,123.027740
-0.729932,0.266112,-1.216550,1.929788,1.929783,-0.582418,0.500307,1.310323,1.697842,1.746959,2.175336,1.000000,125.401909
-0.314747,0.134887,-0.314747,1.459852,1.459863,-1.906480,-1.097128,-0.176365,0.157742,0.220916,0.594018,1.000000,127.232605
-0.239784,0.187336,-0.389662,0.007490,0.007489,-1.753466,-1.029599,-0.285252,0.073060,0.222403,0.491817,0.000000,127.242134
0.059707,0.470177,-0.149274,0.404652,0.404656,-1.271745,-1.410562,-0.841865,-0.407504,-0.131067,0.022626,0.000000,127.757027
0.346174,0.456651,-0.081019,1.328457,1.328444,-1.573245,-2.543268,-2.123687,-1.680045,-1.395300,-1.329699,1.000000,129.454208
-0.487592,0.096043,-0.487592,-0.301983,-0.301983,-0.707736,-2.055255,-1.803089,-1.349730,-1.091309,-1.067522,0.000000,129.063278
0.184447,0.420546,-0.095905,0.132973,0.132970,-0.529722,-1.978002,-1.929554,-1.424661,-1.221179,-1.198160,0.000000,129.234894
0.260111,0.349287,-0.304700,-0.723030,-0.723014,0.359684,-1.102118,-1.110787,-0.740941,-0.530032,-0.443677,-1.000000,128.300507
-0.141803,0.328374,-0.141803,-0.423598,-0.423599,0.786615,-0.242565,-0.678169,-0.434745,-0.168680,0.021880,0.000000,127.757027
0.330208,0.502813,-0.127578,-0.552284,-0.552296,0.968110,0.628149,-0.144084,0.037529,0.337116,0.552599,-1.000000,127.051430
0.807236,1.010936,-0.173516,-0.525326,-0.525327,1.077332,1.237273,0.373196,0.478314,0.808755,1.017480,-1.000000,126.383995
-0.220042,0.060704,-0.440083,-0.573376,-0.573376,1.091140,1.695890,0.904480,0.918517,1.322417,1.506447,-1.000000,125.659340
-0.576452,0.060681,-1.114989,0.037941,0.037941,0.640176,1.535202,0.838904,0.857108,1.173552,1.375160,0.000000,125.707016
-0.648714,0.203658,-0.731690,0.553710,0.553711,-0.128240,0.868972,0.507907,0.257222,0.479745,0.729174,1.000000,126.403069
-0.204131,0.120956,-0.771153,-0.226298,-0.226294,-0.049904,0.833140,0.899168,0.434336,0.612986,0.892112,0.000000,126.117027
0.037455,0.187322,-0.307211,0.899677,0.899681,-0.804745,-0.208311,0.096400,-0.434595,-0.326398,-0.032977,1.000000,127.251678
-0.555632,0.157686,-0.886014,-0.209811,-0.209819,-0.387437,-0.175693,0.293847,-0.208355,-0.185304,0.156189,0.000000,126.984680
1.170573,1.185978,-1.132076,-2.500366,-2.500358,1.860602,2.021555,2.681034,2.253361,2.294332,2.580148,-1.000000,123.809608
0.272782,0.522171,-0.109111,-1.185990,-1.185989,2.419141,2.803362,3.618316,3.488424,3.352503,3.582986,-1.000000,122.341240
0.116458,0.496855,-0.124217,0.389681,0.389685,1.484353,2.059615,2.855878,3.078170,2.802571,3.010370,0.000000,122.817986
-0.069254,0.038479,-0.330891,0.885024,0.885016,0.053869,0.964218,1.676030,2.113507,1.814546,1.980507,1.000000,123.904945
-0.450069,0.259362,-0.778083,0.877260,0.877260,-1.135093,0.032805,0.565517,1.135863,0.879093,0.982534,1.000000,124.991913
0.496085,0.496085,-0.248037,-1.586697,-1.586699,0.328662,1.426253,1.900116,2.594378,2.401060,2.521774,-1.000000,123.008667
-0.102022,0.211901,-1.090880,-1.232460,-1.232457,1.440904,2.287711,2.827917,3.616778,3.657196,3.635484,-1.000000,121.492638
-0.500821,0.281707,-0.727756,0.290381,0.290380,0.987555,1.640973,2.245348,3.004536,3.318255,3.183868,0.000000,121.845428
-0.312038,0.039007,-0.475856,0.313014,0.313015,0.397844,0.912705,1.699558,2.403461,2.891955,2.743321,0.000000,122.226822
-0.289359,0.093841,-0.602178,-0.249629,-0.249630,0.145458,0.749980,1.749692,2.359817,2.975207,2.873750,0.000000,121.921707
-0.203333,0.156412,-0.336280,0.000000,0.000000,-0.032846,0.595135,1.542712,2.098223,2.800655,2.756183,0.000000,121.921707
0.277688,0.769598,-0.293560,-1.431143,-1.431142,1.199620,1.875595,2.671639,3.265232,4.040938,4.193377,-1.000000,120.176834
1.665307,1.665307,-0.040819,-2.808633,-2.808634,3.260411,4.304491,5.106942,5.810614,6.614206,7.026669,-1.000000,116.801506
2.561944,2.864339,-0.117597,-2.816324,-2.816321,4.717343,6.411588,7.345929,8.309949,9.155812,9.779080,-1.000000,113.512001
-2.898163,2.228688,-3.920012,-4.645112,-4.645118,7.290352,10.047576,11.420610,12.781456,13.697330,14.541939,-1.000000,108.239235
3.828170,3.828170,0.000000,-0.132130,-0.132127,4.874303,8.813618,10.598922,12.116079,13.100113,14.103082,0.000000,108.096222
-0.882547,0.093348,-2.359129,3.942836,3.942841,-0.495588,3.873048,5.811269,7.238205,8.261710,9.318001,1.000000,112.358284
-0.752699,0.259260,-1.045413,1.468096,1.468097,-2.425362,1.682692,3.765153,5.155553,6.237679,7.284709,1.000000,114.007813
0.207005,0.695540,-0.364325,1.003594,1.003591,-3.110044,0.057962,2.227374,3.585328,4.791918,5.816014,1.000000,115.151985
0.633553,0.743373,-0.160496,-1.978968,-1.978971,-0.332823,1.276401,3.575494,5.051532,6.454471,7.469170,-1.000000,112.873161
1.084490,1.390593,-0.227387,-3.412740,-3.412739,3.358407,3.671508,6.379806,8.085100,9.603641,10.676931,-1.000000,109.021095
-0.314575,0.059513,-1.198779,2.868644,2.868643,0.438699,0.064612,2.857788,4.616559,6.038766,7.126619,1.000000,112.148521
0.484910,0.693923,-0.225738,1.691887,1.691891,-1.225654,-1.841823,0.690573,2.491425,3.851178,4.964184,1.000000,114.045952
0.154506,0.343349,-0.566527,-2.600118,-2.600120,0.678111,0.559656,2.709584,4.650213,6.041200,7.307008,-1.000000,111.080620
-0.857804,0.082479,-0.915540,4.068668,4.068667,-2.786207,-2.735069,-1.670515,0.152591,1.501486,2.821677,1.000000,115.600121
2.188691,2.313050,-0.149230,-0.511378,-0.511380,-1.245233,-1.634058,-1.565800,0.319598,1.717127,3.040125,-1.000000,115.008965
0.864844,0.864844,-0.457860,-2.221855,-2.221852,1.053076,0.609630,0.213100,2.197301,3.676782,4.968060,-1.000000,112.453636
-0.520922,0.000000,-1.033304,-0.712230,-0.712235,1.349279,1.120415,0.624543,2.473959,4.020500,5.289217,-1.000000,111.652702
0.326605,0.610228,-0.300815,-0.640478,-0.640471,1.976792,1.392349,1.118462,2.625696,4.223461,5.477723,-1.000000,110.937599
-0.750251,0.141712,-1.058684,3.102708,3.102708,-1.305437,-1.527178,-1.566636,-0.792350,0.715902,1.936198,1.000000,114.379669
-0.155739,0.270493,-0.377048,1.700568,1.700557,-2.729502,-2.545894,-2.740977,-2.691797,-1.198026,0.017220,1.000000,116.324760
-0.173209,1.303202,-0.305176,-0.622952,-0.622945,-1.575388,-1.636423,-1.944352,-2.279775,-0.782579,0.449797,-1.000000,115.600121
0.462888,1.085677,-0.092578,-1.996039,-1.996042,0.718735,0.300456,0.010662,-0.444368,0.936208,2.215397,-1.000000,113.292694
0.133966,0.494011,-0.619608,0.513382,0.513384,0.720085,0.033491,-0.574954,-0.936952,0.127270,1.399703,0.000000,113.874321
0.085047,0.255141,-1.335261,-1.549023,-1.549023,1.899979,1.296136,0.944036,0.794350,1.352608,2.612119,-1.000000,112.110382
-0.170202,0.195725,-0.765893,-0.059534,-0.059532,1.196491,1.091818,1.184009,1.030547,1.060331,2.347030,0.000000,112.043640
-0.025526,0.161629,-1.318590,0.034041,0.034039,0.534239,1.024241,1.145609,0.983833,0.737044,2.032323,0.000000,112.081779
0.649732,1.248836,-0.295332,0.816673,0.816669,-0.332458,0.324869,0.264395,0.121088,-0.213652,0.944788,1.000000,112.997116
2.030895,2.039576,-0.425272,-2.776138,-1.421939,0.659205,1.812651,1.729197,1.396436,1.149529,2.076587,-1.000000,111.390366
-0.236321,0.201316,-0.954045,-0.841869,-0.841868,1.213639,2.321514,2.282202,2.147733,2.088461,2.597109,-1.000000,110.452606
-0.886768,0.102322,-1.006140,2.652078,2.652072,-1.165211,-0.581572,-0.455984,-0.299004,-0.362577,-0.304607,1.000000,113.381889
0.126755,0.447868,-0.937969,0.903817,0.903817,-1.644072,-1.576402,-1.233816,-1.093358,-1.183434,-1.365719,1.000000,114.406654
-1.176182,0.074544,-1.780834,2.019611,2.019612,-2.953700,-3.231422,-2.899746,-2.936911,-3.046783,-3.320721,1.000000,116.717224
-0.433289,0.482345,-0.457814,1.316986,1.316985,-3.054283,-4.118891,-3.749431,-3.895282,-4.202105,-4.443744,1.000000,118.254372
0.000000,0.281181,-0.454842,-1.144541,-1.144541,-0.828645,-2.598994,-2.491267,-2.726953,-2.955147,-3.090421,-1.000000,116.900902
-0.138536,0.391169,-0.423761,1.480318,1.480320,-1.390270,-3.464493,-3.784027,-3.993223,-4.046726,-4.208046,1.000000,118.631409
-0.566897,0.186262,-1.109493,0.627499,0.627496,-1.172659,-3.455458,-4.173155,-4.301973,-4.402905,-4.609437,1.000000,119.375816
1.125616,1.623163,-0.220225,-0.712670,-0.712662,-0.158242,-2.296087,-3.191027,-3.325162,-3.565569,-3.797704,-1.000000,118.525070
-0.292422,0.268054,-0.422391,0.415989,0.415981,-0.443504,-2.059944,-3.303942,-3.386179,-3.698290,-4.087952,0.000000,119.018112
0.346905,0.726850,-0.173453,-1.657055,-1.657057,1.258780,0.153634,-1.393518,-1.644360,-2.026218,-2.353019,-1.000000,117.045914
0.791334,1.049558,-0.124949,-0.842485,-0.842483,1.675967,1.235318,-0.325021,-0.820104,-1.157575,-1.321212,-1.000000,116.059822
-0.571712,0.089841,-0.971906,1.990836,1.990837,-0.478602,-0.405914,-1.916476,-2.639056,-2.887015,-3.072190,1.000000,118.370384
-0.258148,0.153278,-0.596965,1.241422,1.241428,-1.479514,-1.366574,-2.738521,-3.559738,-3.804550,-4.099567,1.000000,119.839867
-0.161882,0.016185,-0.590856,-0.330749,-0.330756,-1.081343,-0.939700,-1.966275,-3.006567,-3.200471,-3.547934,0.000000,119.443489
0.384585,0.564604,-0.040909,-1.084584,-1.084582,0.189839,0.252027,-0.457135,-1.687547,-2.011508,-2.418477,-1.000000,118.148026
0.274862,0.929669,-0.080840,1.219211,1.219212,-0.426837,-0.875503,-1.310157,-2.556295,-3.082639,-3.466225,1.000000,119.588501
-0.399265,0.279485,-0.622859,1.236868,1.236871,-1.197800,-1.946823,-2.149117,-3.375713,-4.086093,-4.408467,1.000000,121.067657
-0.270396,0.174965,-0.588514,0.407247,0.407245,-1.315412,-2.094799,-2.280367,-3.415380,-4.203051,-4.524492,0.000000,121.560699
0.263306,0.406921,-0.263306,-0.326066,-0.326067,-0.708531,-1.597385,-1.800582,-2.696085,-3.649002,-3.930813,0.000000,121.164330
0.048063,0.296399,-0.248342,-0.398947,-0.398949,0.108949,-0.902026,-1.198430,-1.882561,-2.978998,-3.371963,0.000000,120.680946
-0.815131,0.071222,-1.131688,1.225666,1.225669,-0.682178,-1.602566,-2.202176,-2.711303,-3.822503,-4.382736,1.000000,122.160095
0.073031,0.137947,-0.632911,-2.469138,-2.469134,1.509247,0.953421,0.260734,-0.049501,-1.150539,-1.862905,-1.000000,119.143799
0.489315,0.766592,-0.024472,-0.503079,-0.503086,1.513620,1.354591,0.768770,0.532946,-0.463547,-1.219023,-1.000000,118.544403
-0.097326,0.170315,-0.356855,0.554559,0.554562,0.624491,0.775342,0.223300,0.018244,-0.750369,-1.614827,1.000000,119.201805
-0.032418,0.105355,-0.429531,0.072989,0.072991,0.317692,0.797471,0.275548,0.045383,-0.526463,-1.485997,0.000000,119.288811
-0.064742,0.267078,-0.396567,0.137774,0.137771,-0.273548,0.647462,0.326969,-0.057864,-0.460018,-1.414771,0.000000,119.453156
-0.168188,0.264297,-0.208236,1.052123,1.052125,-1.052380,-0.430083,-0.588394,-1.043171,-1.287525,-2.202950,1.000000,120.709953
0.203384,0.219658,-0.512526,-1.553743,-1.553746,0.558090,0.911979,0.924182,0.531650,0.341689,-0.495712,-1.000000,118.834427
0.572735,0.630009,-0.417282,-0.569474,-0.569470,0.957288,1.235476,1.429660,1.071017,0.913105,0.265093,-1.000000,118.157700
-0.315559,0.113283,-0.412650,1.120925,1.120921,-0.129456,0.012952,0.379756,0.052599,-0.119098,-0.594434,1.000000,119.482155
0.657306,0.657306,0.000000,-0.291280,-0.291276,0.108736,0.051121,0.647566,0.473907,0.189560,-0.143097,0.000000,119.134132
0.952925,0.952925,-0.180729,-1.217236,-1.217235,0.828057,1.159940,1.696099,1.682818,1.366626,1.180202,-1.000000,117.683990
0.717409,1.006020,-0.057722,-0.377890,-0.377898,0.938409,1.432348,1.836131,1.957622,1.707271,1.578853,0.000000,117.239265
-0.852180,0.040966,-0.860376,0.634950,0.634955,0.272041,0.689117,1.013875,1.252458,1.030481,0.930295,1.000000,117.983681
-0.292327,0.430368,-0.487210,0.909539,0.909537,-0.703207,-0.237921,0.012452,0.377995,0.187414,0.080931,1.000000,119.056786
-1.040752,0.032017,-1.224887,1.429153,1.429150,-1.833319,-1.535504,-1.474126,-0.987909,-1.068608,-1.270513,1.000000,120.758286
-0.024213,0.468159,-0.104929,-0.816592,-0.816590,-0.676405,-0.803129,-0.627973,-0.226810,-0.207277,-0.446629,-1.000000,119.772186
0.291098,0.380044,-0.258753,-0.177578,-0.177574,-0.111588,-0.566023,-0.394598,-0.133015,-0.039136,-0.240694,0.000000,119.559502
0.389859,0.625403,-0.373618,-0.444728,-0.444729,0.510068,-0.048736,0.040608,0.223357,0.393435,0.205217,0.000000,119.027786
-0.169327,0.137079,-0.628930,0.730989,0.730988,-0.079017,-0.739394,-0.651505,-0.536603,-0.276726,-0.442667,1.000000,119.897865
0.129175,0.129175,-0.201841,-0.129008,-0.129008,-0.119491,-0.560310,-0.507024,-0.509042,-0.142741,-0.211529,0.000000,119.743187
0.088446,0.297495,-0.088447,0.411757,0.411762,-0.451883,-0.755816,-0.941284,-0.871599,-0.579889,-0.569007,0.000000,120.236244
0.305421,0.337565,-0.176821,0.040199,0.040192,-0.371318,-0.542513,-0.900709,-0.839089,-0.662268,-0.596631,0.000000,120.284569
-0.135005,0.365311,-0.293833,1.205594,1.205593,-1.113401,-1.419151,-1.885319,-1.916291,-1.826869,-1.718017,1.000000,121.734711
0.850962,1.041836,-0.214726,-0.142948,-0.142944,-0.698266,-1.072053,-1.630878,-1.682439,-1.657387,-1.483748,0.000000,121.560699
1.531427,1.547467,-0.152343,-0.811195,-0.811199,0.251765,-0.278222,-0.746738,-0.831862,-0.905707,-0.650789,-1.000000,120.574600
-1.048451,0.000000,-1.048451,0.946120,0.946124,-0.444802,-1.053220,-1.456185,-1.720019,-1.749963,-1.564206,1.000000,121.715385
0.271671,0.359565,-0.511386,-0.595711,-0.595713,0.268476,-0.341990,-0.658944,-1.041950,-1.080304,-0.990012,-1.000000,120.990311
0.473393,0.473393,-0.457067,-2.101482,-2.101481,1.865819,1.748287,1.499620,1.094517,1.017632,1.058877,-1.000000,118.447723
0.161417,0.669896,-0.686036,1.126351,1.126351,0.434219,0.605324,0.409467,-0.018969,-0.091044,-0.091743,1.000000,119.781860
0.088078,0.408362,-0.232205,0.799029,0.799030,-0.334694,-0.109697,-0.387542,-0.745057,-0.840420,-0.922946,1.000000,120.738953
0.299186,0.444734,-0.614534,-0.976860,-0.976860,0.287863,0.819115,0.583273,0.312525,0.099296,0.066036,-1.000000,119.559502
0.889793,1.126528,-0.677553,-0.946065,-0.946065,0.813061,1.625305,1.480271,1.320815,1.041632,1.018503,-1.000000,118.428391
0.327414,0.654828,-0.040922,-0.269389,-0.269387,1.028075,1.592861,1.702544,1.599818,1.312923,1.260537,0.000000,118.109360
-1.263229,0.181585,-1.429027,3.675212,3.675210,-2.117483,-1.935895,-1.763781,-1.863260,-2.181593,-2.243017,1.000000,122.450127
1.241983,1.466341,-0.072119,-1.468499,-1.468500,-0.673078,-0.467950,-0.249468,-0.405051,-0.673400,-0.752941,-1.000000,120.651947
0.353729,0.490394,-0.353728,-0.328529,-0.328530,-0.229919,-0.261272,0.080394,-0.056675,-0.260470,-0.438404,0.000000,120.255569
0.080223,0.593660,-0.802246,0.209022,0.209020,-0.093058,-0.509424,-0.116056,-0.225830,-0.360046,-0.599811,0.000000,120.506927
-0.079630,0.334447,-0.621117,0.746089,0.746087,-0.289851,-1.002544,-0.873808,-0.866774,-0.985185,-1.246744,1.000000,121.406013
-0.385370,0.102239,-0.723554,1.250199,1.250204,-1.443965,-1.969328,-2.023857,-1.967755,-2.081951,-2.372789,1.000000,122.923836
-0.294184,0.270338,-0.294184,-1.085336,-1.085336,-0.208316,-0.823723,-0.893161,-0.816169,-0.980199,-1.234261,-1.000000,121.589699
-0.032137,0.305292,-0.192816,-1.033630,-1.033626,0.846786,0.276369,0.065341,0.223745,0.072625,-0.129352,-1.000000,120.332916
-0.537036,0.256492,-0.537036,0.232989,0.232985,0.630008,0.224430,-0.188095,0.004408,-0.125041,-0.268249,0.000000,120.613274
0.957638,0.981983,-0.089271,-1.234371,-1.234372,1.504627,1.562247,1.097226,1.144702,1.126441,1.010118,-1.000000,119.124458
0.251948,1.048440,-0.316969,-0.146080,-0.146082,0.985047,1.416614,1.198529,1.182951,1.242525,1.154911,0.000000,118.950439
