-0.691569,0.553246,-1.146023,1.524580,1.524602,0.493954,0.458392,0.044775,-0.000014,-0.284542,-1.001791,1.000000,40.011341
0.197585,0.454454,-0.671806,0.000000,0.000000,0.244996,0.450490,0.060582,0.032590,-0.212619,-0.758097,0.000000,40.011341
0.603134,0.904698,-0.241261,-1.719026,-1.719025,1.379160,1.936054,1.694128,1.701835,1.492546,1.099704,-1.000000,39.323536
-0.780312,0.020012,-1.140456,0.482505,0.482490,0.356151,1.358547,1.188479,1.123454,1.024414,0.702953,0.000000,39.513268
-0.381454,0.863282,-0.843208,-0.340134,-0.340119,0.682590,1.499686,1.567276,1.385252,1.394084,1.095484,0.000000,39.378876
-0.099846,0.339453,-0.758788,0.542062,0.542065,-0.071892,0.742795,0.990399,0.809689,0.832251,0.630307,0.000000,39.592335
-0.341019,0.341027,-0.601803,-0.459273,-0.459298,0.084274,0.928803,1.349398,1.210649,1.263006,1.104663,0.000000,39.410488
1.089810,1.130176,-0.100906,-0.601803,-0.601787,0.613521,1.190716,1.755801,1.716445,1.796163,1.670364,-1.000000,39.173321
-0.540543,0.300294,-0.720723,0.807269,0.807261,-0.204200,0.106111,0.878213,0.885887,0.906508,0.870204,1.000000,39.489552
-0.359281,0.239527,-0.638721,0.300294,0.300300,-0.387223,-0.143706,0.479044,0.637727,0.561280,0.608119,0.000000,39.608139
0.078472,0.922107,0.000000,1.736533,1.736535,-1.738285,-1.777518,-1.256954,-1.014328,-1.108107,-1.063376,1.000000,40.295948
-0.680940,0.330735,-0.700391,0.843635,0.843636,-1.957203,-2.445529,-2.062263,-1.769462,-1.864598,-1.818425,1.000000,40.635899
0.924252,1.547119,-0.502311,-3.171210,-1.698594,0.123617,-0.604099,-0.469314,-0.127812,-0.175449,-0.122763,-1.000000,39.945660
0.124099,0.703208,-0.703206,-2.853128,-2.853151,2.711876,2.132835,2.150339,2.669425,2.672842,2.688703,-1.000000,38.805950
-0.208982,0.146290,-1.149423,-1.034126,-1.034115,3.158393,2.946368,3.043125,3.510416,3.664808,3.620207,-1.000000,38.404652
-0.445582,0.912370,-0.721409,-1.504696,-1.504698,3.428814,4.052316,4.232288,4.748630,5.043389,5.027412,-1.000000,37.826778
0.021088,0.421854,-0.822611,0.594099,0.594098,1.459609,3.080652,3.273338,3.807027,4.213672,4.243760,1.000000,38.051506
0.062891,0.293499,-0.587008,0.611687,0.611692,-0.025164,2.221724,2.464490,2.881172,3.359986,3.459613,1.000000,38.284264
-0.721945,0.268154,-0.783833,1.635218,1.635233,-1.580046,0.428187,0.712605,1.012280,1.599257,1.734568,1.000000,38.910301
-0.225875,0.328542,-0.595485,0.453797,0.453780,-1.675562,-0.158840,0.207852,0.514580,1.027897,1.266956,0.000000,39.086868
-0.204673,0.429797,-0.245598,0.328542,0.328555,-1.289406,-0.761369,-0.184407,0.083918,0.573921,0.888494,0.000000,39.215290
0.290577,0.601912,-0.498134,-1.391733,-1.391763,0.423434,0.130779,1.096651,1.323008,1.803108,2.194049,-1.000000,38.669506
-0.975302,0.352774,-1.037560,0.020753,0.020766,0.605944,-0.217881,0.990206,1.218461,1.589252,2.025178,0.000000,38.677536
-0.124089,0.041367,-1.199582,0.332017,0.332012,0.219245,-0.548073,0.538577,0.792381,1.070974,1.596925,0.000000,38.805950
-0.245096,0.428920,-0.306368,1.261636,1.261654,-0.923212,-1.560463,-0.767101,-0.474030,-0.200005,0.255621,1.000000,39.295547
0.203830,0.244596,-0.754183,0.204252,0.204232,-1.043618,-1.367703,-1.125142,-0.704375,-0.467974,-0.037318,0.000000,39.375801
-0.930795,0.364225,-1.092669,0.733789,0.733811,-1.262656,-1.679487,-2.008639,-1.395658,-1.227983,-0.836494,1.000000,39.664745
-0.039785,0.258608,-0.537100,1.719956,1.719958,-2.104647,-2.830725,-3.599242,-2.917492,-2.796633,-2.529258,1.000000,40.346962
-0.237771,0.039629,-0.832181,0.397854,0.397854,-1.652475,-2.821491,-3.701221,-3.176560,-3.083652,-2.920875,0.000000,40.507484
0.315777,0.414452,-0.078936,0.396269,0.396250,-1.365687,-2.816252,-3.710271,-3.428403,-3.339373,-3.200962,0.000000,40.667995
0.392919,0.451864,-0.137525,0.453925,0.453922,-1.088400,-2.854614,-3.651598,-3.796653,-3.652758,-3.569727,0.000000,40.852596
0.743787,0.743787,-0.293601,0.373277,0.373276,-0.802495,-2.646302,-3.529708,-4.109405,-3.855510,-3.847557,0.000000,41.005089
-0.211622,0.500196,-0.327047,1.742024,1.742040,-1.843023,-3.584076,-4.632556,-5.538674,-5.257592,-5.302463,1.000000,41.719414
-0.019238,0.442391,-0.250050,0.019242,0.019228,-1.277169,-2.902477,-4.200805,-5.206766,-5.061282,-5.143793,0.000000,41.727436
0.113595,0.511170,-0.075731,1.596457,1.596465,-2.014391,-3.697463,-5.186168,-6.225861,-6.290310,-6.397301,1.000000,42.393600
0.113640,0.246214,-0.568180,-0.037866,-0.037864,-1.257578,-2.952651,-4.652780,-5.653409,-6.058333,-6.142767,0.000000,42.377548
0.320933,0.660749,-0.490848,0.321973,0.321982,-0.864650,-2.593932,-4.355937,-5.431387,-6.183133,-6.200668,0.000000,42.513996
-1.071830,0.000000,-1.109440,0.396449,0.396437,-0.804811,-2.431363,-4.108059,-5.289580,-6.297102,-6.296998,0.000000,42.682537
-0.412450,0.093736,-0.862390,0.300865,0.300877,-0.596181,-2.185987,-3.772037,-5.118120,-6.203983,-6.319473,0.000000,42.810959
0.833014,0.833014,-0.321844,-0.974878,-0.974888,0.382435,-0.815978,-2.337497,-3.794017,-4.904202,-5.178186,-1.000000,42.393600
0.754144,0.810709,-0.094267,0.416511,0.416532,0.056547,-0.823926,-2.242352,-3.799041,-4.852961,-5.393434,0.000000,42.570183
-0.452400,0.716307,-0.452400,0.018850,0.018835,0.067863,-0.473138,-1.804588,-3.358155,-4.445619,-5.259192,0.000000,42.578201
0.336891,0.505336,-0.168445,0.716307,0.716313,-0.550254,-0.909607,-2.108686,-3.555127,-4.696246,-5.704669,1.000000,42.883194
-0.186043,0.353487,-0.651159,0.598914,0.598911,-0.989766,-1.172094,-2.284656,-3.626981,-4.871447,-5.931167,1.000000,43.140026
-0.335946,0.093317,-0.634565,-0.316275,-0.316272,-0.391939,-0.716691,-1.612552,-2.890081,-4.205312,-5.276233,0.000000,43.003586
0.037490,0.112469,-0.749760,-0.429272,-0.429269,0.153701,-0.185568,-0.882229,-2.069358,-3.455677,-4.479232,0.000000,42.818985
-0.523468,0.056082,-0.616941,0.262426,0.262402,0.056098,-0.349585,-0.842514,-1.945214,-3.311265,-4.350337,0.000000,42.931343
0.018604,0.390769,-0.427994,0.467377,0.467381,-0.294002,-0.708960,-1.085466,-2.078521,-3.347967,-4.420663,0.000000,43.131996
0.335322,0.596125,-0.093143,-0.111652,-0.111641,-0.208645,-0.534649,-0.765027,-1.670085,-2.842774,-3.990937,0.000000,43.083843
0.018671,0.261338,-0.392009,-0.204918,-0.204919,-0.007469,-0.190403,-0.467922,-1.197500,-2.299049,-3.490762,0.000000,42.995556
-0.241191,0.092763,-0.408167,0.616020,0.616031,-0.415599,-0.641942,-0.941261,-1.524133,-2.538048,-3.769960,1.000000,43.260422
-0.018481,0.536046,-0.240290,0.371050,0.371025,-0.558210,-0.815139,-1.168189,-1.609964,-2.552294,-3.760921,0.000000,43.420929
-1.042238,0.237705,-1.609066,1.090575,1.090601,-1.283607,-1.654790,-2.050352,-2.423670,-3.280317,-4.403009,1.000000,43.894478
-0.289593,0.271497,-0.416290,1.023955,1.023944,-1.715837,-2.380091,-2.812669,-3.117647,-3.914572,-4.955658,1.000000,44.343933
0.605175,0.806899,-0.183383,-1.303169,-1.303161,-0.066023,-0.916933,-1.320379,-1.681648,-2.362743,-3.360237,-1.000000,43.766060
0.458884,0.495595,-0.238623,-0.091691,-0.091703,0.238623,-0.618572,-1.053593,-1.437219,-2.010275,-2.939913,0.000000,43.725925
0.571222,0.921319,-0.350098,-0.385463,-0.385456,0.689147,-0.090292,-0.520854,-0.936062,-1.396723,-2.266449,0.000000,43.557381
-0.036432,0.309650,-0.273228,1.160866,1.160864,-0.389802,-1.025504,-1.483914,-1.916214,-2.315487,-3.106866,1.000000,44.063023
-0.623336,0.302757,-0.676762,2.276867,2.276868,-2.286735,-2.788962,-3.392109,-3.849514,-4.193771,-4.926691,1.000000,45.066280
0.661776,0.697548,-0.393491,-0.427430,-0.427446,-1.373624,-1.953125,-2.699564,-3.160422,-3.561424,-4.206152,0.000000,44.873646
0.952208,1.311533,-0.449156,-0.447147,-0.447135,-0.506646,-1.196549,-1.985865,-2.490116,-2.922742,-3.490836,0.000000,44.673000
0.000000,0.281146,-0.825867,2.245778,2.245791,-1.764198,-2.872965,-3.738075,-4.292752,-4.778079,-5.269733,1.000000,45.676262
-0.232096,0.410648,-0.374931,-1.581448,-1.581458,0.210680,-1.076589,-1.921081,-2.524545,-3.045880,-3.507703,-1.000000,44.953911
0.307357,0.524312,-0.451998,-1.249772,-1.249762,1.175184,0.186214,-0.483346,-1.149892,-1.676379,-2.086432,-1.000000,44.392094
0.471702,0.544265,-0.544265,-0.343522,-0.343539,1.237311,0.638616,0.047180,-0.669439,-1.170526,-1.609811,0.000000,44.239590
-0.996736,0.724904,-1.159839,0.108855,0.108880,0.953232,0.656020,0.093013,-0.611651,-1.122886,-1.573049,0.000000,44.287758
-0.760040,0.289540,-0.832427,0.144976,0.144938,0.209939,0.689492,0.088094,-0.595343,-1.106020,-1.577367,0.000000,44.351948
-0.107956,0.467791,-0.917600,0.579088,0.579111,-0.521776,0.232092,-0.381437,-1.002164,-1.520696,-2.000124,1.000000,44.608795
-0.857909,0.232352,-0.929403,0.665705,0.665705,-0.950854,-0.466492,-0.956810,-1.453980,-2.014659,-2.492704,1.000000,44.905758
-0.464282,0.428575,-0.642859,0.089364,0.089349,-0.724990,-0.539274,-0.870226,-1.324987,-1.929274,-2.390463,0.000000,44.945881
-0.971730,0.106011,-1.095403,1.071425,1.071429,-1.275614,-1.427551,-1.671367,-2.132498,-2.739211,-3.215536,1.000000,45.427444
-0.405644,0.405642,-0.599647,0.176684,0.176691,-0.941802,-1.638450,-1.559084,-2.075838,-2.684304,-3.171664,0.000000,45.507710
-0.281789,0.264179,-0.581187,0.141090,0.141068,-0.658667,-1.641403,-1.477024,-2.029741,-2.607233,-3.111401,0.000000,45.571907
0.631470,0.684098,-0.035075,0.405070,0.405094,-0.687606,-1.740048,-1.773958,-2.270653,-2.766530,-3.311697,0.000000,45.756516
-0.405857,0.070586,-0.617607,-0.596387,-0.596394,0.144698,-0.877003,-1.095223,-1.495492,-1.964346,-2.549841,-1.000000,45.483627
-1.815637,0.209502,-2.321924,1.076409,1.076401,-0.684352,-1.565984,-1.959950,-2.300091,-2.772332,-3.358924,1.000000,45.973213
-0.193485,0.035182,-0.703601,-0.750700,0.647988,-0.993792,-1.784953,-2.505443,-2.635856,-3.151910,-3.740521,1.000000,46.271114
0.088291,0.618045,-0.211907,-0.386978,-0.386984,-0.383467,-1.081596,-1.962070,-2.037502,-2.584955,-3.152496,0.000000,46.092052
0.017479,0.052446,-0.699304,1.006534,1.006534,-1.032705,-1.712861,-2.629159,-2.853712,-3.365644,-3.868985,1.000000,46.555984
0.515735,0.584494,0.000000,1.695799,1.695795,-1.896506,-2.844989,-3.815498,-4.212601,-4.674630,-5.165732,1.000000,47.345478
-0.240672,0.601688,-0.326625,0.000000,0.000000,-1.316824,-2.439874,-3.384943,-3.930369,-4.368831,-4.878126,0.000000,47.345478
-0.444828,0.205302,-0.615913,0.481353,0.481351,-1.242086,-2.473025,-3.396340,-4.191198,-4.489280,-5.042853,0.000000,47.573376
-0.169749,0.577152,-0.271601,0.786996,0.786997,-1.239178,-2.739054,-3.686419,-4.627122,-4.910995,-5.502541,1.000000,47.947777
0.103595,0.397106,-0.483424,-1.680533,-1.680526,0.697510,-0.782724,-1.723936,-2.705298,-3.109561,-3.689496,-1.000000,47.142002
-0.378464,0.464478,-0.447277,0.362574,0.362566,0.319972,-0.754515,-1.745435,-2.731993,-3.253359,-3.787537,0.000000,47.312923
-0.291199,0.051386,-1.027753,0.430071,0.430064,-0.037679,-0.854738,-1.873098,-2.808777,-3.428288,-3.933634,0.000000,47.516399
0.328441,0.397587,-0.414861,-0.907850,-0.907832,0.670693,0.226441,-0.750780,-1.628133,-2.423869,-2.803787,-1.000000,47.085030
0.171795,0.721529,-0.068718,0.622301,0.622285,-0.192401,-0.121966,-1.110429,-1.944251,-2.822653,-3.171653,1.000000,47.378033
-0.774662,0.499227,-0.774662,-0.206148,-0.206129,0.072289,0.237549,-0.691300,-1.490591,-2.377575,-2.815552,0.000000,47.280373
0.809504,0.895627,-0.189459,-0.051642,-0.051645,0.099888,0.270399,-0.389953,-1.195268,-2.071810,-2.597293,0.000000,47.255955
0.550678,0.688345,-0.499055,0.086118,0.086099,-0.079150,0.173816,-0.289099,-1.082662,-1.901584,-2.496177,0.000000,47.296642
-0.593023,0.321923,-0.660791,1.565994,1.566010,-1.223318,-1.274150,-1.581391,-2.344537,-3.107253,-3.835718,1.000000,48.037312
-0.253596,0.101432,-0.371939,0.220268,0.220262,-1.122569,-1.450552,-1.513670,-2.292124,-3.026551,-3.826252,0.000000,48.143120
-0.320782,0.270132,-0.354550,0.135246,0.135249,-0.871180,-1.362487,-1.418204,-2.169810,-2.883511,-3.692285,0.000000,48.208233
-0.302777,0.588727,-0.319601,0.371435,0.371434,-0.770398,-1.505469,-1.639477,-2.231796,-2.958411,-3.762952,0.000000,48.387295
0.636198,0.853846,-0.217649,0.470982,0.470985,-0.693120,-1.741171,-1.926451,-2.418387,-3.151036,-3.917376,0.000000,48.615192
-0.644520,0.297473,-0.694097,1.305873,1.305859,-1.480735,-2.568158,-2.963686,-3.373811,-4.095500,-4.824394,1.000000,49.250038
-0.049323,0.674010,-0.526063,0.528845,0.528861,-1.446663,-2.650015,-3.263749,-3.536916,-4.281830,-4.995081,0.000000,49.510502
0.363692,0.396756,-0.281041,-0.558935,-0.558932,-0.476121,-1.706077,-2.436777,-2.722776,-3.461314,-4.168059,-1.000000,49.233772
-0.807113,0.329437,-0.955358,0.363692,0.363675,-0.421667,-1.625752,-2.506991,-2.866076,-3.493058,-4.213978,0.000000,49.412823
-0.033131,0.082821,-0.646015,-0.560040,-0.560029,0.351166,-0.697366,-1.738171,-2.136825,-2.692068,-3.422938,-1.000000,49.136097
0.263981,0.280478,-0.379475,0.397552,0.397555,-0.013203,-0.828252,-1.823688,-2.346155,-2.829244,-3.546994,0.000000,49.331440
0.814996,0.847597,0.000000,1.220916,1.220915,-1.049714,-1.665852,-2.666667,-3.325185,-3.693564,-4.419225,1.000000,49.933735
-0.293016,0.537194,-0.406967,0.130403,0.130399,-0.872539,-1.435781,-2.430951,-3.165393,-3.543548,-4.260870,0.000000,49.998848
0.000000,0.274190,-0.451611,0.927885,0.927885,-1.367741,-1.930645,-2.904302,-3.743549,-4.183228,-4.812153,1.000000,50.462780
1.218324,1.445744,0.000000,-0.709676,-0.709672,-0.276157,-0.932429,-1.836696,-2.797277,-3.278110,-3.856949,-1.000000,50.104660
0.032692,0.849953,-0.604771,-0.617286,-0.617300,0.529594,-0.207573,-0.991600,-1.921370,-2.498847,-3.023856,-1.000000,49.795364
0.514524,0.680498,-0.331952,-1.520105,-1.520099,1.716186,1.236519,0.658372,-0.238170,-0.904893,-1.326692,-1.000000,49.038425
-0.745282,0.033125,-0.811530,0.215769,0.215768,1.149389,1.000334,0.568625,-0.263328,-0.955280,-1.363584,0.000000,49.144234
0.117507,0.318949,-0.470034,-1.341505,-1.341504,1.708915,2.182311,1.949531,1.219578,0.488169,0.055960,-1.000000,48.484962
-0.248677,0.248675,-0.613394,1.259023,1.259021,0.033157,0.903520,0.747132,0.144237,-0.632620,-1.069292,1.000000,49.095398
1.406783,1.440675,-0.050846,-2.188329,-2.188311,1.532190,2.888122,2.830497,2.383038,1.668462,1.175128,-1.000000,48.021038
-1.053166,0.000000,-1.223029,-0.220341,-0.220353,1.287584,2.694073,2.835629,2.585360,1.937832,1.396299,0.000000,47.915222
0.016938,0.287895,-0.237086,0.305758,0.305771,0.528357,1.977974,2.359571,2.257399,1.692115,1.150991,0.000000,48.061733
0.561895,0.800274,0.000000,-0.541912,-0.541928,0.790062,1.976847,2.692552,2.753282,2.291848,1.736198,-1.000000,47.801273
-1.096488,0.151822,-1.298922,0.936487,0.936500,-0.495954,0.646079,1.617178,1.761970,1.421721,0.842886,1.000000,48.248932
-0.622056,0.201745,-0.739743,0.337384,0.337369,-0.669126,0.021862,1.148851,1.333228,1.111640,0.595164,0.000000,48.411709
-0.333836,0.066768,-0.701048,0.722932,0.722930,-1.034878,-0.752789,0.262623,0.529134,0.436662,-0.032263,1.000000,48.761692
0.851700,1.152303,0.000000,-0.050073,-0.050068,-0.708085,-0.786573,0.140280,0.528557,0.530394,0.117457,0.000000,48.737278
0.318468,0.486090,-0.234663,-0.367403,-0.367403,-0.030171,-0.405630,0.248073,0.811265,0.915187,0.576043,0.000000,48.558216
0.453707,1.109057,-0.252053,-0.251428,-0.251420,0.299104,-0.290710,0.271098,0.993107,1.154760,0.907967,0.000000,48.436131
-0.450300,0.283526,-0.583719,0.756177,0.756171,-0.293529,-0.878919,-0.617078,0.180954,0.358907,0.202914,1.000000,48.802391
-0.527617,0.412201,-0.626549,1.150772,1.150763,-1.183838,-1.713104,-1.703761,-1.016484,-0.794719,-0.854626,1.000000,49.363991
0.099292,0.148933,-0.364059,-0.362740,-0.362730,-0.642068,-1.126927,-1.340396,-0.738874,-0.437534,-0.427494,0.000000,49.184933
0.447096,0.513333,-0.314618,-0.066194,-0.066189,-0.334497,-0.786560,-1.184528,-0.806431,-0.392786,-0.309660,0.000000,49.152378
0.544461,0.659952,-0.313485,0.364302,0.364300,-0.333283,-0.927247,-1.511307,-1.244851,-0.738498,-0.623116,0.000000,49.331440
-0.016577,0.696290,-0.149204,-0.478471,-0.478482,0.265259,-0.311665,-0.891903,-0.841340,-0.280498,-0.155829,0.000000,49.095398
0.033317,0.782944,-0.049973,-0.480771,-0.480766,0.543066,0.189908,-0.284299,-0.380640,0.113279,0.282084,0.000000,48.859364
0.437707,0.622892,-0.252529,-1.049470,-1.049463,1.262619,1.171709,0.812561,0.593426,1.038375,1.284502,-1.000000,48.346603
-0.900746,0.033992,-1.070702,-0.942764,-0.942774,1.699528,1.995246,1.784504,1.488787,1.785184,2.142537,-1.000000,47.890804
0.171026,0.735422,-0.547287,-0.628822,-0.628820,1.611082,2.462802,2.336240,1.972807,2.217889,2.680577,-1.000000,47.589657
-0.709703,0.000000,-1.115242,1.214296,1.214300,0.006758,1.101722,1.074686,0.764615,0.856368,1.368140,1.000000,48.167538
1.235843,1.304501,-0.720903,-1.554583,-1.554586,0.978379,2.288026,2.481983,2.303473,2.312398,2.792087,-1.000000,47.418732
-0.290993,0.000000,-0.718928,0.274631,0.274621,0.366324,1.663828,2.034706,1.969374,1.897995,2.338825,0.000000,47.548954
1.227857,1.333103,-0.456057,-2.413557,-1.048347,1.072455,2.294176,2.902082,2.969906,2.855604,3.181310,-1.000000,47.050476
0.565471,0.671498,-0.353421,-0.736709,-0.736719,1.443271,2.490782,3.418536,3.568722,3.414158,3.704387,-1.000000,46.703846
0.088454,0.194587,-0.636832,-0.106028,-0.106028,0.902253,2.076341,3.221357,3.490310,3.406745,3.590040,0.000000,46.654327
0.260828,0.991139,0.000000,1.733591,1.733593,-0.798468,0.042734,1.195416,1.589984,1.606539,1.714179,1.000000,47.463123
0.173616,0.434028,-0.243054,0.156495,0.156500,-0.958336,-0.283812,0.806242,1.305040,1.403654,1.442573,0.000000,47.537403
-1.073256,0.357750,-1.362860,1.909727,1.909732,-2.238511,-2.037993,-1.180122,-0.605020,-0.443424,-0.461138,1.000000,48.445240
-0.491777,0.322196,-0.576564,0.459966,0.459967,-1.878930,-2.264936,-1.723449,-1.036282,-0.864805,-0.946155,0.000000,48.668072
-0.537454,0.419886,-0.621436,0.966593,0.966582,-1.807185,-3.002988,-2.658433,-1.949491,-1.754694,-1.818624,1.000000,49.138489
0.149925,0.566383,-0.116608,0.822973,0.822986,-1.769119,-3.365992,-3.361024,-2.731792,-2.493567,-2.510535,1.000000,49.542892
0.033219,0.049831,-0.332172,0.299850,0.299839,-1.195808,-3.223714,-3.469494,-2.971603,-2.708248,-2.692651,0.000000,49.691441
-0.199069,0.364965,-0.199069,0.116260,0.116280,-0.786342,-2.793645,-3.332570,-3.024311,-2.725486,-2.675150,0.000000,49.749222
0.097913,0.359009,-0.342688,1.658925,1.658900,-1.651426,-3.614548,-4.516559,-4.483894,-4.143714,-4.110048,1.000000,50.574512
0.327173,0.507113,-0.310816,-0.244775,-0.244754,-0.889917,-2.625565,-3.980580,-4.115219,-3.777837,-3.740058,0.000000,50.450729
-0.212177,0.261139,-0.261138,0.229018,0.229023,-0.711616,-2.234386,-3.785012,-4.165536,-3.902600,-3.841054,0.000000,50.566273
0.066591,0.116529,-0.832362,-1.958544,-1.958562,1.225245,0.129854,-1.590365,-2.127081,-1.951328,-1.863712,-1.000000,49.575901
0.436165,0.553595,-0.385841,-0.765772,-0.765773,1.781585,1.055197,-0.540176,-1.239134,-1.191135,-1.063180,-1.000000,49.196262
0.555272,0.605756,-0.370185,-0.301964,-0.301972,1.467287,1.438680,0.079656,-0.791365,-0.914996,-0.721950,0.000000,49.047703
-0.151007,0.553695,-0.285232,0.286047,0.286050,0.664440,1.159409,0.137595,-0.970611,-1.190090,-0.978993,0.000000,49.188004
0.101776,0.576760,-0.152672,-1.090599,-1.090595,0.987274,2.091606,1.404583,0.248008,-0.117676,0.064021,-1.000000,48.651562
0.509250,0.712955,-0.407405,-0.067856,-0.067848,0.662018,1.940245,1.621680,0.426069,-0.027488,0.093127,0.000000,48.618553
0.151286,0.386618,-0.151286,0.984556,0.984554,-0.359733,0.813577,0.719444,-0.344602,-0.903887,-0.886481,1.000000,49.097229
0.409833,0.802592,-0.478145,-1.563290,-1.563284,0.925538,1.950129,2.272305,1.406241,0.731118,0.618461,-1.000000,48.329700
-1.174893,0.335678,-1.560926,1.741805,1.741788,-0.808989,-0.055382,0.525910,-0.073845,-0.911697,-1.098937,1.000000,49.171501
-0.721719,0.251759,-0.822427,0.000000,0.000000,-0.597509,-0.339037,0.475557,0.099872,-0.769113,-1.077777,0.000000,49.171501
-0.067161,0.033581,-0.721961,-0.033570,-0.033552,-0.345878,-0.391214,0.436525,0.298009,-0.605115,-0.989756,0.000000,49.155003
0.522151,0.960081,-0.168434,-0.319009,-0.319013,-0.067375,-0.112856,0.655772,0.675423,-0.128015,-0.597554,0.000000,48.998192
0.783459,0.833472,-0.550095,1.044304,1.044300,-0.623440,-1.051846,-0.527869,-0.280050,-0.933493,-1.495603,1.000000,49.509880
0.249456,0.482283,-0.282724,0.233371,0.233382,-0.671886,-1.194090,-0.870349,-0.463175,-0.924676,-1.627033,0.000000,49.625427
0.382821,0.399464,-0.665782,-0.083152,-0.083149,-0.422778,-0.923781,-0.919901,-0.376181,-0.671121,-1.399596,0.000000,49.584164
1.954731,1.989026,0.000000,-2.929431,-2.929455,2.157081,1.965036,1.870154,2.468292,2.375870,1.616381,-1.000000,48.131618
0.606274,0.900745,-0.173218,-1.011660,-1.011641,2.632945,2.702230,2.694144,3.294641,3.354921,2.696452,-1.000000,47.644699
-0.444980,0.205372,-0.701694,1.212541,1.212527,0.869427,1.449606,1.349771,1.813288,2.079760,1.571117,1.000000,48.222404
-0.640580,0.727150,-0.882961,-1.146675,-1.146685,1.218854,2.311309,2.313040,2.702582,3.140602,2.820311,-1.000000,47.669445
0.240053,0.291499,-0.788750,0.969533,0.969537,-0.356650,1.112838,1.258586,1.463488,2.032933,1.879298,1.000000,48.131618
-1.066988,0.279874,-1.171940,-1.971883,-1.971862,1.245397,2.728698,3.092525,3.250823,3.872654,3.903556,-1.000000,47.182529
1.619217,1.868326,-0.284698,-1.696689,-1.696687,2.448381,3.937710,4.481601,4.729523,5.375075,5.548622,-1.000000,46.381989
-0.653824,0.035344,-0.989576,0.693948,0.693927,1.092072,2.620615,3.529492,3.756858,4.317382,4.681050,1.000000,46.703846
-0.246694,0.246694,-0.405286,0.282735,0.282745,0.451101,1.735682,2.905140,3.213217,3.714538,4.222027,0.000000,46.835899
-0.501212,0.743173,-0.622193,1.955949,1.955946,-1.634978,-0.599726,0.732805,1.138958,1.489112,2.097593,1.000000,47.751984
-1.544729,0.271601,-1.697505,1.814723,1.814729,-2.797489,-2.271265,-1.136198,-0.663726,-0.398577,0.204264,1.000000,48.618553
0.564775,0.581893,-0.017118,-0.814802,-0.814810,-1.235664,-1.348620,-0.431280,0.061618,0.338872,0.921906,-1.000000,48.222404
-0.929846,0.743868,-1.048188,1.232247,1.232249,-1.572274,-2.427728,-1.737954,-1.106508,-0.901437,-0.426598,1.000000,48.816624
-0.985139,0.166978,-1.085318,1.251052,1.251068,-1.739865,-3.277685,-2.978805,-2.302564,-2.106538,-1.725952,1.000000,49.427353
-0.431897,0.365444,-0.514953,0.517619,0.517600,-1.468433,-3.463449,-3.465113,-2.754147,-2.527569,-2.291247,0.000000,49.683189
-0.753726,0.213012,-0.884806,1.378734,1.378732,-2.113706,-4.143854,-4.481940,-3.956241,-3.714228,-3.567635,1.000000,50.368187
0.361428,0.460002,-0.213565,-0.262166,-0.262162,-1.054703,-3.124689,-3.886969,-3.580576,-3.370456,-3.245162,0.000000,50.236141
0.229846,0.673124,-0.213431,0.065715,0.065708,-0.541776,-2.479058,-3.678643,-3.568369,-3.279582,-3.227702,0.000000,50.269150
-0.016278,0.309350,-0.407034,0.837298,0.837297,-0.869418,-2.528481,-4.081177,-4.264071,-3.962864,-3.932472,1.000000,50.690052
0.256946,0.610249,-0.016062,1.383917,1.383922,-1.557735,-3.150792,-4.967609,-5.395050,-5.101006,-5.066103,1.000000,51.391563
-0.332546,0.696751,-0.443393,1.413204,1.413207,-2.258122,-3.828982,-5.660598,-6.330960,-6.196041,-6.165214,1.000000,52.117832
0.063193,0.821487,-0.379144,0.237525,0.237529,-1.721964,-3.287522,-5.136389,-6.112956,-6.169984,-6.186940,0.000000,52.241627
0.409968,0.551880,-0.189213,0.189572,0.189552,-1.116354,-2.797209,-4.597901,-5.897176,-6.131169,-6.108989,0.000000,52.340652
-0.236075,0.173121,-0.472142,0.189219,0.189224,-0.635815,-2.406354,-4.065672,-5.620072,-6.093789,-6.078574,0.000000,52.439693
-0.647148,0.107857,-0.878274,2.140386,2.140413,-1.907569,-3.727294,-5.352868,-7.090925,-7.764577,-7.773512,1.000000,53.562119
0.865869,1.243700,-0.472291,-2.126351,-2.126346,0.340032,-1.243724,-2.812782,-4.572594,-5.433267,-5.562044,-1.000000,52.423203
1.046556,1.124650,0.000000,0.787149,0.787138,-0.218684,-1.522967,-2.989695,-4.707127,-5.778823,-6.057484,1.000000,52.835846
-0.805323,0.092918,-0.898247,0.859111,0.859110,-0.712405,-1.794958,-3.256421,-4.900889,-6.201029,-6.621243,1.000000,53.289764
-0.354276,0.554530,-0.369683,0.542044,0.542042,-0.822543,-1.785275,-3.261453,-4.784351,-6.265559,-6.878723,0.000000,53.578617
0.836822,0.929797,-0.821322,-0.600738,-0.600749,-0.337815,-0.841460,-2.229448,-3.692074,-5.314109,-6.086051,-1.000000,53.256744
-0.046503,0.155013,-0.899088,-0.030989,-0.030986,0.000001,-0.599906,-1.839509,-3.228182,-4.829638,-5.737095,0.000000,53.240242
1.016263,1.485311,0.000000,-0.852586,-0.852571,0.841143,0.358028,-0.673347,-1.963737,-3.525963,-4.601843,-1.000000,52.786331
-0.810221,0.514182,-1.012778,0.343967,0.343968,0.373939,0.132433,-0.674157,-1.907927,-3.383620,-4.630218,0.000000,52.967899
2.936505,2.936505,0.000000,-1.838579,-1.838587,1.644444,1.922225,1.353437,0.176186,-1.177146,-2.566669,-1.000000,51.994038
-0.486354,0.800122,-0.643238,1.174606,1.174606,0.216504,0.556949,0.330506,-0.709137,-1.955449,-3.414397,1.000000,52.604763
-0.154558,0.417317,-0.355481,1.506111,1.506111,-1.211739,-0.752700,-0.998451,-1.898762,-3.052239,-4.459555,1.000000,53.397049
-0.334704,0.760688,-0.791121,1.591972,1.591959,-2.221200,-2.047764,-2.303355,-3.066326,-4.127181,-5.473396,1.000000,54.247108
1.866839,2.084636,-0.637834,-2.206000,-0.991922,-0.965617,-0.988359,-1.154722,-1.774955,-2.802307,-4.091611,-1.000000,53.709019
-0.642934,0.878159,-0.658620,-0.793402,-0.793396,0.310179,-0.252023,-0.258716,-0.746100,-1.735538,-2.921274,-1.000000,53.282894
0.046991,1.441106,-0.078319,0.109769,0.109782,0.476371,-0.345540,-0.395681,-0.672175,-1.568973,-2.678447,0.000000,53.341389
0.951341,0.966929,-0.701817,0.438601,0.438592,0.104171,-0.718161,-0.687264,-0.969892,-1.759349,-2.795028,0.000000,53.575340
-0.602038,0.200687,-1.157765,1.029314,1.029296,-0.960158,-1.482002,-1.540069,-1.804678,-2.472713,-3.421747,1.000000,54.126789
0.276372,0.629516,-0.076762,0.540287,0.540298,-1.231376,-1.744737,-1.930821,-2.141395,-2.691774,-3.597577,0.000000,54.419235
-0.106887,0.717668,-0.229046,0.552742,0.552740,-1.249040,-1.786677,-2.330848,-2.470962,-2.932090,-3.805094,1.000000,54.720032
-0.090944,0.197026,-0.409221,0.748213,0.748216,-1.333744,-2.058110,-2.829734,-3.053119,-3.381765,-4.190192,1.000000,55.129456
0.685983,1.067081,-0.274390,-0.575940,-0.575933,-0.310982,-1.232626,-2.075693,-2.273632,-2.625477,-3.364952,-1.000000,54.811947
-0.030298,0.257573,-0.227276,0.609759,0.609745,-0.545449,-1.668174,-2.383881,-2.656430,-3.004936,-3.653820,1.000000,55.146160
0.349538,0.516711,-0.197576,-0.303026,-0.303026,-0.039512,-1.138294,-1.843311,-2.206927,-2.518166,-3.075422,0.000000,54.979053
0.303911,0.501445,-0.136753,0.015190,0.015189,0.042555,-0.843327,-1.495303,-2.093678,-2.347640,-2.829637,0.000000,54.987404
0.392386,0.739508,-0.135835,0.683793,0.683806,-0.552379,-1.151534,-1.832122,-2.568362,-2.880714,-3.250442,1.000000,55.363411
0.960520,1.143467,-0.198196,-1.011177,-1.011184,0.460440,0.082334,-0.658224,-1.430454,-1.714889,-2.098776,-1.000000,54.803585
-0.676382,0.165339,-0.977006,1.433150,1.433140,-0.799631,-1.068681,-1.900885,-2.571046,-2.905443,-3.281293,1.000000,55.588997
0.193304,0.460964,-0.297393,1.082220,1.082236,-1.430491,-1.812645,-2.656758,-3.327403,-3.738484,-4.088424,1.000000,56.190601
1.348894,1.545918,-0.272810,-1.888471,-1.888474,0.518333,0.151554,-0.559772,-1.182257,-1.773096,-2.079662,-1.000000,55.129456
-0.286969,0.649449,-0.679651,0.348584,0.348578,0.154059,-0.161602,-0.666561,-1.279965,-1.965004,-2.313788,0.000000,55.321625
-0.841575,0.442929,-0.885879,2.295732,2.295742,-1.461695,-2.087712,-2.540490,-3.213209,-3.928241,-4.260554,1.000000,56.591667
0.841453,0.841453,-0.930022,0.014757,0.014750,-1.118977,-1.845287,-2.263553,-3.019629,-3.672891,-4.052990,0.000000,56.600014
0.265604,0.339388,-0.516451,0.044286,0.044286,-1.009291,-1.598048,-2.047116,-2.805070,-3.457188,-3.899124,0.000000,56.625080
-0.337844,0.425971,-0.411279,0.457437,0.457453,-0.843141,-1.712707,-2.239539,-2.931126,-3.552953,-4.143040,0.000000,56.884113
0.058616,0.205188,-0.175879,0.220330,0.220316,-0.469002,-1.640045,-2.234603,-2.822810,-3.455925,-4.134345,0.000000,57.009438
-0.262201,0.000000,-0.437005,0.615564,0.615563,-0.809905,-1.796068,-2.536540,-3.087403,-3.770199,-4.481419,1.000000,57.360367
0.867781,0.970737,-0.397113,-0.961404,-0.961409,0.226515,-0.628023,-1.395295,-1.910567,-2.655676,-3.318150,-1.000000,56.808899
0.306523,0.802797,-0.437897,0.764824,0.764834,-0.318204,-1.198370,-1.880024,-2.408414,-3.147576,-3.803028,1.000000,57.243393
0.218981,0.437961,-0.204378,-0.014599,-0.014601,-0.181023,-0.816059,-1.603895,-2.174455,-2.857228,-3.483748,0.000000,57.235035
-0.660159,0.157866,-1.061995,1.722628,1.722634,-1.455230,-1.997709,-2.942985,-3.565593,-4.167057,-4.796667,1.000000,58.220985
0.170604,1.478534,-0.099515,0.947181,0.947172,-1.899339,-2.546197,-3.403462,-4.133488,-4.712533,-5.385076,1.000000,58.772438
-0.168438,0.224599,-1.403706,1.279502,1.279503,-2.226273,-3.286071,-4.183039,-4.976836,-5.553619,-6.284855,1.000000,59.524433
0.056451,0.197571,-0.508045,-0.533404,-0.533421,-1.038655,-2.331341,-3.329554,-4.110202,-4.723666,-5.472748,-1.000000,59.206917
-0.042570,0.496664,-0.312191,-0.550381,-0.550366,0.068112,-1.451681,-2.369801,-3.248899,-3.913721,-4.632703,-1.000000,58.881062
-1.127241,0.112727,-1.296320,0.709522,0.709522,-0.273359,-1.759899,-2.610491,-3.598703,-4.309426,-4.969705,1.000000,59.298836
0.651372,0.693852,-0.269050,-0.493163,-0.493168,0.300197,-0.994051,-1.854996,-2.764795,-3.550833,-4.191917,0.000000,59.006393
-0.223002,0.390243,-0.599303,1.600109,1.600118,-1.137288,-2.029271,-3.028108,-3.932405,-4.749270,-5.377005,1.000000,59.950565
-0.137503,1.086201,-0.494981,1.365858,1.365859,-1.955183,-2.769153,-3.880110,-4.850136,-5.651594,-6.303686,1.000000,60.769405
0.809821,0.865673,-0.167555,-1.526193,-1.526189,-0.114501,-0.826595,-2.060887,-2.981718,-3.864851,-4.566239,-1.000000,59.841949
0.195039,0.334352,-0.264702,0.223396,0.223400,-0.111456,-0.755094,-1.949484,-2.809982,-3.771532,-4.509621,0.000000,59.975636
0.154321,0.252525,-0.533105,-0.696573,-0.696575,0.774410,0.072945,-1.015719,-1.879215,-2.777223,-3.574174,-1.000000,59.557861
0.084574,0.549681,-0.140943,-0.462966,-0.462987,1.017638,0.497550,-0.277174,-1.196600,-2.075811,-2.893101,0.000000,59.282116
0.697109,0.725568,-0.540613,-0.930227,-0.930218,1.271877,1.360083,0.828000,-0.089626,-0.983352,-1.768386,-1.000000,58.730663
0.084504,0.492955,-0.323948,1.010100,1.010101,0.084508,0.421130,0.054462,-0.883097,-1.690702,-2.507040,1.000000,59.323902
0.688682,0.730845,-0.084337,0.211270,0.211267,-0.303585,0.234719,-0.018739,-0.886857,-1.620236,-2.483483,0.000000,59.449234
0.469086,0.668091,-0.184786,-1.124391,-1.124385,0.565740,1.336179,1.119167,0.361053,-0.352521,-1.149015,-1.000000,58.780796
0.295410,0.365736,-0.140664,1.051881,1.051876,-0.441688,0.188503,0.052523,-0.465598,-1.201285,-1.964168,1.000000,59.399097
-0.140754,0.225188,-0.295576,-0.056257,-0.056250,-0.171719,0.008437,0.126664,-0.230831,-0.961020,-1.730713,0.000000,59.365685
-0.196326,0.126215,-0.462761,0.365932,0.365913,-0.448731,-0.399648,-0.159848,-0.397543,-1.140917,-1.839836,0.000000,59.582912
-0.140822,0.309817,-0.337988,-0.420693,-0.420684,-0.067597,-0.087311,0.265694,0.116887,-0.566678,-1.199827,0.000000,59.332256
-0.229726,0.258435,-0.545592,-1.915223,-0.743872,0.718736,0.548227,1.004057,0.877268,0.282480,-0.329231,-1.000000,58.890900
-0.186296,0.028667,-0.415593,0.186643,0.186625,0.396107,0.313250,0.708594,0.644982,0.244278,-0.379259,0.000000,59.000805
0.259179,0.691149,0.000000,-0.472918,-0.472907,0.653839,0.788381,0.954649,1.081893,0.821298,0.213112,0.000000,58.721786
0.171285,0.199827,-0.342561,0.878331,0.878342,-0.339146,-0.103753,0.007625,0.231870,0.078673,-0.527007,1.000000,59.237564
-0.171790,0.143162,-0.343589,-0.299743,-0.299747,-0.131713,0.130679,0.204940,0.512996,0.436382,-0.112210,0.000000,59.060001
0.860680,0.991977,0.000000,-1.861124,-1.861128,1.441277,1.888109,1.921557,2.328950,2.285069,1.816616,-1.000000,57.960819
-0.867711,0.227590,-1.351358,2.552881,2.552890,-0.935998,-0.641268,-0.597854,-0.261271,-0.266803,-0.570369,1.000000,59.440495
-0.309948,0.239503,-0.648078,0.967283,0.967272,-1.453927,-1.484864,-1.407415,-1.279587,-1.168364,-1.368947,1.000000,60.015446
-0.254742,0.311340,-0.551949,-0.450830,-0.450814,-0.837826,-1.011621,-0.913957,-0.840649,-0.662965,-0.782259,0.000000,59.744888
-0.524667,0.000000,-0.694836,-0.198142,-0.198151,-0.450928,-0.765737,-0.697407,-0.673051,-0.443756,-0.506695,0.000000,59.626503
0.114077,0.199629,-0.285180,-0.553035,-0.553046,0.553274,-0.145432,-0.087157,-0.142690,0.129484,0.076083,-1.000000,59.296741
-0.437108,0.479419,-0.479408,1.126481,1.126478,-0.391979,-1.096997,-1.137234,-1.198115,-0.984945,-1.014221,1.000000,59.964706
0.041898,0.265367,-0.223458,0.958827,0.958811,-1.164783,-1.736006,-1.946860,-1.987036,-1.940476,-1.880913,1.000000,60.539654
0.098012,0.378051,-0.364035,-0.251397,-0.251372,-0.702891,-1.297953,-1.610938,-1.651975,-1.657225,-1.550494,0.000000,60.387474
-0.605804,0.436740,-0.746698,-0.616067,-0.616068,0.042253,-0.526912,-0.925147,-0.995156,-1.044958,-0.900417,-1.000000,60.015446
-0.333433,0.166706,-0.625179,1.408848,1.408862,-0.833586,-1.432359,-2.085781,-2.199723,-2.334084,-2.175622,1.000000,60.860981
0.329949,0.838603,-0.068732,1.055842,1.055826,-1.369258,-2.126749,-2.837498,-3.050450,-3.210016,-3.113517,1.000000,61.503567
0.300548,0.491805,0.000000,0.632388,0.632396,-1.551911,-2.438527,-3.106557,-3.455572,-3.613920,-3.661886,1.000000,61.892513
-0.013527,0.324859,-0.351914,0.928962,0.928964,-1.792095,-2.900656,-3.653675,-4.113295,-4.299778,-4.408494,1.000000,62.467472
1.310758,1.338071,-0.054616,-0.866268,-0.866283,-0.316755,-1.680770,-2.503176,-3.065938,-3.303496,-3.468164,-1.000000,61.926327
0.123080,0.314545,-0.588076,-0.163838,-0.163833,0.158640,-1.110508,-1.926515,-2.669586,-2.947866,-3.187526,0.000000,61.824871
0.374009,0.401719,-1.648430,-1.271883,-1.271893,1.296585,0.339389,-0.488518,-1.248779,-1.590129,-1.844394,-1.000000,61.038525
-0.069245,0.083109,-0.595568,0.013845,0.013849,1.005548,0.408599,-0.389648,-1.072010,-1.493592,-1.731508,0.000000,61.046978
-0.775621,0.360114,-0.858719,0.000000,0.000000,0.540171,0.516631,-0.247452,-0.923811,-1.397662,-1.637423,0.000000,61.046978
0.109937,0.439740,-0.316059,0.789474,0.789479,-0.376529,-0.024731,-0.822681,-1.499238,-2.027203,-2.295225,1.000000,61.528931
0.082960,0.290375,-0.318037,-0.618383,-0.618379,0.022115,0.644353,-0.003692,-0.625693,-1.269913,-1.558213,-1.000000,61.148449
-0.180301,0.166440,-0.305133,-0.304206,-0.304228,0.302371,0.862709,0.410560,-0.197621,-0.839922,-1.172332,0.000000,60.962418
0.154799,0.309599,-0.506616,-1.442441,-1.442420,1.449473,2.037710,1.829439,1.268645,0.701943,0.313842,-1.000000,60.083084
0.795789,0.923681,-0.497380,-0.971003,-0.971002,1.924104,2.539422,2.728427,2.241002,1.706970,1.292779,-1.000000,59.499676
-0.256558,0.641387,-0.427598,-0.298421,-0.298413,1.485160,2.407335,2.957983,2.521361,2.029060,1.595385,0.000000,59.322121
-0.318611,0.333086,-0.825489,-1.582099,-1.582098,2.169429,3.464137,4.330177,4.091220,3.698173,3.199598,-1.000000,58.383587
0.159443,0.347884,-0.275395,-0.086901,-0.086913,1.356729,3.090305,4.058561,4.041892,3.712425,3.251200,0.000000,58.332844
0.244789,0.590359,-0.172779,0.666762,0.666763,0.221752,2.011522,3.009361,3.197988,2.937368,2.567319,1.000000,58.721786
1.664710,1.797291,-0.132581,-2.260619,-2.260626,1.806142,3.734542,4.802601,5.324112,5.154399,4.832559,-1.000000,57.394306
0.553770,0.568346,0.000000,1.090168,1.090181,0.259390,2.011065,3.223536,4.016310,3.909634,3.642270,1.000000,58.020008
1.557587,2.471171,-0.194695,-2.696016,-2.696001,2.354335,4.006274,5.449534,6.508143,6.587370,6.425023,-1.000000,56.455788
-0.587202,0.014671,-0.954201,2.021875,2.021858,0.070459,1.360830,2.961431,4.058269,4.310618,4.209229,1.000000,57.597244
0.207222,0.384846,-0.414445,-0.822086,-0.822100,0.340453,1.682965,3.357029,4.503416,4.936070,4.904295,-1.000000,57.123737
-0.376051,0.260343,-0.549605,2.338663,2.338686,-1.588086,-0.818635,0.700019,1.772478,2.406121,2.433696,1.000000,58.459682
0.520233,0.563582,-0.289013,0.086778,0.086774,-1.505780,-1.043354,0.268783,1.392335,2.214446,2.281304,0.000000,58.510410
-0.014340,0.315414,-0.516130,0.794802,0.794790,-1.427953,-1.723293,-0.767499,0.351256,1.280575,1.456632,1.000000,58.975445
0.523333,0.697770,-0.697780,-1.376343,-1.376347,0.142467,-0.380862,0.296563,1.504584,2.464317,2.769303,-1.000000,58.163738
0.043275,0.432655,-0.620121,0.799528,0.799546,-0.138451,-1.186908,-0.664361,0.493216,1.428895,1.845490,1.000000,58.628784
0.677126,1.123754,-0.129670,0.100963,0.100962,-0.161372,-1.066139,-0.856757,0.190880,1.068994,1.646241,0.000000,58.687977
1.996101,2.371307,-0.795436,-4.005196,-4.005200,3.232779,2.763022,2.926611,3.910401,4.889087,5.669617,-1.000000,56.337406
1.271318,1.271318,-0.341087,-3.196754,-3.196761,5.013958,5.804655,5.855300,6.735662,7.818295,8.772610,-1.000000,54.536434
0.231841,0.602781,-1.020087,0.310073,0.310064,3.425055,4.949010,5.086054,5.833866,7.021962,8.022168,0.000000,54.705532
-0.595612,0.076353,-1.252289,1.205573,1.205580,1.014049,3.381185,3.430055,4.147069,5.336590,6.342392,1.000000,55.365051
0.993326,1.350307,-0.263849,-1.603548,-1.603542,1.114383,4.334935,4.758653,5.383362,6.570850,7.586525,-1.000000,54.477249
-0.924781,0.739834,-0.971019,0.698428,0.698424,-0.126384,2.945444,3.647768,4.245538,5.345260,6.410816,1.000000,54.857731
1.410420,1.642909,-0.511462,-0.554871,-0.554879,0.437082,2.709251,3.993609,4.476147,5.449489,6.560254,-1.000000,54.553337
-0.169050,0.522520,-0.922082,0.852454,0.852461,-0.298142,1.269404,2.802112,3.291842,4.126022,5.294812,1.000000,55.018383
-0.107459,0.736881,-0.199566,0.107575,0.107580,-0.509677,0.515809,2.443965,2.850014,3.650599,4.820385,0.000000,55.077572
-0.140421,0.234049,-0.764547,-1.611917,-1.611927,1.014204,1.332509,3.597036,4.239364,4.956793,6.115892,-1.000000,54.189762
-0.217322,0.000000,-0.760630,0.514904,0.514898,0.353934,0.470360,2.571678,3.379400,4.062729,5.140241,0.000000,54.468784
0.343322,0.468157,-0.124847,-0.527780,-0.527767,0.749054,0.937880,2.526002,3.718003,4.304613,5.269449,-1.000000,54.181316
1.049660,1.300332,-1.096665,-0.390137,-0.390127,0.755114,1.196912,2.409509,3.788171,4.389770,5.249868,0.000000,53.969940
-0.328181,0.156265,-0.765748,0.250666,0.250638,0.143781,0.711058,1.596094,3.249739,3.787480,4.618444,0.000000,54.105209
-0.589783,0.077608,-0.698432,0.687604,0.687623,-0.434584,0.023274,0.386977,2.179105,2.864502,3.596666,1.000000,54.477249
-0.873502,0.358751,-0.982688,-0.496661,-0.496664,-0.034315,0.402429,0.626003,2.292151,3.096551,3.799198,0.000000,54.206680
-0.616429,0.200336,-0.755119,1.216656,1.216675,-0.986297,-0.747436,-0.543503,0.688070,1.741391,2.337785,1.000000,54.866199
0.534753,0.566211,-1.195348,-2.018796,-2.018820,0.975153,1.063230,1.388279,2.352943,3.552062,4.162737,-1.000000,53.758549
-1.260763,0.000000,-1.476013,2.296318,2.296331,-0.968637,-1.220795,-0.932768,-0.275224,1.072563,1.598496,1.000000,54.993023
-0.561545,0.258004,-0.607074,1.306885,1.306888,-1.803006,-2.221890,-2.063042,-1.828814,-0.428601,0.187174,1.000000,55.711720
-0.289064,0.045640,-0.836761,-0.242823,-0.242830,-1.071047,-1.784575,-1.738431,-1.658306,-0.397389,0.284492,0.000000,55.576435
0.260493,0.551641,-0.030653,-0.715048,-0.715058,-0.245165,-0.896405,-0.955147,-0.891812,0.044750,0.929621,-1.000000,55.179031
0.151606,0.333537,-0.773199,1.072628,1.072621,-0.582154,-1.625210,-1.916296,-1.848074,-1.188583,-0.250640,1.000000,55.770893
0.625291,0.732047,-0.564287,-0.591266,-0.591258,0.170814,-0.799137,-1.289200,-1.257429,-0.830861,0.241480,-1.000000,55.441143
-0.271086,0.015063,-0.587349,1.265826,1.265836,-0.927720,-1.742474,-2.291169,-2.343380,-2.251814,-1.149102,1.000000,56.142937
0.269501,1.362473,-0.464138,0.587348,0.587347,-1.188808,-1.914959,-2.625145,-2.770628,-2.813000,-1.846588,1.000000,56.472691
-0.373636,0.000000,-0.941571,0.179672,0.179674,-0.872825,-1.788979,-2.517818,-2.766412,-2.843233,-2.164111,0.000000,56.574158
0.886852,1.009168,-0.244654,-2.256766,-2.256771,1.244649,0.756880,-0.107034,-0.496179,-0.557189,-0.077984,-1.000000,55.297409
-0.275820,0.275820,-0.551640,-0.214067,-0.214075,1.366849,1.006748,0.237008,-0.273515,-0.357335,-0.072014,0.000000,55.179031
0.015340,0.030681,-0.628828,-0.091948,-0.091939,1.092030,0.993868,0.407982,-0.096620,-0.218401,-0.195293,0.000000,55.128300
-0.844846,0.000000,-1.152074,-0.153373,-0.153375,0.728115,1.052230,0.663601,0.109070,-0.051608,-0.120323,0.000000,55.043747
0.155168,0.496509,-0.372379,-0.998465,-0.998455,0.980599,1.945689,1.633304,1.147399,0.952052,0.884402,-1.000000,54.494160
-0.684295,0.155519,-0.933129,-0.232729,-0.232737,0.874021,1.925345,1.945044,1.419902,1.139653,1.099009,0.000000,54.367332
-2.017732,0.000000,-2.048297,1.741827,1.741833,-0.804038,0.157443,0.238456,-0.207125,-0.574750,-0.634875,1.000000,55.314320
0.432698,0.649047,-0.123632,-1.085294,-1.085294,0.132899,0.995207,1.216706,0.909440,0.554471,0.469784,-1.000000,54.713997
-0.577305,0.000000,-0.811353,-0.958125,0.298907,-0.226087,0.403550,0.830160,0.669837,0.284596,0.171571,0.000000,54.877541
0.047189,0.440456,-0.173039,-0.811353,-0.811376,0.567339,0.831370,1.563505,1.453470,1.123379,0.983574,-1.000000,54.432278
0.409061,0.534929,-0.267467,-0.015729,-0.015720,0.603873,0.686689,1.414451,1.530532,1.172630,0.963030,0.000000,54.423721
-0.047945,0.783125,-0.063930,-1.557585,-1.557582,1.546747,1.980579,2.786973,3.004733,2.733902,2.467072,-1.000000,53.576027
-1.228993,0.513382,-1.602363,2.732938,2.732937,-1.036092,-0.748346,-0.080965,0.203565,0.041853,-0.207287,1.000000,55.040226
1.108298,1.155793,-0.664975,-1.742376,-1.742375,0.424316,0.833678,1.396071,1.842209,1.806587,1.538421,-1.000000,54.081219
-1.715347,0.216348,-1.947146,2.454083,2.454083,-1.628805,-1.416588,-1.172930,-0.576518,-0.592843,-0.819907,1.000000,55.408417
-0.109512,0.297251,-0.516267,-1.220833,-1.220834,-0.300373,-0.131551,-0.020377,0.557369,0.706894,0.452292,-1.000000,54.731972
0.000000,1.318861,-0.310313,0.829160,0.829166,-0.536852,-0.976107,-0.841740,-0.292697,-0.107294,-0.308505,1.000000,55.185791
0.031414,0.549708,-0.486881,-1.210239,-1.210248,0.490032,0.201042,0.298381,0.779755,1.028875,0.915276,-1.000000,54.517906
1.126853,1.352222,-1.963936,-2.434426,-2.434433,2.662597,2.384105,2.568751,2.985877,3.370315,3.369621,-1.000000,53.190704
-0.344261,0.377049,-0.803282,-1.802960,-1.802945,3.331139,3.842616,4.163191,4.461055,5.042531,5.099408,-1.000000,52.231705
0.032787,0.770493,-0.459015,0.000000,0.000000,2.373764,3.422944,3.890607,4.167584,4.771494,5.001968,0.000000,52.231705
0.956697,1.090967,-0.117496,-2.327866,-2.327868,3.178912,5.386028,5.804961,6.242229,6.921587,7.244664,-1.000000,51.015820
-1.242339,0.298161,-2.219646,1.325943,1.325951,0.735458,3.359275,4.030690,4.519588,5.178014,5.582069,1.000000,51.692265
1.758621,1.879310,-0.103450,-3.925789,-3.925787,3.431028,6.693090,7.581595,8.248737,8.927322,9.499457,-1.000000,49.662937
1.204606,1.682907,-0.407440,-2.672412,-2.672419,4.658991,8.159427,9.694708,10.583983,11.236481,12.034163,-1.000000,48.335735
1.037636,1.530072,-0.211043,0.726306,0.726309,2.448117,6.137875,8.118176,9.203218,9.891273,10.741305,1.000000,48.686802
1.284569,1.891172,-0.089204,-1.424555,-1.424569,2.669060,6.173070,8.905153,10.018653,10.880471,11.824400,-1.000000,47.993225
0.054273,0.560783,-2.080315,-1.373773,-1.373771,2.257607,6.134234,9.336716,10.771532,11.766259,12.761663,-1.000000,47.333908
-2.643566,0.893349,-2.789422,-0.777860,-0.777859,1.910671,5.640848,9.183841,10.797636,11.954465,12.970920,-1.000000,46.965717
1.055079,1.698857,-0.500714,1.950775,1.950774,-0.228895,2.711025,6.046740,7.993569,9.259896,10.204164,1.000000,47.881912
-1.335503,0.000000,-1.443781,-0.912014,-0.912008,0.166028,2.647536,5.998915,8.252118,9.681940,10.666819,-1.000000,47.445225
-1.316020,0.210561,-1.526589,2.851474,2.851478,-2.281112,-0.652752,2.187510,4.761353,6.106957,7.162796,1.000000,48.798115
0.733197,1.305444,-0.214590,-1.877529,-1.877538,-0.182398,0.452440,3.218892,6.018426,7.566530,8.708854,-1.000000,47.881912
-0.779898,0.814553,-0.970541,3.183124,3.183129,-2.273833,-2.698443,-0.476026,2.274694,3.805195,4.974896,1.000000,49.406055
0.157315,0.471947,-0.856490,-0.849224,-0.849214,-0.985848,-1.732224,-0.065264,2.495184,4.249597,5.499218,-1.000000,48.986492
-0.476949,0.635930,-0.900906,-1.048764,-1.048777,0.487549,-0.734854,0.476950,2.935878,4.863452,6.212042,-1.000000,48.472733
-0.103290,0.482009,-0.671370,2.614377,2.614379,-1.693922,-2.912722,-2.253972,-0.234119,1.883285,3.132438,1.000000,49.739994
1.398363,2.080495,-0.989083,0.946805,0.946812,-1.688269,-3.250345,-3.367443,-1.598741,0.542970,1.866184,1.000000,50.210938
-1.698048,0.117685,-2.151982,1.432471,1.432479,-2.478152,-3.838276,-4.566253,-3.210334,-1.124425,0.169231,1.000000,50.930199
-1.051930,0.000000,-1.653026,0.689306,0.689294,-2.250790,-3.833693,-4.836645,-3.965602,-2.123226,-0.721323,1.000000,51.281258
1.221616,1.410874,-0.172056,-2.955418,-2.955419,1.245702,-0.438745,-1.793989,-1.288711,0.458363,1.990136,-1.000000,49.765682
-0.052704,0.140552,-1.071674,-2.064695,-2.064692,2.969082,1.647927,0.378308,0.558679,2.047083,3.809439,-1.000000,48.738174
-1.005203,0.519929,-1.594458,1.370350,1.370345,1.251301,0.582323,-0.699019,-1.032063,0.253725,2.025995,1.000000,49.406055
0.568675,0.809928,-0.827158,0.571920,0.571920,0.175773,0.067211,-0.898383,-1.592277,-0.598308,1.151131,1.000000,49.688618
-0.860141,0.000000,-1.531049,0.172328,0.172345,-0.602113,0.053314,-0.815429,-1.617082,-0.966815,0.599787,0.000000,49.774254
0.532641,0.790376,-0.154639,0.120420,0.120402,-0.694154,0.206189,-0.615118,-1.620274,-1.278349,0.151203,0.000000,49.834183
-0.978203,0.343232,-1.458730,0.120273,0.120287,-0.350101,0.116691,-0.588076,-1.547977,-1.486881,-0.322647,0.000000,49.894127
0.034985,0.927065,-0.472269,-1.887767,-1.887779,1.381852,1.785909,1.470475,0.511637,0.184718,1.216261,-1.000000,48.952236
-0.859947,0.070200,-1.000351,-0.332339,-0.332334,1.351353,1.686555,1.724581,1.033694,0.447172,1.253069,0.000000,48.789551
-1.361730,0.366625,-1.414103,0.526499,0.526494,0.523747,0.698329,1.199959,0.623259,-0.020946,0.506289,0.000000,49.046425
-0.139710,0.471535,-0.628704,-0.034918,-0.034914,0.230529,0.583307,1.310982,0.819947,0.041915,0.323672,0.000000,49.029301
-0.428082,0.513697,-0.873293,1.990926,1.990914,-1.681503,-1.126705,-0.631271,-1.027390,-1.749994,-1.702048,1.000000,50.005432
0.290701,0.530097,-0.940492,0.136983,0.136987,-1.367986,-1.128585,-0.785448,-0.943906,-1.665522,-1.944249,0.000000,50.073933
-1.071977,0.119108,-1.140041,0.495896,0.495901,-1.245536,-1.490555,-1.355566,-1.341669,-1.883954,-2.384436,0.000000,50.322250
0.700237,1.183726,-0.083361,2.058874,2.058867,-2.337443,-3.169384,-3.335549,-3.101026,-3.592523,-4.157491,1.000000,51.358318
-0.446798,0.000000,-0.910142,0.750250,0.750272,-2.015570,-3.521443,-3.800553,-3.506549,-3.978169,-4.674293,1.000000,51.743645
-0.100439,0.368257,-0.753266,-1.141814,-1.141823,-0.435225,-2.161039,-2.374741,-2.253940,-2.684975,-3.367377,-1.000000,51.152824
-0.083701,0.569133,-0.468703,0.000000,0.000000,-0.013395,-1.730840,-2.147088,-2.161874,-2.429199,-3.118520,0.000000,51.152824
0.287615,0.665107,-0.790944,-6.879814,-6.879827,6.244844,5.286724,4.794785,4.720484,4.630605,4.085934,-1.000000,47.633598
-0.445077,0.195836,-1.370831,0.970694,0.970701,3.866843,4.076915,3.554692,3.382596,3.550657,3.100120,1.000000,48.095978
0.000000,1.493060,-0.368872,1.353039,1.353038,1.250662,2.629548,2.023541,1.897949,2.190765,1.812757,1.000000,48.746735
-0.495230,1.008136,-0.795898,-0.685050,-0.685049,0.817119,3.008490,2.523287,2.567210,2.785994,2.488505,-1.000000,48.412796
-1.485329,0.161059,-2.147461,-1.167315,-1.167319,0.626342,3.759848,3.580295,3.615789,3.802439,3.696617,-1.000000,47.847664
0.036049,0.468641,-0.522713,-0.715821,-0.715803,1.297752,3.914913,4.146827,4.133010,4.262425,4.310851,-1.000000,47.505169
1.219512,1.385809,-0.203254,-2.451336,-2.451354,3.085744,5.443470,6.374732,6.379352,6.456034,6.741818,-1.000000,46.340649
-0.596014,1.564537,-0.838139,-0.794531,-0.794531,2.704422,5.032603,6.783395,6.811334,6.978591,7.415420,-1.000000,45.972458
2.048311,2.106280,-0.734301,-3.613334,-2.227492,3.502788,6.045161,8.466131,8.694600,9.078567,9.507263,-1.000000,44.948425
0.312378,1.913315,-0.410002,-1.024153,-1.024165,3.063466,5.644380,8.751442,9.317606,9.765088,10.211610,-1.000000,44.488079
2.513971,3.032722,-0.019948,-2.147602,-2.147598,3.500359,7.020952,10.098474,11.113046,11.608496,12.064022,-1.000000,43.532654
4.390642,4.862534,-0.184653,-2.753386,-2.753381,4.537947,8.690011,11.794611,13.466244,14.065509,14.532441,-1.000000,42.334034
-1.537835,2.266295,-2.003234,1.395150,1.395138,1.679494,5.838151,8.886697,11.193926,11.852160,12.425298,1.000000,42.924652
-3.317256,1.562203,-3.452260,4.917038,4.917049,-3.047252,0.127962,2.878014,5.430898,6.178530,6.882294,1.000000,45.035278
-0.245192,0.075445,-1.791777,2.256513,2.256498,-4.507725,-2.471599,-0.130695,2.667619,3.583529,4.280907,1.000000,46.051498
-1.443842,0.000000,-1.950124,0.584689,0.584704,-3.858999,-3.294233,-0.900189,1.638874,2.768202,3.432359,1.000000,46.320763
1.066669,1.066669,-0.876189,-1.556351,-1.556358,-0.906667,-1.927808,0.301611,2.614334,4.090597,4.762439,-1.000000,45.599846
-0.731157,0.037497,-0.937383,1.600000,1.600003,-0.997377,-3.395201,-1.625786,0.414042,2.218272,2.860473,1.000000,46.329445
0.037702,0.659761,-0.999056,-0.543684,-0.543682,-0.003771,-2.622055,-1.425889,0.412229,2.436073,3.146667,-1.000000,46.077560
-0.338666,0.677321,-0.376295,0.188507,0.188510,-0.142998,-2.442153,-1.854442,-0.316988,1.904587,2.751294,0.000000,46.164421
-0.379221,1.213498,-0.587793,-0.771402,-0.771410,0.409557,-1.186955,-1.338403,0.258723,2.302641,3.333154,-1.000000,45.808304
1.513973,1.688663,0.000000,-2.313238,-2.313244,2.406842,1.692555,0.760749,2.258857,4.134364,5.459964,-1.000000,44.748646
0.624998,0.742189,-0.332035,-0.621116,-0.621112,2.210940,2.675783,1.165367,2.417199,4.131019,5.777389,-1.000000,44.470707
0.097731,0.410475,-1.153245,-0.078127,-0.078121,1.551992,2.621187,1.167577,2.049792,3.607798,5.442299,0.000000,44.435966
2.205572,2.351223,-1.061178,-6.059419,-6.059411,5.984174,8.208478,7.254808,7.901104,9.389126,11.578383,-1.000000,41.743408
0.650443,2.517837,-0.734366,-0.832295,-0.832301,4.741919,7.926980,7.810880,8.068807,9.704488,11.796075,-1.000000,41.395977
-0.103462,0.951788,-1.013867,1.405795,1.405779,1.969801,5.567980,6.259750,6.051012,7.600685,9.501388,1.000000,41.977913
-0.584326,1.188797,-1.208950,2.689838,2.689850,-1.333870,2.055208,3.504600,2.940761,4.258882,5.965276,1.000000,43.107056
1.377471,1.562506,-0.925164,-1.994765,-1.994762,-0.361841,3.225740,5.171326,4.716282,5.797161,7.419391,-1.000000,42.247173
0.185759,1.052627,-1.568632,-0.390621,-0.390613,0.189876,2.660463,4.954925,4.841061,5.664015,7.122141,0.000000,42.082150
0.638916,1.380872,-1.071723,0.144477,0.144484,0.399822,1.642606,4.142606,4.524921,5.002612,6.533302,0.000000,42.142952
-0.534104,0.739525,-1.376339,0.329761,0.329766,0.213628,0.725127,3.277165,4.175205,4.273520,5.724791,0.000000,42.281925
0.878447,1.123593,-0.898883,0.554645,0.554613,-0.616940,-0.290079,2.109646,3.552614,3.373248,4.653199,1.000000,42.516426
-2.671383,0.000000,-2.691021,4.004084,4.004090,-3.551354,-4.177953,-2.101742,-0.526414,-0.672555,0.307965,1.000000,44.218822
0.676350,0.795699,-0.537100,-1.257120,-1.257105,-1.599368,-2.518408,-1.237328,0.466472,0.516401,1.265524,-1.000000,43.662945
-1.994574,0.309837,-2.265682,2.725281,2.725288,-3.001558,-4.333860,-3.999496,-2.362523,-2.032547,-1.618146,1.000000,44.852886
-0.596731,0.327234,-1.366697,0.600314,0.600303,-2.321467,-4.207894,-4.517168,-2.998080,-2.369978,-2.295227,1.000000,45.122139
-0.058580,1.523146,-0.292908,-1.424450,-1.424449,-0.027337,-2.515132,-3.136107,-1.804337,-0.819375,-0.995252,-1.000000,44.479397
-1.555385,0.796658,-2.238240,2.948647,2.948651,-2.204099,-4.533388,-5.713208,-4.648150,-3.594092,-3.769611,1.000000,45.790939
-1.224100,0.037667,-1.581921,0.720783,0.720771,-1.838030,-4.340855,-5.755170,-5.335209,-4.277959,-4.340232,1.000000,46.120987
2.827763,2.827763,-0.098873,-4.764592,-4.764597,2.649802,0.850318,-0.656505,-0.813714,0.292672,0.475257,-1.000000,43.923508
-1.219270,0.000000,-2.457898,2.175199,2.175211,0.356106,-0.718017,-2.340491,-2.910778,-1.906715,-1.474744,1.000000,44.878937
-0.640648,1.611342,-0.815372,-0.309657,-0.309662,0.784317,0.087368,-1.793819,-2.579105,-1.744122,-1.033452,0.000000,44.739964
-1.227679,0.316224,-1.302078,4.368084,4.368095,-3.046883,-3.571431,-5.269099,-6.414624,-5.803576,-5.057049,1.000000,46.694248
-0.865487,0.721244,-0.955642,3.162204,3.162195,-5.167688,-5.591414,-7.330204,-8.616117,-8.524340,-7.820650,1.000000,48.170811
0.000000,1.091178,-0.684296,-2.506309,-2.506310,-1.435176,-2.714998,-4.263606,-5.674124,-6.074346,-5.405337,-1.000000,46.963501
-0.620325,0.784530,-1.039954,1.368598,1.368590,-1.620137,-3.506654,-4.810551,-6.356496,-7.102346,-6.541987,1.000000,47.606239
1.173842,1.602387,-0.055895,-2.079918,-2.079906,1.274454,-0.998697,-2.202347,-3.991054,-4.945033,-4.536364,-1.000000,46.616074
-0.704358,1.186282,-0.704358,0.521712,0.521704,0.819277,-1.284523,-2.334256,-3.997215,-5.231507,-4.976210,0.000000,46.859272
0.000000,0.315103,-1.816497,0.000000,0.000000,0.259500,-1.126969,-1.879515,-3.487484,-4.794807,-4.926781,0.000000,46.859272
-0.487620,0.337584,-1.481622,-1.167750,-1.167750,1.162792,0.557017,-0.510124,-1.897032,-3.245306,-3.767187,-1.000000,46.312073
-1.100914,0.293578,-1.376147,2.213053,2.213051,-1.141281,-1.100914,-2.352289,-3.487151,-4.887333,-5.668495,1.000000,47.336983
-0.203177,0.591060,-0.332471,-0.660552,-0.660555,-0.310301,0.042491,-1.342191,-2.366078,-3.921673,-4.860228,-1.000000,47.024296
-1.047794,0.128675,-2.113974,0.480242,0.480250,-0.621330,-0.318020,-1.607848,-2.511951,-3.957354,-5.116423,0.000000,47.250130
0.074490,0.670391,-0.689011,-1.286766,-1.286756,0.580993,0.653618,-0.250788,-0.921798,-2.314348,-3.529495,-1.000000,46.642136
0.210890,0.786043,-0.632665,-2.867786,-2.867778,3.105813,3.259185,2.897477,2.053281,0.848911,-0.393676,-1.000000,45.304543
-1.872167,0.302572,-2.382757,1.380370,1.380352,1.089262,1.488275,1.649016,0.751701,-0.206505,-1.463060,1.000000,45.929905
-0.019131,0.937623,-0.497509,-1.172472,-1.172484,1.569099,2.422520,2.950649,2.047472,1.230788,-0.126272,-1.000000,45.391384
-0.766642,0.504862,-1.402393,2.334485,2.334509,-1.092002,-0.001879,0.567180,-0.209434,-0.886321,-2.102974,1.000000,46.451050
-1.242578,0.185464,-1.743320,0.822734,0.822724,-1.817502,-0.823438,-0.443864,-0.947697,-1.424328,-2.563669,1.000000,46.833214
-0.113254,0.396374,-0.377503,-1.743320,-1.743327,0.234054,0.872034,1.185359,1.037191,0.425828,-0.554289,-1.000000,46.016758
0.000000,1.137425,-0.298340,1.226880,1.226890,-0.701107,-0.512776,-0.187711,-0.004666,-0.666050,-1.451928,1.000000,46.581333
1.078524,1.116369,-0.473037,-1.454415,-1.454415,0.987702,0.711450,1.181962,1.597919,0.924126,0.248504,-1.000000,45.903847
-1.262012,0.207197,-1.506873,0.454119,0.454110,0.384257,0.009425,0.616569,1.075538,0.495767,-0.067802,0.000000,46.112301
-0.492236,0.000000,-1.211662,-0.508570,-0.508567,0.480879,0.354035,0.988264,1.342297,0.988264,0.603941,-1.000000,45.877789
1.054252,1.111754,-0.095839,-1.230598,-1.230600,1.422279,1.606292,2.099554,2.422856,2.369185,1.891261,-1.000000,45.313217
0.965133,1.280280,-0.039393,-2.683531,-2.683517,3.092366,3.992503,4.425176,4.849310,5.121124,4.623455,-1.000000,44.097229
0.575171,0.952011,0.000000,-0.689387,-0.689397,2.844111,4.349468,4.658209,5.254863,5.764383,5.297505,-1.000000,43.793224
1.010513,1.361105,0.000000,-3.827838,-3.827830,5.040202,7.473691,8.011261,8.881198,9.539272,9.197758,-1.000000,42.116894
0.458242,0.770679,-0.749835,-0.989903,-0.989912,4.086654,7.317229,8.301053,9.351181,10.013751,9.936128,-1.000000,41.699974
1.140131,1.285238,-0.331675,0.479075,0.479070,1.961032,5.822969,7.242952,8.303276,9.005805,9.250968,0.000000,41.899746
0.381679,0.572519,-1.166240,-2.238810,-2.238813,2.765063,6.874477,8.890310,10.005310,10.853274,11.434133,-1.000000,40.961689
-1.137323,0.000000,-1.453241,0.678541,0.678544,0.834040,5.023172,7.485262,8.562559,9.584672,10.400174,1.000000,41.239632
-0.145742,0.353950,-0.499684,1.158380,1.158386,-0.512182,2.767022,5.497953,6.656259,7.836770,8.738290,1.000000,41.717346
-2.777221,0.486515,-3.243466,2.706648,4.201437,-3.709165,-1.930458,0.728462,1.990987,3.176891,3.993468,1.000000,43.470074
-0.184502,0.389508,-0.799508,-1.114946,-1.114958,-2.118330,-1.366232,1.394067,2.871206,4.030677,4.857540,-1.000000,42.985401
-0.829224,1.401775,-1.263581,3.833545,3.833555,-4.086919,-4.887710,-2.640395,-1.072073,-0.052460,0.764150,1.000000,44.633270
0.410242,0.703262,-0.410234,1.066134,1.066131,-3.383079,-5.599321,-3.784878,-2.146935,-1.276617,-0.410151,1.000000,45.109119
0.763656,0.841982,-0.391621,-0.234419,-0.234407,-1.695720,-4.736126,-3.723086,-2.077862,-1.244355,-0.313620,0.000000,45.003380
0.863765,1.079708,-0.431877,-0.254555,-0.254565,-0.812718,-3.782612,-3.624250,-2.044529,-1.148552,-0.205527,0.000000,44.888817
0.453379,0.808198,-1.005320,-0.412248,-0.412227,0.366633,-2.757089,-3.316204,-1.785912,-0.793128,0.087633,0.000000,44.703773
-1.338058,0.157422,-1.889018,0.177410,0.177390,0.255810,-2.075973,-3.385309,-2.160600,-1.071234,-0.279692,0.000000,44.783073
0.591248,0.926285,-0.137966,-0.157414,-0.157405,0.236495,-1.144865,-3.095916,-2.139567,-0.975995,-0.294819,0.000000,44.712582
0.080550,0.966571,-0.261782,-2.128502,-2.128488,1.848557,1.471993,-0.738017,-0.279986,0.931660,1.607766,-1.000000,43.760880
0.803863,1.185691,-0.241156,0.201365,0.201346,1.169625,1.354507,-0.610746,-0.711705,0.456618,1.191263,0.000000,43.848991
-0.119970,0.059994,-0.779842,0.502412,0.502404,0.375938,1.093795,-0.779384,-1.349173,-0.222321,0.591983,0.000000,44.069290
-0.808360,0.788640,-0.808360,1.419722,1.419737,-1.068617,-0.307578,-1.611484,-2.663281,-1.787893,-0.908268,1.000000,44.694958
0.527344,1.562498,0.000000,0.946372,0.946355,-1.816398,-1.240224,-1.960799,-3.428991,-2.778292,-1.857439,1.000000,45.117931
1.752657,1.870817,-0.393850,-0.820316,-0.820315,-0.563209,-0.480493,-0.698428,-2.336280,-2.096142,-1.172579,-1.000000,44.747822
-0.429103,0.195044,-0.702165,0.964949,0.964956,-0.924521,-1.367269,-1.395228,-2.884596,-3.093655,-2.239108,1.000000,45.179619
-0.311223,0.408479,-0.505734,0.273064,0.273077,-0.649690,-1.503609,-1.322710,-2.773463,-3.358466,-2.557861,0.000000,45.302994
1.037383,1.389702,0.000000,-0.622447,-0.622462,0.117441,-0.833818,-0.647220,-1.713650,-2.671066,-2.063047,-1.000000,45.021000
-0.749854,0.326864,-0.942123,1.800740,1.800749,-1.342051,-2.343781,-2.299558,-2.951260,-4.214802,-3.800696,1.000000,45.831715
-1.124443,0.000000,-1.555476,2.595661,2.595661,-2.871069,-4.121072,-4.485263,-4.842585,-6.220948,-6.170087,1.000000,47.021351
0.357139,0.507519,-0.921056,-0.299850,-0.299853,-1.853384,-3.186094,-3.914789,-4.192673,-5.496894,-5.816604,0.000000,46.880356
-0.757293,0.189318,-0.851952,-0.714288,-0.714291,-0.613402,-1.957590,-2.959736,-3.120975,-4.417768,-5.050771,-1.000000,46.545494
-0.133029,1.045228,-0.285059,-0.378646,-0.378638,0.345874,-1.223874,-2.362857,-2.565569,-3.588003,-4.526563,0.000000,46.369255
0.669981,0.937975,-0.401997,-0.722153,-0.722164,1.163862,-0.306278,-1.461204,-1.756316,-2.470061,-3.669790,-1.000000,46.034393
-0.538354,0.019231,-1.365120,-0.440283,-0.440275,1.092099,0.371084,-0.724221,-1.231493,-1.679677,-2.973618,0.000000,45.831715
-0.955657,0.535164,-1.051223,0.596043,0.596046,0.156723,-0.022940,-0.986245,-1.684829,-2.033646,-3.230043,1.000000,46.104893
0.308463,0.674768,-0.597644,-0.860094,-0.860095,0.659340,0.933101,0.111816,-0.722000,-0.945443,-2.112761,-1.000000,45.708347
0.000000,0.714153,-0.169141,2.583382,2.583382,-1.653825,-1.210299,-2.097352,-2.997559,-3.247512,-4.156497,1.000000,46.889168
0.385461,0.532305,-0.789282,2.386771,2.386771,-3.124083,-3.059840,-3.978221,-4.915569,-5.261383,-5.920770,1.000000,48.008305
-0.609752,0.905399,-1.422766,-0.660795,-0.660807,-1.699916,-2.274565,-2.928051,-3.871019,-4.405755,-4.877424,-1.000000,47.691063
-0.184839,0.683924,-0.776336,-0.036957,-0.036938,-1.005551,-2.072095,-2.543444,-3.434388,-4.136790,-4.548375,0.000000,47.673447
-0.570696,0.865245,-1.270249,0.406658,0.406654,-0.504423,-2.192567,-2.581007,-3.428762,-4.260684,-4.594999,0.000000,47.867313
0.334823,0.744051,-0.260415,-1.030932,-1.030925,0.736601,-0.961689,-1.235127,-2.140076,-3.044652,-3.408367,-1.000000,47.373837
0.658510,1.354651,-0.206963,-1.134665,-1.134679,1.392286,0.346190,0.041391,-0.833492,-1.750520,-2.176860,-1.000000,46.836296
0.111342,1.187604,-0.408241,1.392280,1.392271,-0.085344,-0.682859,-1.266765,-1.906649,-2.785663,-3.345692,1.000000,47.488384
0.322883,0.379859,-1.101618,-2.300978,-2.300969,1.716998,1.718897,0.988919,0.534661,-0.276546,-0.961066,-1.000000,46.395691
-0.092987,0.316160,-0.836898,2.127252,2.127254,-0.606286,-0.046494,-0.996838,-1.339967,-2.074020,-2.835535,1.000000,47.382645
0.322095,0.663134,-0.511559,-1.841177,-1.841193,0.886712,1.746891,0.880401,0.670726,-0.081075,-0.889209,-1.000000,46.510239
-0.643574,0.227142,-0.908582,0.094739,0.094764,0.670057,1.338241,0.859347,0.653025,-0.052257,-0.851172,0.000000,46.554314
1.430450,1.637491,-0.489369,0.567857,0.567857,-0.184463,0.579701,0.430381,0.063042,-0.439687,-1.193311,1.000000,46.818676
0.542768,1.253973,-0.224591,0.564651,0.564644,-0.452930,-0.110426,0.004989,-0.477262,-0.836985,-1.519125,1.000000,47.083035
-1.493929,0.000000,-1.960782,0.224591,0.224588,-0.758167,-0.478055,-0.009957,-0.632117,-0.899344,-1.519451,0.000000,47.188778
-0.189570,0.284364,-0.625596,-1.493929,-1.493931,0.735552,0.839812,1.448344,0.887207,0.729482,0.102372,-1.000000,46.483810
0.936546,1.165902,0.000000,-0.815166,-0.815159,1.368500,1.509934,2.006877,1.724002,1.581036,0.996428,-1.000000,46.104893
-0.417064,0.341232,-0.853082,0.821865,0.821859,0.398107,0.466354,1.002215,0.964932,0.706733,0.297633,1.000000,46.483810
-0.769231,0.037525,-0.938086,1.042652,1.042653,-0.686677,-0.448402,-0.140084,0.015013,-0.324950,-0.610378,1.000000,46.968475
0.209526,0.419050,-0.209526,-1.500936,-1.500937,0.426667,0.826668,1.150478,1.599049,1.169526,0.973335,-1.000000,46.263508
1.636115,1.655825,-0.039426,-3.371429,-3.371415,3.134229,3.940460,4.281478,4.899456,4.550353,4.472687,-1.000000,44.703773
-1.706090,0.465293,-1.880576,1.675541,1.675536,1.147723,1.985257,2.360077,2.889675,2.776259,2.723267,1.000000,45.452801
-0.195463,0.273649,-1.407351,-0.814273,-0.814289,1.356539,2.437461,2.844680,3.445084,3.553567,3.423257,-1.000000,45.082684
1.010097,1.584470,-0.237677,-1.309613,-1.309605,1.588433,3.214495,3.924207,4.460286,4.782726,4.616752,-1.000000,44.492279
0.317586,0.476376,-0.734424,-0.217867,-0.217869,0.968643,2.810641,3.702529,4.297342,4.893213,4.683738,0.000000,44.395344
-0.388797,0.602646,-0.544322,2.104006,2.104009,-0.835923,0.437405,1.391916,1.922630,2.594092,2.450105,1.000000,45.329426
0.254497,1.233354,0.000000,-0.699839,0.616553,-1.375122,-0.286798,0.632422,1.163517,1.754989,1.791220,1.000000,45.608906
0.896416,2.390440,0.000000,-1.722790,-1.722786,0.237960,1.090672,2.099696,2.639596,3.282810,3.500604,-1.000000,44.823162
-1.358641,0.519485,-1.498502,-0.298809,-0.298823,0.626531,0.883637,2.048603,2.756300,3.325258,3.705221,0.000000,44.689220
-0.442035,0.241107,-0.823787,-0.559439,-0.559444,1.212388,1.040683,2.210235,3.003222,3.597991,4.193461,-1.000000,44.439209
-0.283055,0.687424,-0.808730,-0.622867,-0.622869,1.318249,1.551394,2.500427,3.383001,3.956441,4.640704,-1.000000,44.162411
0.098520,1.162562,-0.433500,2.608170,2.608173,-1.387189,-1.060493,-0.221328,0.618303,1.179642,1.782691,1.000000,45.314243
0.254599,0.763807,-0.685472,0.610839,0.610843,-1.649045,-1.549686,-0.957666,-0.127221,0.398879,1.011192,1.000000,45.591042
0.060058,0.840837,-0.900903,-2.173913,-2.173918,0.496496,0.662242,0.889237,1.813804,2.468915,3.026181,-1.000000,44.599930
-1.166763,0.241406,-1.227119,-0.480484,-0.480483,0.957556,1.146054,1.094279,1.989592,2.693550,3.262122,0.000000,44.385635
-1.030091,0.302973,-1.090683,-0.402336,-0.402322,1.385571,1.300742,1.427739,2.144066,2.899978,3.440462,0.000000,44.207062
-0.179283,0.258966,-1.314741,1.393664,1.393669,-0.227105,-0.266948,-0.060046,0.597107,1.331118,1.868951,1.000000,44.823162
0.338852,2.352003,0.000000,-0.059767,-0.059777,-0.522222,-0.213276,-0.042879,0.468931,1.211149,1.729567,0.000000,44.796368
0.461014,0.861898,-0.120259,-0.558100,-0.558099,0.012027,0.314688,0.526205,0.760929,1.551399,2.162122,-1.000000,44.546360
-0.136160,1.147637,-0.700255,3.046705,3.046698,-2.283597,-2.332230,-2.226931,-2.257395,-1.563082,-0.965828,1.000000,45.903553
-0.753621,0.038647,-0.753621,0.661350,0.661363,-2.059909,-2.531410,-2.742682,-2.736904,-2.233780,-1.638365,1.000000,46.207142
-0.250677,0.636325,-0.269958,0.212562,0.212549,-1.627456,-2.524101,-2.848694,-2.851140,-2.423825,-1.864910,0.000000,46.305355
0.482160,0.482160,-0.501443,-0.019288,-0.019276,-0.960465,-2.352945,-2.617814,-2.701325,-2.421202,-1.883591,0.000000,46.296429
0.287967,0.556731,-0.902286,0.462878,0.462865,-0.572082,-2.392009,-2.805398,-2.932625,-2.910147,-2.376662,0.000000,46.510719
0.502614,1.869714,-0.381992,-4.511419,-4.511410,3.453954,2.225566,1.782593,1.655298,1.510198,2.027228,-1.000000,44.412430
1.159252,1.159252,-1.301605,-1.145967,-1.145970,3.603826,3.341472,2.923193,2.671346,2.614046,3.014074,-1.000000,43.903477
1.555049,1.575787,-0.269546,-1.911731,-1.911742,4.117778,4.947137,4.580837,4.376952,4.392126,4.786455,-1.000000,43.064156
0.699445,1.131452,-0.020578,0.787893,0.787899,1.970788,3.805803,3.427279,3.397448,3.421297,3.730730,1.000000,43.403458
0.762058,1.672305,-0.381035,-2.818348,-2.818328,2.874664,6.255272,6.044292,6.098622,6.201322,6.360588,-1.000000,42.180206
-1.599331,0.357742,-3.198653,0.592714,0.592705,1.334171,4.810601,5.112228,5.236734,5.390312,5.432753,1.000000,42.430210
0.277960,0.684199,-1.090447,-1.578283,-1.578295,1.932871,5.426563,6.407249,6.636739,6.738513,6.888548,-1.000000,41.760536
0.588480,1.218995,-0.567467,1.731884,1.731893,-0.075665,2.732234,4.228660,4.488222,4.627145,4.835914,1.000000,42.483784
0.723755,0.784075,-1.387219,4.539722,4.539723,-3.960596,-2.153202,-0.355187,-0.181953,0.046634,0.233024,1.000000,44.412430
0.796567,1.062094,0.000000,-1.568160,-1.568158,-1.727941,-1.233661,1.105662,1.307186,1.551465,1.770684,-1.000000,43.715973
-1.261510,0.000000,-1.441726,2.001634,2.001635,-2.687226,-3.131760,-1.074625,-0.657792,-0.427718,-0.211792,1.000000,44.591007
1.077459,1.362070,-0.406581,-1.501802,-1.501805,-0.219553,-1.650741,0.086739,0.824355,1.068508,1.202817,-1.000000,43.921337
0.867985,1.271694,0.000000,0.711531,0.711533,-0.133229,-2.081150,-0.932585,0.045411,0.256755,0.384193,1.000000,44.233852
1.133837,1.154080,-0.182223,-0.302790,-0.302793,0.028349,-1.625831,-0.963756,0.270299,0.425997,0.634405,0.000000,44.099915
1.040812,1.244900,0.000000,-0.789632,-0.789636,0.840821,-0.483668,-0.595913,0.977555,1.147758,1.363947,-1.000000,43.751686
0.202509,0.972053,-0.162013,0.775512,0.775508,-0.162004,-0.872817,-1.409472,-0.005057,0.342654,0.557584,1.000000,44.090984
-0.368550,0.000000,-1.003280,-1.093562,-1.093561,0.798531,0.647018,-0.364448,0.802627,1.397222,1.627087,-1.000000,43.608822
0.225458,0.983806,-0.102478,-0.102373,-0.102374,0.594385,0.998160,-0.185824,0.591315,1.385534,1.597326,0.000000,43.564178
1.482253,1.649263,-0.062637,-1.824142,-1.824136,1.841330,2.490602,1.569936,2.048014,3.079746,3.265132,-1.000000,42.769508
1.056412,1.077536,-0.190154,-1.189979,-1.189981,2.362134,3.380518,2.805831,2.774138,4.104795,4.324247,-1.000000,42.260559
-1.434806,0.000000,-1.829904,1.605743,1.605753,0.207937,1.362022,1.260131,0.978368,2.183400,2.563243,1.000000,42.939159
-2.205878,0.081701,-2.205878,1.809106,1.809104,-1.523694,-0.486114,-0.241015,-0.837420,0.139703,0.703293,1.000000,43.715973
0.630075,0.813002,-0.894315,0.490200,0.490189,-1.837393,-1.040648,-0.508125,-1.222556,-0.565036,0.144313,0.000000,43.930264
1.176705,1.196997,-0.426048,0.182927,0.182935,-1.452630,-1.241636,-0.750663,-1.333945,-0.954356,-0.098063,0.000000,44.010628
1.234574,1.316881,0.000000,-1.399884,-1.399891,0.469145,0.078197,0.609062,0.206799,0.164618,1.231833,-1.000000,43.394527
0.534316,0.842581,-0.513769,0.123461,0.123467,0.579529,-0.193179,0.309629,0.200369,-0.047679,0.918618,0.000000,43.448105
0.693453,1.346115,-0.611868,0.760376,0.760374,-0.150927,-0.907605,-0.469098,-0.325308,-0.813376,-0.027871,1.000000,43.778473
-0.584436,0.382914,-1.209188,1.203345,1.203345,-1.168882,-1.918578,-1.641810,-1.304915,-1.880690,-1.367053,1.000000,44.305279
0.882998,1.384704,-0.040138,0.423222,0.423225,-1.368660,-1.944617,-1.997464,-1.711826,-2.196272,-1.917859,0.000000,44.492790
-1.091051,0.337239,-1.229913,1.163953,1.163955,-1.785362,-2.461816,-2.938574,-2.698872,-3.070028,-3.157445,1.000000,45.010666
-0.255547,0.000000,-1.356397,0.912515,0.912506,-1.804593,-2.797319,-3.620987,-3.487313,-3.683106,-3.959104,1.000000,45.421391
-1.303575,0.474023,-2.310887,-0.471787,-0.471784,-0.707090,-2.006715,-2.928434,-2.887615,-2.921586,-3.407728,0.000000,45.207100
0.773137,0.895215,0.000000,-2.923166,-2.923160,2.091551,0.933869,0.043399,-0.003059,0.129394,-0.436764,-1.000000,43.885624
-0.142680,0.591107,-0.570734,-0.183115,-0.183112,1.964935,1.072149,0.384557,0.146752,0.257637,-0.223542,0.000000,43.805264
-0.142943,0.878091,-0.653459,-0.183449,-0.183460,1.564227,1.333474,0.792326,0.327755,0.442724,0.077603,0.000000,43.724899
0.666389,0.957934,-0.020829,-1.939965,-1.939963,2.386510,3.204919,2.776625,2.170974,2.269891,2.092188,-1.000000,42.876652
0.335570,0.776005,-0.964763,-0.708038,-0.708033,1.879195,3.657717,3.330535,2.777893,2.872482,2.883808,-1.000000,42.573071
1.765962,2.319149,0.000000,-1.426174,-1.426157,2.438283,4.599983,4.513457,4.074450,4.144662,4.331187,-1.000000,41.965912
2.563546,3.019768,0.000000,-2.063832,-2.063866,3.280487,5.978729,6.243773,6.064543,6.047379,6.261153,-1.000000,41.099792
0.662557,2.673061,-1.622113,-4.909839,-4.909818,6.237143,9.933738,10.993825,11.134332,11.045001,11.352518,-1.000000,39.081867
6.153479,6.270463,-0.467948,-2.353205,-2.353209,6.326621,10.680855,12.745274,13.186702,13.099664,13.474489,-1.000000,38.162189
2.930145,3.000466,-4.055321,-0.187183,-0.187185,4.172530,9.020161,11.961245,12.660572,12.732302,13.177059,0.000000,38.090755
-1.965980,1.281197,-2.275233,6.118143,6.118149,-2.597752,1.877620,4.865617,5.731164,5.921798,6.337525,1.000000,40.421204
-1.128227,0.846171,-1.128227,1.811354,1.811351,-4.304620,-0.579302,2.458956,3.502927,3.880233,4.206984,1.000000,41.153374
-2.198278,0.000000,-2.995698,0.672601,0.672601,-3.810347,-1.797418,1.198271,2.574348,3.106029,3.323988,1.000000,41.430172
1.013660,1.189945,-0.859407,-2.198278,-2.198289,-0.484786,-0.171872,2.666382,4.518519,5.184671,5.352586,-1.000000,40.519417
0.351185,0.570674,-1.997364,0.396650,0.396679,0.395068,-1.031623,1.518858,3.724739,4.470568,4.696350,0.000000,40.680149
0.000000,2.086539,-0.219633,-0.065852,-0.065865,0.575447,-1.289260,1.055714,3.343948,4.216998,4.526684,0.000000,40.653355
0.838810,1.360231,-0.204038,-3.118818,-3.118825,2.915443,1.453189,3.560797,6.022445,7.102245,7.605230,-1.000000,39.385448
-0.154696,0.000000,-0.994477,2.584446,2.584455,-0.185638,-0.775693,0.403679,2.781210,4.107840,4.741062,1.000000,40.403347
3.070379,3.541018,-0.268935,-1.392267,-1.392278,0.883023,1.046625,1.313322,3.532057,5.215607,5.960713,-1.000000,39.840820
-0.199424,0.797698,-1.285181,1.142990,1.142989,-0.447593,0.452033,-0.208282,1.752720,3.680926,4.480394,1.000000,40.296196
0.310281,0.465432,-0.642724,-0.022163,-0.022171,-0.607257,0.441062,-0.463932,1.328696,3.304982,4.202144,0.000000,40.287262
-0.489002,0.666813,-0.911314,-0.288114,-0.288106,0.071124,0.486776,-0.330441,1.169150,3.173151,4.184635,0.000000,40.171192
-1.892475,0.150538,-2.000000,3.356297,3.356293,-2.640858,-2.754831,-3.175618,-2.381711,-0.513539,0.650905,1.000000,41.519455
-1.263960,0.547712,-1.390352,2.086024,2.086029,-3.429539,-4.301664,-4.489852,-4.434378,-2.832945,-1.489360,1.000000,42.385563
-0.816752,1.382199,-0.984295,0.589844,0.589842,-2.898431,-4.404187,-4.339262,-4.987429,-3.643974,-2.156365,1.000000,42.635571
0.216501,0.736090,-0.411342,-3.267018,-3.267007,0.844332,-1.032698,-0.975685,-1.866209,-0.646031,0.900624,-1.000000,41.242664
0.900110,1.295280,-0.482979,-1.385581,-1.385587,2.507134,0.673983,0.336627,-0.540064,0.441714,2.005124,-1.000000,40.671211
-0.427156,0.224825,-1.146580,-2.349065,-2.349060,4.064742,2.922652,2.462523,1.932324,2.454131,4.014533,-1.000000,39.715820
2.484047,2.484047,0.000000,-1.348919,0.200948,2.554428,2.704891,2.135789,1.933132,1.938980,3.334716,0.000000,39.795628
-0.429959,0.407332,-1.267251,0.706468,0.706467,0.558048,1.929653,1.318925,1.465837,0.974715,2.183103,1.000000,40.076771
1.126380,1.351663,-0.788461,0.452591,0.452604,-0.384126,1.463165,0.796974,0.988418,0.350079,1.422352,0.000000,40.258160
0.767447,1.279067,-0.604647,-3.131334,-3.131340,1.977673,4.442071,3.988987,3.976525,3.378329,4.289951,-1.000000,38.997540
-0.159272,0.864621,-0.864621,2.209305,2.209309,-0.154727,1.767948,1.650184,1.531941,1.221751,1.712381,1.000000,39.859116
0.089468,0.603894,-0.268394,1.729233,1.729236,-1.480656,-0.415031,0.038623,-0.190370,-0.263467,-0.207968,1.000000,40.548374
2.591358,2.901433,-0.598009,0.984127,0.984118,-2.015503,-1.797788,-0.830256,-1.130407,-0.956370,-1.312805,1.000000,40.947418
-2.902540,0.338983,-3.093218,4.540418,4.540401,-5.080494,-5.697561,-4.745039,-5.173005,-5.035136,-5.533526,1.000000,42.806595
0.331606,0.911915,-0.352327,2.224574,2.224587,-4.969945,-7.044141,-6.271373,-6.736890,-6.863571,-7.386728,1.000000,43.758865
-1.784638,0.982559,-1.864849,3.357511,3.357528,-5.682785,-8.845005,-8.769454,-9.233126,-9.553181,-9.942254,1.000000,45.228081
1.346600,1.580790,-0.624520,2.747149,2.747127,-5.655735,-9.845819,-10.622632,-10.946614,-11.459187,-11.754149,1.000000,46.470554
-1.589145,0.387599,-1.937985,0.702568,0.702572,-3.813949,-9.038751,-10.653352,-10.873334,-11.554066,-11.749669,1.000000,46.797043
1.614782,1.828790,-0.369656,-0.387589,-0.387591,-1.805447,-7.321010,-9.537294,-9.847759,-10.698309,-10.963342,0.000000,46.615662
0.155797,0.214218,-0.623172,-0.097284,-0.097300,-0.502415,-5.604652,-8.604717,-9.072917,-9.994215,-10.488901,0.000000,46.570305
-1.571717,0.785849,-1.689589,-0.876331,-0.876318,0.781921,-3.404715,-6.865747,-7.766189,-8.699495,-9.355869,-1.000000,46.162201
-0.949984,0.135712,-1.240797,1.335953,1.335957,-0.414897,-3.346262,-7.098360,-8.512562,-9.309883,-10.104837,1.000000,46.778908
-0.868057,0.308642,-1.195986,0.504067,0.504061,-0.821757,-2.540504,-6.580496,-8.505682,-9.193115,-10.106571,0.000000,47.014702
0.115447,0.307870,-0.962093,0.250774,0.250775,-0.850492,-1.866459,-5.841827,-8.109726,-8.839323,-9.873209,0.000000,47.132603
0.373571,0.432562,-0.786477,-2.135848,-2.135846,1.120724,0.788440,-2.756584,-5.512973,-6.333388,-7.419121,-1.000000,46.125923
-0.931617,0.376607,-1.189302,-0.806134,-0.806128,1.764118,1.722491,-1.107371,-4.085235,-5.201971,-6.276916,-1.000000,45.754089
1.092362,1.350548,-0.158884,-0.198222,-0.198221,1.477655,1.747763,-0.164184,-3.252232,-4.726558,-5.665733,0.000000,45.663395
-0.886519,0.059108,-1.024421,0.814300,0.814309,0.232459,0.760431,-0.233789,-3.386531,-5.200715,-6.012146,1.000000,46.035236
-0.317521,0.138916,-1.012102,-0.728918,-0.728926,0.341338,1.299857,0.920815,-2.081763,-4.114511,-4.927232,-1.000000,45.699673
1.206544,1.247436,-0.081802,-2.956930,-2.956947,2.597147,3.885490,4.084535,1.505122,-0.861176,-1.716355,-1.000000,44.348358
-0.622275,0.539311,-1.120102,-1.411049,-1.411042,3.136286,4.814361,5.344679,3.399718,0.924299,-0.141720,-1.000000,43.722584
-0.720309,1.728751,-1.378889,0.788220,0.788231,1.605264,3.379290,4.157227,2.990322,0.522738,-0.795474,1.000000,44.067219
-1.114553,0.454070,-1.155835,-0.288123,-0.288126,0.945299,2.978324,4.024762,3.628478,1.164910,-0.409841,0.000000,43.940250
0.476880,1.140367,0.000000,-0.454078,-0.454080,0.510054,2.672611,4.061094,4.207961,1.944848,0.234810,0.000000,43.740726
-1.530403,0.000000,-1.691502,2.964960,2.964960,-2.078132,-0.525574,0.837696,1.349174,-0.454289,-2.328365,1.000000,45.037621
-1.891624,0.866993,-2.246303,2.194925,2.194938,-3.180304,-2.602967,-1.347795,-0.740900,-2.056367,-3.969141,1.000000,46.026169
0.636816,1.094525,-0.597013,-0.985222,-0.985224,-1.556224,-1.653739,-0.542629,0.148248,-0.640806,-2.591053,-1.000000,45.572708
-0.059854,0.758182,-0.738226,-0.258708,-0.258701,-0.634485,-1.526349,-0.513448,0.260360,0.013552,-1.944014,0.000000,45.454811
-0.559884,0.000000,-1.479700,-0.219475,-0.219499,0.295957,-1.385711,-0.555877,0.341942,0.458319,-1.353718,0.000000,45.355038
0.868161,1.271958,-0.524932,-0.959806,-0.959801,1.215433,-0.302841,0.228823,1.130632,1.535235,0.041730,-1.000000,44.919720
-1.109324,0.262196,-1.331190,0.100955,0.100965,0.641380,-0.127075,0.010747,0.895511,1.409427,0.319338,0.000000,44.965073
1.017501,1.221007,-0.142448,-0.887461,-0.887453,1.090753,0.879112,0.742087,1.550659,2.146507,1.518099,-1.000000,44.566029
0.519427,1.849156,0.000000,-2.055348,-2.055361,2.385206,2.929567,2.491861,3.296279,4.001659,3.854834,-1.000000,43.650036
-0.832460,0.166497,-1.810612,-0.166221,-0.166222,1.739861,3.063483,2.337847,3.060358,3.895944,4.086718,0.000000,43.577480
-2.343595,0.203786,-2.486248,2.122791,2.122787,-0.562453,0.800905,0.233686,0.735690,1.550443,1.978810,1.000000,44.502537
0.469865,1.144018,-0.347297,-0.244547,-0.244548,-0.576093,0.680292,0.580190,0.829423,1.640045,2.166159,0.000000,44.393707
-0.140393,0.481342,-1.143201,1.859040,1.859045,-2.101888,-1.235459,-1.085706,-1.059968,-0.352989,0.209251,1.000000,45.219006
-0.200882,0.642826,-0.361593,-0.160453,-0.160455,-1.281638,-1.145034,-0.748621,-0.999393,-0.358372,0.248430,0.000000,45.146450
1.360963,1.746902,-0.385941,-1.104859,-1.104844,0.300617,-0.199077,0.495622,-0.011184,0.532184,1.221464,-1.000000,44.647652
-0.041256,0.495052,-0.495045,-1.523461,-1.523473,1.608911,1.128302,1.888066,1.492369,1.891089,2.590071,-1.000000,43.967457
-1.039751,0.611619,-1.100919,1.175741,1.175735,0.468916,-0.154937,0.472995,0.398581,0.592872,1.272178,1.000000,44.484398
-0.040893,0.654263,-0.613369,-0.285421,-0.285415,0.368022,0.083825,0.577931,0.718667,0.763033,1.380084,0.000000,44.357433
0.345322,0.507820,-0.060936,0.654263,0.654274,-0.507829,-0.343299,-0.196369,0.143195,-0.016262,0.544372,1.000000,44.647652
0.525780,0.910012,0.000000,0.446884,0.446868,-0.861473,-0.503537,-0.715872,-0.178965,-0.537106,-0.072799,0.000000,44.847168
-0.100743,0.644771,-0.322386,0.364004,0.364014,-0.757612,-0.751568,-1.062535,-0.544032,-0.839015,-0.517839,0.000000,45.010418
2.264768,2.964789,0.000000,-2.135807,-2.135812,1.210627,1.336217,0.958068,1.402101,1.354747,1.524261,-1.000000,44.049080
2.363182,2.425369,-0.497517,-0.679428,-0.679428,1.625208,1.693614,1.524320,1.887435,2.019069,2.072966,-1.000000,43.749798
-0.167290,0.000000,-1.840236,-0.870651,-0.870653,1.928068,2.176919,2.372790,2.541827,2.862405,2.764537,-1.000000,43.368889
-0.021443,0.021432,-1.243305,-2.446671,-2.446676,3.284035,4.186500,4.740268,4.753488,5.306757,5.074673,-1.000000,42.307793
-0.498699,1.214226,-1.019074,-1.136126,-1.136119,2.948831,4.872076,5.517494,5.587601,6.209891,6.081241,-1.000000,41.827126
0.535791,2.657527,-0.814404,1.170861,1.170862,0.938704,3.146164,3.969138,4.052722,4.630090,4.742821,1.000000,42.316864
0.449388,2.032955,-0.042801,0.150021,0.150011,0.141243,2.525155,3.366869,3.638999,4.172062,4.453253,0.000000,42.380344
2.590562,2.590562,-0.373212,-2.525147,-2.525133,1.738744,4.373213,5.425538,6.040612,6.469372,6.946943,-1.000000,41.310184
-0.486074,0.441894,-1.171008,-0.636665,-0.636674,1.776408,4.116225,5.516284,6.411851,6.731781,7.413472,-1.000000,41.047173
0.086695,0.996964,-0.238405,1.944324,1.944326,-0.156047,1.374080,3.165730,4.064806,4.402258,5.110537,1.000000,41.845264
-0.196678,0.677452,-1.311184,-0.823583,0.624506,-0.875585,0.283596,2.148979,3.147362,3.482759,4.147900,1.000000,42.106590
2.452193,2.497188,-0.179982,-2.862756,-2.862749,1.322443,2.542609,4.596080,5.659401,6.174108,6.836545,-1.000000,40.901184
0.857403,1.195844,-0.293324,-0.292466,-0.292483,1.360415,2.208971,4.270902,5.434187,6.204209,6.767966,0.000000,40.781555
1.706719,1.953746,-0.718617,0.473824,0.473834,0.847070,1.401632,3.149119,4.488775,5.449274,5.908112,0.000000,40.974792
0.112433,0.944452,-0.202384,-0.134736,-0.134741,0.530696,1.316659,2.621807,4.257332,5.241306,5.725152,0.000000,40.919582
-0.908309,0.000000,-1.535474,3.980214,3.980209,-3.109859,-2.507208,-1.541559,0.038993,1.039332,1.488811,1.000000,42.548267
0.501199,0.828069,-0.566568,-0.756927,-0.756926,-1.743295,-1.800133,-1.031161,0.549632,1.526457,2.078160,-1.000000,42.226208
0.176332,0.374701,-0.573062,-1.133145,-1.133130,-0.154294,-0.569841,-0.155744,1.354733,2.364426,3.096207,-1.000000,41.747730
0.021817,0.676122,-0.501634,1.057966,1.057959,-0.623772,-1.340020,-1.219705,-0.021313,1.059721,1.907239,1.000000,42.189404
0.775018,1.284327,-0.287868,-1.504903,-1.504897,1.200169,0.097424,0.245811,1.090422,2.371533,3.227790,-1.000000,41.554497
-0.489435,0.422687,-0.689660,-0.465011,-0.465023,1.099001,0.384874,0.560129,1.237792,2.547773,3.465678,0.000000,41.361259
