0.000000,0.402174,-0.733383,0.618905,0.618898,0.932095,1.592139,1.747486,1.618463,1.621716,1.414248,1.000000,36.811127
0.639810,0.710898,-0.379147,-0.165600,-0.165580,0.582917,1.507083,1.849892,1.705064,1.710607,1.599125,0.000000,36.750175
1.110582,1.110582,-0.024138,-1.848348,-1.848359,1.743119,2.974401,3.502324,3.434318,3.476212,3.398769,-1.000000,36.070900
-0.192359,0.192349,-0.841544,0.410435,0.410406,0.740584,2.200063,2.766704,2.833626,2.927141,2.874217,0.000000,36.218937
-1.434382,0.286873,-1.506098,0.577067,0.577077,0.076506,1.264644,1.950753,2.164711,2.243605,2.260231,1.000000,36.427948
-0.312202,0.168108,-0.576362,-0.454227,-0.454228,0.230559,1.344870,2.162993,2.522821,2.570858,2.671122,0.000000,36.262482
-1.305918,0.290213,-1.426844,-0.696448,-0.696425,0.522357,1.586447,2.569920,3.088257,3.141073,3.254900,-1.000000,36.009941
0.530634,0.554752,-0.096481,0.266024,0.265990,0.274977,0.959982,2.008381,2.620616,2.722640,2.859504,0.000000,36.105724
-1.060750,0.192866,-1.205400,0.048242,0.048231,0.173597,0.590673,1.705265,2.322831,2.519793,2.695687,0.000000,36.123138
-0.460946,0.291118,-0.460946,-0.626806,-0.626781,0.509453,1.033478,2.011967,2.721978,3.043179,3.215469,-1.000000,35.896725
0.239921,0.623798,-0.479846,1.115961,1.115960,-0.580618,-0.223127,0.638197,1.403553,1.823417,1.963578,1.000000,36.297318
-0.551953,0.143993,-0.743933,-0.023997,-0.023994,-0.403174,-0.326375,0.403171,1.235904,1.756662,1.890330,0.000000,36.288609
1.552644,2.013581,0.000000,-1.079906,-1.079909,0.567679,0.713240,1.221089,2.093642,2.688014,2.861876,-1.000000,35.896725
1.492160,1.896813,-0.075880,-4.075691,-4.075692,3.859382,4.473946,4.970494,5.986341,6.646432,6.934747,-1.000000,34.433685
1.264223,1.340083,-0.758531,0.025286,0.025280,2.988629,3.871055,4.529297,5.486735,6.245269,6.659932,0.000000,34.442390
-1.025646,0.589744,-1.051282,-1.390642,-1.390606,3.066640,4.658942,5.444414,6.432020,7.310738,7.861506,-1.000000,33.963432
-0.204191,0.178663,-1.020932,0.461538,0.461502,1.322113,3.624302,4.446151,5.418589,6.400212,7.073343,0.000000,34.120174
-0.527768,0.301581,-0.578035,1.556919,1.556932,-0.949992,1.615974,2.571825,3.406628,4.420198,5.157066,1.000000,34.651402
-0.819260,0.446872,-0.819260,1.231460,1.231451,-1.787479,0.081933,1.107253,1.834664,2.873888,3.608082,1.000000,35.078117
0.444994,0.494440,-0.197780,0.422051,0.422032,-1.755234,-0.529030,0.454899,1.213863,2.160711,2.941922,0.000000,35.226158
-0.172242,0.344488,-0.319884,0.469711,0.469736,-1.407486,-1.250002,-0.178810,0.540106,1.428148,2.249014,0.000000,35.391628
-0.345005,0.517494,-0.369645,-0.147630,-0.147642,-0.571711,-1.372595,-0.157714,0.489158,1.310994,2.179237,0.000000,35.339375
-0.666338,0.049361,-0.913124,-0.147861,-0.147863,-0.064163,-1.399300,-0.164520,0.526907,1.222123,2.105143,0.000000,35.287121
0.171401,0.171401,-0.954944,0.789733,0.789736,-0.572967,-1.853569,-1.051251,-0.352590,0.236051,1.123905,1.000000,35.565796
0.390339,0.487917,-0.195174,0.367292,0.367291,-0.673336,-1.861428,-1.450758,-0.819711,-0.230297,0.566808,0.000000,35.696426
0.170233,0.194557,-0.462060,0.317143,0.317144,-0.753888,-1.656124,-1.853105,-1.196491,-0.657579,0.077830,0.000000,35.809635
-0.653914,0.290625,-0.678138,0.413429,0.413442,-0.818612,-1.550023,-2.318568,-1.610570,-1.154769,-0.495689,0.000000,35.957687
-0.752762,0.117626,-1.576095,2.954703,2.954715,-2.728781,-3.735606,-4.919638,-4.310763,-3.888980,-3.385097,1.000000,37.020134
-0.283284,0.188853,-0.306896,-0.352851,-0.352843,-1.666686,-2.903709,-4.139149,-3.868060,-3.475947,-3.078400,0.000000,36.889511
-0.328097,0.023440,-0.468706,0.731815,0.731812,-1.593631,-3.088834,-4.348111,-4.396546,-4.098446,-3.730973,1.000000,37.159473
-0.094209,0.094209,-0.588789,-0.492147,-0.492171,-0.475725,-2.180869,-3.331758,-3.831835,-3.546863,-3.239906,0.000000,36.976585
0.834530,0.906059,-0.333810,-1.224682,-1.224672,1.068199,-0.643778,-1.694488,-2.607299,-2.294712,-2.060885,-1.000000,36.523743
0.261958,0.690633,-0.047633,0.119225,0.119232,0.700160,-0.412015,-1.462269,-2.631595,-2.360579,-2.132272,0.000000,36.567291
-0.950112,0.142523,-1.068874,0.261958,0.261947,0.313547,-0.372914,-1.431509,-2.581944,-2.556766,-2.347583,0.000000,36.663078
0.524311,0.691137,-0.095331,-0.332539,-0.332533,0.309817,0.190658,-0.862730,-1.969737,-2.161110,-2.011445,0.000000,36.541161
0.791362,0.863309,-0.071950,-0.619633,-0.619646,0.570751,0.954447,-0.075135,-1.034769,-1.549157,-1.395681,-1.000000,36.314735
0.961774,0.961774,-0.264487,-0.263791,-0.263799,0.668444,1.293599,0.351061,-0.483276,-1.296452,-1.115641,0.000000,36.218937
-0.727626,0.024259,-0.776134,-0.865593,-0.865569,1.178742,1.867567,1.342057,0.560262,-0.433674,-0.270849,-1.000000,35.905437
-0.098597,0.147895,-0.961301,-1.600776,-1.600771,2.070483,3.083548,2.946337,2.231931,1.287637,1.276792,-1.000000,35.330673
-0.566791,0.246422,-0.566791,0.024654,0.024630,1.365209,2.543131,2.853631,2.222776,1.364224,1.199282,0.000000,35.339375
0.493221,0.591867,-0.123302,-0.073935,-0.073943,0.873013,2.147986,2.836028,2.287320,1.592127,1.181277,0.000000,35.313244
-0.443022,0.541464,-0.639926,0.197292,0.197286,0.201838,1.624435,2.525251,2.092071,1.534846,0.896730,0.000000,35.382912
-0.048641,0.145917,-0.413419,1.206000,1.206014,-1.045716,0.201855,1.078158,0.948455,0.454290,-0.313705,1.000000,35.809635
-0.483328,0.072496,-0.894159,0.632301,0.632302,-1.275985,-0.601739,0.285166,0.379416,-0.070562,-0.791843,1.000000,36.036060
-0.265252,0.096448,-0.675192,0.217496,0.217496,-1.061014,-0.935616,-0.125389,0.219442,-0.189047,-0.852820,0.000000,36.114437
-0.145910,0.316150,-0.243188,-0.843988,-0.843989,0.058366,-0.233458,0.507466,1.072483,0.707209,0.162947,-1.000000,35.809635
0.024961,0.399301,-0.399301,-2.553500,-1.707309,1.691420,1.209470,2.002193,2.720196,2.440419,2.004838,-1.000000,35.198254
-0.149469,0.274043,-0.523166,0.174692,0.174705,1.202163,0.849837,1.577080,2.291421,2.258658,1.884452,0.000000,35.259747
0.024805,0.471345,-0.198464,0.423523,0.423525,0.421219,0.446657,0.912592,1.650971,1.809690,1.485921,0.000000,35.409081
-0.223939,0.074650,-0.323459,-0.297698,-0.297720,0.261771,0.736483,0.980240,1.691675,2.069201,1.796286,0.000000,35.303661
-0.172794,0.148117,-0.518388,0.796215,0.796229,-0.656625,0.017027,0.045799,0.692807,1.237639,1.010248,1.000000,35.584759
0.470072,0.717469,-0.074218,-0.222167,-0.222174,-0.262238,0.274316,0.134650,0.773655,1.412143,1.250781,0.000000,35.505699
-0.672646,0.124564,-1.170904,-0.692724,-0.692711,0.433476,0.817819,0.711050,1.291179,1.919832,1.954461,-1.000000,35.259747
0.348690,0.348690,-0.199258,0.024920,0.024926,0.328747,0.575072,0.674207,1.068233,1.710589,1.900959,0.000000,35.268536
0.474889,0.624844,-0.024989,-0.348702,-0.348713,0.589856,0.651340,0.989733,1.223357,1.837299,2.205297,0.000000,35.145550
-0.376322,0.401402,-0.476676,-0.374899,-0.374898,0.642245,0.802805,1.312750,1.418494,1.996291,2.514140,0.000000,35.013790
0.737718,0.839476,-0.178069,-1.379829,-1.379819,1.485619,2.019829,2.565702,2.593005,3.192469,3.810686,-1.000000,34.530663
-0.152171,0.177530,-0.304334,0.305263,0.305245,0.816649,1.529300,2.027693,2.097554,2.655408,3.265334,0.000000,34.636066
-0.427668,0.301884,-0.528299,0.811565,0.811576,-0.196228,0.571064,0.992698,1.216413,1.628982,2.245716,1.000000,34.917164
0.353179,0.529765,-0.151355,-0.276732,-0.276729,-0.105954,0.711400,1.025223,1.422784,1.713343,2.305541,0.000000,34.820538
0.333250,0.871571,-0.076898,-1.589306,-1.589309,1.071524,1.953348,2.356662,2.908097,3.116973,3.694189,-1.000000,34.267132
-0.388103,0.206981,-0.413972,-0.922830,-0.922841,1.671411,2.445024,3.065116,3.655726,3.810228,4.407430,-1.000000,33.950901
-0.547300,0.182434,-0.573357,-0.724458,-0.724437,1.860821,2.731293,3.509676,4.099904,4.306609,4.886238,-1.000000,33.704948
0.052386,0.261915,-0.392878,-0.495176,-0.495180,1.545306,2.726551,3.652863,4.245536,4.611882,5.097602,0.000000,33.538048
0.574715,0.992688,-0.182863,0.261915,0.261926,0.569476,2.006255,3.049443,3.603169,4.134763,4.534052,0.000000,33.625893
-0.760559,0.131128,-0.865465,-0.391844,-0.391853,0.503535,1.953833,3.038715,3.665079,4.327177,4.664577,0.000000,33.494129
-0.315297,0.236471,-0.394117,-0.183582,-0.183581,0.378348,1.812917,2.814843,3.591683,4.285718,4.579273,0.000000,33.432640
0.130580,0.731259,-0.496221,0.604309,0.604302,-0.266383,0.903629,1.875161,2.727860,3.400646,3.726053,1.000000,33.634674
-0.571582,0.025976,-0.727469,0.522332,0.522324,-0.623530,0.051966,1.058286,1.957651,2.600049,3.037195,0.000000,33.810356
0.076734,0.127887,-0.179026,1.584817,1.584816,-1.754461,-1.647045,-0.673474,0.227632,0.793462,1.333331,1.000000,34.346188
-0.179623,0.102635,-0.333592,-0.332473,-0.332476,-0.995631,-1.329218,-0.494389,0.364390,0.945348,1.566078,0.000000,34.231995
0.515198,0.515198,0.000000,-0.384914,-0.384915,-0.221530,-0.904160,-0.194048,0.546121,1.206603,1.833148,0.000000,34.100231
-0.483591,0.076353,-0.814457,1.210719,1.210728,-0.906090,-1.855433,-1.411725,-0.764827,-0.090611,0.489752,1.000000,34.513092
-0.050393,0.151174,-0.428317,1.018066,1.018083,-1.300092,-2.464107,-2.415398,-1.822890,-1.160005,-0.635021,1.000000,34.864464
-0.375284,0.225169,-0.400300,0.705472,0.705452,-1.556166,-2.724540,-3.043946,-2.515634,-1.874405,-1.426403,1.000000,35.110416
-2.106297,0.024487,-2.473676,2.151616,2.151612,-2.718586,-4.112170,-4.788957,-4.450155,-3.909867,-3.497427,1.000000,35.865856
0.964548,0.964548,-0.241143,1.567472,1.567482,-2.941887,-4.769718,-5.805001,-5.664339,-5.291539,-4.874211,1.000000,36.428047
0.459821,0.532432,-0.048405,-0.361710,-0.361719,-1.606962,-3.690702,-4.987084,-5.093168,-4.833487,-4.433683,0.000000,36.296280
0.510708,0.510708,-0.340465,-0.484030,-0.484003,-0.432895,-2.582702,-4.048328,-4.464995,-4.276280,-3.903228,0.000000,36.120605
-0.049517,0.470421,-0.099037,-1.775292,-1.775314,1.574653,-0.502595,-1.965827,-2.645451,-2.508536,-2.149868,-1.000000,35.479351
0.149740,0.573993,-0.074866,-0.792273,-0.792283,2.006501,0.566521,-0.860149,-1.735699,-1.708996,-1.405029,-1.000000,35.198254
0.074449,0.297764,-0.496280,0.573993,0.574020,0.843662,0.359792,-1.055429,-2.091820,-2.171723,-1.977678,1.000000,35.400299
0.000000,0.252138,-0.403429,-1.588087,-1.588085,1.633878,2.072605,0.771543,-0.349231,-0.569857,-0.436222,-1.000000,34.838112
2.125453,2.592016,-0.311050,-2.723142,-2.723136,3.162240,4.642278,3.608061,2.492200,2.092251,2.215285,-1.000000,33.889423
-0.495703,0.026084,-0.704412,-0.648004,-0.648013,2.760234,4.896936,4.149912,3.167218,2.621431,2.735875,-1.000000,33.669815
-0.579713,0.000000,-0.843215,-0.991393,-0.991419,2.671961,5.188424,5.013630,4.176563,3.537301,3.596852,-1.000000,33.336006
-0.417319,0.286909,-0.469484,1.027665,1.027688,0.605115,3.302032,3.861934,3.153359,2.451743,2.458697,1.000000,33.678596
-0.183582,0.183582,-0.288489,-0.547728,-0.547728,0.356674,3.034353,4.231133,3.700490,2.990814,2.909337,-1.000000,33.494129
-0.445487,0.471698,-0.471698,0.078676,0.078665,0.057659,2.177681,3.881908,3.575739,2.907763,2.689558,0.000000,33.520477
0.211366,0.475564,-0.105672,-0.812374,-0.812387,0.623532,2.343487,4.359338,4.258941,3.705176,3.372987,-1.000000,33.248161
-0.530919,0.265469,-0.663658,-0.475561,-0.475572,0.955692,2.195416,4.298769,4.584584,4.151879,3.748375,0.000000,33.090042
-1.397306,0.000000,-1.397306,0.690210,0.690277,0.047415,0.869988,2.961558,3.750291,3.424162,2.973861,1.000000,33.318455
-0.549592,0.078521,-0.628103,0.738199,0.738164,-0.643816,-0.248625,1.664487,2.848731,2.657941,2.205356,1.000000,33.564400
-0.312579,0.104196,-0.520969,0.471081,0.471079,-0.989844,-0.765825,0.713729,2.197188,2.166189,1.744379,0.000000,33.722515
0.156090,0.442253,-0.104050,0.130242,0.130248,-0.811658,-0.866292,0.244533,1.865240,1.964615,1.625905,0.000000,33.766438
-0.493373,0.051937,-0.753043,0.182099,0.182077,-0.555676,-0.901048,-0.207718,1.378882,1.731517,1.474095,0.000000,33.827919
-1.079588,0.100419,-1.154916,3.427692,3.427698,-2.897314,-3.811198,-3.593603,-2.186791,-1.538536,-1.740730,1.000000,34.987438
0.200145,0.300223,-0.200155,0.351491,0.351492,-2.356767,-3.687766,-3.879572,-2.698269,-1.815357,-1.944789,0.000000,35.110416
-0.225441,0.150306,-0.475947,-0.125101,-0.125085,-1.467943,-3.126260,-3.535410,-2.726707,-1.669343,-1.702577,0.000000,35.066498
-0.370375,0.370375,-0.493830,1.452911,1.452905,-1.861735,-3.859263,-4.559676,-4.106176,-3.025188,-2.995066,1.000000,35.575981
0.321775,0.420787,-0.272280,-0.246909,-0.246922,-0.683164,-2.945538,-3.919139,-3.827964,-2.827718,-2.636959,0.000000,35.488136
0.122888,0.196611,-0.417791,0.717814,0.717823,-0.968294,-2.958956,-4.218889,-4.465467,-3.596949,-3.177681,1.000000,35.742878
-0.396432,0.148655,-0.594653,-0.811005,-0.811012,0.034692,-1.632802,-3.067391,-3.597616,-2.903860,-2.297649,-1.000000,35.452999
-1.197454,0.146632,-1.197454,1.387505,1.387519,-0.845555,-2.360707,-3.944285,-4.630989,-4.252200,-3.534540,1.000000,35.944916
-0.389671,0.073061,-0.462742,0.342138,0.342140,-0.910873,-2.055540,-3.750619,-4.623732,-4.513404,-3.774973,0.000000,36.067898
0.838678,0.888014,-0.296011,-1.266439,-1.266464,0.429218,-0.298457,-2.044056,-3.080895,-3.242215,-2.564531,-1.000000,35.611111
0.098549,0.468093,-0.369552,0.123333,0.123349,0.256220,-0.234048,-1.727848,-2.923135,-3.332840,-2.756836,0.000000,35.655037
-0.224215,0.074736,-0.548084,-1.108650,-1.108651,1.270556,0.926760,-0.305595,-1.584452,-2.201291,-1.764652,-1.000000,35.259747
-0.442577,0.024593,-0.713049,1.320376,1.320407,-0.172137,-0.204104,-1.231070,-2.558420,-3.270246,-3.081736,1.000000,35.725319
-0.637729,0.147172,-0.858479,0.245886,0.245845,-0.559224,-0.382622,-1.092295,-2.439281,-3.268078,-3.288353,0.000000,35.813148
0.124841,0.574282,-0.274657,-1.766007,-0.871219,0.252782,0.496553,0.091190,-1.242264,-2.173974,-2.409938,-1.000000,35.501137
0.856855,0.957664,-0.252011,-0.923843,-0.923880,0.913626,1.271700,1.059735,-0.057700,-1.091785,-1.521442,-1.000000,35.173149
-0.075670,0.100875,-0.428757,-0.075600,-0.075592,0.925558,1.261123,1.143042,0.242986,-0.828900,-1.417691,0.000000,35.146561
-0.150746,0.125626,-0.276382,0.378303,0.378316,0.292459,0.690875,0.802099,0.085848,-1.003225,-1.657896,0.000000,35.279526
0.201212,0.276662,-0.377256,-0.100505,-0.100517,0.070433,0.558437,0.840740,0.396180,-0.677092,-1.410055,0.000000,35.244064
-1.054741,0.075334,-1.054741,0.150910,0.150905,-0.195877,0.317998,0.652743,0.453042,-0.576622,-1.373396,0.000000,35.297249
-0.100369,0.075290,-0.376404,0.075334,0.075360,-0.185708,0.148698,0.497865,0.425016,-0.424404,-1.292411,0.000000,35.323849
-0.400200,0.025018,-0.550280,0.326228,0.326233,-0.345189,-0.126352,0.168457,0.144833,-0.536601,-1.430441,0.000000,35.439087
0.473103,0.473103,-0.099604,0.450225,0.450218,-0.612558,-0.609571,-0.345346,-0.229274,-0.771587,-1.677638,0.000000,35.598640
0.099446,0.323215,-0.099455,0.149405,0.149402,-0.532077,-0.803090,-0.571813,-0.367474,-0.708081,-1.599579,0.000000,35.651825
1.143423,1.143423,-0.372851,0.024861,0.024877,-0.352980,-0.783018,-0.587272,-0.368059,-0.527196,-1.383763,0.000000,35.660694
-0.273768,0.000000,-0.447984,-0.124285,-0.124291,-0.064711,-0.535103,-0.470795,-0.261831,-0.332773,-1.045978,0.000000,35.616371
-0.224551,0.099793,-0.324354,-0.248875,-0.248891,0.234538,-0.179640,-0.172172,-0.002455,-0.037107,-0.614870,0.000000,35.527725
0.197868,0.469946,-0.024739,0.873248,0.873250,-0.499620,-0.887951,-1.015416,-0.883046,-0.816370,-1.278477,1.000000,35.837971
0.224441,0.448880,-0.224439,-0.816231,-0.816238,0.259369,0.012485,-0.251026,-0.140848,-0.003569,-0.299213,-1.000000,35.545448
0.198901,1.069122,-0.223769,0.299259,0.299270,-0.044758,-0.186474,-0.520477,-0.433095,-0.283570,-0.426169,0.000000,35.651825
0.172840,0.395062,-0.074072,0.696169,0.696175,-0.577786,-0.716052,-1.073259,-1.087342,-0.955462,-1.029850,1.000000,35.900024
-0.074976,0.399900,-0.449878,-1.209881,-1.209893,0.604855,0.507385,0.198293,0.153084,0.258976,0.215638,-1.000000,35.465672
-0.575720,0.175217,-0.575720,-0.149955,-0.149939,0.515631,0.605747,0.373788,0.259310,0.349390,0.398695,0.000000,35.412495
-0.351501,0.150633,-0.778313,-0.300373,-0.300394,0.682909,0.810954,0.687930,0.489585,0.565437,0.675717,0.000000,35.306118
0.200697,0.501756,-0.250886,0.075318,0.075318,0.426499,0.642254,0.618842,0.390121,0.458232,0.585283,0.000000,35.332710
-0.909983,0.000000,-0.934582,2.007022,2.007038,-1.470740,-1.219879,-1.228074,-1.464591,-1.475404,-1.366131,1.000000,36.041851
-0.564276,0.098138,-0.637875,0.245937,0.245922,-1.344444,-1.295377,-1.342806,-1.570155,-1.620704,-1.545595,0.000000,36.130486
0.444544,0.493942,-0.197585,-0.662404,-0.662407,-0.419856,-0.622372,-0.630602,-0.828594,-0.946205,-0.894070,-1.000000,35.891155
0.526841,0.777714,-0.150532,-1.555942,-1.555940,1.169093,0.888114,0.879752,0.751387,0.564983,0.602973,-1.000000,35.332710
0.280612,0.561217,-0.255110,-1.655795,-1.655794,2.535715,2.326534,2.403065,2.368629,2.171432,2.213968,-1.000000,34.747673
-0.102226,0.127777,-0.408893,-0.178571,-0.178562,1.937123,2.159461,2.407354,2.459746,2.297976,2.303648,0.000000,34.685627
-0.152315,0.355420,-0.177708,0.664447,0.664451,0.568667,1.327743,1.614618,1.708552,1.596340,1.595570,1.000000,34.916096
0.025577,0.434889,-0.306981,-0.761612,-0.761637,0.624215,1.885408,2.165959,2.352283,2.303421,2.271869,-1.000000,34.650162
-1.188965,0.000000,-1.871991,1.125605,1.125622,-0.662787,0.675436,0.932627,1.125731,1.141416,1.059957,1.000000,35.040192
-0.605750,0.075727,-0.782428,0.227675,0.227670,-0.676421,0.386173,0.602396,0.819038,0.891478,0.794219,0.000000,35.119968
-0.551243,0.025051,-0.551243,0.731956,0.731974,-1.007281,-0.531210,-0.227191,0.052605,0.164359,0.081004,1.000000,35.377037
0.050090,0.375662,-0.175304,0.050113,0.050109,-0.786386,-0.788890,-0.290517,-0.016287,0.109184,0.054254,0.000000,35.394764
-0.149071,0.024840,-0.273294,0.801402,0.801398,-0.998759,-1.637271,-1.033545,-0.833545,-0.677767,-0.703937,1.000000,35.678417
-0.395844,0.098963,-0.494797,0.422355,0.422331,-0.974742,-1.912397,-1.352443,-1.211010,-1.075680,-1.067103,0.000000,35.829098
0.415136,0.439560,-0.341880,1.311240,1.311253,-1.606834,-2.754576,-2.451768,-2.400485,-2.285710,-2.255591,1.000000,36.298908
-0.170565,0.219298,-0.389864,0.219780,0.219800,-1.271945,-2.502452,-2.603980,-2.548749,-2.416195,-2.373308,0.000000,36.378693
0.048544,0.072813,-0.388350,0.389864,0.389830,-1.038822,-2.441733,-2.910988,-2.782750,-2.686391,-2.653703,0.000000,36.520508
0.148841,0.248075,-0.372119,-2.160194,-2.160173,1.175877,0.014880,-0.797161,-0.591670,-0.549744,-0.492023,-1.000000,35.731602
0.173880,0.447096,-0.198703,-0.124046,-0.124055,1.222066,0.320428,-0.607706,-0.414793,-0.410321,-0.365114,0.000000,35.687275
0.049803,0.423407,-0.124543,-0.273214,-0.273229,1.100884,0.727287,-0.177652,-0.105838,-0.144442,-0.098780,0.000000,35.589767
-0.173695,0.248146,-0.198506,0.373592,0.373627,0.357303,0.449118,-0.355679,-0.522345,-0.535992,-0.460723,0.000000,35.722740
0.075318,0.125531,-0.276176,-1.166246,-1.166266,0.853627,1.609338,0.893798,0.534773,0.619634,0.692946,-1.000000,35.306118
-0.886071,0.101268,-0.962028,-0.828526,-0.828499,1.286055,2.268331,1.805886,1.249346,1.414662,1.455676,-1.000000,35.013607
-0.704587,0.176142,-0.704587,0.607600,0.607598,0.412666,1.479596,1.226282,0.622775,0.793132,0.812761,1.000000,35.226349
-0.836507,0.405577,-0.861850,-0.729746,-0.729752,0.795943,1.845363,1.941686,1.394157,1.492508,1.488791,-1.000000,34.969284
0.075083,0.150153,-0.500503,1.292771,1.292769,-0.660656,0.275271,0.648977,0.203948,0.127120,0.148475,1.000000,35.421356
-0.076101,0.481996,-0.532722,-1.351354,-1.351343,0.492136,1.197352,1.941471,1.580402,1.362745,1.470474,-1.000000,34.942692
-0.523688,0.024945,-0.798003,1.725013,1.724984,-0.912697,-0.571056,0.187877,-0.016196,-0.395000,-0.237727,1.000000,35.545448
0.351491,0.778300,-0.125541,-0.673307,-0.673307,-0.195826,-0.005014,0.768270,0.699226,0.277181,0.438533,-1.000000,35.306118
0.705074,0.705074,-0.632147,3.263869,3.263876,-2.533431,-2.927299,-2.387551,-2.300024,-2.704596,-2.633116,1.000000,36.458466
-0.263728,0.143853,-0.311669,1.410158,1.410166,-3.049632,-3.939102,-3.637820,-3.442823,-3.810122,-3.903146,1.000000,36.972591
0.000000,0.216349,-0.336536,-0.263728,-0.263749,-1.745179,-3.259593,-3.318891,-2.986761,-3.343252,-3.581713,0.000000,36.875076
1.752221,1.752221,0.000000,-2.596149,-2.596130,1.080940,-0.429420,-0.707473,-0.367725,-0.625869,-1.009384,-1.000000,35.917751
0.743308,0.817636,-0.173439,-0.394864,-0.394874,1.744302,0.118933,-0.297319,0.019825,-0.149650,-0.575650,0.000000,35.775921
0.049689,0.273294,-0.347824,-0.272550,-0.272541,1.585088,0.591300,-0.008282,0.206209,0.185835,-0.216981,0.000000,35.678417
0.202383,0.556542,-0.227675,-1.788822,-1.788827,2.332406,2.314700,1.683116,1.840378,1.972176,1.634205,-1.000000,35.040192
0.357596,0.613019,-0.357609,-0.961288,-0.961290,2.074073,3.238821,2.554280,2.567049,2.882246,2.600253,-1.000000,34.703354
-0.543898,0.518001,-0.802906,-1.379313,-1.379313,2.512304,4.296814,3.834934,3.781406,4.151257,3.993785,-1.000000,34.224686
1.631158,1.789006,-0.026304,-1.554009,-1.554004,2.893979,5.464354,5.170573,5.123657,5.541704,5.502065,-1.000000,33.692833
0.130932,0.209482,-0.366588,0.473562,0.473564,1.330190,4.197432,4.454918,4.371566,4.755172,4.879986,0.000000,33.852390
-0.554819,0.290624,-0.581234,-0.890288,0.066081,0.575191,3.214128,4.081563,4.029875,4.390325,4.662900,0.000000,33.874760
-1.036812,0.129598,-1.192335,1.928676,1.928701,-1.429411,0.581375,2.032076,1.948751,2.184229,2.598794,1.000000,34.528103
-0.690363,0.102278,-0.894919,1.373766,1.373765,-2.320790,-1.043152,0.545967,0.565598,0.716154,1.144054,1.000000,35.002438
-0.611304,0.101887,-0.662247,0.383526,0.383502,-1.872119,-1.603135,0.129695,0.168640,0.268700,0.691958,0.000000,35.136673
-0.983359,0.176500,-1.185076,1.018854,1.018850,-1.936448,-2.647310,-1.061211,-0.767627,-0.753302,-0.399123,1.000000,35.494663
0.254318,0.432355,-0.127162,-0.857287,-0.857264,-0.340799,-1.762845,-0.543342,0.057594,0.044349,0.349542,-1.000000,35.190380
-0.758723,0.101166,-0.784019,0.559514,0.559517,-0.409724,-2.116172,-1.377012,-0.436313,-0.503127,-0.315552,1.000000,35.387276
-0.581393,0.025276,-0.606676,0.050582,0.050558,-0.232551,-1.832215,-1.523366,-0.506435,-0.509168,-0.396658,0.000000,35.405167
-0.197966,0.272210,-0.717647,2.148632,2.148652,-1.761946,-3.213319,-3.522892,-2.480373,-2.497998,-2.447657,1.000000,36.165901
-0.074197,0.593614,-0.148407,0.049493,0.049491,-1.429632,-2.616872,-3.477502,-2.566567,-2.411969,-2.441189,0.000000,36.183800
-0.564566,0.245454,-0.834561,0.766762,0.766738,-1.482559,-2.648488,-3.952118,-3.378065,-3.040439,-3.116004,1.000000,36.461235
0.295637,0.862279,-0.073907,-0.368193,-0.368169,-0.601140,-1.793551,-3.299225,-3.096455,-2.529718,-2.664314,0.000000,36.326996
-0.608717,0.535673,-0.730460,1.182557,1.182548,-1.027510,-2.464084,-3.970174,-4.114887,-3.537079,-3.643838,1.000000,36.756580
-0.169328,0.217707,-0.653120,0.657414,0.657433,-1.224009,-2.597982,-4.001787,-4.575966,-3.984177,-4.113541,1.000000,36.998230
0.662089,0.833742,-0.171653,-1.354623,-1.354632,0.304069,-0.985777,-2.200426,-3.153421,-2.661426,-2.657263,-1.000000,36.497040
-0.805079,0.097577,-0.853874,0.514966,0.514962,-0.087828,-1.085635,-2.190782,-3.425411,-3.191475,-3.041155,0.000000,36.684986
0.000000,0.389959,-0.463073,0.097577,0.097560,0.029265,-0.818896,-1.888032,-3.244840,-3.302637,-2.974250,0.000000,36.720776
0.323054,0.720668,-0.248516,-1.925413,-1.925406,1.580521,1.297220,0.225317,-1.096951,-1.393607,-1.026090,-1.000000,36.013752
-0.460604,0.096972,-0.606061,2.509935,2.509938,-0.950301,-0.979390,-1.907066,-3.081814,-3.684259,-3.303941,1.000000,36.917675
-0.146525,0.390720,-0.219780,-0.727270,-0.727278,-0.141632,-0.126977,-0.978419,-1.990223,-2.872693,-2.578194,-1.000000,36.649181
-0.097898,0.318162,-0.171317,-0.219780,-0.219768,0.014675,0.122366,-0.509059,-1.406023,-2.491582,-2.400442,0.000000,36.568638
-0.073357,0.097792,-0.635704,0.097898,0.097890,-0.146700,0.100246,-0.384677,-1.218825,-2.379196,-2.520534,0.000000,36.604435
1.120787,1.270232,-0.622665,-1.833741,-1.833740,1.673722,1.740971,1.574097,0.755915,-0.365457,-0.698191,-1.000000,35.933205
0.453515,0.655082,-0.201557,-1.145711,-1.145720,2.066024,2.504423,2.630401,1.977845,0.995230,0.428843,-1.000000,35.521511
-0.782428,0.151441,-0.782428,-0.176367,-0.176347,1.574957,2.392724,2.675411,2.152950,1.354868,0.585620,0.000000,35.458870
1.070331,1.172271,-0.254850,-0.959104,-0.959083,1.732896,2.938294,3.414851,3.131976,2.478052,1.567122,-1.000000,35.118790
-0.227966,0.278622,-0.557249,0.611616,0.611579,0.395148,1.919969,2.598795,2.497477,1.946313,1.009188,1.000000,35.333569
-0.354248,0.328952,-0.354248,0.101317,0.101354,-0.025324,1.634590,2.233443,2.388638,1.884589,1.014795,0.000000,35.369381
-0.680103,0.277078,-0.680103,0.455468,0.455442,-0.473544,0.783375,1.494540,1.835011,1.467001,0.729217,0.000000,35.530468
0.811357,1.140974,-0.456392,-0.654917,-0.654911,0.091285,1.064909,1.937117,2.380829,2.113588,1.529747,-1.000000,35.297775
-0.458365,0.356506,-0.560227,-0.431032,-0.431022,0.539843,1.097518,2.086395,2.636858,2.550533,2.089791,0.000000,35.145634
0.075602,0.856855,-0.252011,1.044054,1.044041,-0.398179,-0.254535,0.804770,1.461692,1.505038,1.127350,1.000000,35.512569
-0.298887,0.224159,-0.921552,1.184481,1.184471,-1.250305,-1.422160,-0.390200,0.159405,0.375594,0.029890,1.000000,35.933205
-1.025646,0.293038,-1.172161,1.992525,1.992519,-2.568975,-3.040277,-2.385011,-1.844922,-1.532590,-1.786721,1.000000,36.649181
0.487085,0.681926,-0.146130,0.268620,0.268639,-2.040921,-2.949344,-2.628679,-2.073802,-1.735030,-1.936198,0.000000,36.747635
-0.673072,0.336548,-0.889418,1.315141,1.315143,-2.192310,-3.641826,-3.774038,-3.271637,-2.927886,-3.026444,1.000000,37.230919
-1.149690,0.070397,-1.196617,2.451926,2.451908,-3.153440,-5.211154,-5.807902,-5.400035,-5.060524,-5.106355,1.000000,38.143787
0.093504,0.140255,-0.257132,0.375411,0.375422,-2.286117,-4.803645,-5.750348,-5.456988,-5.255726,-5.210378,0.000000,38.286987
-0.657120,0.164278,-0.727533,-0.397377,-0.397380,-1.117110,-3.740906,-4.917466,-4.920206,-4.758508,-4.660096,0.000000,38.134842
0.329565,0.470810,-0.117702,-0.305095,-0.305096,-0.145951,-2.730694,-4.177646,-4.449148,-4.306965,-4.207468,0.000000,38.018494
-0.283626,0.118175,-0.472701,-0.400186,-0.400179,0.590869,-1.621373,-3.308915,-3.893883,-3.797690,-3.698895,0.000000,37.866352
0.523812,0.785719,-0.071426,-0.732690,-0.732701,1.038102,-0.342852,-2.195230,-3.053563,-2.995231,-2.876184,-1.000000,37.588905
0.118481,0.426540,-0.047396,0.476193,0.476228,0.284335,-0.329413,-2.235415,-3.270169,-3.269222,-3.247264,0.000000,37.767914
-0.847067,0.274723,-0.869966,3.507107,3.507088,-2.623629,-3.081508,-4.940483,-6.090894,-6.324183,-6.346926,1.000000,39.092468
-0.045374,0.090737,-0.680588,0.915755,0.915744,-2.781302,-3.275863,-5.101332,-6.437159,-6.890200,-6.947219,1.000000,39.450455
0.939287,1.351661,0.000000,-0.975499,-0.975489,-1.209625,-1.853388,-3.497528,-5.010319,-5.717306,-5.827426,-1.000000,39.065620
0.181648,0.522250,-0.136242,0.893468,0.893456,-1.158026,-2.400084,-3.692094,-5.333782,-6.267025,-6.433542,1.000000,39.414654
0.223768,0.223768,-0.425149,1.475926,1.475913,-1.481296,-3.392236,-4.415584,-6.132224,-7.223967,-7.462500,1.000000,39.996380
0.135872,0.203804,-0.520833,-1.185945,-1.185935,-0.081518,-1.881785,-2.783809,-4.500672,-5.705607,-6.132239,-1.000000,39.522049
0.000000,0.045126,-0.564079,0.362319,0.362319,-0.333933,-1.820840,-2.644398,-4.294894,-5.621833,-6.217653,0.000000,39.665245
-1.245187,0.022644,-1.313104,-0.338452,-0.338468,0.239996,-1.066310,-1.925868,-3.415190,-4.854854,-5.649360,0.000000,39.530991
0.022624,0.226198,-0.180950,0.090561,0.090592,0.226176,-0.655967,-1.774869,-2.990281,-4.513012,-5.485190,0.000000,39.566803
0.317821,0.408629,-0.158908,-0.361909,-0.361930,0.299664,0.124868,-1.225867,-2.195221,-3.754811,-4.846752,0.000000,39.423599
-0.113148,0.248925,-0.226293,0.317821,0.317843,-0.004540,-0.076953,-1.300454,-2.138501,-3.653323,-4.808787,0.000000,39.548904
-0.527402,0.206375,-1.008950,-1.312510,-1.312522,0.999765,1.144228,0.184972,-0.544601,-1.989453,-3.237789,-1.000000,39.029816
-0.319423,0.091255,-0.707283,0.504474,0.504455,0.337681,0.677626,-0.086685,-0.789400,-2.065238,-3.374386,0.000000,39.226704
-0.564589,0.090336,-0.790422,1.026687,1.026688,-0.650394,-0.291316,-0.758789,-1.610189,-2.644968,-3.995012,1.000000,39.629440
-0.626957,0.246305,-0.761308,0.858178,0.858190,-1.222571,-1.146441,-1.236004,-2.236897,-3.069410,-4.428268,1.000000,39.969536
0.067050,0.201162,-0.223520,0.179136,0.179131,-1.153334,-1.193565,-1.254656,-2.173667,-2.903885,-4.223659,0.000000,40.041134
-0.067381,0.179690,-0.359387,-0.491734,-0.491724,-0.256074,-0.660384,-0.700814,-1.461143,-2.113210,-3.370022,0.000000,39.844242
-0.272292,0.340370,-0.317676,-1.010782,-1.010778,0.871332,0.331284,0.376664,-0.255281,-0.889499,-2.020276,-1.000000,39.441505
-0.362481,0.226559,-0.521067,0.158836,0.158850,0.647924,0.156302,0.232572,-0.171063,-0.908943,-1.838863,0.000000,39.504158
0.090634,0.521187,-0.158622,-0.022651,-0.022674,0.430551,0.197145,0.170706,0.070247,-0.764104,-1.515974,0.000000,39.495201
-0.430444,0.135936,-0.498416,0.022656,0.923732,-0.579537,-0.641882,-0.689606,-0.749391,-1.499264,-2.148866,1.000000,39.860031
0.000000,0.361500,-0.112967,0.271860,0.271851,-0.786956,-0.676427,-0.908286,-0.953681,-1.571169,-2.145546,0.000000,39.968391
0.315313,0.405405,-0.180185,0.316322,0.316327,-0.773919,-0.773107,-1.127002,-1.137658,-1.659225,-2.216016,0.000000,40.094822
-0.022374,0.156632,-0.201390,0.653146,0.653149,-0.995304,-1.236793,-1.638114,-1.662471,-2.023036,-2.667767,1.000000,40.356701
0.000000,0.179047,-0.313337,-0.022374,-0.022393,-0.550570,-1.120955,-1.463399,-1.596913,-1.745339,-2.475724,0.000000,40.347664
0.089688,0.403590,-0.067260,-0.179056,-0.179051,-0.165911,-0.885422,-1.166394,-1.326878,-1.451611,-2.123630,0.000000,40.275421
0.511336,0.555803,-0.200091,0.852022,0.852031,-0.689198,-1.532138,-1.740611,-2.043148,-2.169146,-2.737148,1.000000,40.618580
-0.131812,0.065903,-0.395431,1.200534,1.200507,-1.375203,-2.295252,-2.601407,-3.013574,-3.131113,-3.628221,1.000000,41.106209
0.196294,0.218109,-0.348962,0.724952,0.724981,-1.579071,-2.539589,-3.016681,-3.489758,-3.636130,-4.014709,1.000000,41.404221
0.022099,0.552364,-0.243031,-1.286805,-1.286813,-0.039770,-0.932386,-1.605308,-2.054542,-2.294303,-2.510345,-1.000000,40.871426
0.000000,0.154083,-0.330180,0.375612,0.375622,-0.048437,-1.019160,-1.813644,-2.241174,-2.513398,-2.718150,0.000000,41.024948
0.534288,0.601071,-0.022257,-1.122611,-1.122614,1.059658,0.251558,-0.580520,-0.942106,-1.317910,-1.522114,-1.000000,40.564396
-0.245428,0.200803,-0.290051,-0.222614,-0.222621,0.972784,0.568943,-0.188615,-0.566993,-1.004527,-1.186394,0.000000,40.474091
0.111780,0.357700,-0.357702,-0.200803,-0.200773,0.675140,0.780209,0.158854,-0.272461,-0.723572,-0.906882,0.000000,40.392830
-0.336694,0.291809,-0.404040,-0.402417,-0.402428,0.763183,1.158237,0.685361,0.162898,-0.242236,-0.487113,0.000000,40.230278
0.022255,0.155798,-0.200312,0.852976,0.852967,-0.311594,0.376137,-0.048969,-0.618636,-0.984935,-1.242369,1.000000,40.573429
-0.066716,0.133418,-0.266851,0.089030,0.089026,-0.378025,0.284632,-0.032617,-0.612805,-0.917404,-1.252700,0.000000,40.609550
0.044573,0.133722,-0.222864,-0.222375,-0.222391,-0.133697,0.363291,0.260027,-0.258294,-0.568965,-0.951307,0.000000,40.519238
-0.486407,0.022114,-0.596951,0.802320,0.802332,-0.707492,-0.572625,-0.458397,-0.888125,-1.241405,-1.635421,1.000000,40.844337
0.311109,0.355556,-0.244447,-0.508512,-0.508504,-0.000007,-0.122225,0.097772,-0.241117,-0.670981,-1.033174,-1.000000,40.636642
-0.310764,0.110986,-0.621529,0.111109,0.111109,-0.057719,-0.317426,0.053271,-0.250836,-0.718230,-1.050188,0.000000,40.681793
-0.382706,0.045027,-0.630344,-1.398448,-1.398434,1.112097,0.983779,1.388249,1.181885,0.716640,0.443187,-1.000000,40.112885
-0.313899,0.179377,-0.336316,0.405223,0.405196,0.582972,0.526920,0.841567,0.795974,0.393008,0.124633,0.000000,40.275421
-0.355793,0.155659,-0.400267,0.829603,0.829610,-0.360240,-0.246833,-0.118599,-0.002227,-0.324130,-0.618727,1.000000,40.609550
0.311672,0.311672,-0.133564,-0.111192,-0.111191,-0.284947,-0.053426,-0.057876,0.135799,-0.107745,-0.459220,0.000000,40.564396
0.331496,0.397790,-0.110495,0.734644,0.734644,-0.923758,-0.711605,-0.813260,-0.522654,-0.738124,-1.118163,1.000000,40.862400
0.199336,0.398671,-0.221491,-0.220990,-0.220998,-0.380953,-0.451827,-0.559613,-0.283498,-0.439423,-0.823295,0.000000,40.772095
-0.132804,0.221335,-0.309869,0.066441,0.066428,-0.190335,-0.449296,-0.572505,-0.387321,-0.436459,-0.778209,0.000000,40.799179
-0.220551,0.220554,-0.242611,0.354139,0.354147,-0.379351,-0.776347,-0.833692,-0.795093,-0.730472,-1.011165,0.000000,40.943668
-0.351492,0.021966,-0.724958,0.397000,0.396987,-0.509652,-1.054462,-1.083752,-1.158809,-1.049188,-1.271946,0.000000,41.106209
0.131408,0.613226,-0.109503,0.307557,0.307589,-0.635146,-1.224277,-1.280489,-1.436714,-1.259755,-1.463726,0.000000,41.232647
0.065767,0.350723,-0.087674,-0.087606,-0.087603,-0.341971,-0.874629,-1.098944,-1.273573,-1.117064,-1.277958,0.000000,41.196526
0.196893,0.196893,-0.393787,0.197282,0.197250,-0.306264,-0.826935,-1.171131,-1.370575,-1.295099,-1.376775,0.000000,41.277786
0.241175,0.548125,-0.021932,-0.218766,-0.218754,0.030695,-0.469195,-0.898922,-1.057877,-1.099753,-1.093323,0.000000,41.187489
0.155211,0.509987,-0.155208,-1.118182,-1.118167,0.975606,0.696223,0.236506,0.121947,0.004432,0.056168,-1.000000,40.726944
-0.110986,0.110986,-0.954495,-0.110863,-0.110863,0.816863,0.763586,0.347755,0.246386,0.081682,0.200513,0.000000,40.681793
-0.066724,0.000000,-0.311386,-0.199778,-0.199765,0.725070,0.923022,0.628687,0.445933,0.285570,0.399597,0.000000,40.600525
-0.110358,0.198634,-0.286915,0.778474,0.778451,-0.229525,0.172147,-0.044141,-0.281394,-0.445815,-0.391376,1.000000,40.916580
-0.701293,0.043833,-0.832788,0.706246,0.706254,-0.920448,-0.466805,-0.648704,-0.936890,-1.065095,-1.106003,1.000000,41.205555
-0.459324,0.021870,-0.503060,0.197239,0.197236,-0.844267,-0.618986,-0.727622,-1.053153,-1.157484,-1.267136,0.000000,41.286827
-0.348962,0.305352,-0.348962,0.284333,0.284338,-0.776441,-0.859324,-0.921850,-1.246458,-1.357472,-1.516540,0.000000,41.404221
-0.285027,0.153473,-0.372730,-0.523439,-0.523454,0.030702,-0.339832,-0.333256,-0.596356,-0.782279,-0.947885,-1.000000,41.187489
-0.263445,0.175636,-0.307352,-0.131554,-0.131547,0.267841,-0.243683,-0.147821,-0.361140,-0.591874,-0.763992,0.000000,41.133308
-0.243031,0.198851,-0.375603,-0.636665,-0.636667,0.746801,0.318170,0.480194,0.309329,0.047731,-0.089108,-1.000000,40.871426
-0.178975,0.134221,-0.559284,-1.237289,-1.237295,1.552575,1.485466,1.616710,1.541391,1.274278,1.173756,-1.000000,40.365726
-0.601470,0.089109,-0.646026,0.425051,0.425069,0.695022,1.020266,1.072244,1.071499,0.831358,0.742548,0.000000,40.537308
0.022119,0.176987,-0.199115,0.690581,0.690576,-0.176998,0.380525,0.317103,0.383842,0.208842,0.068577,1.000000,40.817249
0.378952,0.490417,-0.222922,-0.752212,-0.752224,0.271962,1.041022,0.951114,1.109010,0.991533,0.826279,-1.000000,40.510212
0.066399,0.243473,-0.221332,0.713328,0.713319,-0.473647,0.225778,0.172660,0.375181,0.294836,0.108471,1.000000,40.799179
0.777773,1.288893,-0.066664,-0.398406,-0.398383,0.057771,0.466658,0.558512,0.718882,0.703103,0.508881,0.000000,40.636642
-0.444247,0.177694,-0.621941,0.044444,0.044440,0.071076,0.237667,0.509401,0.603063,0.637934,0.462013,0.000000,40.654701
-0.530508,0.066309,-0.663137,0.488676,0.488684,-0.397892,-0.331580,0.061878,0.071824,0.156483,0.033878,0.000000,40.853374
0.109146,0.130971,-0.218297,1.259945,1.259952,-1.222455,-1.514970,-1.110401,-1.162427,-1.034728,-1.122773,1.000000,41.368107
0.767550,0.767550,-0.087713,-0.458422,-0.458450,-0.583313,-0.986826,-0.659342,-0.708317,-0.556125,-0.621331,0.000000,41.178455
0.487474,0.487474,-0.177270,-1.030695,-1.030672,0.509631,0.139585,0.288043,0.329037,0.444924,0.429116,-1.000000,40.754040
0.449946,0.697406,-0.292466,-1.506758,-1.506783,1.790792,1.572566,1.612309,1.796413,1.872677,1.905522,-1.000000,40.139965
0.269116,0.313972,-0.403678,0.314958,0.314983,1.179629,1.116833,1.140754,1.435289,1.460406,1.543682,0.000000,40.266399
0.851638,0.874045,-0.067232,0.067277,0.067265,0.578219,0.995076,0.933816,1.289785,1.294492,1.433591,0.000000,40.293484
0.454548,0.568182,-0.272725,-1.389509,-1.389505,1.268182,2.150002,2.165151,2.531816,2.575454,2.761361,-1.000000,39.733604
0.532036,0.740224,-0.092531,-1.750000,-1.750020,2.192936,3.560048,3.758212,4.070108,4.229490,4.415163,-1.000000,39.038258
-0.185352,0.509734,-0.208526,-0.161925,-0.161918,1.760897,3.297046,3.659264,3.927258,4.223367,4.391423,0.000000,38.975048
0.559315,0.605915,-0.582615,-0.579240,-0.579245,1.570737,3.355875,3.907418,4.218146,4.639494,4.789109,-1.000000,38.749287
0.394894,0.487803,-0.209059,0.326262,0.326287,0.511020,2.378619,3.289191,3.588842,4.089191,4.242347,0.000000,38.875721
-1.139265,0.116259,-1.185766,-0.092918,0.806249,-0.570724,1.052179,2.189194,2.545704,3.050873,3.238643,1.000000,39.189156
0.906555,0.906555,-0.139472,0.023255,0.023244,-0.512190,0.631798,1.920814,2.372956,2.813798,3.084656,0.000000,39.198265
-0.884340,0.023270,-1.070521,-0.116223,-0.116217,-0.305681,0.496730,1.783652,2.315249,2.703400,3.074416,0.000000,39.152710
-0.116313,0.255864,-0.255876,0.046546,0.046554,-0.136783,0.170305,1.449949,2.057495,2.449687,2.904800,0.000000,39.170937
-0.185826,0.139377,-0.371661,0.139560,0.139563,-0.097565,-0.241541,0.944427,1.751514,2.112368,2.617687,0.000000,39.225605
-0.208430,0.000000,-0.463177,0.301977,0.301971,-0.319592,-0.640887,0.329691,1.260256,1.649663,2.151033,0.000000,39.344055
0.115365,0.207660,-0.346103,0.370542,0.370541,-0.539915,-0.893340,-0.254121,0.741228,1.185680,1.622235,0.000000,39.489841
0.459667,0.689504,-0.459658,0.392243,0.392253,-0.680305,-1.111646,-0.727125,0.220235,0.700270,1.077239,0.000000,39.644741
0.252699,0.390540,-0.068916,0.045969,0.045966,-0.477833,-0.926720,-0.874163,0.024124,0.537595,0.902676,0.000000,39.662964
-0.273656,0.000000,-0.410490,0.735123,0.735124,-0.839225,-1.379706,-1.654099,-0.882709,-0.251719,0.067987,1.000000,39.954536
0.114703,0.344120,-0.045882,-0.592926,-0.592934,-0.059644,-0.658406,-1.070175,-0.475405,0.234327,0.568030,-1.000000,39.717632
-0.273792,0.091255,-0.479131,0.550590,0.550592,-0.383302,-1.017571,-1.461977,-1.122757,-0.384678,-0.018499,1.000000,39.936314
0.368322,0.529464,-0.184157,-0.889808,-0.889804,0.478821,-0.020719,-0.475256,-0.305660,0.401151,0.798589,-1.000000,39.580959
-0.228159,0.319414,-0.410678,0.897797,0.897793,-0.278351,-0.718689,-1.162678,-1.234071,-0.584075,-0.171850,1.000000,39.936314
0.000000,0.364462,-0.068344,0.159708,0.159717,-0.414587,-0.683382,-1.132890,-1.428238,-0.879406,-0.373547,0.000000,40.000099
0.251077,0.319562,-0.045652,-0.205014,-0.205019,-0.109563,-0.335542,-0.808038,-1.202624,-0.802067,-0.242449,0.000000,39.918091
0.045581,0.250686,-0.136739,0.159781,0.159790,-0.246132,-0.371477,-0.835623,-1.242234,-1.037574,-0.456185,0.000000,39.981876
-0.181573,0.045395,-0.748981,0.410210,0.410191,-0.372209,-0.653645,-1.075798,-1.499852,-1.441261,-0.905085,0.000000,40.145878
0.158443,0.226344,-0.271614,0.272354,0.272359,-0.484375,-0.776364,-1.164927,-1.580350,-1.710077,-1.223776,0.000000,40.255219
0.337764,0.382801,-0.157622,0.520598,0.520616,-0.770107,-1.164164,-1.472654,-1.893732,-2.202205,-1.809769,0.000000,40.464794
0.426389,0.897662,-0.134652,0.337764,0.337758,-0.767510,-1.279180,-1.597854,-2.050054,-2.445912,-2.187667,0.000000,40.601467
-0.425920,0.022412,-0.582836,0.112208,0.112200,-0.551445,-1.214972,-1.518344,-1.981619,-2.396930,-2.306066,0.000000,40.647022
0.228150,0.570386,0.000000,-1.748485,-1.748487,1.113396,0.631990,0.282912,-0.139174,-0.563703,-0.584500,-1.000000,39.936314
0.183491,0.252296,-0.206422,-0.524764,-0.524755,1.380739,1.110095,0.822632,0.457569,0.059265,-0.105340,-1.000000,39.726746
-0.320217,0.068616,-0.480336,0.275236,0.275240,0.786819,0.791392,0.526067,0.258453,-0.118950,-0.417808,0.000000,39.836090
-0.298099,0.229301,-0.412752,-0.251601,-0.251619,0.605374,0.999780,0.782704,0.560659,0.188037,-0.166420,0.000000,39.735855
0.000000,0.091431,-0.525714,0.321025,0.321030,-0.109710,0.646862,0.448006,0.285719,-0.065824,-0.416891,0.000000,39.863419
-0.137145,0.091431,-0.525714,0.000000,0.000000,-0.146282,0.576006,0.495244,0.313148,0.005490,-0.342607,0.000000,39.863419
-0.297349,0.137232,-0.663314,-0.068569,-0.068557,-0.022882,0.539791,0.547415,0.403696,0.140886,-0.183299,0.000000,39.836090
0.963120,1.010101,-0.093965,-2.630377,-2.630379,2.137649,2.823580,3.055355,2.965698,2.801027,2.505669,-1.000000,38.788250
-0.491226,0.187139,-0.491226,0.422833,0.422832,1.305260,1.967248,2.456137,2.433915,2.327949,2.053795,0.000000,38.952259
0.587406,0.704887,-0.140980,-0.444442,-0.444447,1.198309,1.940788,2.706765,2.742010,2.711464,2.473368,0.000000,38.779137
-0.374620,0.000000,-0.561925,0.352439,0.352409,0.355919,1.320565,2.135364,2.295749,2.275846,2.093219,0.000000,38.915798
-0.118399,0.189441,-0.426240,-1.123856,-1.123819,0.790897,2.147753,2.988389,3.268995,3.315170,3.193613,-1.000000,38.478455
-0.756499,0.118201,-0.827418,0.165757,0.165750,0.496451,1.643025,2.485422,2.908985,2.997637,2.963751,0.000000,38.542233
0.455533,0.647329,-0.191796,-1.394799,-1.394810,1.419329,2.625280,3.479592,4.112935,4.274287,4.302737,-1.000000,38.004642
-0.357148,0.142860,-0.904764,0.695279,0.695286,0.452376,1.500001,2.350795,3.170240,3.380003,3.476193,1.000000,38.268883
-0.910837,0.167785,-1.006716,-0.666664,-0.666651,0.651954,1.694618,2.700530,3.582202,3.908904,4.027631,-1.000000,38.013763
-0.358000,0.525052,-0.453468,0.431450,0.431428,0.062058,0.823394,1.988868,2.865163,3.278289,3.451081,0.000000,38.177765
0.582802,0.752797,-0.145704,-1.718382,-1.718372,1.267605,2.248663,3.360855,4.271492,4.819817,5.043712,-1.000000,37.521729
0.122098,0.170938,-0.463988,-0.558521,-0.558516,1.465197,2.383386,3.508337,4.416355,5.129176,5.418798,-1.000000,37.312164
-0.196225,0.147172,-0.416978,-0.439563,-0.439578,1.309798,2.396378,3.478059,4.406438,5.288214,5.634057,0.000000,37.148148
-0.243788,0.024376,-0.609459,0.613196,0.613215,0.351040,1.360305,2.403698,3.427588,4.350066,4.793590,1.000000,37.375946
0.667989,0.915396,-0.049471,-1.462706,-1.462713,1.108367,2.417124,3.379519,4.569525,5.526973,6.067959,-1.000000,36.829243
-1.404703,0.072654,-1.477358,2.152407,2.152401,-0.968755,0.014534,0.994593,2.071933,3.001215,3.622350,1.000000,37.621956
1.079222,1.520724,-0.024533,-1.259387,-1.259392,0.206040,1.059613,1.958965,3.025519,3.943106,4.695458,-1.000000,37.148148
0.346876,0.693751,-0.024784,-1.005639,-1.005611,1.020795,1.679862,2.631297,3.652111,4.577780,5.468266,-1.000000,36.774582
0.921539,1.145701,0.000000,-0.520315,-0.520308,1.115792,1.820646,2.743020,3.745925,4.758128,5.695281,-1.000000,36.583241
-0.298728,0.597466,-0.348516,0.049803,0.049769,0.941020,1.339325,2.350029,3.252444,4.364468,5.309951,0.000000,36.601448
0.775390,1.000503,-1.500748,-0.472985,-0.472973,0.765386,1.520761,2.449558,3.419208,4.486242,5.441054,0.000000,36.428333
-0.634679,0.583905,-0.990096,-1.475740,-1.475747,1.574017,2.645350,3.591445,4.541770,5.622756,6.582898,-1.000000,35.890743
-0.819471,0.148999,-1.241619,2.234072,2.234097,-0.690354,0.278107,1.041288,1.972914,2.968941,3.894527,1.000000,36.692577
-1.135520,0.049373,-1.209573,0.595972,0.595941,-1.100950,-0.441848,0.243579,1.097278,2.039021,3.005861,1.000000,36.911243
-1.047503,0.097445,-1.144938,1.333007,1.333022,-1.973205,-1.598050,-1.213154,-0.376370,0.436541,1.443768,1.000000,37.403278
0.296438,1.111660,0.000000,-1.388548,-1.388560,-0.345843,-0.412539,0.062592,0.801640,1.644278,2.605411,-1.000000,36.883911
1.328567,1.379665,-0.025544,-3.310279,-3.310275,2.938176,2.580490,3.180045,3.924383,4.755245,5.737532,-1.000000,35.662952
-0.384914,0.436228,-0.461894,-0.434333,-0.434330,2.720034,2.671285,3.322214,3.988966,4.843725,5.789924,0.000000,35.508057
-0.811562,0.228253,-0.989092,1.180393,1.180397,0.973873,1.290890,1.847999,2.485415,3.287850,4.190547,1.000000,35.927193
-0.275278,0.050053,-0.650646,1.344152,1.344155,-0.910916,-0.105109,0.420418,0.883381,1.690688,2.494993,1.000000,36.410110
0.853202,1.028858,-0.401503,-0.275278,-0.275283,-0.953572,0.138021,0.456719,0.994987,1.725476,2.550403,0.000000,36.309879
-0.879623,0.376974,-0.955016,-0.150557,-0.150571,-0.477498,0.389554,0.444010,1.001519,1.685863,2.457077,0.000000,36.255207
0.397711,0.497141,-0.223716,1.105803,1.105808,-0.939593,-0.718366,-0.676105,-0.170263,0.397722,1.143433,1.000000,36.656120
-0.550691,0.050063,-0.876103,-0.695996,-0.695968,0.014997,-0.162726,-0.013373,0.395473,0.924134,1.622007,-1.000000,36.401005
-0.623441,0.074820,-0.673307,0.375462,0.375465,-0.289291,-0.773084,-0.399019,-0.019966,0.367067,1.064822,0.000000,36.537678
-0.075035,0.200103,-0.525263,-0.299247,0.614035,-0.651824,-1.411806,-0.946356,-0.747089,-0.328122,0.286620,1.000000,36.762032
0.175175,0.525523,-0.100103,-0.050028,-0.050027,-0.336237,-1.068345,-0.742030,-0.752455,-0.340125,0.222419,0.000000,36.743641
-0.650323,0.000000,-0.975488,0.050053,0.050052,-0.328476,-0.776732,-0.779090,-0.803813,-0.431994,0.035649,0.000000,36.762032
0.148765,0.297543,-0.297553,0.875443,0.875430,-0.825183,-1.325919,-1.609131,-1.597172,-1.327584,-0.916079,1.000000,37.083858
-0.147280,0.122727,-0.392734,1.016613,1.016644,-1.330409,-2.038492,-2.589100,-2.472802,-2.253192,-1.977063,1.000000,37.460869
0.123760,0.272267,-0.222775,-0.834561,-0.834570,-0.292088,-0.988377,-1.721861,-1.555124,-1.481570,-1.185623,-1.000000,37.148232
-0.122848,0.663391,-0.221130,0.742572,0.742560,-0.663385,-1.405847,-2.132532,-2.075889,-2.178244,-1.904002,1.000000,37.424080
-0.515841,0.122817,-0.761476,0.024565,0.024575,-0.329156,-1.222459,-1.813706,-2.001012,-2.131892,-1.902713,0.000000,37.433277
-0.663870,0.122948,-0.713049,-0.098258,-0.098279,-0.063907,-0.859089,-1.455183,-1.839726,-1.948628,-1.804379,0.000000,37.396488
0.146632,0.171075,-0.146620,0.614704,0.614705,-0.586497,-1.175448,-1.841745,-2.409791,-2.438714,-2.333687,1.000000,37.626366
-0.217812,0.314620,-0.677636,0.977522,0.977530,-1.103584,-1.807838,-2.496447,-3.208419,-3.218322,-3.246506,1.000000,37.994175
-0.096761,0.266089,-0.217707,0.048403,0.048413,-0.841811,-1.521535,-2.235421,-2.946198,-3.041878,-3.217523,0.000000,38.012569
0.530499,0.723412,-0.241143,0.314468,0.314459,-0.786117,-1.470942,-2.283839,-2.906363,-3.194811,-3.402242,0.000000,38.132103
0.432796,0.456838,-0.144268,0.289363,0.289373,-0.629968,-1.452277,-2.244776,-2.883808,-3.334893,-3.536342,0.000000,38.242447
0.459821,0.532432,-0.290414,-0.649195,-0.649205,0.212977,-0.667954,-1.350432,-2.040743,-2.641028,-2.783814,-1.000000,37.994175
0.096179,0.192349,-0.168310,0.653437,0.653448,-0.307770,-1.026698,-1.732795,-2.424026,-3.130990,-3.256823,1.000000,38.242447
0.000000,0.593261,-0.071187,1.322431,1.322439,-1.229244,-1.976757,-2.670474,-3.375878,-4.076814,-4.273682,1.000000,38.748180
0.474836,0.474836,-0.094960,-0.047461,-0.047481,-0.873684,-1.595436,-2.285525,-3.062269,-3.698508,-4.052874,0.000000,38.729782
0.473263,0.520592,-0.283954,0.332381,0.332393,-0.884997,-1.545198,-2.304780,-3.067203,-3.715804,-4.203699,0.000000,38.858517
0.238213,0.238213,-0.333492,-0.662560,-0.662552,0.090510,-0.636028,-1.456262,-2.153419,-2.846581,-3.461332,-1.000000,38.601059
0.973638,1.021135,-0.237480,0.309674,0.309655,0.028503,-0.755159,-1.489747,-2.202561,-2.897456,-3.601232,0.000000,38.720589
0.235743,0.235743,-0.353602,0.736160,0.736159,-0.570476,-1.225825,-1.939327,-2.627287,-3.325006,-4.020036,1.000000,39.005634
0.189309,0.638904,-0.236626,-0.377181,-0.377169,-0.127781,-0.664931,-1.323555,-1.988879,-2.732289,-3.369253,0.000000,38.858517
0.502150,0.621717,-0.286942,-1.041169,-1.041180,0.712582,0.435204,-0.102020,-0.779526,-1.495355,-2.133540,-1.000000,38.453930
0.890929,0.939078,-0.144469,-0.693451,-0.693440,1.199127,1.187092,0.693473,0.008425,-0.634725,-1.295029,-1.000000,38.187275
0.289503,0.747882,-0.193008,-0.192627,-0.192637,1.075995,1.348616,0.908729,0.328108,-0.301083,-0.946760,0.000000,38.113712
2.680561,2.879126,0.000000,-2.798552,-2.798539,2.928756,3.807385,3.640264,3.165786,2.602124,1.976343,-1.000000,37.047085
1.968203,2.296240,-0.328037,-1.638124,-1.638132,3.315669,4.907896,5.056773,4.747662,4.275546,3.654920,-1.000000,36.440205
-0.850638,1.275954,-1.150871,0.857936,0.857945,1.511126,3.442571,3.892909,3.769065,3.352503,2.805092,1.000000,36.752842
-0.770574,0.770572,-0.944574,0.650485,0.650461,0.208815,2.339064,3.040864,3.012693,2.633870,2.181637,1.000000,36.991905
-2.344687,0.000000,-2.344687,2.833704,2.833715,-2.591243,-0.659894,0.165988,0.180089,-0.100551,-0.522111,1.000000,38.040150
-0.948903,0.267642,-1.216545,-0.652649,-0.652639,-1.557180,-0.328468,0.655310,0.809002,0.594645,0.223843,-1.000000,37.791885
-0.120656,0.193053,-0.482618,0.827253,0.827241,-1.491308,-1.344105,-0.279915,-0.021710,-0.160225,-0.481009,1.000000,38.104515
-0.193242,0.265691,-0.483094,-0.096518,-0.096516,-0.705320,-1.350243,-0.322063,0.051931,0.006762,-0.298712,0.000000,38.067738
-0.144618,0.313321,-0.168725,0.217391,0.217391,-0.313332,-1.573875,-0.617018,-0.144614,-0.155219,-0.454730,0.000000,38.150494
0.072217,0.505534,-0.024078,0.120509,0.120507,-0.351467,-1.670676,-0.828116,-0.270821,-0.254210,-0.483067,0.000000,38.196468
-0.169574,0.460276,-0.218023,-0.625908,-0.625898,0.363369,-0.811534,-0.387599,0.253147,0.368216,0.190566,-1.000000,37.957397
0.466151,0.858692,-0.024529,-1.259692,-1.259678,1.310097,0.731095,0.637867,1.365296,1.578986,1.472835,-1.000000,37.479256
1.037554,1.111660,-0.074108,-0.686943,-0.686967,1.556331,1.553857,1.113313,1.846596,2.171942,2.159096,-1.000000,37.221786
0.725363,0.925458,-0.325168,-1.235178,-1.235174,2.071038,2.761382,2.119395,2.870186,3.315660,3.358348,-1.000000,36.762032
0.280398,0.611779,-0.484321,-1.875938,-1.875938,2.844765,4.180476,3.694454,4.469795,5.050219,5.156770,-1.000000,36.072399
0.589288,1.281066,-0.384315,-0.509816,-0.509805,2.218802,4.183954,4.010583,4.570836,5.269785,5.498328,-1.000000,35.888500
-0.887207,0.126740,-1.140687,1.076100,1.076111,0.466395,2.570323,2.872813,3.101373,3.878305,4.204457,1.000000,36.274700
-0.796414,0.373325,-0.821309,1.850441,1.850430,-1.508215,0.403181,1.038651,1.024135,1.783965,2.194285,1.000000,36.945938
0.652454,0.727732,-0.577162,-0.821309,-0.821330,-0.757821,0.823106,1.811812,1.649956,2.413067,2.917626,-1.000000,36.642490
-0.049432,0.395452,-0.865047,1.530743,1.530764,-1.646071,-0.963918,0.126870,-0.004948,0.705877,1.272857,1.000000,37.203400
1.009107,1.132166,-0.738368,0.420173,0.420163,-1.269995,-1.538270,-0.369185,-0.381492,0.108294,0.725243,0.000000,37.359715
-0.219888,0.293181,-0.659663,0.738368,0.738368,-1.270460,-2.218418,-1.182503,-0.952844,-0.755433,-0.109941,1.000000,37.635567
0.072646,0.532690,-0.532680,0.903980,0.904009,-1.612612,-2.895903,-2.083959,-1.679200,-1.694937,-1.082347,1.000000,37.975796
-0.095732,0.143612,-1.077063,1.162228,1.162196,-1.819041,-3.580650,-3.162588,-2.623256,-2.800374,-2.234714,1.000000,38.417149
-0.290063,0.265896,-0.773507,-0.981331,-0.981330,-0.406083,-2.107798,-2.230271,-1.658199,-1.844807,-1.325430,-1.000000,38.040150
-1.261600,0.095218,-1.618653,1.547012,1.547010,-1.266355,-2.889776,-3.603892,-3.048072,-3.176376,-2.861212,1.000000,38.628635
-1.594854,0.309453,-1.618653,0.000000,0.000000,-0.752193,-2.280400,-3.405528,-2.980232,-2.949763,-2.881049,0.000000,38.628635
0.376382,0.940960,-0.070567,1.190193,1.190174,-1.350254,-2.881652,-4.223293,-3.990798,-3.852243,-3.969235,1.000000,39.088383
-1.490819,0.068814,-1.697241,2.564103,2.564130,-2.981661,-4.449543,-6.064219,-6.149081,-5.946788,-6.211772,1.000000,40.090660
-0.683213,0.318832,-0.683213,0.711014,0.711013,-2.509691,-4.338425,-6.016856,-6.541792,-6.379415,-6.687165,1.000000,40.375710
1.218666,1.264656,-0.045990,-0.956497,-0.956516,-0.887559,-2.756949,-4.425529,-5.385136,-5.255451,-5.540727,-1.000000,39.989510
-0.246244,0.044775,-0.873067,2.713258,2.713284,-2.314764,-4.488480,-6.171188,-7.446838,-7.469000,-7.659881,1.000000,41.074539
0.614057,0.705022,-0.204685,-1.567041,-1.567039,-0.095531,-2.360719,-4.102812,-5.576542,-5.762123,-5.886602,-1.000000,40.430885
-0.729262,0.136732,-1.116686,-0.204685,-0.204702,0.237015,-1.681860,-3.293829,-4.938465,-5.350953,-5.416283,0.000000,40.348122
-0.478249,0.091098,-0.683213,0.068366,0.068375,0.168525,-1.170583,-2.836108,-4.470510,-5.199729,-5.288092,0.000000,40.375710
-0.161474,0.484436,-0.438288,-1.275340,-0.539181,0.795462,-0.253985,-1.844832,-3.421053,-4.466618,-4.578254,-1.000000,40.158012
-0.712148,0.000000,-0.804041,0.415227,0.415222,0.006795,-0.245825,-1.806120,-3.318232,-4.579395,-4.789297,0.000000,40.324757
0.492156,0.726510,-0.374971,-1.975651,-1.975652,1.565612,1.875928,0.434752,-1.043017,-2.422837,-2.747205,-1.000000,39.528080
-1.310253,0.280765,-1.310253,0.164059,0.164050,1.017785,1.583361,0.468236,-0.832495,-2.296651,-2.785049,0.000000,39.592926
-0.372613,0.279464,-0.838372,0.467939,0.467962,0.246844,0.959995,0.291563,-0.970754,-2.379089,-3.105313,0.000000,39.778206
0.023293,0.326043,-0.465759,0.000000,0.000000,0.055882,0.906874,0.484227,-0.666757,-1.987950,-2.952733,0.000000,39.778206
-0.902778,0.092595,-0.925931,0.605501,0.605497,-0.699082,0.035819,0.111087,-0.966803,-2.203581,-3.325265,1.000000,40.019062
0.209156,0.255636,-0.534511,-0.393523,-0.393547,-0.139418,0.288240,0.635940,-0.338980,-1.524609,-2.722555,0.000000,39.861568
-0.347385,0.231586,-1.181107,0.348596,0.348611,-0.282535,-0.147059,0.271309,-0.487283,-1.530913,-2.790626,0.000000,40.000530
-0.883098,0.255636,-0.976059,-0.347385,-0.347400,0.106917,0.072058,0.534878,0.088098,-0.920899,-2.134883,0.000000,39.861568
0.000000,0.554790,-0.231156,0.534508,0.534535,-0.277402,-0.480822,0.014503,-0.263649,-1.176708,-2.307029,0.000000,40.074642
-1.222886,0.276878,-1.430547,0.184933,0.184935,-0.396878,-0.708365,-0.323843,-0.258445,-1.108742,-2.165722,0.000000,40.148754
-0.615726,0.159635,-0.866584,1.176737,1.176731,-1.181301,-1.594072,-1.451888,-1.229813,-1.998398,-3.001991,1.000000,40.621197
-0.158584,0.271860,-0.792927,0.661348,0.661354,-1.395567,-1.923433,-2.011035,-1.781018,-2.400389,-3.293033,1.000000,40.889847
0.363799,0.363799,-0.704870,-0.362481,-0.362496,-0.604812,-1.330147,-1.594662,-1.378776,-1.780077,-2.651715,0.000000,40.741623
-0.749144,0.272415,-0.749144,0.159161,0.159174,-0.404088,-1.234967,-1.645108,-1.435404,-1.722689,-2.524868,0.000000,40.806473
-0.226713,0.589431,-0.294720,0.136213,0.136194,-0.190424,-1.162996,-1.691219,-1.595461,-1.637726,-2.394242,0.000000,40.862049
0.158369,0.339360,-0.384620,0.204035,0.204048,-0.235297,-1.099551,-1.660638,-1.733012,-1.656606,-2.351243,0.000000,40.945427
0.703750,0.771850,-0.204313,-0.339371,-0.339364,0.063559,-0.565272,-1.127512,-1.342232,-1.251561,-1.823555,0.000000,40.806473
0.274472,0.526075,-0.297349,-0.749144,-0.749161,0.699915,0.343100,-0.262270,-0.582109,-0.493842,-0.879988,-1.000000,40.500767
-0.022581,0.203252,-0.248421,1.280874,1.280875,-0.469731,-0.695564,-1.321883,-1.734410,-1.651830,-1.939245,1.000000,41.019531
1.627152,1.696885,-0.139472,-2.845526,-2.845525,1.938637,2.138545,1.540372,1.084384,1.105981,1.035174,-1.000000,39.852310
0.327636,0.421250,-0.397845,-0.674105,-0.674104,1.942430,2.569627,2.182701,1.777443,1.706553,1.762586,-1.000000,39.583664
0.901963,1.044384,0.000000,-1.404163,-1.404168,2.482792,3.553291,3.471799,3.154527,3.019706,3.121080,-1.000000,39.027843
0.380228,0.475278,-0.213878,-0.118678,-0.118659,1.825078,3.224794,3.444219,3.174889,2.999033,3.124370,0.000000,38.981533
0.237537,0.593824,-0.451302,0.047519,0.047510,0.741095,2.712591,3.211406,3.026131,2.831357,2.990831,0.000000,39.000053
-0.832149,0.071324,-0.879700,-0.095005,-0.094995,0.380398,2.322859,3.106660,2.988573,2.789334,2.908115,0.000000,38.963005
-0.421647,0.374793,-0.468487,1.497855,1.497839,-1.119690,0.459131,1.403928,1.428914,1.274311,1.314930,1.000000,39.546608
-0.211665,0.188142,-0.729071,-0.398217,-0.398209,-0.540921,0.500936,1.555343,1.756817,1.658510,1.638832,0.000000,39.389130
-2.041282,0.389913,-2.270635,2.539976,2.539962,-2.307327,-2.016042,-1.018335,-0.698379,-0.799068,-0.877662,1.000000,40.389599
0.658364,0.869981,-0.117562,-2.454126,-2.454105,0.352683,0.037611,1.233629,1.714075,1.658113,1.551835,-1.000000,39.398396
-0.300650,0.393150,-0.601300,1.669417,1.669403,-0.749310,-1.554119,-0.562753,0.032375,-0.007404,-0.137993,1.000000,40.056114
-0.138602,0.485098,-0.323398,0.115631,0.115633,-0.586742,-1.538462,-0.817743,-0.147842,-0.098870,-0.205592,0.000000,40.102432
0.812626,1.021588,-0.046438,-0.508203,-0.508209,0.176462,-0.817267,-0.462807,0.237990,0.401213,0.329702,-1.000000,39.898628
1.381086,1.451308,0.000000,-0.812628,-0.812624,0.585208,0.145131,0.196628,0.911751,1.194757,1.134519,-1.000000,39.574402
0.118006,0.283226,-0.708046,-0.819293,-0.819292,1.340574,1.036114,0.723786,1.547088,1.946665,1.925107,-1.000000,39.250172
-0.893900,0.117626,-0.940948,0.330420,0.330424,0.663374,0.809222,0.312086,1.024467,1.532818,1.535326,0.000000,39.379864
-0.630694,0.303663,-0.677414,0.705723,0.705721,-0.266297,0.130807,-0.378418,0.154166,0.724127,0.806662,1.000000,39.657776
-0.311669,0.839132,-0.335649,-2.569498,-2.569496,1.711819,2.577319,2.181732,2.514984,3.147447,3.347719,-1.000000,38.638771
-0.239068,0.119529,-0.884540,0.287708,0.287701,0.994501,1.859910,1.848753,1.994980,2.645948,2.955615,0.000000,38.749935
-0.753128,0.094133,-0.823730,1.577815,1.577822,-0.517774,0.268292,0.327914,0.200041,0.904677,1.295985,1.000000,39.361340
-0.607758,0.631136,-0.607758,0.682506,0.682492,-1.065905,-0.518921,-0.239974,-0.507232,0.096321,0.565700,1.000000,39.629978
0.418313,0.976068,-0.046482,0.584385,0.584381,-1.538448,-1.157317,-0.766890,-1.050412,-0.593986,-0.082095,1.000000,39.861568
0.908251,1.001397,-0.326036,-0.209156,-0.209129,-0.759211,-0.980448,-0.493722,-0.748728,-0.489064,0.034147,0.000000,39.778206
0.465333,0.511868,-0.139604,0.093156,0.093146,-0.316431,-1.012102,-0.682490,-0.736392,-0.650538,-0.136500,0.000000,39.815258
-0.419874,0.303245,-0.466529,-0.255935,-0.255927,0.116621,-0.641483,-0.374785,-0.391891,-0.527183,0.027983,0.000000,39.713360
0.235068,0.517153,-0.070529,-0.769764,-0.769781,0.780445,0.136346,0.288359,0.437239,0.199346,0.680932,-1.000000,39.407654
-0.326036,0.209595,-0.628787,0.940287,0.940305,-0.200284,-0.766194,-0.700211,-0.469268,-0.714494,-0.354767,1.000000,39.778206
0.115205,0.483869,-0.529963,1.071269,1.071250,-1.046077,-1.428569,-1.701994,-1.422808,-1.649766,-1.460827,1.000000,40.204330
0.177537,0.221924,-0.798935,3.824882,3.824887,-3.768306,-4.343097,-4.977067,-4.892364,-5.008432,-4.991861,1.000000,41.742100
0.380233,0.402595,-0.447329,-0.776747,-0.776729,-2.191912,-3.097752,-3.884302,-3.904059,-4.031324,-4.216070,-1.000000,41.417877
0.582563,0.694596,-0.134441,-0.178926,-0.178928,-1.080000,-2.509535,-3.395337,-3.576083,-3.628963,-3.924130,0.000000,41.343769
0.222325,0.377950,-0.200091,0.784224,0.784203,-0.942631,-2.834582,-3.825395,-4.138498,-4.175181,-4.504957,1.000000,41.667988
0.292194,0.539443,-0.314686,-1.089369,-0.382879,0.066461,-2.044284,-2.994849,-3.576139,-3.602647,-3.938716,0.000000,41.508450
-1.158645,0.245100,-1.225488,0.876599,0.876622,-0.740921,-2.404253,-3.340699,-4.139670,-4.298702,-4.543365,1.000000,41.872322
-0.133425,0.466976,-0.422508,0.200535,0.200519,-0.682905,-2.064973,-3.121806,-4.009011,-4.246355,-4.499524,0.000000,41.956284
0.488015,0.510202,-0.199645,0.244610,0.244612,-0.585185,-1.673581,-2.973198,-3.924756,-4.289532,-4.487197,0.000000,42.058914
-0.290301,0.223318,-0.669940,-0.665490,-0.665493,0.133995,-0.535939,-2.017200,-3.027234,-3.487800,-3.669195,-1.000000,41.779015
0.977717,1.227831,-0.318327,-1.786510,-1.786514,1.723520,1.475186,-0.031073,-0.971588,-1.621686,-1.783416,-1.000000,41.032627
0.000000,0.638973,-0.182560,-0.363802,-0.363801,1.611140,1.635653,0.508112,-0.349091,-1.134412,-1.384542,0.000000,40.883350
-0.730103,0.000000,-0.981063,0.022825,0.022843,1.067746,1.484011,0.677422,-0.184609,-0.996324,-1.285258,0.000000,40.892689
-0.136897,0.228150,-0.319423,0.000000,0.000000,0.497363,1.373702,0.919525,-0.030216,-0.848344,-1.217065,0.000000,40.892689
1.604649,1.813951,-0.046512,-1.893685,-1.893698,1.609308,2.944191,2.924041,1.931449,1.111449,0.691013,-1.000000,40.118305
0.719262,0.742459,-0.348021,0.232553,0.232562,0.965200,2.382832,2.686440,1.748835,1.033303,0.483331,0.000000,40.211605
-0.624277,0.092488,-0.855489,0.348032,0.348034,0.351445,1.650862,2.100557,1.462396,0.841659,0.199026,0.000000,40.351555
-0.986333,0.358662,-1.053580,3.144511,3.144513,-2.358221,-1.528814,-0.979687,-1.401735,-2.015536,-2.665859,1.000000,41.620415
-0.428406,0.450961,-0.631337,-0.582836,-0.582849,-1.551287,-1.116112,-0.393677,-0.585615,-1.272122,-1.934270,-1.000000,41.377831
-0.248871,0.248869,-0.497740,-0.338212,-0.338208,-0.674208,-0.911765,-0.125189,-0.071264,-0.803583,-1.473755,0.000000,41.237888
0.248309,0.632061,-0.451470,0.226240,0.226258,-0.356670,-1.063217,-0.379245,-0.160529,-0.877219,-1.479033,0.000000,41.331192
-0.222278,0.088902,-0.444545,1.557569,1.557538,-1.111348,-2.320504,-1.890781,-1.663983,-2.191609,-2.733895,1.000000,41.974941
-0.066822,0.155900,-0.579071,-0.200044,-0.200026,-0.783972,-1.886420,-1.704536,-1.410422,-1.787642,-2.337659,0.000000,41.890980
-0.313480,0.156740,-0.492613,-0.534526,-0.534547,-0.111940,-1.173293,-1.238974,-0.841788,-1.042930,-1.649838,-1.000000,41.667053
-0.446132,0.289978,-0.646890,0.380658,0.380672,-0.209683,-1.139863,-1.606068,-1.198975,-1.222394,-1.866280,0.000000,41.825668
-0.445834,0.312080,-0.445834,0.066917,0.066909,-0.026746,-0.813634,-1.541081,-1.223798,-1.130813,-1.766602,0.000000,41.853653
-0.044546,0.222713,-0.289537,0.089169,0.089185,-0.155912,-0.534530,-1.468456,-1.309586,-1.204695,-1.688964,0.000000,41.890980
0.785641,0.785641,-0.089789,-0.779517,-0.779533,0.471389,0.233457,-0.586593,-0.581356,-0.414399,-0.768127,-1.000000,41.564426
1.162003,1.298701,-0.227838,-1.481482,-1.481469,1.631350,1.635908,0.917445,0.778082,1.044521,0.849511,-1.000000,40.948662
-1.123091,0.134775,-1.280321,1.435409,1.435407,0.053906,0.269541,-0.283019,-0.677223,-0.398023,-0.436505,1.000000,41.536442
0.202111,0.224572,-0.516506,0.022460,0.022472,-0.116784,0.298664,-0.091333,-0.637781,-0.416807,-0.351246,0.000000,41.545776
0.611542,0.724800,-0.520960,-0.853351,-0.853367,0.403170,0.971687,0.904493,0.254815,0.374179,0.461866,-1.000000,41.191238
0.662708,0.776965,-0.571298,-0.883361,-0.883363,0.936939,1.611068,1.674293,1.140322,1.158146,1.309006,-1.000000,40.827370
-0.068767,0.343796,-0.664683,-0.297068,-0.297058,1.118491,1.677738,1.867210,1.418742,1.326604,1.558631,0.000000,40.706089
0.543483,0.634056,-0.181155,1.214758,1.214747,-0.258145,0.305712,0.638593,0.332887,0.054355,0.301940,1.000000,41.200565
0.068395,1.253988,-0.205201,-0.679346,-0.679340,0.118556,0.763793,1.260067,1.105790,0.727770,0.940112,-1.000000,40.920673
0.488824,0.581937,-0.372439,-2.051988,-2.051987,1.662012,2.423186,3.066420,3.190180,2.757918,2.905807,-1.000000,40.080986
-0.023317,0.372958,-0.489517,-0.139658,-0.139640,1.403245,2.181797,2.899744,3.135175,2.814897,2.888867,0.000000,40.025017
-0.139995,0.209986,-0.816619,-0.093242,-0.093269,1.138599,2.036873,2.715826,3.057637,2.820353,2.812265,0.000000,39.987686
-0.959338,0.525352,-1.096391,2.146519,2.146513,-1.160331,-0.276365,0.397458,0.844009,0.730944,0.575623,1.000000,40.846027
0.113299,0.702465,-0.339907,0.799456,0.799485,-1.821904,-1.157958,-0.509118,0.024909,0.025364,-0.210756,1.000000,41.172585
-0.368324,0.299266,-0.828722,-1.563567,-1.563587,-0.041427,0.248627,0.847153,1.435321,1.631684,1.345160,-1.000000,40.528816
-0.622696,0.092253,-0.784135,-0.184157,-0.184160,0.355168,0.341335,0.850253,1.444885,1.703881,1.496010,0.000000,40.454178
-0.641905,0.206327,-0.848232,0.599626,0.599641,0.105450,-0.259060,0.207852,0.720995,1.030716,0.874977,1.000000,40.696758
-0.686656,0.137333,-1.075756,0.160477,0.160465,-0.096124,-0.526429,-0.079339,0.429167,0.822164,0.766011,0.000000,40.762062
-0.522252,0.567666,-0.772025,0.801103,0.801103,-0.930972,-1.276110,-0.947621,-0.462076,-0.002722,0.036334,1.000000,41.088608
0.182020,0.546071,-0.045509,-0.204360,-0.204361,-0.496017,-0.848688,-0.775120,-0.366322,0.107399,0.294278,0.000000,41.004639
-0.178178,0.512247,-0.400893,2.161549,2.161563,-1.915378,-2.501126,-2.705281,-2.435422,-2.010701,-1.806247,1.000000,41.890980
0.959393,0.959393,-0.200803,-0.178178,-0.178182,-1.204822,-1.889785,-2.354606,-2.157521,-1.821511,-1.596016,0.000000,41.816338
0.267983,0.580621,-0.267975,-0.089248,-0.089255,-0.629740,-1.578824,-2.175072,-2.041084,-1.738270,-1.464934,0.000000,41.779015
0.337007,0.539209,-0.247126,-0.602950,-0.602934,0.184223,-0.896436,-1.484318,-1.449120,-1.173676,-0.851502,-1.000000,41.527115
0.539443,0.876599,-0.134866,-0.044925,-0.044947,0.472023,-0.615864,-1.210754,-1.366594,-1.166100,-0.844379,0.000000,41.508450
1.205937,1.739332,-0.046385,-3.079350,-3.079332,2.838584,2.486079,1.961959,1.692944,1.841367,2.168360,-1.000000,40.230267
1.094043,1.094043,-0.581937,-0.371058,-0.371066,2.355682,2.714155,2.357233,1.993717,2.134081,2.416979,0.000000,40.080986
0.392161,0.599776,-0.415225,0.907819,0.907814,0.775095,1.711658,1.370251,0.982708,1.107275,1.381785,1.000000,40.444847
0.465660,0.745050,-0.232836,-0.922715,-0.922718,0.987197,2.405127,2.131164,1.817234,1.901751,2.177731,-1.000000,40.071655
-0.447689,0.683320,-0.565500,-1.187432,-1.187418,1.234679,3.279921,3.201377,2.979496,2.965122,3.212373,-1.000000,39.595837
-1.357991,0.280972,-2.013582,0.636192,0.636196,0.402707,2.114251,2.447506,2.306243,2.215867,2.416288,1.000000,39.847744
0.047006,0.423034,-0.399525,-0.374620,-0.374628,0.587545,1.964748,2.665101,2.654525,2.498709,2.696437,0.000000,39.698463
0.744022,0.883518,-0.023246,1.081079,1.081072,-0.646352,0.462693,1.461685,1.467111,1.295523,1.481061,1.000000,40.127632
0.089579,0.425527,-0.380744,3.813076,3.813078,-3.534155,-3.195971,-2.173947,-2.201570,-2.354313,-2.237403,1.000000,41.657730
0.201796,0.448433,-0.291473,-0.111991,-0.111984,-2.457399,-3.062780,-1.967114,-1.961883,-2.097757,-2.094170,0.000000,41.611080
0.287740,0.332010,-0.354139,1.300453,1.300447,-2.616202,-3.851261,-3.184298,-3.019033,-3.152721,-3.246272,1.000000,42.152210
0.111010,0.333033,-0.244230,-0.309869,-0.309875,-1.207813,-3.090583,-2.850795,-2.559942,-2.658078,-2.841174,0.000000,42.021591
0.198020,0.418037,-0.352035,0.910302,0.910301,-1.025299,-3.502746,-3.628891,-3.245319,-3.389214,-3.623024,1.000000,42.404114
0.133418,0.466976,-0.200133,-1.056106,-1.056100,0.173447,-2.023572,-2.532059,-2.109184,-2.283300,-2.512045,-1.000000,41.956284
0.000000,0.199601,-0.465733,0.266842,0.266852,0.124188,-1.696614,-2.702750,-2.243297,-2.396991,-2.614038,0.000000,42.068245
0.740072,0.852211,-0.112131,-1.108893,-1.108903,0.982285,-0.172683,-1.391940,-1.181877,-1.192193,-1.395677,-1.000000,41.601749
-0.424209,0.089308,-0.468852,0.448533,0.448529,0.419740,-0.118327,-1.559869,-1.626475,-1.528909,-1.692338,0.000000,41.788345
0.889477,0.889477,-0.289084,0.401875,0.401880,-0.195686,-0.082278,-1.713736,-1.999111,-1.809206,-1.997628,0.000000,41.956284
1.073345,1.118068,-0.067089,-0.555926,-0.555926,0.250447,0.491949,-0.900418,-1.427773,-1.199463,-1.405784,-1.000000,41.723038
0.992115,1.014658,-0.135281,-0.827377,-0.827377,0.753105,1.273963,0.213460,-0.621189,-0.339113,-0.514837,-1.000000,41.377831
-0.647755,0.000000,-1.005137,0.947017,0.947022,-0.111686,0.232295,-0.419927,-1.369223,-1.285685,-1.343163,1.000000,41.769688
-0.289022,0.222325,-0.377944,0.469064,0.469063,-0.493554,-0.249001,-0.524680,-1.605159,-1.732326,-1.702980,0.000000,41.965614
-0.398232,0.110617,-0.973458,0.489108,0.489119,-0.876118,-0.789836,-0.685854,-1.879438,-2.173464,-2.070072,0.000000,42.170876
0.022056,0.419144,-0.198544,0.287613,0.287601,-0.891244,-0.994929,-0.870656,-1.898305,-2.381650,-2.256052,0.000000,42.292160
0.305808,0.436874,-0.436865,0.992713,0.992718,-1.240714,-1.817389,-1.673222,-2.497818,-3.228486,-3.083590,1.000000,42.712002
0.152872,0.305741,-0.305741,0.021848,0.021837,-0.816765,-1.576759,-1.605878,-2.182787,-3.016375,-3.039961,0.000000,42.721329
-0.218202,0.240011,-0.305483,0.087357,0.809490,-1.101651,-2.070154,-2.234123,-2.577152,-3.517794,-3.721729,1.000000,43.067154
0.239443,0.544188,-0.065300,0.240011,0.239995,-0.875323,-2.023354,-2.349842,-2.457977,-3.496244,-3.844797,0.000000,43.170513
-0.523784,0.065469,-0.742034,-0.261208,-0.261201,-0.260119,-1.456786,-1.923569,-2.039954,-2.966110,-3.474486,0.000000,43.057751
-0.694595,0.151941,-0.694595,0.545613,0.545602,-0.533094,-1.549220,-2.267222,-2.377313,-3.151089,-3.860896,0.000000,43.292675
0.132007,0.330026,-0.220029,-1.345776,-1.345777,0.818489,0.013956,-0.761018,-0.980301,-1.561870,-2.355892,-1.000000,42.710052
-1.184512,0.113893,-1.389524,-3.410339,-3.410331,3.498854,3.372570,2.656420,2.422733,2.064503,1.186409,-1.000000,41.253498
-0.362985,0.249539,-0.635215,0.410023,0.410021,2.232302,2.769818,2.151341,1.886023,1.772780,0.851902,0.000000,41.422646
-0.295121,0.090808,-0.635639,-0.068065,-0.068067,1.498301,2.622951,2.168000,1.887557,1.816659,1.027115,0.000000,41.394451
-1.025526,0.000000,-1.185050,-0.385921,-0.385936,0.893358,2.662276,2.540689,2.181228,2.174617,1.551007,0.000000,41.234695
-0.160732,0.436287,-0.275543,-0.752056,-0.752027,0.785295,3.001140,3.179999,2.872749,2.828833,2.408195,-1.000000,40.924599
0.303389,0.583431,-0.420070,-1.607350,-1.607363,1.941661,3.988337,4.584309,4.364367,4.334349,4.128205,-1.000000,40.266792
0.452819,0.643472,-0.071494,-2.077011,-2.077002,3.093415,5.245466,6.339266,6.257704,6.245678,6.277885,-1.000000,39.430450
2.004887,2.249384,0.000000,-2.526208,-2.526233,4.224948,6.770183,8.426106,8.583758,8.632712,8.752737,-1.000000,38.434345
-0.830194,2.037738,-2.540875,-2.811741,-2.811727,5.162267,8.269185,10.606629,11.186509,11.270678,11.519114,-1.000000,37.353676
3.256756,3.256756,-0.050495,-0.352199,-0.352204,3.544561,7.177485,10.012629,10.968626,11.193314,11.471774,0.000000,37.222115
0.099753,0.124698,-1.995010,1.237054,1.237071,0.907724,4.920193,7.715705,9.044336,9.398756,9.725819,1.000000,37.682579
-1.181975,0.073869,-1.231224,1.271828,1.271824,-1.024387,2.748082,5.487967,7.149632,7.627148,7.977274,1.000000,38.161835
-0.842627,0.024791,-1.115232,-0.640244,-0.640242,-0.659233,2.493182,5.263938,7.263205,7.919208,8.317994,-1.000000,37.917507
-0.074428,0.173654,-0.595388,-0.099125,-0.099136,-0.282805,1.709255,4.415779,6.731831,7.656933,8.056922,0.000000,37.879917
0.741880,1.151192,-0.358145,-3.026547,-3.026538,2.563314,3.742640,6.589916,9.247885,10.468494,10.987607,-1.000000,36.733467
-0.200899,0.025118,-0.929179,1.867485,1.867477,0.542446,1.079863,3.952790,6.490460,7.957373,8.563755,1.000000,37.419456
0.225056,0.800198,-0.275071,0.426926,0.426944,-0.195064,0.157521,2.829021,5.293804,7.009670,7.713967,0.000000,37.579216
0.127548,0.510207,-0.382658,-1.975496,-1.975523,1.229604,1.742359,4.076541,6.571440,8.573897,9.442617,-1.000000,36.836830
-0.049778,0.224048,-0.697035,2.474482,2.474485,-1.284527,-0.609893,0.947654,3.263644,5.426155,6.479372,1.000000,37.748352
2.221667,2.221667,-0.124820,-0.273829,-0.273811,-0.529217,-0.224672,0.644023,2.874427,5.176225,6.406497,0.000000,37.644993
0.050340,0.327211,-0.377543,-0.823767,-0.823770,0.251695,0.510945,0.956451,3.204122,5.435685,6.876881,-1.000000,37.334885
-0.328275,0.126273,-0.555548,-0.327214,-0.327206,0.383830,0.585852,0.890565,2.977264,5.141406,6.783609,0.000000,37.212723
-0.025408,0.432025,-0.304950,-0.631313,-0.631322,1.097842,0.970777,1.268956,3.034308,5.151716,6.982981,-1.000000,36.977791
-0.830403,0.150974,-1.082036,0.991116,0.991127,-0.110732,-0.163580,0.273426,1.502245,3.482616,5.453930,1.000000,37.344288
-0.437956,0.097326,-0.851577,3.422234,3.422210,-2.909960,-2.978088,-2.802905,-2.154488,-0.364951,1.610719,1.000000,38.622288
0.024377,0.950522,-0.511818,-0.170314,-0.170298,-2.110652,-2.517673,-2.485989,-2.209364,-0.474780,1.394096,0.000000,38.556515
0.394769,0.986926,-0.098685,-1.218621,-1.218637,-0.444104,-1.181830,-1.296147,-1.179362,0.402676,2.200028,-1.000000,38.086651
0.565537,0.614704,-0.393410,0.345421,0.345436,-0.137695,-1.160561,-1.583477,-1.547825,-0.275389,1.426111,0.000000,38.218216
0.278131,0.328700,-0.935522,-2.753870,-2.753886,2.594191,1.481682,1.075444,1.214930,2.110758,3.748853,-1.000000,37.165730
0.304180,0.380221,-0.532317,-0.252839,-0.252824,2.017734,1.584277,1.392472,1.451197,1.953857,3.504850,0.000000,37.071766
-0.332654,0.383823,-1.228260,-0.937894,-0.937905,1.985668,2.379735,2.226204,2.281220,2.533266,4.073696,-1.000000,36.724068
0.124938,0.974513,-0.374815,2.405317,2.405319,-0.664665,0.079964,-0.169912,-0.194898,-0.068962,1.291025,1.000000,37.607399
1.296069,1.296069,-0.203299,-1.674168,-1.674160,0.355781,1.783990,1.555274,1.377384,1.474970,2.617536,-1.000000,36.977791
-1.206937,0.125723,-1.609251,1.067349,1.067333,-0.593402,0.716629,0.415737,0.238886,0.405343,1.189351,1.000000,37.372467
-0.024519,0.073570,-0.809215,2.539600,2.539613,-2.403140,-1.856302,-1.953570,-2.036535,-1.966648,-1.543238,1.000000,38.321583
0.563173,0.661119,-0.759062,0.147133,0.147147,-1.684637,-2.047028,-1.916435,-2.055595,-2.038210,-1.851956,0.000000,38.377972
-2.114361,0.000000,-2.378659,1.909890,1.909874,-2.758286,-3.620852,-3.431039,-3.695335,-3.777026,-3.718561,1.000000,39.110943
-0.518748,0.023575,-0.613058,1.898128,1.898123,-3.126617,-5.005890,-4.748875,-5.110817,-5.375141,-5.393376,1.000000,39.853317
0.023591,0.566300,-0.094387,-0.070736,-0.070734,-1.826331,-4.270881,-4.266163,-4.782913,-5.112786,-5.119550,0.000000,39.825127
-0.659607,0.047114,-0.965842,0.165172,0.165192,-1.201427,-3.722042,-4.212031,-4.658437,-4.952666,-5.053019,0.000000,39.890915
-1.794874,0.023305,-2.121212,1.060073,1.060058,-1.277392,-3.841496,-4.926190,-5.289048,-5.662475,-5.831395,1.000000,40.313782
-0.328097,0.492156,-0.468706,-0.536140,-0.536137,-0.253102,-2.702131,-4.079367,-4.418794,-4.902741,-5.162876,-1.000000,40.097645
-0.324074,0.578704,-0.393523,1.242098,1.242085,-1.111103,-3.004623,-4.865735,-5.145827,-5.699068,-6.106475,1.000000,40.595692
-0.487699,0.603806,-0.487699,-0.324074,-0.324069,-0.473754,-1.925219,-4.013004,-4.451928,-5.124011,-5.588325,0.000000,40.464134
-0.092788,0.394335,-0.115982,0.116117,0.116128,-0.283005,-1.498499,-3.558348,-4.329631,-4.951064,-5.387003,0.000000,40.511124
-0.489317,0.088970,-0.867436,4.291343,4.291345,-3.469756,-4.635236,-6.654810,-7.829188,-8.396802,-8.899026,1.000000,42.249596
-0.663568,0.066364,-0.774161,0.556050,0.556048,-2.879896,-4.368505,-6.405666,-7.821282,-8.406993,-9.017920,1.000000,42.484524
0.044160,0.242881,-0.463676,0.176956,0.176940,-2.128495,-3.901514,-5.696614,-7.474049,-8.044152,-8.730397,0.000000,42.559696
0.287295,0.309390,-0.243096,-0.088322,-0.088314,-1.074029,-3.182317,-4.805890,-6.762429,-7.475800,-8.275504,0.000000,42.522110
0.508737,0.663568,-0.022115,-0.088400,-0.088392,-0.057513,-2.486179,-4.068424,-6.042915,-7.030307,-7.814646,0.000000,42.484524
-0.371833,0.415571,-0.459324,1.128073,1.128063,-0.839894,-2.957128,-4.426944,-6.364827,-7.657041,-8.406239,1.000000,42.963776
0.770251,0.946303,-0.308099,-0.612428,-0.612430,-0.127636,-1.749552,-3.277574,-5.191453,-6.655802,-7.413431,-1.000000,42.700653
0.264898,0.551876,-0.110373,-0.308099,-0.308084,0.185424,-0.982345,-2.553353,-4.241727,-5.958505,-6.689483,0.000000,42.569099
0.200044,0.466768,-0.155599,-0.684320,-0.684339,0.760174,0.128924,-1.495140,-3.001771,-4.826844,-5.657548,-1.000000,42.277782
0.646882,0.892255,-0.736119,-0.355635,0.412141,0.331294,0.175145,-1.497255,-2.913416,-4.710532,-5.744065,0.000000,42.452026
-0.222278,0.133356,-0.377866,0.356904,0.356904,-0.194630,-0.098034,-1.489260,-2.762772,-4.497397,-5.762629,0.000000,42.603539
0.202475,0.854895,0.000000,-1.200269,-1.200259,0.728735,1.022406,0.023389,-1.227362,-2.911006,-4.300592,-1.000000,42.092186
0.022428,0.313910,-0.515693,0.337451,0.337440,0.231398,0.605598,-0.054354,-1.277671,-2.739685,-4.305472,0.000000,42.234222
-0.830153,0.067305,-1.032082,-0.067260,-0.067263,0.264758,0.598373,0.288027,-0.929190,-2.216147,-3.843005,0.000000,42.205814
0.248029,0.360767,-0.270570,-0.493610,-0.493600,0.545660,0.981421,1.021449,-0.186953,-1.380984,-2.975066,0.000000,41.997486
0.090593,0.317099,-0.407703,-0.450949,-0.450951,0.620605,1.162436,1.408669,0.443905,-0.606068,-2.130203,0.000000,41.808098
0.184412,0.553246,-0.852935,-1.744057,-1.744064,1.913325,2.563311,2.980583,2.346246,1.349826,-0.111296,-1.000000,41.078938
-0.349816,0.186562,-0.652992,-1.152605,-1.152593,2.299432,3.275644,3.860522,3.540840,2.605691,1.351237,-1.000000,40.605465
-1.143796,0.116711,-1.190472,-0.093286,-0.093298,1.587308,2.950520,3.636315,3.650282,2.774716,1.708418,0.000000,40.567581
-0.391971,0.391981,-0.507256,1.237159,1.237165,-0.106061,1.355778,2.140130,2.451603,1.633548,0.688522,1.000000,41.069469
0.680754,0.985920,0.000000,-1.775423,-1.775421,0.971832,2.626762,3.552770,4.066781,3.473217,2.670628,-1.000000,40.340313
0.071426,0.357148,-0.333331,-1.408446,-1.408467,1.757158,3.509540,4.541229,5.212475,4.918686,4.192783,-1.000000,39.772133
-1.105885,0.000000,-1.152946,1.190476,1.190492,0.381173,1.797648,2.926433,3.687171,3.649538,2.999462,1.000000,40.245617
0.233588,0.630696,-0.210231,0.729414,0.729411,-0.359731,0.649383,1.895198,2.691771,2.906386,2.312325,1.000000,40.539173
-1.412357,0.069465,-1.458666,0.887638,0.887655,-1.319762,-0.504756,0.745534,1.594411,2.038906,1.494297,1.000000,40.899021
-0.414174,0.207087,-0.460196,0.625145,0.625132,-1.537046,-1.281637,-0.115046,0.743467,1.298573,0.931875,1.000000,41.154694
-0.252702,0.482433,-0.252702,0.161068,0.161078,-0.992424,-1.405934,-0.416578,0.401973,1.013054,0.860397,0.000000,41.220985
0.601151,0.901732,-0.184976,-0.643232,-0.643245,-0.004619,-0.682079,0.020042,0.855033,1.510379,1.542688,-1.000000,40.955833
-1.160631,0.185696,-1.183849,-0.393059,-0.393048,0.515313,-0.234460,0.184142,1.071251,1.741578,1.970397,0.000000,40.794857
0.045777,0.183111,-0.205999,1.415963,1.415936,-0.659170,-1.554112,-1.315307,-0.470338,0.213581,0.616119,1.000000,41.372486
0.390181,0.642639,-0.160661,-0.274660,-0.274646,-0.335090,-1.060360,-1.132274,-0.359187,0.324282,0.813176,0.000000,41.258858
1.423573,1.540257,-0.093342,-1.652518,-1.652506,1.022165,0.800464,0.446516,1.128352,1.800663,2.350417,-1.000000,40.577053
-0.325733,0.000000,-0.721270,0.303389,0.303383,0.590969,0.607257,0.158210,0.634014,1.309072,1.888546,0.000000,40.700157
0.325203,0.882697,-0.069684,0.162864,0.162869,0.413465,0.499415,0.027869,0.293840,0.996047,1.579316,0.000000,40.766445
1.709810,1.733553,-0.332463,-2.183503,-2.183504,1.904530,2.486338,2.061260,2.266675,2.992156,3.628790,-1.000000,39.876308
-1.961242,0.093385,-2.031293,1.709810,1.709790,-0.154087,0.616400,0.381361,0.393425,1.059081,1.689028,1.000000,40.558109
-0.300164,0.161625,-0.623413,1.120707,1.120733,-1.048266,-0.549539,-0.529528,-0.727327,-0.166256,0.424803,1.000000,41.012657
-0.210280,0.327103,-0.537381,-1.177562,-1.177568,0.046731,0.530373,0.702492,0.446260,0.855139,1.453737,-1.000000,40.529705
0.419972,1.189916,-0.653287,0.140192,0.140184,-0.181984,0.338312,0.569298,0.307981,0.554365,1.172813,0.000000,40.586521
0.563780,0.728215,-0.187921,-0.676624,-0.676629,0.714126,0.758760,1.157318,0.897354,1.072125,1.685077,-1.000000,40.311901
0.692953,1.051381,-0.143362,-1.691337,-1.691324,1.978496,2.081245,2.641180,2.543608,2.591160,3.184390,-1.000000,39.630096
-0.047700,0.357829,-1.073466,0.167264,0.167259,1.145041,1.688937,2.213745,2.362840,2.280540,2.810915,0.000000,39.696381
-0.141347,0.565366,-0.164900,1.264320,1.264317,-0.282687,0.294466,0.811937,1.078918,0.963016,1.358463,1.000000,40.198269
-0.808309,0.230954,-1.293296,2.002351,2.002347,-2.036947,-1.616620,-1.133172,-0.848720,-0.976435,-0.729013,1.000000,41.003178
0.326948,0.747312,-0.023351,-1.108543,-1.108541,-0.822045,-0.347965,-0.160357,0.219528,0.082209,0.264679,-1.000000,40.548641
0.830363,0.972714,0.000000,-1.564685,-1.564671,0.896782,1.074720,1.202044,1.657164,1.630354,1.700264,-1.000000,39.914188
1.302698,1.326381,-0.757932,0.166071,0.166069,0.871618,0.648973,0.934779,1.333483,1.482702,1.440068,0.000000,39.980473
-0.494115,0.117645,-1.223529,0.663190,0.663184,0.230590,-0.084706,0.194511,0.577648,0.814119,0.741961,1.000000,40.245617
-1.060403,0.000000,-1.106498,2.070591,2.070588,-1.765787,-1.991701,-1.787305,-1.428077,-1.178422,-1.260181,1.000000,41.078938
-0.069163,0.368834,-0.207469,0.000000,0.000000,-1.507603,-1.804979,-1.592131,-1.463807,-1.160903,-1.259412,0.000000,41.078938
-0.230251,0.138158,-0.437481,0.115258,0.115261,-1.031544,-1.554225,-1.613324,-1.593368,-1.277457,-1.309387,0.000000,41.126286
-0.363967,0.181988,-0.614195,1.220352,1.220358,-1.433124,-2.277073,-2.700944,-2.653551,-2.428575,-2.350624,1.000000,41.628174
0.594281,0.685712,0.000000,-0.477705,-0.477698,-0.388581,-1.510867,-2.089155,-2.098296,-1.914526,-1.786678,0.000000,41.429317
1.089984,1.113170,0.000000,-1.440002,-1.440021,0.946207,-0.113625,-0.618420,-0.659777,-0.477727,-0.327757,-1.000000,40.832726
