-0.365055,0.316381,-0.973475,0.760179,0.760171,0.871267,1.608671,1.809048,1.816877,1.963821,1.692493,1.000000,35.696850
0.535533,0.632906,-0.486857,-0.024332,-0.024333,0.374881,1.385105,1.772158,1.706553,1.891176,1.748691,0.000000,35.688164
0.993794,1.068323,0.000000,-2.020453,-2.020429,1.763960,3.018618,3.612408,3.577625,3.805383,3.734638,-1.000000,34.967110
-0.024680,0.271540,-0.814609,0.645958,0.645967,0.572682,2.009363,2.624847,2.720299,2.990879,2.969780,1.000000,35.192986
-1.327100,0.466950,-1.327100,0.444337,0.444304,0.083572,1.216528,1.941520,2.177453,2.402476,2.494605,0.000000,35.349350
-0.221839,0.172539,-0.591565,-0.294910,-0.294897,0.123243,1.143699,1.981755,2.366278,2.522157,2.746134,0.000000,35.245106
-1.116348,0.322496,-1.240387,-0.640865,-0.640861,0.386996,1.339608,2.343493,2.883890,2.996863,3.262399,-1.000000,35.019234
0.519414,0.593614,-0.024739,0.297690,0.297708,0.178069,0.744474,1.765991,2.407841,2.528790,2.815690,0.000000,35.123489
-1.357352,0.074035,-1.456071,0.222607,0.222595,-0.039492,0.254187,1.309631,1.939770,2.148064,2.464640,0.000000,35.201672
0.000000,0.573421,-0.199456,-1.011844,-1.011824,0.693076,1.111915,2.017754,2.734946,3.062546,3.351504,-1.000000,34.845493
0.049058,0.490559,-0.637729,1.645472,1.645438,-0.838835,-0.603374,0.152080,0.901402,1.323528,1.542887,1.000000,35.418854
-0.515082,0.098114,-0.760365,0.000000,0.000000,-0.613181,-0.679410,-0.073577,0.738292,1.255830,1.426788,0.000000,35.418854
1.416851,1.889142,-0.024855,-1.324503,-1.324504,0.621437,0.648780,1.037375,1.859314,2.457872,2.635682,-1.000000,34.949730
1.869164,2.232609,-0.051921,-4.250559,-4.250576,4.049867,4.600233,4.989640,5.939795,6.596076,6.884758,-1.000000,33.464165
1.035459,1.139009,-0.724833,0.285569,0.285577,2.987318,3.769106,4.319626,5.191572,5.934258,6.340507,0.000000,33.559731
-0.948859,0.606218,-1.027939,-1.786182,-1.786194,3.368492,4.963130,5.663359,6.559071,7.415948,7.962603,-1.000000,32.960289
-0.261788,0.026173,-1.256544,0.685298,0.685310,1.319368,3.696346,4.441549,5.316765,6.276450,6.943292,1.000000,33.186169
-0.464759,0.438941,-0.542215,1.387432,1.387448,-0.841741,1.838363,2.750665,3.502450,4.475080,5.214731,1.000000,33.646610
-0.687713,0.687725,-0.687713,1.368443,1.368465,-1.803386,0.142618,1.151281,1.807164,2.793663,3.521799,1.000000,34.107052
0.915790,0.941234,-0.050878,0.127364,0.127346,-1.582305,-0.188261,0.788597,1.490707,2.381065,3.154404,0.000000,34.150486
-0.126358,0.277988,-0.480159,0.661407,0.661414,-1.405111,-1.147350,-0.042130,0.631781,1.454625,2.258431,1.000000,34.376362
-0.151981,0.607905,-0.278625,-0.227445,-0.227453,-0.531911,-1.248741,0.045590,0.658559,1.415396,2.270342,0.000000,34.298172
-0.685627,0.126965,-0.990348,-0.253290,-0.253320,0.050814,-1.213797,0.121910,0.803731,1.445426,2.300682,0.000000,34.211288
0.327706,0.327706,-0.932692,0.736407,0.736429,-0.473903,-1.646076,-0.752873,-0.039065,0.509208,1.363757,1.000000,34.463230
0.576294,0.576294,-0.200446,0.604996,0.605004,-0.771743,-1.916820,-1.383122,-0.737915,-0.182416,0.572950,1.000000,34.671734
0.550681,0.575717,-0.300373,0.100228,0.100252,-0.680880,-1.511917,-1.618723,-0.914923,-0.396525,0.294504,0.000000,34.706493
-0.621891,0.348256,-0.746266,0.625782,0.625759,-0.940304,-1.626868,-2.325051,-1.544782,-1.103489,-0.490887,1.000000,34.923672
-0.580126,0.169205,-1.450324,2.910443,2.910433,-2.779780,-3.770838,-4.903710,-4.215609,-3.792112,-3.325270,1.000000,35.940102
-0.508595,0.121092,-0.557036,-0.193372,-0.193377,-1.806720,-3.092750,-4.272215,-3.936783,-3.530145,-3.162987,0.000000,35.870602
-0.120257,0.096193,-0.360755,0.702352,0.702361,-1.688310,-3.222706,-4.466895,-4.430021,-4.117367,-3.774254,1.000000,36.122543
0.096761,0.338655,-0.435414,-0.577205,-0.577202,-0.445092,-2.232706,-3.363974,-3.806246,-3.486214,-3.195454,-1.000000,35.914043
0.682768,0.780307,-0.316989,-0.798263,-0.798275,0.751047,-1.072896,-2.129546,-3.002914,-2.641293,-2.422159,-1.000000,35.627350
0.268620,0.757013,-0.024425,-0.146298,-0.146292,0.693526,-0.544565,-1.624743,-2.772895,-2.447863,-2.222221,0.000000,35.575230
-1.090380,0.096925,-1.138844,0.781438,0.781451,-0.096932,-0.928041,-2.062846,-3.193613,-3.131582,-2.918998,1.000000,35.853233
0.339803,0.339803,-0.242726,-0.169612,-0.169619,-0.111655,-0.446604,-1.590618,-2.717238,-2.861171,-2.712787,0.000000,35.792419
1.005148,1.054180,0.000000,-0.995146,-0.995141,0.622694,0.759981,-0.402068,-1.390054,-1.882825,-1.716932,-1.000000,35.436234
0.809017,0.809017,-0.269676,0.000000,0.000000,0.514829,0.904625,-0.187963,-1.072573,-1.880863,-1.677707,0.000000,35.436234
-0.888891,0.098768,-0.888891,-0.710961,-0.710962,1.012347,1.412341,0.711108,-0.145682,-1.151612,-0.967907,-1.000000,35.184296
-0.498507,0.024930,-1.146558,-0.938274,-0.938282,1.395822,2.081263,1.739789,0.907285,-0.055828,-0.063139,-1.000000,34.854168
-0.450450,0.175175,-0.450450,-0.398804,-0.398805,1.181190,2.084592,2.155497,1.392650,0.477483,0.324495,0.000000,34.715168
0.374620,0.499503,-0.249755,0.200205,0.200212,0.604391,1.555939,1.966362,1.248746,0.486509,0.063263,0.000000,34.784672
-0.549855,0.624844,-0.774799,-0.074933,-0.074935,0.289931,1.382161,2.011168,1.390907,0.742820,0.074984,0.000000,34.758606
0.099002,0.247520,-0.569317,0.974766,0.974763,-0.727726,0.267327,0.866335,0.538366,-0.064357,-0.877066,1.000000,35.097420
-0.369736,0.073941,-0.640865,0.420787,0.420789,-0.921863,-0.325361,0.325366,0.228004,-0.353954,-1.123983,0.000000,35.245106
-0.713049,0.000000,-0.983521,0.246483,0.246491,-0.816328,-0.700763,-0.070487,0.074993,-0.465209,-1.199904,0.000000,35.331982
-0.173611,0.372026,-0.173611,-0.860580,-0.860597,0.183539,0.044652,0.628317,0.989593,0.473224,-0.145492,-1.000000,35.027916
-0.455696,0.379752,-0.455696,-2.033730,-1.165987,1.285082,0.989003,1.621390,2.137079,1.695676,1.170542,-1.000000,34.619495
-0.302951,0.353444,-0.479684,0.278484,0.278470,0.784021,0.573637,1.174169,1.677130,1.471412,0.992265,0.000000,34.715900
-0.075534,0.503517,-0.201415,0.277708,0.277743,0.256236,0.283054,0.694605,1.243513,1.230474,0.780073,0.000000,34.812321
-0.277710,0.126228,-0.353446,-0.276939,-0.276974,0.179763,0.561794,0.767548,1.322117,1.516723,1.114272,0.000000,34.715900
0.403226,0.403226,-0.126006,0.176721,0.176737,-0.141131,0.382245,0.463445,0.979920,1.345761,0.974306,0.000000,34.777256
0.580659,0.883610,-0.126231,-0.176409,-0.176426,0.090896,0.547356,0.502672,1.027117,1.500937,1.192874,0.000000,34.715900
-0.633553,0.101371,-1.216419,-0.378697,-0.378656,0.395318,0.781207,0.769048,1.267875,1.729944,1.613470,0.000000,34.584446
0.176768,0.176768,-0.555548,0.354787,0.354761,-0.020198,0.269937,0.384581,0.744777,1.236233,1.277685,0.000000,34.707138
0.610216,0.711922,-0.025431,-0.681808,-0.681811,0.523773,0.708363,1.026393,1.244635,1.739506,1.953488,-1.000000,34.470501
-0.228833,0.228823,-0.584805,0.000000,0.000000,0.345792,0.546655,0.965632,1.104554,1.571995,1.930668,0.000000,34.470501
0.825380,0.876969,-0.154761,-1.423854,-1.423867,1.361895,1.810694,2.271193,2.350616,2.845177,3.310386,-1.000000,33.979687
-0.360554,0.103005,-0.386304,0.154764,0.154778,0.880756,1.452483,1.904492,2.023191,2.504890,2.963867,0.000000,34.032280
-0.687713,0.178309,-0.738658,1.107381,1.107387,-0.397352,0.224146,0.626410,0.841108,1.214325,1.694571,1.000000,34.409149
0.357779,0.587784,-0.127777,-0.331118,-0.331113,-0.168681,0.434438,0.759166,1.114889,1.375946,1.854806,0.000000,34.295216
0.468875,1.146140,-0.052097,-1.891137,-1.891141,1.265952,2.034382,2.427713,2.894860,3.117313,3.593525,-1.000000,33.646645
-0.367451,0.262475,-0.524924,-0.755408,-0.755433,1.685064,2.414724,2.962405,3.473521,3.657407,4.158970,-1.000000,33.392467
-0.897100,0.158303,-0.923491,-0.524924,-0.524888,1.730851,2.543513,3.204905,3.736487,3.967486,4.471944,-1.000000,33.217194
-0.053149,0.212591,-0.265751,-0.712404,-0.712417,1.594471,2.755776,3.575157,4.137509,4.486243,4.931219,-1.000000,32.980549
0.585112,1.090426,-0.186168,-0.079732,-0.079741,0.861713,2.377671,3.301431,3.859853,4.355887,4.727877,0.000000,32.954250
-0.508573,0.267661,-0.695939,-0.638290,-0.638273,0.958231,2.508017,3.551022,4.178253,4.776941,5.126542,-1.000000,32.743912
-0.080469,0.134128,-0.402355,-0.214138,-0.214141,0.734980,2.328323,3.356578,4.104073,4.746565,5.070324,0.000000,32.673794
0.320165,0.880472,-0.400208,0.536483,0.536482,-0.026684,1.422088,2.452858,3.264403,3.913840,4.272685,0.000000,32.849083
-0.477707,0.000000,-0.955414,0.533618,0.533619,-0.530789,0.464433,1.569350,2.445588,3.093298,3.534528,0.000000,33.024372
-0.468019,0.000000,-0.676022,2.070061,2.070038,-2.100864,-1.747252,-0.641341,0.218427,0.809794,1.335191,1.000000,33.707989
-0.418739,0.026176,-0.523426,-0.650026,-0.649997,-1.015450,-1.151541,-0.186698,0.681749,1.285517,1.869199,-1.000000,33.488888
0.104934,0.262335,-0.183631,-0.235540,-0.235532,-0.341043,-0.912920,-0.064724,0.724012,1.379835,1.975150,0.000000,33.410011
-0.260558,0.156326,-0.651381,0.682062,0.682056,-0.547171,-1.459107,-0.819886,-0.099026,0.564861,1.139702,1.000000,33.637886
0.180645,0.180645,-0.283874,0.964041,0.964020,-0.944506,-2.110959,-1.854615,-1.162574,-0.495478,0.048086,1.000000,33.962162
-0.358054,0.102304,-0.434778,0.903221,0.903214,-1.503815,-2.603561,-2.738260,-2.076709,-1.438346,-0.950878,1.000000,34.268913
-2.250005,0.024995,-2.650002,2.301796,2.301815,-2.825003,-4.135004,-4.658339,-4.196256,-3.624006,-3.176673,1.000000,35.057720
1.160773,1.185475,-0.148190,1.225005,1.225017,-2.830346,-4.502364,-5.418640,-5.143265,-4.703404,-4.266919,1.000000,35.487183
0.720320,0.720320,-0.024834,-0.568051,-0.568059,-1.341285,-3.266271,-4.487500,-4.423749,-4.079488,-3.666174,-1.000000,35.285595
0.550003,0.575000,-0.325003,-0.645797,-0.645802,-0.075001,-2.057502,-3.471669,-3.710003,-3.416005,-3.016672,-1.000000,35.057720
0.227046,0.479321,-0.201811,-0.900002,-0.900004,1.104951,-0.870329,-2.251932,-2.771190,-2.507568,-2.133368,-1.000000,34.742199
0.101929,0.458705,-0.229358,-1.009074,-1.009084,1.748224,0.402656,-0.936115,-1.671761,-1.522934,-1.173121,-1.000000,34.391621
0.177350,0.380030,-0.329367,0.586134,0.586140,0.638460,0.159616,-1.143484,-2.071192,-2.025843,-1.760832,1.000000,34.593204
-0.025619,0.204976,-0.384315,-1.114776,-1.114748,1.142692,1.455269,0.235695,-0.822466,-0.900868,-0.690091,-1.000000,34.207577
2.995750,3.393422,-0.212094,-3.356387,-3.356403,3.446441,4.705717,3.723921,2.633870,2.377507,2.592776,-1.000000,33.059433
-0.660851,0.000000,-0.978068,0.291625,0.291623,2.188735,4.065550,3.311297,2.365837,1.942362,2.162292,0.000000,33.155842
-0.719235,0.000000,-0.879068,-0.766590,-0.766580,2.072449,4.214159,3.990395,3.180590,2.639299,2.792557,-1.000000,32.901676
-0.105571,0.158358,-0.316704,0.932333,0.932305,0.295617,2.565339,2.989373,2.308013,1.669058,1.765652,1.000000,33.208420
-0.211747,0.158817,-0.344089,-0.290314,-0.290315,-0.074096,2.207535,3.183359,2.645596,1.952371,1.969311,0.000000,33.112011
-0.503987,0.371350,-0.557027,-0.211747,-0.211748,0.127330,1.814336,3.216635,2.866059,2.176138,2.047756,0.000000,33.041897
0.373829,0.614150,0.000000,-0.663130,-0.663137,0.592800,1.909230,3.611947,3.417910,2.842208,2.579456,-1.000000,32.822784
-0.375635,0.268310,-0.590290,-0.480644,-0.480620,0.933713,1.872818,3.624003,3.791251,3.329216,2.974685,0.000000,32.665031
-1.176780,0.240709,-1.176780,0.321972,0.321959,0.342340,0.989582,2.738713,3.360537,3.009373,2.580917,0.000000,32.770199
-0.398306,0.106216,-0.531070,0.722121,0.722123,-0.440787,-0.098242,1.541873,2.523905,2.289971,1.824224,1.000000,33.006840
-0.371058,0.026509,-0.689104,0.185874,0.185886,-0.609604,-0.280951,0.952376,2.198511,2.105482,1.644133,0.000000,33.068195
0.239298,0.558359,0.000000,-0.318047,-0.318043,-0.207403,-0.021285,0.914640,2.326499,2.340857,1.969324,0.000000,32.963024
-0.449384,0.026429,-0.766590,0.584953,0.584952,-0.491684,-0.526054,0.079291,1.444610,1.705514,1.417734,1.000000,33.155842
-0.740355,0.000000,-0.970123,3.542152,3.542154,-2.986979,-3.602253,-3.395458,-2.194284,-1.666585,-1.890906,1.000000,34.330273
0.076120,0.329868,-0.329868,0.612719,0.612713,-2.689669,-3.775696,-3.919482,-2.897744,-2.160876,-2.325131,1.000000,34.540619
-0.204024,0.229533,-0.408059,-0.507488,-0.507487,-1.438404,-2.899772,-3.176063,-2.503189,-1.614895,-1.696847,-1.000000,34.365330
-0.225904,0.527106,-0.401606,1.606736,1.606730,-1.877505,-3.835339,-4.370817,-4.019827,-3.096383,-3.135874,1.000000,34.917488
0.100505,0.276384,-0.201000,-0.100404,-0.100400,-0.788944,-3.103015,-3.896151,-3.853015,-3.019095,-2.905360,0.000000,34.882431
0.550829,0.575861,-0.175263,0.351759,0.351753,-0.751122,-2.804199,-3.890833,-4.131191,-3.414116,-3.093802,0.000000,35.005131
-0.176723,0.227215,-0.429190,-0.826234,-0.826253,0.176737,-1.502126,-2.782110,-3.259261,-2.675064,-2.182933,-1.000000,34.715900
-0.997263,0.299175,-1.047125,1.262307,1.262318,-0.623284,-2.136616,-3.593445,-4.167284,-3.877330,-3.289280,1.000000,35.154125
-0.372388,0.099307,-0.546172,0.423829,0.423834,-0.824229,-1.886785,-3.531936,-4.267621,-4.219456,-3.599792,0.000000,35.303120
0.627038,0.727366,-0.326052,-1.017875,-1.017851,0.230729,-0.366207,-2.105191,-2.990988,-3.171322,-2.619361,-1.000000,34.943787
0.176234,0.377638,-0.226586,-0.376218,-0.376221,0.498472,0.148523,-1.344426,-2.394278,-2.780479,-2.316229,0.000000,34.812321
-0.484936,0.127616,-0.663609,-1.359519,-1.359547,1.664129,1.470150,0.273965,-0.870329,-1.425203,-1.061752,-1.000000,34.339031
-0.504416,0.000000,-0.807062,1.199597,1.199632,0.226967,0.378285,-0.591868,-1.799520,-2.399016,-2.264000,1.000000,34.750973
-0.328451,0.303181,-0.606372,-0.176545,-0.176571,0.050540,0.490147,-0.084216,-1.356744,-2.049520,-2.096175,0.000000,34.689613
0.256471,0.743773,-0.025653,-1.490652,-0.566161,0.358959,0.949484,0.743170,-0.530079,-1.307243,-1.528908,-1.000000,34.493214
1.120375,1.328812,-0.234497,-1.564506,-1.564490,1.448182,2.244225,2.270373,1.225115,0.349121,-0.026647,-1.000000,33.953571
-0.337665,0.000000,-0.753249,0.312660,0.312662,0.967974,1.732890,1.857482,1.064174,0.147646,-0.352721,0.000000,34.059731
0.129632,0.207420,-0.103710,0.181818,0.181787,0.415889,1.245701,1.625044,1.035154,0.092498,-0.429771,0.000000,34.121647
0.414615,0.518272,-0.336877,0.051854,0.051873,0.041462,0.852320,1.420402,1.155053,0.194861,-0.385366,0.000000,34.139347
-0.904855,0.000000,-1.085838,0.233221,0.233244,-0.351620,0.405820,1.055138,1.075007,0.143353,-0.488850,0.000000,34.218975
-0.025758,0.231769,-0.231780,0.387802,0.387814,-0.504793,-0.116159,0.537930,0.687654,-0.059364,-0.762340,0.000000,34.351681
0.000000,0.128436,-0.333935,0.257528,0.257510,-0.539435,-0.343352,0.226320,0.414452,-0.149592,-0.888686,0.000000,34.440140
0.382073,0.433016,-0.203765,0.847670,0.847659,-1.023928,-1.186441,-0.697127,-0.376770,-0.797244,-1.559539,1.000000,34.732075
0.409417,0.562940,-0.051180,-0.458472,-0.458461,-0.317299,-0.765108,-0.380584,0.032224,-0.154091,-0.937418,0.000000,34.572842
1.255761,1.255761,-0.307529,-0.153536,-0.153537,0.010254,-0.604822,-0.309287,0.133515,0.157490,-0.605989,0.000000,34.519760
0.000000,0.128436,-0.385310,-0.230651,-0.230651,0.292831,-0.233757,-0.150863,0.282983,0.401798,-0.214578,0.000000,34.440140
-0.179949,0.102820,-0.385609,-0.077056,-0.077082,0.354770,-0.053970,-0.059394,0.316419,0.464484,-0.001344,0.000000,34.413593
0.000000,0.355872,-0.127095,1.131100,1.131111,-0.726987,-0.976095,-1.167253,-0.856046,-0.608886,-0.953648,1.000000,34.802849
0.384019,0.409626,-0.204816,-0.711741,-0.711746,-0.025595,-0.145916,-0.484715,-0.253564,0.061654,-0.090053,-1.000000,34.555141
0.332568,0.588386,-0.051164,0.076802,0.076813,-0.066517,-0.117674,-0.544042,-0.382479,-0.049935,-0.029301,0.000000,34.581684
0.356607,0.534903,0.000000,0.434889,0.434886,-0.331125,-0.440645,-0.825259,-0.825378,-0.514169,-0.423616,0.000000,34.732075
0.051496,0.412053,-0.412063,-1.095252,-1.095224,0.736514,0.636077,0.329613,0.274675,0.545079,0.660712,-1.000000,34.351681
-0.771007,0.128499,-0.796715,0.206021,0.205972,0.308425,0.339267,0.181641,0.020840,0.253384,0.459334,0.000000,34.422436
-0.309276,0.128863,-0.798961,-0.282706,-0.282682,0.458764,0.551546,0.501722,0.251290,0.423618,0.686596,0.000000,34.325130
0.257064,0.796907,-0.154247,0.257740,0.257721,0.102837,0.262220,0.281076,-0.017983,0.103845,0.382360,0.000000,34.413593
-0.831439,0.075591,-0.831439,2.030841,2.030857,-1.672964,-1.541951,-1.570503,-1.843031,-1.854462,-1.605494,1.000000,35.112484
-0.502386,0.025117,-0.602866,0.302348,0.302340,-1.477018,-1.610146,-1.719831,-1.974372,-2.050398,-1.854500,0.000000,35.218643
0.329356,0.557380,-0.228021,-0.854057,-0.854039,-0.344579,-0.729681,-0.837779,-1.015971,-1.187546,-1.031633,-1.000000,34.917862
0.590044,0.769623,-0.282199,-1.241452,-1.241479,1.000526,0.497707,0.391670,0.278368,0.030803,0.133342,-1.000000,34.484364
0.390933,0.573367,-0.182434,-1.564908,-1.564892,2.329946,1.907743,1.874731,1.832166,1.556429,1.627125,-1.000000,33.944721
0.078419,0.235233,-0.313641,-0.286685,-0.286681,1.876633,1.939363,2.050880,2.050447,1.835863,1.824282,0.000000,33.847408
-0.233342,0.362974,-0.233342,0.810251,0.810222,0.414849,1.052651,1.173647,1.183587,1.024657,0.984674,1.000000,34.121647
0.026128,0.235174,-0.470342,-0.777807,-0.777782,0.574854,1.677550,1.780331,1.847400,1.785212,1.688182,-1.000000,33.856255
-0.960535,0.103845,-1.583593,0.653253,0.653256,-0.316726,0.944957,1.026302,1.113703,1.117341,0.968327,1.000000,34.077423
-0.723146,0.051655,-0.903931,0.519213,0.519209,-0.650832,0.377062,0.440769,0.552684,0.599174,0.423554,0.000000,34.254356
-0.717760,0.179451,-0.743391,0.748959,0.748968,-1.004876,-0.543455,-0.348631,-0.184571,-0.130224,-0.269162,1.000000,34.510910
0.256142,0.563517,-0.153691,0.076911,0.076924,-0.840180,-0.817132,-0.389368,-0.243362,-0.195717,-0.299712,0.000000,34.537457
-0.279614,0.203350,-0.406711,0.768440,0.768418,-1.052356,-1.606506,-1.076087,-1.004064,-0.948649,-0.994741,1.000000,34.802849
-0.177395,0.076034,-0.481498,0.305031,0.305018,-0.876819,-1.784070,-1.265401,-1.254418,-1.211336,-1.222315,0.000000,34.909004
0.575285,0.600303,-0.075035,1.317793,1.317809,-1.535768,-2.658832,-2.369520,-2.427466,-2.400202,-2.398699,1.000000,35.369038
-0.298134,0.173913,-0.621118,0.675338,0.675328,-1.580117,-2.817385,-2.931671,-2.958999,-2.923720,-2.935809,1.000000,35.607895
0.248576,0.273428,-0.223716,-0.049689,-0.049677,-0.939606,-2.356454,-2.813826,-2.736770,-2.743231,-2.779853,0.000000,35.590206
0.050659,0.177302,-0.455930,-1.864280,-1.864283,1.013166,-0.195036,-0.965894,-0.816872,-0.881461,-0.914388,-1.000000,34.926704
0.304643,0.507746,-0.228484,-0.227966,-0.227975,1.208436,0.253880,-0.670213,-0.515352,-0.621469,-0.661750,0.000000,34.847080
0.305883,0.611779,0.000000,-0.406192,-0.406175,1.238837,0.792750,-0.118968,-0.067562,-0.201897,-0.238774,0.000000,34.705540
-0.252970,0.151786,-0.278272,0.764718,0.764696,0.106261,0.159385,-0.662776,-0.846181,-0.931938,-0.945261,1.000000,34.970932
0.128180,0.128180,-0.384509,-1.315459,-1.315441,0.815172,1.486793,0.736561,0.372978,0.407071,0.384514,-1.000000,34.510910
-0.957059,0.129330,-1.060528,-0.897201,-0.897197,1.303662,2.229682,1.715803,1.176915,1.290211,1.234685,-1.000000,34.201279
-0.794467,0.076881,-0.794467,0.931195,0.931196,0.179388,1.173746,0.862795,0.248578,0.378255,0.297272,1.000000,34.519760
-0.363256,0.882200,-0.363256,-1.230136,-1.230148,1.069019,2.060196,2.087873,1.519198,1.591072,1.498873,-1.000000,34.095116
0.256090,0.256090,-0.486551,1.323295,1.323307,-0.496801,0.419969,0.761410,0.294486,0.198711,0.155348,1.000000,34.546299
-0.234192,0.208165,-0.702576,-1.587706,-1.587713,0.806665,1.571688,2.281200,1.894351,1.671607,1.736486,-1.000000,33.997803
-0.434677,0.025564,-0.741501,1.769454,1.769470,-0.715942,-0.288946,0.463629,0.230100,-0.132980,-0.015363,1.000000,34.599384
0.569498,0.802480,-0.181206,-1.227308,-1.227351,0.315842,0.753326,1.568753,1.489798,1.071728,1.212378,-1.000000,34.174728
0.876531,0.876531,-0.525918,3.365257,3.365300,-2.253955,-2.351627,-1.746403,-1.662924,-2.062625,-1.996843,1.000000,35.324810
-0.123302,0.246617,-0.271270,1.552715,1.552702,-3.008628,-3.593091,-3.199341,-2.976571,-3.334156,-3.424579,1.000000,35.873299
-0.024671,0.074024,-0.468786,-0.049322,-0.049332,-1.924490,-3.170478,-3.102218,-2.744871,-3.093007,-3.317698,0.000000,35.855602
1.854672,1.905488,0.000000,-2.886746,-2.886704,1.117852,-0.114361,-0.242243,0.148591,-0.101662,-0.453121,-1.000000,34.820557
0.896295,0.921898,-0.102435,-0.787607,-0.787632,2.135726,0.686298,0.491675,0.891161,0.745706,0.343143,-1.000000,34.546299
0.000000,0.102698,-0.590501,-0.256077,-0.256082,1.894738,1.050064,0.701752,1.017968,1.027980,0.650401,0.000000,34.457832
0.131001,0.628771,-0.288177,-2.002575,-2.002598,2.729922,2.884493,2.522080,2.809826,3.004481,2.699354,-1.000000,33.767780
0.555553,0.740749,-0.370368,-0.969345,-0.969303,2.290994,3.724852,3.312154,3.494691,3.881462,3.636665,-1.000000,33.440468
-0.830212,0.535621,-1.071240,-1.216929,-1.216957,2.469208,4.528664,4.349234,4.483137,4.946981,4.830395,-1.000000,33.033512
1.408072,1.543461,-0.081229,-1.098018,-1.098015,2.458707,5.228819,5.130433,5.310052,5.838077,5.850713,-1.000000,32.670799
0.215977,0.485961,-0.107994,0.297864,0.297859,1.123111,4.136076,4.548244,4.701681,5.206270,5.385175,0.000000,32.768112
-0.408499,0.245098,-0.408499,-0.863931,0.122702,0.414294,3.074248,4.066960,4.243785,4.736013,5.083040,0.000000,32.808319
-0.748858,0.294199,-1.016317,1.824613,1.824626,-1.405127,0.494252,2.084243,2.210580,2.597804,3.087224,1.000000,33.406948
-0.608302,0.079341,-0.872788,1.123300,1.123296,-2.057089,-0.929422,0.789008,1.013180,1.322613,1.841404,1.000000,33.782207
-0.316453,0.052745,-0.553795,0.290920,0.290908,-1.627097,-1.413310,0.438757,0.625835,0.914595,1.444808,0.000000,33.880482
-0.967065,0.156827,-1.071615,0.896625,0.896631,-1.672760,-2.369440,-0.676236,-0.255351,-0.043192,0.427777,1.000000,34.184265
0.131961,0.422275,-0.263917,-0.967065,-0.967059,-0.095015,-1.390701,-0.104052,0.616363,0.800879,1.235732,-1.000000,33.853683
-0.709593,0.078852,-0.709593,0.422275,0.422255,-0.168188,-1.641739,-0.888634,0.193119,0.316523,0.653808,0.000000,33.996632
-0.446434,0.105034,-0.551478,0.078852,0.078858,-0.105046,-1.428286,-1.122919,0.029532,0.216570,0.486003,0.000000,34.023441
-0.025795,0.232198,-0.670790,1.785704,1.785698,-1.424139,-2.591575,-2.841285,-1.659481,-1.528752,-1.297692,1.000000,34.630997
0.129030,0.619360,-0.154841,-0.025795,-0.025789,-1.145807,-2.030965,-2.784598,-1.735601,-1.442470,-1.280268,0.000000,34.622066
-0.435781,0.205081,-0.769031,0.670963,0.670971,-1.230459,-2.096899,-3.224703,-2.536702,-2.064000,-1.949382,1.000000,34.854370
0.102304,0.690540,-0.179026,0.230710,0.230726,-0.920732,-1.884926,-3.162311,-2.892848,-2.182160,-2.134644,0.000000,34.934788
-0.177755,0.736407,-0.355508,0.716120,0.716109,-0.964966,-2.183861,-3.443198,-3.531512,-2.811090,-2.737292,1.000000,35.184959
0.050543,0.429623,-0.404347,0.482476,0.482485,-1.031093,-2.236558,-3.400739,-3.880393,-3.144256,-3.125594,0.000000,35.354721
0.586882,0.688951,-0.127584,-0.960326,-0.960344,0.153112,-1.051283,-2.036228,-2.868774,-2.240458,-2.098657,-1.000000,35.015194
-0.634679,0.152328,-0.786994,0.510334,0.510338,-0.162470,-1.172886,-2.081745,-3.159348,-2.814048,-2.534413,0.000000,35.193890
-0.151671,0.429724,-0.455005,0.431587,0.431589,-0.358950,-1.215879,-2.136845,-3.305980,-3.289385,-2.826133,0.000000,35.345783
0.674271,1.115148,-0.129676,-2.527806,-2.527832,1.799812,1.470456,0.530793,-0.592422,-0.824058,-0.320268,-1.000000,34.452301
-0.227388,0.075793,-0.328451,2.645231,2.645240,-0.818592,-0.937333,-1.780353,-2.773489,-3.287441,-2.777018,1.000000,35.363647
-0.254523,0.381771,-0.279972,-0.732696,-0.732699,-0.035626,-0.068706,-0.880619,-1.723072,-2.499910,-2.080324,-1.000000,35.104538
-0.330119,0.203144,-0.406298,0.229066,0.229090,-0.269187,-0.203158,-0.854930,-1.609965,-2.561651,-2.369348,0.000000,35.184959
-0.227966,0.050659,-0.759878,0.253933,0.253938,-0.562326,-0.359687,-0.864585,-1.594491,-2.600505,-2.671572,0.000000,35.274307
0.589137,0.819672,-0.665989,-1.114486,-1.114508,0.804310,0.676236,0.416674,-0.327862,-1.290865,-1.568820,-1.000000,34.881172
0.206820,0.672179,-0.206830,-0.922134,-0.922122,1.277145,1.383140,1.337469,0.698033,-0.153569,-0.651442,-1.000000,34.559525
-0.957813,0.103539,-0.957813,-0.129263,-0.129247,1.066515,1.369381,1.447906,0.876242,0.178080,-0.517363,0.000000,34.514858
0.573071,0.729354,-0.364676,-0.621284,-0.621318,1.182620,1.742659,1.974493,1.572042,0.978399,0.156366,-1.000000,34.300411
-0.129676,0.440869,-0.518672,0.442829,0.442823,0.259351,1.034767,1.431554,1.190372,0.654583,-0.187297,0.000000,34.452301
-0.594006,0.129130,-0.594006,0.414938,0.414951,-0.320246,0.658578,0.898765,0.854861,0.332650,-0.449281,0.000000,34.595261
-0.669076,0.308798,-0.669076,0.361570,0.361584,-0.586732,0.110645,0.413440,0.504367,0.067928,-0.611176,0.000000,34.720352
0.937991,1.276701,-0.521107,-1.235203,-1.235215,0.526312,1.125591,1.528576,1.713137,1.331947,0.779924,-1.000000,34.291481
-0.548587,0.339606,-0.757568,-0.260558,-0.260555,0.731453,1.102408,1.600492,1.883497,1.637414,1.179038,0.000000,34.202133
0.285262,0.855804,-0.025939,0.731458,0.731440,0.000013,0.129682,0.689849,1.073669,0.952300,0.545488,1.000000,34.452301
-0.076783,0.153573,-0.793453,1.322611,1.322632,-1.126187,-1.169698,-0.537498,-0.285386,-0.264141,-0.659500,1.000000,34.907978
-1.004273,0.251062,-1.154916,1.945232,1.945226,-2.525739,-2.766761,-2.393506,-2.155411,-2.059753,-2.395179,1.000000,35.587017
0.249496,0.349299,-0.449102,0.627668,0.627681,-2.285443,-3.011493,-2.870937,-2.654704,-2.537935,-2.852640,1.000000,35.810390
-0.371842,0.446207,-0.495788,0.648698,0.648683,-1.893898,-3.153195,-3.338286,-3.164348,-3.034202,-3.276312,1.000000,36.042686
-0.706114,0.340879,-0.779158,1.809618,1.809657,-2.415412,-4.263481,-4.798341,-4.701759,-4.565892,-4.750455,1.000000,36.694935
0.364788,0.437743,-0.170233,0.121741,0.121703,-1.536951,-3.796197,-4.576840,-4.506315,-4.512637,-4.619803,0.000000,36.739594
-0.609162,0.194927,-0.609162,-0.194548,-0.194539,-0.755359,-3.077489,-4.007477,-4.142304,-4.183240,-4.248703,0.000000,36.668121
0.121979,0.243957,-0.121988,-0.121830,-0.121822,-0.190298,-2.322529,-3.506561,-3.818016,-3.890718,-3.949756,0.000000,36.623451
-0.171356,0.097922,-0.514073,-0.341556,-0.341560,0.401476,-1.358627,-2.774378,-3.308445,-3.418360,-3.470419,0.000000,36.498360
0.443678,0.862702,-0.024646,-0.685430,-0.685434,0.847918,-0.182398,-1.773067,-2.506780,-2.652208,-2.683428,-1.000000,36.248188
0.073447,0.489599,-0.097912,0.690160,0.690164,0.024483,-0.430841,-2.098734,-2.953488,-3.095227,-3.230518,1.000000,36.498360
-0.784039,0.356384,-0.831547,3.035501,3.035517,-2.423392,-2.827289,-4.471389,-5.407479,-5.711589,-5.881860,1.000000,37.606274
-0.141436,0.094298,-0.730780,0.784029,0.784013,-2.508246,-3.031584,-4.579598,-5.696605,-6.149928,-6.360207,1.000000,37.901112
0.854703,1.115862,-0.118706,-0.707211,-0.707209,-1.210825,-1.918327,-3.292182,-4.582150,-5.221276,-5.477212,-1.000000,37.633072
0.378698,0.710057,-0.118341,0.308644,0.308657,-0.719537,-1.940842,-3.007508,-4.439069,-5.250668,-5.555836,0.000000,37.749229
0.373919,0.373919,-0.467401,1.278109,1.278076,-1.065653,-2.788019,-3.651929,-5.169420,-6.095806,-6.418155,1.000000,38.231693
0.282950,0.282950,-0.424428,-0.888060,-0.888038,-0.028300,-1.593967,-2.383090,-3.901209,-4.902625,-5.357235,-1.000000,37.892181
-0.070529,0.023503,-0.634699,0.306534,0.306517,-0.277378,-1.530316,-2.295869,-3.705917,-4.825571,-5.391782,0.000000,38.008327
-0.898763,0.141913,-0.922422,-0.611194,-0.611200,0.411557,-0.586548,-1.389132,-2.640711,-3.872264,-4.581346,-1.000000,37.776020
-0.070968,0.354857,-0.141947,-0.023649,-0.023639,0.444758,-0.160865,-1.176558,-2.178844,-3.498458,-4.338771,0.000000,37.767090
0.330588,0.354196,-0.330576,0.189255,0.189273,0.047214,0.004715,-1.169626,-1.976394,-3.337907,-4.258962,0.000000,37.838573
-0.141579,0.235958,-0.259559,0.070845,0.070825,-0.037754,0.002363,-1.028781,-1.744920,-3.074087,-4.035705,0.000000,37.865372
-0.431956,0.407972,-0.935923,-1.675326,-1.675317,1.247899,1.526280,0.766342,0.119995,-1.106788,-2.157426,-1.000000,37.231007
-0.167544,0.143612,-0.574433,0.263981,0.263987,0.741977,1.177591,0.649429,0.028719,-1.032077,-2.144572,0.000000,37.329292
-0.637246,0.070812,-0.755251,1.412159,1.412159,-0.613645,-0.202981,-0.468889,-1.210767,-2.050511,-3.207463,1.000000,37.856441
-0.047038,0.352863,-0.235234,0.330420,0.330409,-0.865671,-0.597500,-0.536335,-1.372609,-2.049391,-3.229036,0.000000,37.981522
0.140124,0.186833,-0.490423,0.729245,0.729252,-1.377864,-1.221397,-1.142772,-1.878797,-2.479217,-3.621364,1.000000,38.258503
-0.327483,0.163743,-0.678365,-0.163475,-0.163472,-0.711115,-1.010533,-0.929441,-1.512286,-2.069712,-3.122812,0.000000,38.195961
-0.094960,0.522320,-0.094960,-1.473687,-1.473687,0.935421,0.432097,0.552387,0.111584,-0.435899,-1.369898,-1.000000,37.633072
-0.543604,0.212718,-0.661787,0.451097,0.451087,0.453796,-0.009451,0.110298,-0.132354,-0.765774,-1.517369,0.000000,37.802830
0.261099,0.569661,0.000000,-0.425431,-0.425428,0.702588,0.365535,0.433577,0.446238,-0.245905,-0.854498,0.000000,37.642006
-0.495865,0.141681,-0.543091,0.522186,1.471154,-0.790267,-1.003087,-0.969545,-0.932888,-1.532184,-2.064268,1.000000,38.195778
-0.352446,0.258452,-0.352446,0.495875,0.495856,-1.181190,-1.190866,-1.392720,-1.358641,-1.834449,-2.323900,0.000000,38.385174
0.304666,0.328106,-0.304657,0.258452,0.258457,-0.993517,-1.145441,-1.524210,-1.502324,-1.881087,-2.364212,0.000000,38.484383
0.069765,0.255816,-0.162791,0.773382,0.773399,-1.248384,-1.665452,-2.105508,-2.125105,-2.372773,-2.934145,1.000000,38.782021
0.116169,0.162639,-0.255579,0.093026,0.093010,-0.734200,-1.541317,-2.028251,-2.140522,-2.224455,-2.845860,0.000000,38.818092
-0.046371,0.347781,-0.092745,0.209108,0.209111,-0.579646,-1.582053,-2.055502,-2.215282,-2.295530,-2.857406,0.000000,38.899265
0.391250,0.598384,-0.230156,0.741943,0.741950,-0.902193,-2.053768,-2.443945,-2.784953,-2.883766,-3.354716,1.000000,39.187878
-0.227432,0.000000,-0.545829,1.196778,1.196763,-1.482820,-2.701764,-3.206367,-3.697488,-3.828142,-4.232167,1.000000,39.656864
0.295515,0.318252,-0.250059,0.045488,0.045490,-1.077516,-2.274152,-2.944818,-3.500846,-3.677725,-3.987813,0.000000,39.674904
-0.091926,0.390719,-0.505624,-1.091166,-1.091166,0.229841,-0.788315,-1.659967,-2.257448,-2.512114,-2.695551,-1.000000,39.241985
-0.137462,0.160364,-0.274921,0.321774,0.321775,0.146619,-0.808707,-1.787459,-2.380076,-2.674823,-2.858460,0.000000,39.368256
0.253924,0.277006,-0.161588,-0.756018,-0.756018,0.849492,0.122348,-0.890054,-1.401008,-1.824666,-2.018681,-1.000000,39.070625
-0.462751,0.138820,-0.462751,-0.230838,-0.230841,0.735771,0.481263,-0.430304,-0.961083,-1.473921,-1.676759,0.000000,38.980434
0.162602,0.511036,-0.162599,-0.393341,-0.393336,0.696864,0.889665,0.138756,-0.444990,-0.975648,-1.195955,0.000000,38.827110
-0.465660,0.325958,-0.512226,-0.232283,-0.232289,0.670548,1.103611,0.560345,-0.115693,-0.652327,-0.922435,0.000000,38.736919
-0.276114,0.046022,-0.345140,1.187423,1.187446,-0.598266,-0.006918,-0.449470,-1.168144,-1.682302,-1.974167,1.000000,39.196899
-0.184285,0.276432,-0.230359,-0.115046,-0.115063,-0.442294,0.099054,-0.204254,-0.932226,-1.372804,-1.763892,0.000000,39.151798
-0.184242,0.138190,-0.391520,0.023032,0.023033,-0.373096,-0.050666,-0.112080,-0.759979,-1.208439,-1.668642,0.000000,39.160816
-0.252525,0.137736,-0.344355,0.322439,0.322460,-0.459155,-0.470639,-0.347437,-0.890061,-1.380317,-1.855736,0.000000,39.287094
0.230357,0.276432,-0.276432,-0.344355,-0.344378,0.096759,-0.149733,0.053752,-0.354756,-0.919956,-1.404775,0.000000,39.151798
-0.618264,0.091598,-0.801461,0.598936,0.598935,-0.403014,-0.739632,-0.459501,-0.796880,-1.395312,-1.863063,1.000000,39.386292
-0.092918,0.464578,-0.348425,-1.419737,-1.419738,0.864118,0.627183,0.912121,0.688738,0.089798,-0.312683,-1.000000,38.827110
-0.254800,0.023169,-0.347459,0.278743,0.278761,0.467911,0.335872,0.508058,0.466749,-0.054649,-0.452303,0.000000,38.935345
-0.757578,0.000000,-0.757578,0.903412,0.903418,-0.431608,-0.445382,-0.457629,-0.368480,-0.798370,-1.222199,1.000000,39.287094
0.369001,0.461255,-0.115314,-0.459137,-0.459146,0.004605,0.108387,-0.021537,0.127985,-0.190973,-0.670665,0.000000,39.106709
-0.182436,0.000000,-0.478903,1.130067,1.130067,-1.030784,-0.921324,-1.108328,-0.908786,-1.169448,-1.671872,1.000000,39.548641
0.206235,0.366636,-0.229143,-0.478903,-0.478922,-0.284125,-0.391829,-0.583551,-0.410165,-0.594858,-1.100173,0.000000,39.359234
-0.183281,0.206186,-0.343647,0.022922,0.022922,-0.087048,-0.361963,-0.540660,-0.469642,-0.527832,-0.975919,0.000000,39.368256
-0.319197,0.273596,-0.342002,0.481097,0.481116,-0.428646,-0.770644,-0.893763,-0.961025,-0.925686,-1.302187,0.000000,39.557663
-0.477054,0.045436,-0.772376,0.364795,0.364789,-0.490689,-0.992732,-1.091929,-1.263066,-1.196734,-1.487966,0.000000,39.701965
0.067946,0.588897,-0.113259,0.295325,0.295323,-0.647797,-1.175540,-1.278977,-1.497175,-1.395251,-1.642137,0.000000,39.819214
0.159019,0.386186,-0.068146,-0.294455,-0.294453,-0.181735,-0.663333,-0.895049,-1.126763,-1.052254,-1.241107,0.000000,39.701965
0.045139,0.112841,-0.406229,0.658794,0.658816,-0.537142,-1.056216,-1.409787,-1.650894,-1.669177,-1.764114,1.000000,39.963528
0.271737,0.520831,0.000000,-0.338526,-0.338569,-0.063384,-0.584219,-0.984281,-1.191105,-1.319730,-1.342829,0.000000,39.828224
0.091389,0.502632,-0.228472,-0.883152,-0.883138,0.712823,0.395252,-0.047212,-0.217039,-0.416721,-0.408193,-1.000000,39.476486
0.022904,0.068704,-1.030449,-0.228472,-0.228475,0.723620,0.583936,0.181678,0.035505,-0.186846,-0.138911,0.000000,39.386292
-0.069052,0.138083,-0.253167,-0.503771,-0.503764,0.971228,1.049480,0.750287,0.546603,0.330491,0.366700,-1.000000,39.187878
-0.137105,0.182820,-0.274221,0.713457,0.713471,0.004557,0.358768,0.126440,-0.126836,-0.330905,-0.360310,1.000000,39.467472
-0.524035,0.273409,-0.660745,0.297077,0.297067,-0.414675,0.068352,-0.119998,-0.385055,-0.549557,-0.663024,0.000000,39.584717
-0.364545,0.091139,-0.455685,0.000000,0.000000,-0.359992,0.038733,-0.039494,-0.330372,-0.463888,-0.634164,0.000000,39.584717
-0.340295,0.362976,-0.340295,0.432907,0.432894,-0.603442,-0.408344,-0.435567,-0.713470,-0.836656,-1.029942,0.000000,39.756077
-0.228776,0.137271,-0.388922,-0.839390,-0.839394,0.356912,0.363775,0.417921,0.202487,0.030214,-0.162420,-1.000000,39.422367
-0.298158,0.160550,-0.344030,-0.251661,-0.251657,0.536705,0.454136,0.663621,0.504600,0.299096,0.118514,0.000000,39.323158
-0.552482,0.115108,-0.644565,-0.366970,-0.366964,0.699814,0.658381,0.969924,0.860962,0.657463,0.517193,0.000000,39.178856
0.000000,0.234749,-0.469474,-1.933704,-1.933694,2.079802,2.368538,2.738649,2.760559,2.566193,2.471827,-1.000000,38.421257
-0.560481,0.186833,-0.840731,0.516437,0.516417,0.966841,1.644100,2.003746,2.112340,1.959843,1.895542,0.000000,38.619671
0.023243,0.209207,-0.209205,0.467071,0.467062,0.176673,1.071610,1.374571,1.565569,1.483051,1.391620,0.000000,38.800049
0.469266,0.586579,-0.328482,-0.929802,-0.929772,0.656955,1.752684,2.061616,2.397925,2.383848,2.280610,-1.000000,38.439297
-0.116412,0.232824,-0.465660,0.774289,0.774265,-0.344582,0.752042,1.089646,1.505247,1.540405,1.447429,1.000000,38.736919
1.289869,1.618206,-0.023447,-0.721774,-0.721766,0.398686,1.191370,1.647908,2.081384,2.211075,2.124772,-1.000000,38.457329
-0.608904,0.163932,-0.819679,0.140718,0.140725,0.201396,0.725984,1.353622,1.768143,1.959712,1.905537,0.000000,38.511448
-0.628492,0.139667,-0.814707,0.608895,0.608902,-0.432968,-0.058205,0.664173,1.028854,1.279321,1.281805,1.000000,38.745945
-0.365882,0.045735,-0.708900,1.792367,1.792366,-1.678489,-1.788256,-1.112901,-0.816384,-0.496693,-0.458884,1.000000,39.440414
0.530198,0.599350,-0.023057,-0.800364,-0.800372,-0.686951,-1.009685,-0.393427,-0.106044,0.261869,0.330411,-1.000000,39.124744
0.395163,0.441653,-0.464900,-0.829878,-0.829897,0.320801,-0.083666,0.305299,0.642741,1.007921,1.143672,-1.000000,38.800049
0.472816,0.709218,-0.378251,-1.673642,-1.673619,1.839241,1.494085,1.732066,2.193849,2.552242,2.743101,-1.000000,38.150684
0.305301,0.328790,-0.352283,0.661946,0.661936,0.991075,0.723345,0.886173,1.419679,1.742601,1.984499,1.000000,38.403217
0.701096,0.724461,-0.116847,0.493187,0.493188,0.056086,0.268755,0.264859,0.808599,1.101191,1.416999,0.000000,38.592617
0.593401,0.712079,-0.284840,-1.542416,-1.542430,1.030153,1.644922,1.628306,2.178982,2.492299,2.868912,-1.000000,37.997353
0.680766,0.996839,0.000000,-2.373605,-2.373600,2.567474,3.749096,3.860934,4.327746,4.727456,5.135756,-1.000000,37.095448
-0.364161,0.509840,-0.437002,0.145874,0.145870,1.879107,3.231382,3.445835,3.824972,4.334078,4.743077,0.000000,37.149559
0.712708,0.835586,-0.540668,-1.213887,-1.213869,2.202006,3.941996,4.335215,4.729659,5.344799,5.757350,-1.000000,36.698612
0.466151,0.539750,-0.245334,0.172030,0.172023,1.030421,3.034841,3.851821,4.201429,4.869486,5.285417,0.000000,36.761742
-1.279528,0.196855,-1.304129,-0.294404,0.653843,-0.163809,1.791878,2.864644,3.230403,3.909073,4.346897,1.000000,37.002106
1.281106,1.281106,-0.147822,-0.123029,-0.123001,-0.116003,1.418421,2.720604,3.159373,3.752585,4.248119,0.000000,36.956593
-0.936424,0.000000,-1.158208,-0.024632,-0.024651,-0.200760,1.117776,2.463735,2.958517,3.474103,4.053798,0.000000,36.947483
-0.049213,0.246070,-0.246058,0.147849,0.147840,-0.184044,0.589847,1.998289,2.563576,3.059718,3.703287,0.000000,37.002106
-0.197001,0.098500,-0.393992,-0.073814,-0.073796,0.004916,0.226587,1.629058,2.441280,2.881779,3.555154,0.000000,36.974800
0.098224,0.221022,-0.319256,0.270869,0.270863,-0.225933,-0.292950,0.985941,1.940418,2.376874,3.049771,0.000000,37.074951
0.170898,0.292976,-0.195308,0.589386,0.589374,-0.629871,-0.824058,0.124922,1.187086,1.656062,2.241187,1.000000,37.293461
0.756100,1.048780,-0.414629,0.097659,0.097674,-0.521957,-0.872526,-0.119363,0.930090,1.418664,1.924777,0.000000,37.329887
0.097245,0.218818,-0.048626,0.317076,0.317062,-0.598097,-0.985650,-0.605053,0.437825,0.953728,1.426913,0.000000,37.448246
-0.048347,0.072524,-0.193372,0.583511,0.583528,-0.807355,-1.319803,-1.345552,-0.380297,0.286014,0.691910,1.000000,37.666767
-0.024275,0.194224,-0.267048,-0.435098,-0.435097,-0.145674,-0.755042,-1.002334,-0.161193,0.592642,0.982968,0.000000,37.502880
-0.265508,0.193092,-0.506877,0.582668,0.582667,-0.497229,-1.127210,-1.465192,-0.882527,-0.068122,0.336137,1.000000,37.721397
0.316844,0.560563,-0.170607,-0.965486,-0.965489,0.487449,-0.053621,-0.467520,-0.022431,0.782525,1.201667,-1.000000,37.357201
-0.241143,0.385821,-0.434049,1.072391,1.072390,-0.414759,-0.913918,-1.336554,-1.168671,-0.391470,0.035895,1.000000,37.757816
-0.096179,0.384708,-0.144268,0.289363,0.289363,-0.596295,-0.964176,-1.426627,-1.549628,-0.845065,-0.303108,0.000000,37.867073
0.024059,0.336862,-0.072190,-0.072130,-0.072129,-0.346489,-0.690573,-1.207897,-1.499390,-0.909328,-0.310177,0.000000,37.839760
-0.024107,0.241017,-0.192822,-0.168429,-0.168437,-0.149431,-0.395274,-0.896602,-1.243119,-0.850573,-0.202098,0.000000,37.776024
-0.216138,0.072044,-0.816523,0.361526,0.361544,-0.216145,-0.600393,-1.083904,-1.498250,-1.232870,-0.614263,0.000000,37.912601
0.071785,0.095719,-0.335006,0.360235,0.360223,-0.421153,-0.799234,-1.255486,-1.674328,-1.624595,-1.032030,0.000000,38.049171
0.237694,0.309011,-0.166389,0.670014,0.670020,-0.855718,-1.293086,-1.681330,-2.127413,-2.309471,-1.789606,1.000000,38.304108
0.427046,1.115058,-0.118633,0.190164,0.190165,-0.763944,-1.252676,-1.641766,-2.134055,-2.455326,-2.040966,0.000000,38.376949
-0.284358,0.023692,-0.568725,0.118622,0.118626,-0.545028,-1.187212,-1.562411,-2.059254,-2.432752,-2.189789,0.000000,38.422474
0.023976,0.623496,-0.095926,-1.184834,-1.184843,0.676262,0.158274,-0.270185,-0.750603,-1.176727,-1.033102,-1.000000,37.967228
-0.024156,0.169123,-0.314088,-0.743410,-0.743394,1.237008,0.889094,0.518633,0.083340,-0.331882,-0.355408,-1.000000,37.684982
-0.193335,0.048335,-0.362496,-0.024156,-0.024182,0.927998,0.862747,0.544557,0.200588,-0.210723,-0.412415,0.000000,37.675869
-0.484264,0.290554,-0.508472,-0.193335,-0.193328,0.711873,0.995166,0.757070,0.464897,0.046494,-0.254466,0.000000,37.603031
-0.024199,0.193616,-0.411418,0.048429,0.048440,0.237167,0.905127,0.690539,0.459819,0.068723,-0.256172,0.000000,37.621246
-0.120890,0.241775,-0.435206,0.096808,0.096815,-0.024191,0.739833,0.646343,0.406174,0.047371,-0.307670,0.000000,37.657669
-0.434678,0.120741,-0.772760,0.120887,0.120870,-0.135229,0.526449,0.515179,0.318768,0.000968,-0.339209,0.000000,37.703186
0.893524,1.042437,-0.024825,-2.704658,-2.704665,2.099786,2.879137,3.094243,2.973451,2.749076,2.424098,-1.000000,36.683441
-0.494196,0.296513,-0.543615,0.446761,0.446749,1.235501,2.006444,2.456161,2.426509,2.267377,1.954552,0.000000,36.847324
0.371566,0.569728,-0.123852,-0.247102,-0.247087,1.015611,1.805804,2.524988,2.548932,2.462233,2.188927,0.000000,36.756279
-0.320673,0.000000,-0.419344,0.421110,0.421112,0.187464,1.092749,1.914162,2.058463,1.987175,1.757113,0.000000,36.911064
0.300308,0.525523,-0.150143,-1.430691,-1.430693,0.915916,2.202208,3.088098,3.350861,3.350360,3.177352,-1.000000,36.382980
-0.649184,0.049940,-0.873903,0.225225,0.225226,0.569287,1.640454,2.520191,2.926351,2.986275,2.898883,0.000000,36.464924
0.635486,0.737166,-0.152519,-1.772782,-1.772780,1.809861,2.976615,3.894258,4.501784,4.656842,4.639047,-1.000000,35.818481
-0.151212,0.176411,-0.730849,0.864260,0.864266,0.589712,1.680942,2.580642,3.378275,3.583668,3.634910,1.000000,36.128048
-0.683893,0.151978,-0.835861,-0.504032,-0.504027,0.562300,1.719846,2.725422,3.628412,3.951361,4.031569,-1.000000,35.945953
-0.151212,0.680446,-0.302417,0.506586,0.506580,-0.085687,0.771163,1.920359,2.840220,3.246975,3.385415,0.000000,36.128048
0.536533,0.664290,-0.255488,-1.360890,-1.360907,0.827814,1.867667,2.945000,3.884791,4.421071,4.621889,-1.000000,35.636379
0.231481,0.257199,-0.617289,-0.664277,-0.664257,1.265425,2.139907,3.218440,4.158942,4.843614,5.123449,-1.000000,35.399662
-0.207098,0.336518,-0.362410,-0.643004,-0.643020,1.377175,2.350511,3.422217,4.370962,5.225999,5.562180,-1.000000,35.172035
-0.333509,0.000000,-0.718315,0.906029,0.906038,0.210363,1.031297,2.086538,3.084916,4.008211,4.439031,1.000000,35.490707
0.782062,1.016681,0.000000,-1.590557,-1.590563,1.141815,2.247136,3.206466,4.356103,5.331601,5.856801,-1.000000,34.926205
-1.526334,0.025436,-1.602648,2.476538,2.476533,-1.215969,-0.412101,0.546093,1.570855,2.505225,3.105242,1.000000,35.791164
0.902532,1.315116,-0.206287,-1.348262,-1.348241,0.082506,0.804530,1.629696,2.634081,3.558527,4.275393,-1.000000,35.308613
0.601161,0.967075,-0.026132,-1.340900,-1.340914,1.249352,1.803457,2.643325,3.629124,4.554112,5.411231,-1.000000,34.835155
0.682230,0.997116,-0.078717,-0.392047,-0.392055,1.191293,1.844666,2.622241,3.610607,4.588830,5.517372,0.000000,34.698582
-0.078686,0.655652,-0.209814,0.052480,0.052483,1.017572,1.384738,2.248452,3.126149,4.191979,5.142064,0.000000,34.716793
0.737225,1.000529,-1.395469,-0.393394,-0.393383,0.716161,1.479721,2.288920,3.229325,4.245388,5.198347,0.000000,34.580223
-0.538503,0.726982,-0.969305,-2.211693,-2.211703,2.110936,3.306415,4.207512,5.115787,6.155099,7.127995,-1.000000,33.815411
-0.607501,0.316955,-1.056529,1.938616,1.938607,-0.042254,1.138414,1.905276,2.785273,3.770746,4.708589,1.000000,34.470959
-1.440542,0.104770,-1.466739,0.845217,0.845219,-0.843367,0.081203,0.824176,1.614731,2.567847,3.523673,1.000000,34.762314
-1.213846,0.077477,-1.265498,1.414356,1.414382,-1.921506,-1.221609,-0.747263,0.037432,0.859486,1.850018,1.000000,35.253986
0.261991,0.785965,-0.052387,-1.420462,-1.420463,-0.408707,-0.096943,0.513484,1.232636,2.090639,3.037282,-1.000000,34.753216
0.887091,1.021508,-0.134406,-2.541255,-2.541264,2.220425,2.083326,2.833326,3.584672,4.401069,5.356625,-1.000000,33.870045
-0.671862,0.188121,-0.698732,0.026876,0.026873,1.843596,1.773718,2.551287,3.224942,4.033327,4.960139,0.000000,33.879147
-0.955924,0.053107,-1.115236,1.209355,1.209384,0.350487,0.438104,1.092200,1.749839,2.484305,3.378445,1.000000,34.288876
-0.104632,0.130785,-0.523152,1.513542,1.513511,-1.402031,-1.033216,-0.437699,0.043162,0.775310,1.559859,1.000000,34.807842
0.760548,1.075269,-0.393394,-0.261572,-0.261576,-1.164429,-0.734325,-0.382896,0.173096,0.838189,1.637384,0.000000,34.716793
-1.205448,0.393084,-1.257862,0.078676,0.078674,-0.738983,-0.545064,-0.569524,0.000007,0.635229,1.355703,0.000000,34.744106
0.103279,0.258203,-0.309835,1.493711,1.493715,-1.414918,-1.784141,-1.951972,-1.458814,-0.943968,-0.277129,1.000000,35.263084
0.235294,0.418301,-0.313723,-1.239349,-1.239353,0.130721,-0.533323,-0.697161,-0.317641,0.170464,0.774734,-1.000000,34.826050
-0.415153,0.155675,-0.726526,0.758173,0.758185,-0.461869,-1.328496,-1.373472,-1.044378,-0.701618,-0.106391,1.000000,35.090096
-0.207733,0.233706,-0.519338,-0.077849,0.874876,-0.940771,-2.002362,-2.075001,-1.958274,-1.589862,-1.073315,1.000000,35.397091
0.129844,0.571285,-0.103861,0.000000,0.000000,-0.571823,-1.570958,-1.777108,-1.945776,-1.590152,-1.112997,0.000000,35.397091
-0.596937,0.000000,-1.167913,0.051937,0.051956,-0.537392,-1.188268,-1.650316,-1.914763,-1.613760,-1.231415,0.000000,35.415482
0.128710,0.283143,-0.283130,0.830519,0.830529,-0.861791,-1.604309,-2.283558,-2.581117,-2.399635,-2.067022,1.000000,35.709618
0.127973,0.179163,-0.281549,0.566286,0.566270,-0.962380,-1.850941,-2.711659,-2.963280,-2.839422,-2.638534,1.000000,35.911831
0.077195,0.180131,-0.231603,-0.537494,-0.537505,-0.247035,-1.040006,-2.005683,-2.279502,-2.322459,-2.104691,-1.000000,35.718803
-0.433457,0.637430,-0.509946,0.926402,0.926411,-0.800611,-1.586201,-2.502096,-2.866595,-3.136819,-2.943173,1.000000,36.049706
-0.536406,0.153249,-0.791831,-0.178478,-0.178484,-0.306510,-1.209519,-1.937568,-2.482498,-2.835772,-2.694293,0.000000,35.985363
-0.916954,0.152832,-0.916954,0.280960,0.280973,-0.376975,-1.137037,-1.880234,-2.572258,-2.954171,-2.911898,0.000000,36.086472
-0.177215,0.050633,-0.405063,0.611314,0.611309,-0.764558,-1.402534,-2.201118,-3.019199,-3.368613,-3.375024,1.000000,36.307072
0.000000,0.302034,-0.604072,0.582278,0.582272,-0.901078,-1.666242,-2.438369,-3.338928,-3.715710,-3.868000,1.000000,36.518478
0.050469,0.378496,-0.075708,-0.251696,-0.251714,-0.444093,-1.135485,-1.884257,-2.744092,-3.186008,-3.523111,0.000000,36.426556
0.702985,0.903834,-0.075328,0.504671,0.504711,-0.602584,-1.305570,-2.131627,-2.859472,-3.438433,-3.845961,0.000000,36.610405
0.450563,0.575717,-0.200255,0.301278,0.301253,-0.555692,-1.326655,-2.081599,-2.820108,-3.515126,-3.951200,0.000000,36.720695
0.502515,0.628141,-0.125626,-0.375474,-0.375467,-0.030151,-0.771356,-1.440536,-2.211257,-3.006196,-3.419182,0.000000,36.582821
-0.049965,0.224831,-0.224831,0.577889,0.577875,-0.454647,-1.049199,-1.753671,-2.490803,-3.341595,-3.773517,1.000000,36.794224
-0.073814,0.442916,-0.221457,1.523857,1.523867,-1.451766,-2.185036,-2.878932,-3.604950,-4.419268,-4.902025,1.000000,37.354919
0.517494,0.517494,-0.073935,-0.147630,-0.147635,-0.936425,-1.688023,-2.398552,-3.189411,-3.911124,-4.508620,0.000000,37.299770
0.540002,0.736375,-0.147280,0.394283,0.394279,-0.937653,-1.710846,-2.472585,-3.219681,-3.951167,-4.644681,0.000000,37.446835
0.222222,0.271607,-0.345677,-0.589107,-0.589105,-0.004936,-0.881476,-1.659252,-2.359252,-3.122127,-3.903009,-1.000000,37.226234
1.157640,1.280791,-0.197039,0.246909,0.246920,0.029555,-0.911331,-1.615763,-2.342363,-3.081918,-3.910602,0.000000,37.318153
0.146275,0.316923,-0.316921,1.034488,1.034478,-0.809359,-1.587026,-2.330566,-3.036317,-3.760215,-4.555480,1.000000,37.704201
0.097994,0.710439,-0.367472,-0.487567,-0.487561,-0.205785,-0.862326,-1.579292,-2.280744,-3.048042,-3.764361,0.000000,37.520370
0.346199,0.618200,-0.346192,-0.930919,-0.930929,0.583588,0.190414,-0.459930,-1.165913,-1.884657,-2.601594,-1.000000,37.171082
0.669978,0.719605,-0.198506,-0.346192,-0.346167,0.833733,0.662515,0.018183,-0.669988,-1.333015,-2.062180,0.000000,37.042408
0.573137,0.946915,-0.124593,-0.421831,-0.421844,1.026658,1.113873,0.508342,-0.090959,-0.753555,-1.451245,0.000000,36.886147
2.140127,2.420385,-0.050955,-2.192876,-2.192880,2.389812,3.026752,2.697242,2.152868,1.547010,0.881441,-1.000000,36.077278
2.078999,2.286905,-0.207895,-1.961783,-1.961778,3.222451,4.542614,4.518359,4.109923,3.573802,2.910143,-1.000000,35.369522
-0.726526,1.504925,-0.934097,0.155928,0.155922,2.075769,3.809028,4.111743,3.854435,3.380383,2.806261,0.000000,35.424671
-0.878099,0.748959,-1.213846,0.467047,0.467050,0.785122,2.866732,3.441799,3.270915,2.863632,2.375168,0.000000,35.590122
-2.386335,0.000000,-2.411462,2.815083,2.815084,-2.135145,-0.148209,0.572714,0.453398,0.142672,-0.319020,1.000000,36.592014
-0.559078,0.508262,-0.940275,-1.155496,-1.155501,-0.940271,0.594671,1.529866,1.592129,1.326563,0.917416,-1.000000,36.169193
-0.201314,0.150974,-0.427786,0.991116,0.991106,-1.278303,-0.664312,0.392557,0.583800,0.391551,0.028526,1.000000,36.527668
-0.300976,0.326062,-0.677203,0.327119,0.327127,-0.933029,-1.131170,-0.080257,0.245802,0.125412,-0.212352,0.000000,36.647160
-0.150293,0.175361,-0.275544,0.125405,0.125399,-0.455903,-1.350188,-0.302259,0.135282,0.042097,-0.266353,0.000000,36.693115
-0.149955,0.274934,-0.274921,0.225451,0.225465,-0.579861,-1.602101,-0.624845,-0.092478,-0.154962,-0.394902,0.000000,36.775845
0.100530,0.452375,-0.075403,-0.549855,-0.549845,0.190983,-0.922360,-0.281495,0.353085,0.413151,0.203551,-1.000000,36.573635
0.610837,0.890807,-0.076363,-1.256597,-1.256618,1.236959,0.544671,0.727924,1.466025,1.636042,1.490629,-1.000000,36.114044
1.255118,1.255118,-0.051232,-0.636294,-0.636290,1.460040,1.316597,1.133880,1.898052,2.193646,2.121754,-1.000000,35.884254
0.516521,0.748959,-0.413223,-0.819672,-0.819669,1.678719,2.153921,1.697655,2.510326,2.926648,2.898583,-1.000000,35.590122
0.503439,0.847904,-0.450456,-2.530989,-2.531014,3.116077,4.258098,3.916287,4.793342,5.356669,5.394825,-1.000000,34.689331
0.664187,1.301812,-0.345380,-0.264979,-0.264966,2.247617,4.080776,3.907204,4.622755,5.317760,5.498597,0.000000,34.597416
-1.048498,0.052414,-1.258202,1.354950,1.354968,0.283078,2.272594,2.460449,2.874168,3.655032,3.941445,1.000000,35.066200
-0.872690,0.436350,-1.078024,2.123190,2.123170,-1.842907,-0.087257,0.402135,0.545446,1.317262,1.695770,1.000000,35.810715
0.674104,0.751882,-0.648172,-1.001024,-1.001005,-0.928195,0.572976,1.391400,1.337819,2.141553,2.617742,-1.000000,35.452248
0.204337,0.306508,-0.842917,1.503765,1.503755,-1.675611,-1.136657,-0.223079,-0.288637,0.480201,1.022559,1.000000,35.985363
1.019360,1.197750,-0.688076,0.229885,0.229888,-1.085630,-1.503575,-0.470615,-0.518610,0.068292,0.671927,0.000000,36.068089
-0.328368,0.227330,-0.656726,0.891942,0.891946,-1.232638,-2.298566,-1.375774,-1.257899,-0.940647,-0.301429,1.000000,36.389797
0.249818,0.599553,-0.649510,1.111389,1.111375,-1.783649,-3.125147,-2.433165,-2.157122,-2.070436,-1.456397,1.000000,36.794224
-0.246010,0.024595,-1.303820,1.548846,1.548855,-2.258305,-4.127927,-3.801562,-3.412059,-3.529648,-2.947114,1.000000,37.364113
-0.543068,0.172807,-0.987403,-0.344413,-0.344408,-1.249073,-3.112812,-3.386818,-2.991855,-3.158726,-2.619106,0.000000,37.235428
-0.809612,0.196276,-1.128555,0.617132,0.617127,-1.108927,-2.941604,-3.820736,-3.413883,-3.604511,-3.237647,1.000000,37.465218
-1.687872,0.220157,-1.712331,0.294414,0.294401,-0.768096,-2.558700,-3.843763,-3.557967,-3.652634,-3.516788,0.000000,37.575516
0.823245,1.186446,-0.048426,1.027392,1.027411,-1.162233,-2.983054,-4.456825,-4.365622,-4.365138,-4.428575,1.000000,37.961571
-1.827123,0.140550,-2.014516,3.365618,3.365606,-3.424686,-5.176851,-6.947759,-7.155066,-7.107046,-7.353785,1.000000,39.239208
-0.672847,0.440842,-0.696053,0.960410,0.960402,-3.141521,-5.162400,-7.003853,-7.679800,-7.685369,-8.005399,1.000000,39.616062
1.242379,1.289262,-0.187525,-1.020877,-1.020856,-1.251771,-3.382571,-5.260206,-6.391243,-6.422888,-6.790132,-1.000000,39.211639
-0.250686,0.068366,-0.820422,2.859824,2.859824,-2.629910,-5.091170,-7.023712,-8.470841,-8.647231,-8.971448,1.000000,40.333023
0.092232,0.553383,-0.368919,-1.162265,-1.162273,-0.530320,-3.204980,-5.252477,-6.895319,-7.250172,-7.529782,-1.000000,39.864243
-0.740912,0.162072,-1.180827,-0.415033,-0.415019,0.115757,-2.213488,-4.144490,-5.989826,-6.560790,-6.799426,0.000000,39.698799
-0.208817,0.000000,-0.742457,-0.208384,-0.208412,0.324846,-1.408338,-3.333318,-5.171678,-6.078871,-6.350333,0.000000,39.616062
0.070812,0.802455,-0.094399,-1.693733,-0.935222,1.289252,-0.023940,-1.880976,-3.684263,-4.919878,-5.204941,-1.000000,39.245564
-1.144595,0.070075,-1.331462,1.038475,1.038482,-0.094732,-0.527557,-2.340806,-4.095823,-5.540116,-5.916519,1.000000,39.653122
0.525190,0.763905,-0.334206,-2.149035,-2.149049,1.551363,1.873435,0.148823,-1.604199,-3.164860,-3.665183,-1.000000,38.800957
-1.483616,0.239287,-1.483616,-0.238716,-0.238698,1.282589,1.980041,0.619961,-0.948176,-2.610936,-3.261145,0.000000,38.708340
-0.237299,0.427150,-0.996673,0.837516,0.837515,0.142379,0.983538,0.091194,-1.380523,-2.974725,-3.871900,1.000000,39.032528
-0.071138,0.284570,-0.474264,0.071189,0.071177,-0.023703,0.872970,0.292248,-1.067641,-2.586709,-3.728063,0.000000,39.060310
-0.892440,0.023481,-1.009864,0.972265,0.972273,-1.094418,-0.324751,-0.358305,-1.633573,-3.081115,-4.373972,1.000000,39.440083
0.449390,0.520343,-0.543992,-0.704563,-0.704557,-0.208139,0.203237,0.553096,-0.633278,-2.051101,-3.416445,-1.000000,39.162205
-0.967207,0.188728,-1.273888,0.260170,0.260156,-0.183998,-0.167487,0.296404,-0.649168,-1.916932,-3.355159,0.000000,39.264088
-1.042899,0.142216,-1.256220,-0.471809,-0.471795,0.312864,0.168280,0.680193,0.057645,-1.135348,-2.522617,0.000000,39.078842
0.259924,0.756141,-0.047261,0.308132,0.308123,0.075617,-0.151228,0.368821,-0.028527,-1.119524,-2.430725,0.000000,39.199253
-1.985977,0.257012,-2.032708,1.134213,1.134203,-0.943914,-1.273353,-0.872692,-0.888825,-1.900123,-3.140050,1.000000,39.643852
-0.370800,0.324447,-0.509854,0.817764,0.817771,-1.344152,-1.782156,-1.659437,-1.441743,-2.378212,-3.578996,1.000000,39.968048
-0.460090,0.483089,-0.989188,0.741597,0.741607,-1.573507,-2.118712,-2.289712,-2.039964,-2.808724,-3.890414,1.000000,40.264454
-0.392787,0.069321,-0.970421,-0.437088,-0.437098,-0.637704,-1.425596,-1.782189,-1.550984,-2.097365,-3.127307,0.000000,40.088459
-0.763010,0.416185,-0.809244,-0.069314,-0.069312,-0.138729,-1.107513,-1.578419,-1.376731,-1.770307,-2.727905,0.000000,40.060673
-0.483099,0.345061,-0.644127,0.508673,0.508681,-0.335870,-1.403275,-1.975318,-1.884385,-2.000326,-2.899438,0.000000,40.264454
0.022856,0.228526,-0.274221,0.667120,0.667110,-0.717542,-1.718458,-2.340029,-2.452083,-2.395992,-3.235440,1.000000,40.533062
0.572869,0.733272,-0.183313,-0.274221,-0.274198,-0.366651,-1.161793,-1.788895,-2.094426,-2.010590,-2.717226,0.000000,40.421921
0.000000,0.299128,-0.621261,-0.412466,-0.412492,0.128865,-0.460184,-1.179620,-1.609517,-1.541211,-2.064229,0.000000,40.255184
0.113798,0.318623,-0.227581,1.104464,1.104471,-0.650884,-1.178879,-1.990591,-2.505688,-2.470525,-2.869173,1.000000,40.699791
1.682629,1.729371,-0.210330,-2.617201,-2.617195,1.701325,1.474637,0.676162,0.112167,0.080126,-0.085577,-1.000000,39.634598
0.234903,0.375852,-0.328870,-0.514141,-0.514142,1.667840,1.862811,1.241871,0.709415,0.553371,0.554984,-1.000000,39.430820
1.318626,1.366579,0.000000,-2.020204,-2.020217,2.838656,3.541127,3.220661,2.776322,2.516432,2.576101,-1.000000,38.634232
0.334538,0.716855,-0.095572,0.335649,0.335643,1.725224,2.853064,2.821204,2.397867,2.085561,2.159686,0.000000,38.763905
-0.095005,0.261285,-0.593824,0.597372,0.597378,0.247037,1.969131,2.175782,1.781483,1.453692,1.534553,1.000000,38.995472
-0.666188,0.142758,-0.761361,-0.166268,-0.166263,0.052340,1.796336,2.223811,1.885560,1.548420,1.583573,0.000000,38.930637
-0.606905,0.303457,-0.746965,1.927197,1.927210,-1.713369,-0.343149,0.242752,0.024498,-0.282925,-0.352540,1.000000,39.680912
-0.093921,0.234795,-0.540031,-0.583567,-0.583573,-0.723183,-0.004703,0.693428,0.635120,0.377548,0.211311,-1.000000,39.449345
-2.200328,0.275038,-2.429523,2.441890,2.441891,-2.273671,-2.349309,-1.653305,-1.598679,-1.878532,-2.111705,1.000000,40.412655
0.496334,0.945398,-0.259986,-3.025441,-3.025438,0.874493,0.311973,1.266830,1.470091,1.195924,0.937514,-1.000000,39.189995
-0.116277,0.511630,-0.534884,1.630818,1.630799,-0.293008,-1.248828,-0.430998,-0.134873,-0.388828,-0.667432,1.000000,39.829105
-0.277711,0.462858,-0.509134,0.488370,0.488394,-0.606348,-1.580665,-0.999779,-0.613295,-0.786867,-1.048380,0.000000,40.023628
0.463180,0.787402,-0.046318,-0.069426,-0.069444,-0.264004,-1.171835,-1.002004,-0.577810,-0.644739,-0.872314,0.000000,39.995834
1.502357,1.619725,0.000000,-1.343219,-1.343207,0.610328,0.349764,0.211265,0.696007,0.746476,0.513299,-1.000000,39.458607
0.141949,0.402174,-0.804353,-0.774643,-0.774645,1.376858,1.173406,0.730221,1.366211,1.528264,1.305885,-1.000000,39.152943
-0.894330,0.023530,-1.129687,0.520468,0.520454,0.611915,0.757833,0.161610,0.726057,0.973409,0.774303,0.000000,39.356716
-0.791434,0.186224,-0.884537,1.106136,1.106131,-0.605202,-0.316558,-0.873668,-0.469027,-0.148961,-0.275436,1.000000,39.792053
-0.311296,0.838130,-0.311296,-2.793298,-2.793289,1.570885,2.349145,1.982765,2.165954,2.556520,2.539917,-1.000000,38.680546
0.095331,0.214490,-0.834123,0.478930,0.478931,0.781696,1.463301,1.514144,1.500241,1.941852,2.032891,0.000000,38.865799
-0.746443,0.116629,-1.003032,2.168732,2.168742,-1.077687,-0.559840,-0.520960,-0.779106,-0.257529,-0.090202,1.000000,39.708698
-0.417539,0.835073,-0.463932,0.559837,0.559832,-1.340765,-1.087921,-0.907760,-1.294370,-0.846214,-0.622445,1.000000,39.931000
0.184497,1.037823,-0.092253,0.579912,0.579908,-1.725094,-1.623619,-1.399140,-1.772374,-1.454799,-1.179276,1.000000,40.162563
0.855687,1.017572,-0.231274,-0.276750,-0.276755,-0.767805,-1.336725,-1.025284,-1.322849,-1.218317,-0.922757,0.000000,40.051411
0.092445,0.161775,-0.508438,0.069376,0.069386,-0.231108,-1.250294,-1.149377,-1.227183,-1.304373,-0.992225,0.000000,40.079201
-0.624424,0.346894,-0.740065,-0.069327,-0.069338,0.009254,-0.957447,-0.937404,-1.026825,-1.300647,-0.924298,0.000000,40.051411
0.372700,0.582343,0.000000,-0.716933,-0.716929,0.647567,-0.139763,-0.232937,-0.207313,-0.574890,-0.250796,-1.000000,39.764271
-0.300502,0.231167,-0.554780,0.768689,0.768700,-0.166440,-0.832183,-0.986291,-0.920024,-1.269540,-1.050245,1.000000,40.069939
0.252922,0.620823,-0.620835,0.531678,0.531678,-0.579454,-0.958853,-1.462419,-1.340552,-1.627975,-1.585054,0.000000,40.282982
0.511336,0.533573,-0.600269,3.426070,3.426070,-3.112498,-3.568258,-4.373804,-4.458656,-4.608278,-4.732483,1.000000,41.663105
0.518366,0.585986,-0.225375,-1.356161,-1.356169,-1.271123,-1.904435,-2.743594,-2.913003,-3.092177,-3.390428,-1.000000,41.098083
0.768709,0.904366,-0.158264,-0.315526,-0.315528,-0.370783,-1.340715,-2.173486,-2.466650,-2.586478,-2.976109,0.000000,40.968407
0.134372,0.335940,-0.134383,0.949586,0.949576,-0.685321,-1.979834,-2.841351,-3.222838,-3.340642,-3.733477,1.000000,41.357433
0.204269,0.544707,-0.431235,-1.321391,-0.611302,0.325303,-1.120724,-1.850610,-2.492725,-2.585048,-2.941045,-1.000000,41.104614
-1.685393,0.224715,-1.730337,0.998636,0.998642,-0.737983,-1.752536,-2.395644,-3.209165,-3.442035,-3.679833,1.000000,41.515102
-0.201342,0.559284,-0.492172,0.449440,0.449439,-0.892622,-1.796389,-2.513743,-3.336642,-3.633142,-3.894481,0.000000,41.701687
0.422790,0.534048,-0.178011,0.536908,0.536918,-0.965295,-1.805333,-2.717205,-3.546512,-3.947770,-4.169617,0.000000,41.925591
0.089619,0.313688,-0.403316,-0.689804,-0.689803,-0.143410,-0.747058,-1.805501,-2.655071,-3.125659,-3.347433,-1.000000,41.636387
1.446615,1.699201,-0.091851,-2.419901,-2.419922,2.098752,1.799471,0.724403,-0.001216,-0.660921,-0.853744,-1.000000,40.628819
0.160991,0.827967,-0.206994,-0.160732,-0.160743,1.793947,1.692290,0.966168,0.369050,-0.392028,-0.681720,0.000000,40.563511
-0.572607,0.068710,-0.641317,0.413983,0.414003,0.897846,1.183004,0.661193,0.080781,-0.647691,-0.965058,0.000000,40.731445
-0.115029,0.253050,-0.230048,-0.435179,-0.435175,0.662518,1.523113,1.231014,0.595045,-0.095334,-0.472601,0.000000,40.554192
1.680285,1.680285,-0.256700,-1.426278,-1.426277,1.288210,2.646441,2.680036,2.027206,1.368584,0.963485,-1.000000,39.975777
0.675363,0.721940,-0.372613,0.210037,0.210030,0.791804,2.170476,2.427678,1.814407,1.293839,0.757193,0.000000,40.059738
-0.419287,0.186345,-0.605642,-0.023286,-0.023293,0.559057,1.828567,2.183097,1.834533,1.435751,0.829923,0.000000,40.050407
-0.860510,0.407609,-0.996375,2.865129,2.865137,-2.015399,-1.129981,-0.646890,-0.862753,-1.244982,-1.813068,1.000000,41.197906
-0.526316,0.617849,-0.572082,-1.041664,-1.041667,-0.878720,-0.372998,0.366286,0.303991,-0.123259,-0.664070,-1.000000,40.768761
0.091956,0.436779,-0.321837,-0.457668,-0.457667,-0.124139,-0.174714,0.700385,0.828270,0.377304,-0.142453,0.000000,40.582176
0.833526,1.273450,-0.069458,-0.712646,-0.712655,0.708506,0.458449,1.288891,1.553225,1.121763,0.707686,-1.000000,40.292965
0.274230,0.548451,-0.388478,1.319748,1.319756,-0.223947,-0.786102,-0.143200,0.127748,-0.122368,-0.444151,1.000000,40.824734
-0.136979,0.000000,-0.913235,0.091410,0.091423,-0.479463,-0.844759,-0.371394,0.007411,-0.134241,-0.440999,0.000000,40.862057
-0.483646,0.299404,-0.760014,-0.867582,-0.867599,0.262559,0.011524,0.267167,0.825782,0.813173,0.477777,-1.000000,40.507538
-0.503665,0.206044,-0.663922,0.598807,0.598805,-0.251829,-0.393768,-0.474659,0.151107,0.279856,-0.072247,1.000000,40.750099
-0.344118,0.527644,-0.390002,-0.206044,-0.206029,0.137638,-0.039009,-0.263066,0.303962,0.524577,0.184447,0.000000,40.666142
-0.320804,0.091661,-0.412466,0.114703,0.114695,-0.032078,0.009167,-0.352885,0.090517,0.316044,0.121546,0.000000,40.712784
0.785582,0.878006,0.000000,-0.824931,-0.824935,0.559152,0.637712,0.417442,0.759017,1.079027,0.981227,-1.000000,40.376930
1.483053,1.765537,-0.070619,-1.848427,-1.848417,2.010351,2.245755,2.153163,2.366990,2.847546,2.871689,-1.000000,39.630596
-1.391795,0.162373,-1.438179,1.483053,1.483041,0.255165,0.661101,0.700536,0.694737,1.231273,1.380654,1.000000,40.218334
0.371230,0.371230,-0.417633,-0.023203,-0.023181,0.051033,0.663561,0.748634,0.665881,1.165651,1.398028,0.000000,40.209011
0.608895,0.913347,-0.398131,-0.928067,-0.928073,0.548000,1.358303,1.656506,1.517552,1.944719,2.194992,-1.000000,39.835842
0.636783,0.731125,-0.518873,-0.702574,-0.702583,0.844340,1.745279,2.099052,2.087259,2.449052,2.788125,-1.000000,39.555962
-0.023737,0.308644,-0.664765,-0.660384,-0.660378,1.343781,2.113009,2.527695,2.605647,2.862294,3.329452,-1.000000,39.294743
0.538894,0.749766,-0.093723,1.329537,1.329526,-0.187432,0.538901,1.054362,1.239460,1.329901,1.844741,1.000000,39.817177
0.260234,1.774308,-0.141947,-0.960637,-0.960631,0.387983,1.201797,1.889439,2.142178,2.191622,2.691427,-1.000000,39.434681
0.577898,0.626058,-0.650135,-1.750653,-1.750654,1.613294,2.496994,3.346981,3.793645,3.824707,4.282850,-1.000000,38.744316
-0.265190,0.361622,-0.675022,-0.120392,-0.120384,1.292182,2.186590,3.098674,3.595700,3.739624,4.149782,0.000000,38.697674
-0.072471,0.362312,-0.893727,-0.192859,-0.192877,1.140101,2.123195,2.972630,3.518120,3.740101,4.066027,0.000000,38.623035
-0.733730,0.781070,-0.875737,2.053135,2.053130,-1.098212,-0.134895,0.675360,1.287588,1.596227,1.784629,1.000000,39.416016
0.446112,1.056588,-0.305238,0.804734,0.804757,-1.737506,-1.051897,-0.284894,0.408539,0.752280,0.896915,1.000000,39.733219
-0.478242,0.310858,-1.028219,-1.807936,-1.807951,0.210431,0.559547,1.260967,2.025354,2.501202,2.622356,-1.000000,39.014862
-0.695279,0.000000,-1.006948,-0.263034,-0.263036,0.584996,0.659323,1.277083,2.043884,2.536571,2.737163,0.000000,38.912239
-0.690972,0.309738,-0.953064,0.623357,0.623364,0.233494,-0.000004,0.568658,1.238978,1.736475,1.981571,1.000000,39.154804
-0.549319,0.238839,-1.003100,-0.238270,-0.238265,0.291374,0.045374,0.611414,1.264626,1.823736,2.147118,0.000000,39.061512
-0.917213,0.893702,-1.105365,1.552427,1.552423,-1.274698,-1.425215,-1.017562,-0.409221,0.204137,0.552678,1.000000,39.667912
0.282626,0.471034,-0.211964,-0.141112,-0.141096,-0.833739,-1.066902,-0.915387,-0.407457,0.223254,0.657858,0.000000,39.611942
-0.091884,0.895932,-0.574317,2.520019,2.520005,-2.435100,-3.027800,-3.177887,-2.826787,-2.265107,-1.864617,1.000000,40.610165
0.941663,0.964626,-0.068909,0.022977,0.022967,-1.736327,-2.558564,-2.982695,-2.727373,-2.276524,-1.899400,0.000000,40.619492
0.414365,0.736646,-0.184157,-0.229678,-0.229683,-0.787280,-2.060301,-2.642715,-2.465457,-2.073653,-1.678166,0.000000,40.526196
0.161586,0.461681,-0.646350,-0.276241,-0.276234,-0.143118,-1.620497,-2.211448,-2.169896,-1.827329,-1.395812,0.000000,40.414249
0.114650,0.642050,-0.114653,0.669439,0.669442,-0.279758,-1.864254,-2.543762,-2.716123,-2.482919,-2.062985,1.000000,40.684799
0.807975,1.449613,-0.166359,-3.508367,-3.508357,2.656828,1.791812,1.094724,0.783017,0.948654,1.361676,-1.000000,39.257431
1.171133,1.242832,-0.717015,-0.570347,-0.570366,2.433086,2.344656,1.744750,1.327685,1.466548,1.817249,-1.000000,39.033520
0.402174,0.638753,-0.378517,1.027725,1.027735,0.837473,1.398154,0.712876,0.248401,0.354861,0.670293,1.000000,39.434681
0.357744,0.476988,-0.476985,-0.804353,-0.804348,0.992127,2.079651,1.424590,1.020742,1.056994,1.354632,-1.000000,39.117489
-0.317618,0.855116,-0.415348,-2.384927,-2.384933,2.150015,4.199853,3.757635,3.415587,3.353041,3.610229,-1.000000,38.184563
-1.456662,0.267055,-2.282105,0.635228,0.635223,1.073082,2.974030,3.018541,2.727611,2.583159,2.787093,1.000000,38.427120
0.243544,0.560156,-0.194839,-0.315606,-0.315603,1.013151,2.696054,3.196948,3.011446,2.804675,2.997240,0.000000,38.305843
0.982504,1.006475,-0.023961,1.631756,1.631746,-0.867472,0.637443,1.517705,1.295243,1.063036,1.233338,1.000000,38.930897
0.273542,0.364714,-0.592656,5.128203,5.128204,-4.818777,-4.146331,-3.229227,-3.500103,-3.720983,-3.646368,1.000000,40.927353
0.181855,0.613767,-0.159136,0.273542,0.273560,-3.687217,-4.321449,-3.261360,-3.516720,-3.759958,-3.811485,0.000000,41.039314
0.336551,0.381427,-0.269237,1.318477,1.318463,-3.423825,-5.007849,-4.364665,-4.451419,-4.735019,-4.900900,1.000000,41.580402
0.089668,0.291417,-0.246584,0.089749,0.089754,-1.918857,-4.472094,-4.290520,-4.241203,-4.532618,-4.800121,0.000000,41.617722
0.333484,0.466872,-0.222319,0.829408,0.829426,-1.280583,-4.655418,-4.849577,-4.683207,-5.075159,-5.412791,1.000000,41.962910
0.178935,0.559159,-0.201297,-0.600269,-0.600292,-0.308644,-3.457832,-4.067686,-3.862661,-4.312226,-4.659650,-1.000000,41.711010
0.224160,0.560412,-0.134503,-0.223659,-0.223653,0.192781,-2.416501,-3.703207,-3.406189,-3.847569,-4.215798,0.000000,41.617722
1.111116,1.133787,-0.158728,-1.143248,-1.143253,1.138333,-0.628109,-2.284194,-2.224480,-2.518810,-2.910043,-1.000000,41.141926
-0.518027,0.090083,-0.585592,0.680281,0.680279,0.360363,-0.547296,-2.560058,-2.788286,-2.958555,-3.340838,1.000000,41.421806
0.869175,0.891466,-0.356586,1.058552,1.058575,-0.739930,-0.889248,-3.194426,-3.647215,-3.707612,-4.158693,1.000000,41.860287
1.076955,1.099396,-0.112183,-0.668596,-0.668617,-0.134615,-0.065059,-2.147927,-2.858419,-2.875471,-3.365487,-1.000000,41.580402
1.037670,1.105342,-0.203023,-0.538474,-0.538472,0.279719,0.552672,-1.106852,-2.251298,-2.180917,-2.653583,-1.000000,41.356503
-0.827183,0.000000,-1.184885,0.902319,0.902313,-0.335336,-0.310744,-1.463588,-2.829189,-2.948348,-3.299044,1.000000,41.729668
-0.335791,0.380573,-0.402946,-0.134143,-0.134132,-0.080588,-0.163417,-0.792476,-2.381909,-2.716809,-2.967685,0.000000,41.673695
-0.647324,0.111605,-1.249993,0.291025,0.291033,-0.401794,-0.493311,-0.623518,-2.382818,-2.877684,-3.031255,0.000000,41.794979
0.133832,0.513047,-0.133843,0.066971,0.066975,-0.352457,-0.533140,-0.547267,-2.124709,-2.807956,-2.924396,0.000000,41.822971
0.505159,0.768728,-0.417305,1.561448,1.561434,-1.357342,-1.860308,-1.850790,-3.124310,-4.133534,-4.192103,1.000000,42.476009
0.286157,0.418224,-0.132074,-0.219633,-0.219644,-0.832036,-1.351517,-1.508535,-2.444408,-3.627547,-3.841796,0.000000,42.382713
-0.372403,0.219054,-0.503842,0.484266,1.215045,-1.451853,-2.191706,-2.491968,-3.080314,-4.424144,-4.819110,1.000000,42.897682
0.435350,0.631260,-0.043537,0.635262,0.635258,-1.436823,-2.505691,-2.921048,-3.201120,-4.681345,-5.215785,1.000000,43.170193
-0.673175,0.043433,-0.890337,0.239443,0.239441,-1.001833,-2.347306,-2.912215,-3.161252,-4.524865,-5.221944,0.000000,43.273560
-0.903027,0.043004,-0.903027,0.998912,0.998906,-1.418182,-2.775586,-3.553930,-3.813961,-4.963828,-5.928918,1.000000,43.705822
0.478679,0.543951,-0.282848,-1.182539,-1.182529,0.134898,-1.274229,-2.083794,-2.476695,-3.385523,-4.499750,-1.000000,43.188988
-0.455685,0.068350,-1.070861,-4.503917,-4.503921,4.055594,3.277780,2.505494,2.077505,1.456081,0.183003,-1.000000,41.243790
-0.318469,0.272982,-0.523201,0.159490,0.159491,2.989080,2.995819,2.253391,1.835882,1.524852,0.174762,0.000000,41.309570
-0.022900,0.160330,-0.549707,-0.682436,-0.682433,2.601918,3.509678,2.866181,2.452339,2.232231,1.018279,-1.000000,41.027660
-1.196780,0.046030,-1.265820,-0.480987,-0.480997,1.689302,3.606907,3.277442,2.851090,2.705868,1.722519,0.000000,40.830318
-0.299818,0.392062,-0.392071,-0.207135,-0.207128,0.701104,3.420200,3.330817,3.015949,2.837104,2.123334,0.000000,40.745747
-0.163511,0.607332,-0.607339,-1.268450,-1.268456,1.490309,4.085496,4.418934,4.191186,4.020215,3.594710,-1.000000,40.228905
0.622899,0.910390,-0.095834,-2.499414,-2.499402,3.028261,5.747472,6.658607,6.525965,6.407373,6.275193,-1.000000,39.223423
2.288949,2.535070,0.000000,-2.659322,-2.659309,4.351447,7.302464,8.936441,8.990950,8.944487,8.938762,-1.000000,38.180351
-0.757966,1.970690,-2.829719,-2.584295,-2.584319,5.164231,8.398184,10.879570,11.322728,11.358863,11.484121,-1.000000,37.193649
3.180217,3.205452,-0.151434,0.101054,0.101058,3.170125,6.688547,9.845202,10.606221,10.826289,10.982189,0.000000,37.231236
-0.498383,0.024914,-1.993519,1.287234,1.287228,0.523309,4.395720,7.532192,8.675082,9.024167,9.226379,1.000000,37.710487
-0.940599,0.000000,-1.336636,0.672816,0.672829,-0.811887,2.816824,5.899329,7.444248,7.885024,8.145291,1.000000,37.964214
-0.722114,0.024895,-1.045812,-0.594064,-0.594065,-0.453191,2.559759,5.554444,7.545224,8.122569,8.440720,-1.000000,37.738682
-0.074773,0.324030,-0.672984,-0.099604,-0.099606,-0.084745,1.832007,4.597874,7.019192,7.842542,8.202554,0.000000,37.701092
0.435225,0.870458,-0.512033,-2.642069,-2.642061,2.339981,3.494615,6.258736,9.150013,10.221559,10.735977,-1.000000,36.705006
0.075947,0.354428,-0.734180,1.126470,1.126459,0.881018,1.503802,4.334179,7.155697,8.502903,9.116026,1.000000,37.118473
0.276869,0.880951,-0.302036,0.582278,0.582268,-0.040260,0.410282,3.020400,5.753849,7.396901,8.080291,1.000000,37.334602
-0.333509,0.359156,-0.692665,-1.887742,-1.887739,1.277585,1.918940,4.202164,6.881742,8.896188,9.709316,-1.000000,36.629822
0.376785,0.602859,-0.577742,2.129300,2.129325,-0.989718,-0.148222,1.420061,3.811837,6.084079,7.070288,1.000000,37.409790
2.223910,2.274453,-0.075812,-0.602866,-0.602890,-0.131407,0.444790,1.396690,3.634075,6.168317,7.312252,-1.000000,37.184250
-0.330539,0.381383,-0.559372,-0.606515,-0.606507,0.391552,0.854306,1.425541,3.686748,6.173398,7.541833,-1.000000,36.958725
-0.891955,0.000000,-0.917434,-0.228833,-0.228828,0.372063,0.790002,1.233427,3.323131,5.733934,7.343653,0.000000,36.874153
0.308957,0.514936,-0.308957,-1.019373,-1.019373,1.333678,1.488153,1.968756,3.766731,6.080324,7.962856,-1.000000,36.498268
-0.792021,0.178845,-1.149719,0.772397,0.772404,0.214609,0.459881,1.112239,2.420790,4.514043,6.619135,1.000000,36.780182
-0.470178,0.247459,-0.989859,3.244765,3.244780,-2.519193,-2.363298,-1.935187,-1.163101,0.680005,2.881274,1.000000,37.973618
-0.442372,0.835586,-0.811005,0.692895,0.692857,-2.521483,-2.742672,-2.518211,-2.103695,-0.327338,1.767033,1.000000,38.236721
0.274317,0.947636,-0.274304,-1.449990,-1.449967,-0.658354,-1.219453,-1.133836,-0.867834,0.754110,2.778880,-1.000000,37.682301
0.722474,0.722474,-0.398602,0.099753,0.099734,-0.109603,-1.028884,-1.235663,-1.027642,0.302951,2.185694,0.000000,37.719883
0.384522,0.512692,-0.974102,-2.815150,-2.815139,2.717255,1.632919,1.435533,1.766217,2.753144,4.504830,-1.000000,36.658016
0.334354,0.462963,-0.617289,-0.333240,-0.333248,2.273660,1.795272,1.743830,2.011320,2.635806,4.247259,0.000000,36.535854
-0.338280,0.390325,-1.327093,-1.157410,-1.157422,2.295094,2.753075,2.749605,2.984665,3.381751,4.994379,-1.000000,36.112980
0.278343,1.290483,-0.303639,2.836326,2.836343,-0.819844,-0.010122,-0.119770,0.032895,0.305668,1.724022,1.000000,37.137268
1.232033,1.283368,-0.102672,-1.417007,-1.417016,0.000005,1.457916,1.312470,1.316747,1.575987,2.784064,-1.000000,36.611027
-1.344493,0.228311,-1.699640,1.180696,1.180721,-0.958918,0.344991,0.064255,0.045652,0.374419,1.243859,1.000000,37.043301
0.422881,0.522386,-0.572139,1.978699,1.978687,-2.223889,-1.654239,-1.772808,-1.753738,-1.515429,-0.982593,1.000000,37.776272
0.397516,0.546586,-0.919252,0.124376,0.124369,-1.440991,-1.885714,-1.742440,-1.782606,-1.625835,-1.317595,0.000000,37.823254
-2.334628,0.000000,-2.577816,2.161488,2.161490,-2.748052,-3.713522,-3.516534,-3.691631,-3.637157,-3.455736,1.000000,38.640800
-0.071543,0.214643,-0.476985,1.969847,1.969851,-3.210112,-5.146678,-4.889104,-5.200336,-5.329838,-5.217429,1.000000,39.401966
0.047574,0.570880,-0.285450,0.262344,0.262330,-2.216928,-4.674113,-4.678077,-5.183150,-5.394853,-5.270369,0.000000,39.505329
-0.311146,0.191484,-0.885589,-0.618463,-0.618448,-0.852086,-3.386791,-3.866288,-4.328627,-4.545717,-4.508538,-1.000000,39.261009
-1.782743,0.118847,-1.925367,0.694114,0.694101,-0.670305,-3.187537,-4.310270,-4.662458,-4.959345,-5.013064,1.000000,39.533520
-0.520580,0.449605,-0.615234,0.451623,0.451634,-0.577378,-2.974442,-4.399747,-4.733788,-5.147181,-5.293419,0.000000,39.712067
-0.256592,0.723119,-0.466529,1.443448,1.443448,-1.553537,-3.442967,-5.335512,-5.619314,-6.133892,-6.430293,1.000000,40.285290
-0.489517,0.489508,-0.629373,0.069986,0.069986,-1.221452,-2.699308,-4.797210,-5.247093,-5.911428,-6.279726,0.000000,40.313484
0.279653,0.769056,-0.069911,0.023305,0.023317,-0.717793,-2.090435,-4.193286,-4.977875,-5.622011,-6.002498,0.000000,40.322884
-0.556174,0.155726,-0.889882,4.754139,4.754122,-3.942154,-5.488320,-7.574341,-8.816463,-9.405116,-9.864293,1.000000,42.239883
-0.816414,0.088263,-0.926739,0.823135,0.823134,-3.375987,-5.333183,-7.475725,-8.984994,-9.608117,-10.189023,1.000000,42.587574
0.043917,0.175665,-0.614851,0.485439,0.485442,-2.670179,-4.997806,-6.959451,-8.831799,-9.456304,-10.142733,0.000000,42.794312
0.639332,0.661373,-0.198415,-0.395257,-0.395258,-1.199293,-3.888889,-5.717226,-7.770063,-8.548502,-9.378307,0.000000,42.625164
0.485011,0.705465,-0.022052,0.000000,0.000000,-0.119048,-3.099647,-4.958849,-7.055777,-8.111995,-8.952822,0.000000,42.625164
-0.238925,0.629889,-0.477848,1.499118,1.499124,-1.120770,-3.668553,-5.524187,-7.602090,-9.004350,-9.811763,1.000000,43.264168
0.763365,0.981464,-0.196292,-0.412691,-0.412699,-0.479817,-2.486359,-4.444921,-6.528890,-8.125620,-8.957462,0.000000,43.085617
0.504716,0.614435,-0.219440,-0.610683,-0.610670,0.144825,-1.294717,-3.325295,-5.229325,-7.084493,-7.905793,-1.000000,42.822506
0.198634,0.617963,-0.132423,-0.570549,-0.570560,0.697420,-0.196422,-2.289412,-4.035532,-5.995144,-6.923416,-1.000000,42.578178
0.995577,1.017697,-0.929208,-0.242772,0.520400,0.257688,-0.134400,-2.244056,-3.945487,-5.896399,-7.029410,0.000000,42.799755
-0.308164,0.242133,-0.418221,0.508847,0.508837,-0.364543,-0.459205,-2.199019,-3.828034,-5.730786,-7.129629,0.000000,43.017536
0.066692,0.933753,-0.088931,-0.990535,-0.990522,0.400185,0.537539,-0.769891,-2.402116,-4.275456,-5.816321,-1.000000,42.591438
0.000000,0.264313,-0.550661,0.933753,0.933732,-0.451093,-0.347210,-1.268558,-2.887771,-4.567536,-6.279037,1.000000,42.989128
-0.705467,0.110227,-0.903880,-0.088108,-0.088097,-0.189595,-0.183420,-0.772081,-2.400999,-3.933188,-5.707997,0.000000,42.951256
0.154936,0.354139,-0.265602,-0.396828,-0.396824,0.199201,0.250637,0.006275,-1.600783,-3.082529,-4.845747,0.000000,42.780815
-0.022071,0.220757,-0.618099,0.265602,0.265589,-0.123609,-0.101108,-0.156896,-1.469662,-2.866350,-4.570809,0.000000,42.894436
0.337536,0.720070,-0.855081,-1.898455,-1.898463,1.566171,1.593185,1.694872,0.718471,-0.659689,-2.332519,-1.000000,42.080101
-0.341915,0.113971,-0.592656,-1.282628,-1.282606,2.188277,2.604510,2.814925,2.178146,0.836922,-0.668007,-1.000000,41.540379
-1.253990,0.182394,-1.253990,-0.022790,-0.022802,1.527587,2.375744,2.662720,2.348018,1.055011,-0.285171,0.000000,41.530907
-0.112636,0.360442,-0.225271,1.208386,1.208394,-0.040556,0.970938,1.343004,1.329415,0.112220,-1.138178,1.000000,42.032764
0.641462,0.893468,0.000000,-1.667035,-1.667038,0.898045,2.274909,2.749431,2.937431,1.983479,0.820802,-1.000000,41.332062
0.164059,0.632765,-0.234352,-2.245141,-2.245134,2.385750,4.082489,4.666825,5.031389,4.394242,3.281823,-1.000000,40.404102
-1.223451,0.069247,-1.338869,1.523323,1.523318,0.595567,2.040624,2.803322,3.239107,2.899451,1.863570,1.000000,41.019585
0.436178,0.872355,-0.068875,0.554019,0.554028,-0.096428,1.065184,2.021720,2.503203,2.423015,1.443066,1.000000,41.246845
-1.113379,0.113617,-1.181541,1.033051,1.033034,-1.290603,-0.234030,0.798313,1.340887,1.505355,0.598765,1.000000,41.672939
-0.518249,0.180257,-0.585854,0.840725,0.840730,-1.784588,-1.273099,-0.199792,0.348345,0.638467,-0.042456,1.000000,42.023296
-0.426207,0.314040,-0.471070,0.450656,0.450667,-1.368337,-1.684624,-0.707358,-0.205260,0.151434,-0.293449,0.000000,42.212681
0.474262,0.700093,-0.293580,-0.672954,-0.672966,-0.266479,-0.925920,-0.203248,0.364277,0.747397,0.512732,-1.000000,41.928604
-0.977939,0.204685,-1.023427,-0.700086,-0.700097,0.623161,-0.202399,0.289601,0.958619,1.362577,1.327187,-1.000000,41.635063
0.471061,0.538353,-0.112165,1.387312,1.387335,-0.497993,-1.525360,-1.172439,-0.492388,-0.063505,0.089903,1.000000,42.212681
0.560036,0.761651,-0.156808,0.134583,0.134566,-0.515223,-1.435922,-1.403815,-0.714597,-0.291933,-0.042269,0.000000,42.269485
2.034748,2.103333,-0.045727,-2.016122,-2.016109,1.147680,0.836753,0.518204,1.186545,1.598528,1.920267,-1.000000,41.417286
0.000000,0.274033,-0.502400,0.114310,0.114300,0.808405,0.828959,0.391263,0.887189,1.351542,1.697012,0.000000,41.464626
0.249209,0.724966,-0.203897,0.799265,0.799286,0.086080,0.160838,-0.362497,-0.050990,0.473025,0.824483,1.000000,41.796047
1.621874,1.621874,-0.393879,-2.220206,-2.220227,1.700654,2.238189,1.709922,1.984479,2.565341,2.970531,-1.000000,40.868080
-1.675089,0.114729,-1.698031,0.973128,0.973126,0.234057,1.069300,0.718986,0.804268,1.407068,1.816730,1.000000,41.265778
-0.272415,0.113505,-0.726445,1.078469,1.078465,-0.694654,-0.129387,-0.146791,-0.315539,0.240646,0.620520,1.000000,41.710815
-0.206517,0.275353,-0.665445,-1.066963,-1.066958,0.279945,0.787059,0.969865,0.726251,1.154658,1.579929,-1.000000,41.265778
0.392243,1.453625,-0.323025,-0.550716,-0.550706,0.466075,1.199812,1.495149,1.224038,1.528374,2.017376,-1.000000,41.038525
0.557875,0.790332,-0.185962,-0.738348,-0.738353,1.148301,1.589958,2.096700,1.817759,2.082751,2.607313,-1.000000,40.735516
0.448322,0.849460,-0.141579,-1.487678,-1.487690,2.109492,2.590854,3.323905,3.205531,3.348758,3.916950,-1.000000,40.129498
0.094489,0.755965,-0.685096,-0.117978,-0.117988,1.417447,2.378942,3.091598,3.287283,3.271455,3.831026,0.000000,40.082150
-0.395445,0.628044,-0.535017,1.559178,1.559210,-0.414066,0.621059,1.308816,1.663162,1.604079,2.050073,1.000000,40.707115
-1.252856,0.159451,-1.594535,2.116771,2.116760,-2.223240,-1.519368,-0.801826,-0.405471,-0.498409,-0.176163,1.000000,41.568787
0.554140,1.015929,0.000000,-1.343966,-1.343965,-0.757334,-0.143158,0.354034,0.870467,0.757329,1.039787,-1.000000,41.010117
0.163858,0.795880,-0.210674,-1.362272,-1.362274,0.772472,1.034642,1.440387,2.069288,2.061797,2.233925,-1.000000,40.451447
1.503759,1.574246,-0.634398,-0.374532,-0.374526,1.259397,1.064373,1.636898,2.215688,2.435144,2.471014,0.000000,40.299946
-0.490881,0.233759,-1.075267,0.516913,0.516916,0.640484,0.357639,0.956828,1.514721,1.857872,1.859118,0.000000,40.508263
-1.146000,0.022915,-1.214767,1.986914,1.986901,-1.443955,-1.531053,-1.087934,-0.501944,-0.120098,-0.142865,1.000000,41.313122
0.206614,0.459130,-0.068875,-0.160440,-0.160426,-1.170806,-1.248862,-0.867779,-0.459147,-0.000928,-0.045924,0.000000,41.246845
-0.183020,0.091515,-0.480437,0.344348,0.344320,-1.056945,-1.283437,-1.188113,-0.907093,-0.405378,-0.384330,0.000000,41.388866
-0.113045,0.203482,-0.474791,1.189661,1.189677,-1.465068,-2.014465,-2.322704,-2.016728,-1.607955,-1.437935,1.000000,41.881260
0.499539,0.635783,-0.113531,-0.429570,-0.429569,-0.467760,-1.353315,-1.831668,-1.565622,-1.205268,-0.958220,0.000000,41.701351
0.969534,1.061863,-0.023082,-1.634880,-1.634877,1.043395,0.152355,-0.203140,-0.024239,0.376732,0.669436,-1.000000,41.019585
