0.143312,0.318473,-1.130572,0.271432,0.271417,0.885352,0.144906,-0.252654,-0.656847,-1.540764,-2.272823,0.000000,58.581310
0.384857,1.010265,-0.705585,-0.700634,-0.700643,1.282882,0.819441,0.447943,0.217292,-0.695312,-1.415431,-1.000000,58.170864
2.040483,2.202431,-0.161940,-0.978193,-0.978199,1.765198,1.634021,1.442389,1.308515,0.403577,-0.268272,-1.000000,57.601837
-0.274545,0.000000,-1.566533,0.275300,0.275319,0.600774,1.296831,1.197243,0.982717,0.270024,-0.373602,0.000000,57.760426
-0.479463,0.575356,-1.390441,1.049745,1.049733,-0.463479,0.278094,0.191793,-0.021570,-0.574071,-1.236475,1.000000,58.366756
-1.727384,0.345481,-1.743090,1.774013,1.774022,-1.922117,-1.215455,-1.466710,-1.703834,-2.008168,-2.738172,1.000000,59.402195
-1.220081,0.985450,-1.923978,0.392588,0.392578,-1.814481,-1.509456,-1.709154,-1.967769,-2.157978,-2.914117,0.000000,59.635395
0.642325,1.065330,-0.329004,-0.156418,-0.156426,-1.008922,-1.279952,-1.454896,-1.649683,-1.796010,-2.558346,0.000000,59.542110
-0.701482,0.093526,-1.558846,0.501332,0.944154,-1.154880,-2.238589,-2.153883,-2.350537,-2.595175,-3.225938,1.000000,60.104279
0.517238,1.018806,-0.329152,-0.545601,-0.545610,-0.140991,-1.475822,-1.438042,-1.663373,-1.931530,-2.455696,-1.000000,59.776344
-0.124285,1.351553,-0.419458,0.893423,0.893445,-0.724095,-2.061586,-2.043403,-2.393920,-2.692084,-3.023876,1.000000,60.310413
-1.187573,0.045674,-1.857492,2.035105,2.035078,-2.085861,-3.467827,-3.731419,-4.082257,-4.415846,-4.666536,1.000000,61.537777
0.674218,1.379102,-0.045968,-0.639461,-0.639446,-0.931662,-2.267226,-2.888366,-3.260724,-3.567741,-3.796321,-1.000000,61.144276
1.567404,1.598748,-0.235105,-2.237210,-2.237220,1.225714,0.306551,-0.726273,-0.906394,-1.206720,-1.513055,-1.000000,59.776344
0.453834,1.455399,-0.735527,0.156745,0.156759,1.098584,0.400650,-0.720489,-0.919583,-1.234110,-1.554420,0.000000,59.870049
-1.794277,0.603247,-1.840685,1.173709,1.173717,0.012359,-0.570851,-1.653052,-1.847651,-2.250850,-2.592545,1.000000,60.572754
2.039854,2.840108,-0.109838,-1.423050,-1.423056,0.844184,0.877131,-0.061388,-0.378327,-0.749086,-1.101969,-1.000000,59.710770
-1.157765,0.432231,-1.173205,1.647574,1.647575,-0.938563,-0.568081,-1.341561,-1.861242,-2.222848,-2.534103,1.000000,60.694550
-1.558478,0.151318,-1.709785,2.022224,2.022221,-2.209101,-2.245420,-2.849069,-3.676843,-3.913796,-4.226425,1.000000,61.921928
0.213806,0.992660,-0.671964,-0.922973,-0.922965,-0.815524,-1.078205,-1.619827,-2.540929,-2.811388,-3.150330,-1.000000,61.350410
0.396163,1.112302,-0.167606,0.229068,0.229048,-0.743547,-1.112283,-1.618195,-2.527058,-2.799313,-3.215952,0.000000,61.490932
0.245140,0.597529,-0.337052,-0.548530,-0.548515,0.275778,-0.629691,-0.910068,-1.745580,-2.127906,-2.529735,-1.000000,61.153645
-0.884959,0.457728,-1.357948,0.413672,0.413665,0.094599,-0.996336,-1.115857,-1.840547,-2.380481,-2.781453,0.000000,61.406616
-0.317363,0.030231,-1.360135,0.961240,0.961219,-0.834193,-1.580750,-1.853787,-2.433425,-3.201459,-3.497317,1.000000,61.996868
-0.902903,0.029609,-1.776195,2.100650,2.100651,-2.258721,-3.063922,-3.502050,-4.051177,-4.884870,-5.212736,1.000000,63.299206
0.073556,0.706188,-1.000441,0.606872,0.606881,-2.159777,-3.160212,-3.731050,-4.293831,-5.138160,-5.481328,1.000000,63.683357
0.457967,1.565959,-0.118187,-0.411945,-0.411927,-1.040054,-2.174632,-3.134889,-3.599508,-4.414652,-4.862474,0.000000,63.421028
-0.131662,0.277943,-1.038618,0.989805,0.989784,-1.184903,-2.609706,-3.781928,-4.192499,-4.948841,-5.537056,1.000000,64.048759
0.838235,1.088232,-0.455879,-0.526625,-0.526610,-0.123538,-1.813241,-2.860786,-3.402208,-4.072018,-4.859342,-1.000000,63.711472
0.754206,0.842944,-0.236622,-0.558819,-0.558833,0.455491,-0.944985,-1.948135,-2.576893,-3.217964,-4.065152,-1.000000,63.355431
0.493191,0.657591,-0.523100,-1.049984,-1.049979,1.204603,0.297411,-0.682509,-1.353310,-1.981194,-2.828690,-1.000000,62.690212
1.177712,1.826965,-0.468073,-1.016292,-1.016273,1.802792,1.472122,0.588840,-0.298973,-0.818980,-1.622481,-1.000000,62.053108
-1.700928,0.425223,-2.324591,6.522724,6.522689,-3.810049,-4.031173,-5.025264,-6.029042,-6.495236,-7.217838,1.000000,66.100639
-1.175642,0.895730,-1.805449,1.275682,1.275724,-4.055997,-4.501067,-5.721500,-6.677411,-7.264395,-7.929301,1.000000,66.943901
-0.858966,0.498755,-1.080629,1.021698,1.021691,-3.762823,-4.826833,-6.056171,-7.047670,-7.737889,-8.403992,1.000000,67.627861
-0.660343,0.068780,-1.196866,0.706570,0.706568,-2.847716,-4.845244,-6.067791,-7.146801,-7.927375,-8.620659,1.000000,68.105698
0.386046,0.854823,-0.482558,-0.220117,-0.220114,-0.896187,-3.968023,-5.193266,-6.335321,-7.346488,-8.010949,0.000000,67.955788
-0.743598,0.000000,-1.266877,0.124092,0.124069,-0.448898,-3.500405,-4.660788,-5.911590,-7.055902,-7.708615,0.000000,68.040100
-0.110791,0.526239,-0.886302,-0.564588,-0.564591,0.326842,-2.369463,-3.561822,-4.953596,-6.062306,-6.812526,-1.000000,67.655952
-0.934194,0.096167,-1.140269,0.803216,0.803233,-0.304991,-2.437152,-3.851267,-5.208828,-6.322303,-7.143387,1.000000,68.199387
0.844057,1.314521,-0.401265,-0.714389,-0.714396,0.296117,-0.993488,-2.762781,-4.067382,-5.226507,-6.110876,-1.000000,67.712173
-0.521616,1.111882,-0.521616,0.802547,0.802520,-0.414529,-0.872997,-3.064716,-4.310886,-5.480275,-6.530285,1.000000,68.255577
0.095679,0.492063,-0.355388,0.425540,0.425580,-0.688923,-0.936318,-3.038106,-4.195617,-5.422653,-6.566446,0.000000,68.546059
1.065592,1.065592,-0.456687,-1.230183,-1.230201,0.561860,0.409636,-1.437398,-2.580956,-3.903126,-5.012452,-1.000000,67.702805
-1.336235,0.327251,-1.418043,1.494594,1.494622,-0.769038,-0.910841,-2.368889,-3.621503,-4.889572,-5.982198,1.000000,68.714706
-0.081920,0.177505,-0.969414,-0.136349,-0.136377,-0.368643,-0.700428,-1.659373,-3.130110,-4.344066,-5.462853,0.000000,68.620995
0.356558,0.658261,-0.411403,-0.436920,-0.436900,0.087763,-0.211202,-0.616209,-2.346416,-3.504673,-4.627913,0.000000,68.321190
-0.040992,0.669579,-0.437277,0.356558,0.356538,-0.262359,-0.489199,-0.729698,-2.364026,-3.429893,-4.584124,0.000000,68.564781
0.370214,0.904972,-0.904981,-0.341623,-0.341607,0.263260,-0.049371,-0.254133,-1.691356,-2.728105,-3.944431,0.000000,68.330559
0.027635,0.276277,-0.524930,-0.740437,-0.740446,0.748723,0.640973,0.509280,-0.628537,-1.735597,-2.909702,-1.000000,67.824608
-1.254258,0.054534,-1.417860,1.326149,1.326132,-0.539860,-0.528954,-0.746177,-1.490097,-2.728271,-3.829568,1.000000,68.724052
0.965656,1.117402,-0.248310,-1.172461,-1.172440,0.521445,0.601461,0.427640,0.110357,-1.309425,-2.356651,-1.000000,67.918304
0.826325,1.708685,-0.042015,-1.503650,-1.503652,1.557416,1.890750,1.846864,1.698174,0.367501,-0.592445,-1.000000,66.897049
-0.391989,0.769989,-0.601988,0.042014,0.042015,1.094772,1.731761,1.731293,1.654063,0.517425,-0.388731,0.000000,66.925156
-0.251011,0.683305,-0.348626,0.391991,0.391974,0.510399,1.107249,1.233685,1.224389,0.353103,-0.584750,0.000000,67.187485
-0.841845,0.524423,-1.173058,1.045879,1.045875,-0.775586,-0.046907,0.203346,0.160794,-0.379226,-1.407196,1.000000,67.890182
0.459293,0.681974,-0.528875,-0.841845,-0.841815,-0.111356,0.652735,0.961251,0.963800,0.779390,-0.377186,-1.000000,67.318672
0.097263,1.069886,-0.194524,0.167019,0.167007,-0.119500,0.316794,0.682688,0.750307,0.690285,-0.376086,0.000000,67.431099
-0.730630,0.248139,-0.868482,0.791997,0.792005,-0.598304,-0.525241,-0.082725,-0.018623,-0.040817,-0.950292,1.000000,67.965157
0.359218,0.746064,-0.138157,-0.220573,-0.220592,-0.193412,-0.306704,0.049748,0.174092,0.191225,-0.512100,0.000000,67.815231
0.601230,0.866893,-0.279638,-1.188174,-1.188174,0.743861,0.636197,1.092480,1.326214,1.330548,0.899062,-1.000000,67.009468
-0.195693,0.866652,-0.265590,0.027970,0.027975,0.629018,0.475259,0.935607,1.206320,1.246855,1.118257,0.000000,67.028214
-1.518506,0.538377,-1.780784,1.258039,1.258024,-0.491432,-0.629475,-0.386514,-0.100760,-0.020970,-0.051062,1.000000,67.871445
1.003626,1.491497,-0.348481,-0.966322,-0.966294,0.256467,0.383317,0.474852,0.837738,0.928343,0.937637,-1.000000,67.215607
-1.033627,0.289414,-1.061187,1.143016,1.142996,-0.826897,-0.633950,-0.644975,-0.355558,-0.224908,-0.185583,1.000000,67.983879
-1.213359,0.000000,-1.567827,1.088754,1.088748,-1.396036,-1.582808,-1.715050,-1.421253,-1.240612,-1.230614,1.000000,68.724052
-0.945442,0.256621,-1.215562,0.940699,0.940707,-1.639656,-2.204213,-2.491444,-2.264314,-2.096700,-2.083105,1.000000,69.370544
0.243046,0.985691,-2.038881,0.027008,0.027045,-1.228759,-1.948448,-2.278361,-2.231326,-2.074561,-2.044765,0.000000,69.389305
-0.188551,0.404044,-0.632998,0.256551,0.256537,-0.805400,-1.969040,-2.275212,-2.392608,-2.217926,-2.203830,0.000000,69.567314
-0.040197,0.013402,-1.058557,0.511780,0.511772,-0.755726,-2.166692,-2.511950,-2.739518,-2.646659,-2.619592,0.000000,69.923340
-0.798082,0.013304,-1.130617,0.736973,1.116357,-1.291366,-2.724276,-3.322941,-3.673292,-3.603631,-3.553657,1.000000,70.703934
0.776026,1.016861,-0.053520,-0.585265,-0.585284,-0.448589,-1.687522,-2.471947,-2.937472,-2.924071,-2.889365,-1.000000,70.290115
0.590756,1.033831,-0.483351,-0.347866,-0.347853,0.086306,-1.033954,-1.882671,-2.373908,-2.500648,-2.479023,0.000000,70.045609
-0.039945,1.011707,-0.199683,0.859291,0.859283,-0.460596,-1.391330,-2.465473,-2.942201,-3.200122,-3.170927,1.000000,70.647499
1.076575,1.399542,-0.511369,-1.078281,-1.078283,0.613654,-0.044324,-1.204799,-1.691189,-2.026997,-2.059601,-1.000000,69.885719
1.519717,1.574481,-0.821466,-1.709053,-1.709093,1.777143,1.688950,0.676289,0.076529,-0.325339,-0.353190,-1.000000,68.691307
3.176172,3.218531,-0.310549,-3.012055,-3.012026,3.836825,4.434458,3.762240,3.132210,2.692312,2.656407,-1.000000,66.622307
-0.028336,1.672099,-0.240893,-0.381135,-0.381125,3.125964,4.378832,4.008236,3.446714,3.053333,2.938839,0.000000,66.368393
-1.420213,0.167087,-1.670840,1.771291,1.771265,0.412151,2.262622,2.230446,1.615109,1.296401,1.108434,1.000000,67.543953
-0.193584,0.857304,-0.954097,0.696185,0.696196,-0.832416,1.274898,1.526614,0.927187,0.644675,0.418680,1.000000,68.014191
0.444568,0.944708,-0.166716,-0.470129,-0.470131,-0.658517,1.308701,1.904779,1.454511,1.108506,0.842310,0.000000,67.694435
-0.221735,0.900768,-0.332603,0.250071,0.250066,-0.540463,0.698454,1.502560,1.262998,0.888424,0.588085,0.000000,67.863716
-0.402835,0.166694,-0.680647,-0.235596,-0.235569,0.088886,0.590346,1.576270,1.489728,1.142761,0.865321,0.000000,67.703850
-0.446865,0.083783,-0.837870,-0.527847,-0.527864,0.561374,0.633987,1.895456,2.038014,1.642744,1.421431,-1.000000,67.346466
-1.157349,0.496004,-1.281345,1.354561,1.354568,-0.710946,-0.949309,0.371080,0.694444,0.310312,0.118281,1.000000,68.258720
-0.454736,0.082675,-0.688990,-0.013781,-0.013792,-0.534649,-1.000409,0.145154,0.673553,0.396814,0.149631,0.000000,68.249306
-0.027574,0.634316,-0.358515,-0.068903,-0.068884,-0.366800,-0.700505,0.010104,0.657303,0.534878,0.261852,0.000000,68.202293
-0.671322,0.205509,-1.041232,0.648098,0.648109,-0.734361,-1.008377,-0.769988,-0.045129,-0.067465,-0.324856,1.000000,68.644318
0.581957,0.734376,-0.013848,-1.123442,-1.123475,0.548722,0.164903,0.084997,0.965792,1.106758,0.803173,-1.000000,67.873116
0.727472,1.315046,-0.069954,-0.956069,-0.956019,1.211494,1.014232,0.787124,1.739608,2.037488,1.746869,-1.000000,67.224236
0.462317,0.700476,-0.280186,-0.139908,-0.139948,1.019910,1.071740,0.773334,1.616007,2.085514,1.895454,0.000000,67.130157
-2.500684,0.000000,-2.892683,3.642485,3.642519,-2.135731,-2.234413,-2.485386,-2.006654,-1.490508,-1.563631,1.000000,69.575386
-0.457785,0.000000,-1.036754,0.391990,0.391968,-2.173145,-2.309138,-2.533998,-2.403395,-1.848852,-1.853632,0.000000,69.848099
-1.150964,0.120446,-1.606001,0.605903,0.605922,-2.079772,-2.481280,-2.862263,-3.017959,-2.399916,-2.299792,1.000000,70.271324
0.866386,1.434949,-0.148912,-1.137578,-1.137612,-0.305928,-1.184500,-1.604611,-1.931766,-1.302821,-1.104156,-1.000000,69.471909
-0.917678,0.398984,-1.077278,1.786922,1.786934,-1.042685,-2.570816,-3.047391,-3.510443,-3.034981,-2.746564,1.000000,70.713326
0.560451,2.115726,-0.448368,-5.080461,-5.080468,3.522495,2.482846,2.068103,1.691190,1.966095,2.347096,-1.000000,67.120758
3.635835,3.766719,-1.774289,-3.657000,-3.656986,5.849326,5.757704,5.629236,5.419566,5.503770,5.988522,-1.000000,64.666161
0.659831,0.835777,-1.627568,-0.814434,-0.814449,4.806462,6.044009,6.163263,6.019809,5.964234,6.576749,-1.000000,64.139488
-0.929422,1.118205,-0.929422,0.967748,0.967755,2.346790,4.647113,4.785559,4.752398,4.632005,5.289476,1.000000,64.760201
0.735186,0.882222,-0.529334,-1.234387,-1.234395,1.514488,5.459502,5.648200,5.769749,5.643882,6.253989,-1.000000,63.960804
0.591630,1.153673,-0.636002,-0.588150,-0.588140,1.002807,5.141250,5.789086,6.059015,6.077797,6.531082,-1.000000,63.584625
-0.162675,0.828153,-0.502816,0.014794,0.014777,0.650701,4.142277,5.244025,5.720215,5.887619,6.177177,0.000000,63.594021
0.911265,1.284734,-0.328654,-1.005621,-1.005591,1.296666,4.037925,5.792239,6.445309,6.671629,6.848402,-1.000000,62.954525
-1.762639,0.102820,-1.806704,1.703018,1.703026,-0.628692,1.445335,3.687796,4.332381,4.636286,4.754183,1.000000,64.026657
0.161742,0.970440,-0.352897,-0.102820,-0.102852,-0.526381,0.494053,3.464208,4.104555,4.510523,4.615505,0.000000,63.960804
0.205098,0.659240,-0.585996,0.367593,0.367610,-0.700267,-0.329629,2.526607,3.411217,3.899202,4.106349,0.000000,64.195930
-0.524552,0.101996,-0.990820,0.542038,0.542008,-0.941249,-0.885884,1.426033,2.536094,3.143262,3.450900,0.000000,64.543877
-0.246553,0.449608,-0.855687,0.466268,0.466270,-0.817964,-1.237106,0.397413,1.826714,2.510252,2.832030,0.000000,64.844826
-0.320141,0.320141,-0.654837,-0.333569,-0.333544,-0.299782,-0.926958,0.233792,1.966671,2.628634,3.001547,0.000000,64.628540
-2.020199,1.038549,-2.119787,2.284633,2.284621,-1.877937,-2.815474,-2.469764,-0.388383,0.206581,0.620769,1.000000,66.105057
1.634174,1.748855,-0.143346,-0.754018,-0.754018,-0.702415,-1.768919,-1.882642,0.065945,0.809640,1.270553,-1.000000,65.606613
-1.134756,0.042552,-1.219860,1.060777,1.060774,-1.214182,-2.391481,-2.747983,-1.251764,-0.389776,0.137127,1.000000,66.302551
0.326245,0.638294,-0.297871,0.000000,0.000000,-0.774463,-1.886519,-2.530489,-1.551056,-0.484527,0.084645,0.000000,66.302551
0.743394,1.358120,-0.114359,-0.780146,-0.780124,0.357386,-0.847763,-1.660244,-1.057193,0.210428,0.746240,-1.000000,65.785309
-1.492754,0.168983,-1.689908,1.515375,1.515387,-0.937920,-1.905394,-2.846573,-2.828501,-1.306319,-0.830893,1.000000,66.782211
-0.139986,0.223959,-0.699888,0.605548,0.605534,-1.063837,-2.050686,-3.073919,-3.408466,-2.042564,-1.478173,1.000000,67.186600
-1.029645,0.125221,-1.085303,0.601905,0.601910,-1.274531,-2.185908,-3.259605,-3.770019,-2.762226,-2.119583,1.000000,67.591003
0.404577,0.585935,-0.251116,-0.264370,-0.264367,-0.683595,-1.545771,-2.562329,-3.272197,-2.674123,-1.882919,0.000000,67.412315
0.209469,0.418940,-0.488757,-0.097655,-0.097681,-0.122868,-1.045932,-2.138428,-2.985608,-2.705201,-1.780934,0.000000,67.346466
-0.138936,1.222559,-0.444567,0.516690,0.516685,-0.366753,-1.319798,-2.273770,-3.208520,-3.383708,-2.258023,0.000000,67.694435
-0.713215,1.056091,-0.740640,1.292027,1.292010,-1.234375,-2.146456,-3.095118,-4.079664,-4.531591,-3.553672,1.000000,68.569054
-1.125568,0.013564,-1.274742,1.138382,1.138416,-1.838899,-2.808514,-3.723896,-4.744373,-5.336047,-4.663232,1.000000,69.349655
-0.094505,0.796549,-0.378019,0.447521,0.447490,-1.630877,-2.759524,-3.691978,-4.687434,-5.440775,-5.117207,0.000000,69.659988
-0.415993,0.630705,-0.630695,0.607529,0.607570,-1.443927,-2.733502,-3.754706,-4.830929,-5.708007,-5.661130,1.000000,70.083221
0.416887,0.766540,-0.376545,-0.214702,-0.214719,-0.591722,-2.073695,-3.182713,-4.199166,-5.163527,-5.495337,0.000000,69.932739
0.147681,0.604185,-0.335661,0.161380,0.161398,-0.330308,-1.823327,-2.916236,-3.935975,-4.947386,-5.508432,0.000000,70.045609
-0.701193,0.391037,-0.701193,-0.429644,-0.429637,0.213031,-1.090911,-2.168307,-3.148623,-4.184490,-4.857990,0.000000,69.744667
0.556078,0.556078,-1.098610,-0.579829,-0.579835,0.705271,-0.236015,-1.305678,-2.259612,-3.257307,-4.053094,-1.000000,69.340263
-0.855404,1.031910,-1.507130,-0.108505,0.272288,0.272406,-0.193010,-1.214717,-2.172615,-3.203457,-4.085009,0.000000,69.529068
0.783505,1.278351,-0.288658,-1.221999,-1.222014,1.147929,1.185151,0.191547,-0.774943,-1.731137,-2.669398,-1.000000,68.679413
-0.367343,0.299321,-0.897965,1.030928,1.030932,-0.073902,0.270591,-0.619364,-1.515004,-2.434607,-3.383806,1.000000,69.387451
-0.298428,0.800321,-0.393382,0.299321,0.299326,-0.415083,0.006625,-0.723968,-1.572362,-2.435451,-3.384711,0.000000,69.595146
-0.472662,0.486159,-0.499666,0.447642,0.447645,-0.696832,-0.403765,-0.928515,-1.753223,-2.580612,-3.483780,0.000000,69.906685
2.689220,2.716938,-0.332682,-2.579344,-2.579340,1.513718,1.942491,1.768644,1.018189,0.202796,-0.728842,-1.000000,68.103554
1.661738,2.196871,-0.140822,-1.566395,-1.566409,2.639071,3.132742,3.322721,2.644715,1.852953,1.003845,-1.000000,67.036774
1.021558,1.957999,-0.028383,-0.746372,-0.746360,2.553911,3.380866,3.896021,3.367717,2.674758,1.880621,-1.000000,66.536438
-0.464389,0.450322,-0.745847,0.822921,0.822916,0.968202,2.140451,2.822864,2.486240,1.883321,1.175287,1.000000,67.083977
0.692772,0.692772,-0.749337,-0.464389,-0.464402,0.500503,2.232443,3.014305,2.916494,2.386825,1.743566,0.000000,66.772438
-1.865153,0.124349,-2.321083,2.332806,2.332816,-1.724229,-0.273550,0.494911,0.642350,0.201749,-0.395244,1.000000,68.330116
-0.303911,0.193397,-0.994614,0.013819,0.013834,-1.356551,-0.337073,0.325593,0.675629,0.279043,-0.300031,0.000000,68.339569
-0.981596,0.518071,-0.995222,1.326149,1.326120,-1.865018,-1.661877,-1.064431,-0.593110,-0.914422,-1.429685,1.000000,69.245834
-0.685948,0.322795,-0.860792,1.363327,1.363337,-2.299931,-2.899792,-2.352828,-1.870278,-2.099017,-2.570845,1.000000,70.189888
0.094429,0.391206,-0.283285,-0.295899,-0.295904,-1.092668,-2.600826,-2.001876,-1.556026,-1.661576,-2.106427,0.000000,69.982193
-0.547757,0.160325,-0.761522,0.971268,0.971273,-1.384101,-3.175681,-2.837670,-2.462040,-2.419843,-2.818050,1.000000,70.661911
0.415046,0.843484,-0.147275,-0.213756,-0.213737,-0.556990,-2.475583,-2.456391,-2.212121,-2.051058,-2.433622,0.000000,70.510880
0.093607,0.347689,-0.628512,0.120494,0.120492,-0.294207,-2.017931,-2.459669,-2.290836,-2.054097,-2.390066,0.000000,70.595840
-0.398410,0.318722,-0.889782,0.695378,0.695365,-0.730412,-2.131478,-2.993362,-2.871183,-2.632731,-2.900205,1.000000,71.086739
0.455953,0.965537,-0.080459,-0.969459,-0.969458,0.359398,-0.658443,-1.997229,-1.845245,-1.637646,-1.808296,-1.000000,70.397583
-0.399461,0.878834,-0.665779,0.710739,0.710750,-0.282291,-0.997345,-2.426107,-2.441419,-2.285857,-2.334293,1.000000,70.897934
1.589440,1.589440,-0.161631,-1.145140,-1.145153,0.751625,0.398711,-1.005742,-1.210932,-1.145169,-1.089168,-1.000000,70.086044
-2.052019,1.071755,-2.052019,3.057656,3.057667,-1.785395,-2.167046,-3.417429,-3.945245,-3.957223,-3.854894,1.000000,72.229042
0.938904,1.110812,-0.185136,-1.163245,-1.163269,-0.544817,-0.847647,-1.878681,-2.689092,-2.734714,-2.628091,-1.000000,71.388824
-0.565195,0.210300,-0.565195,0.608303,0.608321,-0.749214,-1.190853,-2.003159,-3.144063,-3.184546,-3.116452,1.000000,71.823097
2.008032,2.141909,-0.200795,-1.813887,-1.813894,0.977250,0.614471,0.014289,-1.183391,-1.339749,-1.305962,-1.000000,70.520302
0.987282,1.433592,-0.351639,-1.017396,-1.017382,1.933990,1.547191,1.182028,0.030419,-0.261303,-0.297749,-1.000000,69.802841
0.040538,0.432314,-0.445819,0.108189,0.108196,1.151030,1.334765,1.133017,0.161432,-0.340999,-0.413484,0.000000,69.878365
-1.135754,0.026730,-1.135754,1.107807,1.107784,-0.165673,0.163029,0.068605,-0.683445,-1.373049,-1.461770,1.000000,70.652466
1.882896,2.858705,-0.838373,-2.779255,-2.779238,1.775691,2.777615,2.803729,2.295206,1.375470,1.323519,-1.000000,68.688866
0.827366,0.827366,-0.303356,-0.329858,-0.329861,1.511310,2.761996,2.929768,2.643408,1.731934,1.606912,0.000000,68.462288
-0.601426,0.628757,-1.025150,0.882525,0.882533,0.410047,1.715402,1.889906,1.798095,0.959523,0.736724,1.000000,69.066490
0.585831,0.722068,-0.217989,0.328045,0.328024,-0.087186,0.959134,1.431433,1.468671,0.788561,0.402822,0.000000,69.293045
-0.683060,0.669406,-0.969944,-0.272486,-0.272483,-0.262283,0.904382,1.517314,1.667360,1.180883,0.653470,0.000000,69.104233
1.717883,1.843575,-0.307264,-2.185791,-2.185792,1.642466,2.533529,3.509321,3.762580,3.490512,2.788649,-1.000000,67.593758
-0.474535,0.767613,-0.711798,0.069838,0.069856,1.328669,2.036276,3.116060,3.466840,3.377515,2.694100,0.000000,67.640976
-0.083666,0.906431,-0.334679,0.083736,0.083726,0.839491,1.639941,2.794591,3.172502,3.253103,2.640729,0.000000,67.697609
0.182426,2.385626,-0.589399,-0.627523,-0.627526,0.875665,1.894470,2.952567,3.577041,3.787818,3.325380,-1.000000,67.272789
-1.510997,0.329668,-1.744511,2.161102,2.161104,-1.368135,-0.541211,0.516480,1.214282,1.507139,1.219317,1.000000,68.726624
-0.567233,0.096844,-1.148315,-0.714291,-0.714278,-0.470399,0.107903,0.889124,1.784023,2.135019,2.018987,-1.000000,68.235725
1.979080,2.078034,-0.141361,-2.130605,-2.130605,1.439068,2.035616,2.712272,3.691679,4.126087,4.162651,-1.000000,66.781891
0.411291,0.694934,-1.006948,-0.325129,-0.325148,1.429593,1.992630,2.723024,3.765428,4.228625,4.413562,0.000000,66.564751
-1.242584,0.536567,-1.397907,0.439651,0.439656,0.861345,1.181872,1.972139,2.909491,3.548718,3.837430,0.000000,66.857407
-0.141112,0.268089,-1.100617,0.070606,0.070591,0.245533,0.781727,1.526753,2.501777,3.225638,3.600502,0.000000,66.904602
-1.205158,0.406392,-1.751682,0.691404,0.691422,-0.700676,0.056054,0.698803,1.467207,2.336882,2.759714,1.000000,67.367195
1.677669,1.907086,-0.243760,-2.270184,-2.270160,1.319164,2.106376,2.772181,3.468577,4.406631,4.902474,-1.000000,65.837852
-1.217787,0.354007,-1.472672,1.261837,1.261835,0.087774,0.679673,1.251745,1.944184,2.900569,3.403165,1.000000,66.668617
0.953881,1.509119,-0.370152,-0.538098,-0.538097,0.464114,1.079144,1.499604,2.226634,3.100209,3.747133,-1.000000,66.309875
-1.516644,0.379166,-1.797499,1.380981,1.380969,-0.808870,-0.520997,-0.069284,0.579267,1.448104,2.142481,1.000000,67.225594
-3.210001,0.435254,-3.427635,3.243924,3.243913,-3.337850,-3.477957,-3.034994,-2.529238,-1.878667,-1.114432,1.000000,69.406334
-0.419890,1.070027,-0.514703,0.421661,0.421666,-2.635782,-3.464719,-3.245297,-2.849795,-2.337809,-1.586987,0.000000,69.698997
0.000000,1.033304,-0.176757,-0.379248,-0.379252,-1.468387,-2.683888,-2.710175,-2.453436,-1.987223,-1.243603,0.000000,69.434662
0.163303,0.857373,-0.340229,-0.095173,-0.095189,-0.492640,-2.229163,-2.416063,-2.355051,-1.923233,-1.286961,0.000000,69.368568
-0.514833,0.392901,-0.636773,0.449095,0.449107,-0.233027,-2.267974,-2.761135,-2.750298,-2.417552,-1.810047,0.000000,69.680107
-2.460206,0.999862,-2.644391,2.980631,2.980638,-2.465471,-4.484936,-5.248436,-5.274967,-5.070917,-4.655095,1.000000,71.757019
0.876265,1.088687,-0.252261,-0.907778,-0.907772,-1.176323,-2.869096,-3.975046,-4.163576,-4.052584,-3.754213,-1.000000,71.105629
-0.959763,0.092031,-1.682881,0.982472,0.982461,-1.477778,-3.098863,-4.422817,-4.810012,-4.833548,-4.597682,1.000000,71.804214
-0.315704,0.513032,-0.552485,-0.052591,-0.052594,-0.757687,-2.287548,-3.916502,-4.446846,-4.645611,-4.459783,0.000000,71.766449
-1.591816,0.569434,-1.902412,1.644304,1.644307,-1.467576,-3.083987,-4.918675,-5.703371,-5.977476,-5.900516,1.000000,72.946510
-0.518808,0.466927,-0.739298,-0.220006,-0.220013,-0.967568,-2.405958,-4.212698,-5.182868,-5.484814,-5.505394,0.000000,72.786018
-0.499167,0.563168,-0.755147,1.335926,1.335926,-1.553816,-3.142190,-4.759576,-5.959927,-6.399066,-6.511785,1.000000,73.758385
0.346203,0.653933,-0.525703,-0.179187,-0.179165,-0.882181,-2.399040,-3.958638,-5.311588,-5.908972,-6.137550,0.000000,73.626236
0.656882,0.901593,-0.115914,-0.448774,-0.448792,-0.018031,-1.423232,-2.890259,-4.445511,-5.156099,-5.532366,0.000000,73.295807
0.788114,0.865630,-0.465118,-0.309115,-0.309117,0.325581,-0.653745,-2.055985,-3.727385,-4.624285,-5.058566,0.000000,73.069237
-0.770413,0.025687,-0.988695,0.620149,0.620141,-0.092437,-1.025924,-2.286409,-3.902139,-4.924482,-5.374918,1.000000,73.522369
0.167145,0.861401,-0.334279,-0.128400,-0.128404,-0.053986,-0.582400,-1.822219,-3.261746,-4.440198,-4.990554,0.000000,73.427963
-0.412370,0.128865,-0.476798,-0.231423,0.129058,-0.210965,-0.476802,-1.578077,-2.920312,-4.184819,-4.848917,0.000000,73.522728
0.973899,1.415395,-0.064931,-0.760304,-0.760306,0.462525,0.449769,-0.495547,-1.720584,-3.115989,-3.859945,-1.000000,72.963730
1.743725,1.743725,-0.066044,-1.701084,-1.701093,1.825533,2.017431,1.416255,0.293669,-1.170682,-2.056975,-1.000000,71.722549
-0.807716,0.338712,-0.872858,1.400271,1.400283,0.200613,0.600492,0.104654,-0.863045,-2.240679,-3.203671,1.000000,72.726868
-1.320512,0.064106,-1.576927,1.615422,1.615407,-1.264095,-0.979387,-1.234503,-2.154707,-3.358321,-4.421329,1.000000,73.901703
-2.363681,0.425218,-2.526259,2.512819,2.512831,-3.094049,-3.125131,-3.307486,-4.135744,-5.247286,-6.359658,1.000000,75.758728
-2.391754,0.073589,-2.575738,1.963482,1.963454,-3.851325,-4.479193,-4.696514,-5.471844,-6.505576,-7.714541,1.000000,77.246216
1.045004,2.434232,-0.049168,-0.233047,-0.233012,-2.239990,-3.737455,-4.117548,-4.771862,-5.776452,-7.059483,0.000000,77.066223
0.455220,0.541341,-0.516730,-0.073761,-0.073763,-1.055622,-3.213594,-3.681157,-4.360547,-5.311983,-6.573517,0.000000,77.009377
0.604190,1.294703,-0.147959,-0.221458,-0.221474,-0.071511,-2.554863,-3.200098,-3.775194,-4.730130,-5.888911,0.000000,76.838821
-0.073581,0.932060,-0.576405,0.542544,0.542555,-0.223212,-2.597505,-3.409256,-3.941627,-4.839289,-5.939961,0.000000,77.255714
0.691194,1.086158,-0.296221,-0.637729,-0.637730,0.291289,-1.477414,-2.488195,-2.999648,-3.843212,-4.882348,-1.000000,76.763031
-0.269543,0.894382,-0.441070,0.740565,0.740566,-0.377364,-1.476362,-2.837580,-3.429199,-4.154310,-5.145968,1.000000,77.331512
0.109774,0.341504,-0.707396,0.453314,0.453296,-0.653725,-1.283070,-2.919042,-3.549842,-4.281723,-5.218887,0.000000,77.682053
0.623170,1.478503,-0.317686,-0.182952,-0.182942,-0.290805,-0.632936,-2.387579,-3.129226,-3.774371,-4.708104,0.000000,77.539940
-0.085774,0.159291,-0.416621,-0.281030,-0.281050,0.007367,-0.150700,-1.784893,-2.617217,-3.217721,-4.099510,0.000000,77.322014
-0.729481,0.121578,-0.790276,0.784216,0.784223,-0.471727,-0.840109,-2.124405,-3.077739,-3.654517,-4.479591,1.000000,77.928391
1.422793,1.717161,-0.196242,-0.875381,-0.875387,0.385141,0.058891,-0.783334,-1.951434,-2.581023,-3.309540,-1.000000,77.246216
0.518004,1.110016,-0.407008,-0.551940,-0.551921,0.717796,0.589534,0.122507,-1.192654,-1.830321,-2.553238,-1.000000,76.819878
0.508301,1.103396,-0.681878,-0.518004,-0.518000,0.949647,1.058752,0.863696,-0.482281,-1.179741,-1.813951,-1.000000,76.421951
-0.724900,0.208870,-1.093499,0.905027,0.905002,-0.009816,0.133938,0.076194,-1.142013,-1.885151,-2.465063,1.000000,77.113571
1.787724,2.500313,-0.262532,-1.720114,-1.720111,1.175157,1.757731,1.699395,0.774488,-0.036438,-0.581149,-1.000000,75.787132
1.038632,1.291962,-0.164657,-1.300164,-1.300147,1.854335,2.759968,2.837238,2.307790,1.373003,0.811144,-1.000000,74.801788
0.328368,0.631473,-1.010360,0.291327,0.291329,1.078547,2.106582,2.361701,2.163420,1.158369,0.617555,0.000000,75.019707
-0.188657,0.264116,-1.823675,0.416774,0.416770,0.369756,1.389754,1.803542,1.834357,0.839641,0.269597,0.000000,75.332367
1.662612,1.726562,-0.920835,-1.660168,-1.660164,1.245676,2.664013,3.236550,3.440329,2.572189,1.982834,-1.000000,74.081726
-0.448663,1.148064,-2.863550,-3.082239,-3.082243,3.354450,5.075216,6.058764,6.350621,5.769333,5.156639,-1.000000,71.798347
1.000667,2.041369,-0.213470,-1.095278,-1.095279,3.431627,5.360910,6.639982,7.102071,6.900604,6.224582,-1.000000,71.011955
-0.752376,0.567582,-1.069172,1.080727,1.080742,1.422901,3.532189,4.951580,5.592642,5.704839,5.007902,1.000000,71.779411
0.637191,0.982342,-0.292050,-0.567582,-0.567607,0.892085,3.415644,4.974561,5.812432,6.166476,5.511315,-1.000000,71.371986
-0.574480,0.639778,-0.887834,1.672632,1.672648,-1.185532,1.087610,2.810635,3.748530,4.243896,3.731559,1.000000,72.565788
1.202744,2.154371,-0.568333,-1.214247,-1.214255,-0.002644,1.757864,3.493697,4.669570,5.214907,4.947130,-1.000000,71.684654
0.805387,1.109063,-0.422498,0.105728,0.105738,0.100342,1.226563,2.874743,4.170841,4.808023,4.838039,0.000000,71.760452
0.997340,1.343088,-0.412231,-0.712967,-0.712954,0.670200,1.424190,3.092184,4.467403,5.237218,5.521704,-1.000000,71.248833
0.279849,1.532517,-0.159919,-0.212761,-0.212781,0.807573,1.044779,2.812722,4.237072,5.138592,5.615228,0.000000,71.097229
0.133430,0.600407,-0.920607,-0.119941,-0.119940,0.491001,0.733829,2.363358,3.917949,4.913145,5.519239,0.000000,71.011955
-0.466479,0.399844,-0.693052,0.106740,0.106751,0.215909,0.526450,1.813490,3.325994,4.481930,5.117944,0.000000,71.087761
-0.531704,0.106334,-1.236209,0.266565,0.266549,-0.186091,0.296429,1.213173,2.632596,3.864416,4.567772,0.000000,71.277245
-0.172741,0.451762,-0.491633,0.039876,0.039903,-0.209957,0.189988,0.825562,2.205000,3.465295,4.259431,0.000000,71.305687
-2.977805,0.051332,-3.632399,3.521129,3.521108,-2.867410,-2.886665,-2.740771,-1.447829,-0.255685,0.576729,1.000000,73.816437
1.209521,1.521653,-0.195085,-1.309209,-1.309236,-1.074233,-1.559341,-1.563243,-0.433058,0.821981,1.709396,-1.000000,72.850006
-0.168937,0.454849,-0.428842,0.078031,0.078043,-0.652357,-1.468467,-1.538643,-0.708233,0.467854,1.453775,0.000000,72.906860
-0.694624,0.360174,-0.823257,1.026642,1.026648,-1.016203,-2.212494,-2.299963,-1.795075,-0.748124,0.256419,1.000000,73.655357
-0.230651,0.230651,-0.653514,0.385906,0.385918,-0.684278,-2.224507,-2.480784,-2.245647,-1.285500,-0.297717,0.000000,73.939606
1.140346,1.140346,-0.298038,-1.114817,-1.114813,0.243603,-0.846190,-1.222414,-1.295197,-0.353511,0.624588,-1.000000,73.115318
0.889123,1.098322,-0.326883,-0.894123,-0.894122,1.040780,0.248418,-0.340842,-0.516487,0.288690,1.308825,-1.000000,72.461578
-0.391395,0.026087,-0.834964,0.222279,0.222276,0.738416,0.237434,-0.475763,-0.680373,-0.108031,0.840608,0.000000,72.622643
-1.010361,0.038868,-1.088078,0.717541,0.717527,-0.119156,-0.221492,-1.058710,-1.242216,-0.910351,-0.064756,1.000000,73.143730
0.691362,0.965299,-0.391342,-0.699473,-0.699461,0.224363,0.663959,-0.234813,-0.487878,-0.343864,0.446986,-1.000000,72.632118
-1.299539,0.205862,-1.402476,1.382725,1.382726,-1.001030,-0.733411,-1.365592,-1.691333,-1.795167,-1.049072,1.000000,73.636421
-0.804183,0.370183,-0.906305,0.797729,0.797717,-1.309663,-1.333918,-1.857702,-2.357659,-2.564706,-1.961949,1.000000,74.223831
-0.152336,0.291993,-0.520498,0.548891,0.548894,-1.310139,-1.641480,-2.076926,-2.693276,-2.944768,-2.548763,0.000000,74.631241
0.151690,0.278095,-0.568824,0.431642,0.431657,-1.251433,-1.891047,-2.170829,-2.898507,-3.151572,-2.960868,0.000000,74.953392
0.496308,0.801727,-0.356323,-0.669952,-0.669962,-0.096720,-1.160602,-1.229326,-2.028510,-2.354801,-2.331809,-1.000000,74.451233
-0.970146,0.075592,-1.625300,1.005346,1.005321,-0.675303,-1.867185,-2.089774,-2.730863,-3.123076,-3.309796,1.000000,75.199707
-0.489764,0.138140,-0.941856,0.327572,0.327598,-0.675626,-1.792038,-2.180083,-2.754615,-3.286700,-3.565238,0.000000,75.446060
0.377496,0.578834,-0.188752,-0.200924,-0.200922,-0.299490,-1.239469,-1.771743,-2.279483,-2.900220,-3.216314,0.000000,75.294472
-0.713569,0.375567,-0.751124,0.515913,0.515918,-0.618435,-1.410872,-2.097317,-2.489992,-3.191293,-3.507350,0.000000,75.682930
-0.968822,0.074522,-1.279343,0.788689,0.788686,-0.916666,-1.704145,-2.658891,-2.926976,-3.685017,-4.065757,1.000000,76.279831
0.852130,1.190472,-0.150380,-0.881877,-0.881883,0.072682,-0.568927,-1.573102,-1.944868,-2.589478,-3.025484,-1.000000,75.607132
0.075063,0.487927,-0.450394,0.162904,0.162887,-0.014995,-0.531700,-1.445416,-1.914160,-2.498671,-3.043898,0.000000,75.730286
0.363592,0.614341,-0.626881,-0.212684,-0.212661,0.270806,-0.195594,-0.975435,-1.528970,-2.053670,-2.665923,0.000000,75.569237
-0.263125,0.238068,-0.426008,0.062683,0.062664,0.190466,-0.170391,-0.819432,-1.460955,-1.885464,-2.556892,0.000000,75.616592
-0.511408,0.212047,-0.935512,0.451071,0.451095,-0.344279,-0.420367,-0.972942,-1.770621,-2.081088,-2.787835,0.000000,75.957695
0.427992,0.704932,-0.428001,-0.910560,-0.444891,0.104403,0.080183,-0.355558,-1.166059,-1.548119,-2.154060,0.000000,75.619766
0.202066,0.239963,-0.732511,-0.327294,-0.327313,0.338129,0.399041,0.073239,-0.648414,-1.090960,-1.639912,0.000000,75.372253
1.512821,1.551281,-0.243592,-1.490275,-1.490253,1.500422,1.777071,1.552825,0.964095,0.477638,-0.010002,-1.000000,74.249016
-0.345396,0.102344,-0.818727,0.217946,0.217910,0.955636,1.384812,1.283401,0.829704,0.299774,-0.087044,0.000000,74.410812
-1.312967,0.202000,-1.805328,1.330435,1.330440,-0.517598,-0.062922,0.037537,-0.310564,-0.939617,-1.217835,1.000000,75.400803
-1.440820,0.347782,-1.552602,1.641211,1.641242,-1.858175,-1.542095,-1.452667,-1.724442,-2.355309,-2.690175,1.000000,76.638313
-0.712446,0.098261,-1.166939,1.117876,1.117855,-2.395284,-2.402822,-2.365839,-2.599817,-3.174961,-3.566134,1.000000,77.495018
-0.122713,0.196348,-0.625838,0.098261,0.098282,-1.634571,-2.240570,-2.266036,-2.505951,-3.014856,-3.460387,0.000000,77.571182
-0.379249,0.795206,-0.391485,0.306786,0.306765,-1.061895,-2.257759,-2.382759,-2.620603,-3.071623,-3.577683,0.000000,77.809143
-1.202329,0.048580,-1.858147,0.734032,0.734042,-1.022585,-2.660917,-2.915434,-3.079560,-3.484586,-4.091454,1.000000,78.380295
0.230893,0.230893,-0.765581,-0.060718,-0.060740,-0.529820,-2.255425,-2.624465,-2.820675,-3.186116,-3.811146,0.000000,78.332687
-0.378046,0.134148,-0.841466,-0.352413,-0.352383,-0.034159,-1.565867,-2.081426,-2.309797,-2.647341,-3.232062,0.000000,78.056656
0.648317,0.966362,-0.183489,-0.304878,-0.304886,0.335162,-0.806123,-1.589265,-1.848857,-2.185780,-2.713558,0.000000,77.818672
-0.183174,0.561728,-0.293072,0.171253,0.171248,0.200270,-0.521430,-1.557779,-1.871113,-2.199132,-2.674268,0.000000,77.951935
-0.836459,0.036367,-1.721418,0.732689,0.732687,-0.492178,-0.847370,-2.056003,-2.442021,-2.703073,-3.132102,1.000000,78.523079
-0.911820,0.107983,-1.235750,1.042551,1.042550,-1.264541,-1.529690,-2.753846,-3.213269,-3.498156,-3.891884,1.000000,79.341721
0.936508,1.070296,-0.522987,-1.355725,-1.355713,0.145940,-0.077850,-1.170854,-1.721087,-2.027764,-2.398869,-1.000000,78.266075
0.109846,0.170878,-0.671308,-0.352713,-0.352712,0.544358,0.329539,-0.501252,-1.218020,-1.542729,-1.909843,0.000000,77.990021
-0.918534,0.012088,-1.027313,0.988646,0.988632,-0.234462,-0.531780,-1.107076,-1.985429,-2.350253,-2.708952,1.000000,78.761055
-0.974663,0.523879,-1.254872,-0.797675,-0.797685,0.467848,0.236366,-0.078773,-1.058103,-1.470190,-1.769571,-1.000000,78.132790
-1.146380,0.313737,-1.375649,0.962477,0.962491,-0.605770,-0.649212,-0.841482,-1.794381,-2.243289,-2.550301,1.000000,78.884811
-1.115456,0.498404,-1.257859,1.689386,1.689391,-1.770502,-2.030380,-2.262570,-3.123890,-3.643594,-3.970986,1.000000,80.217484
0.166864,1.001187,-0.202621,-0.439059,-0.439061,-0.867706,-1.342079,-1.640053,-2.345060,-3.003500,-3.356729,0.000000,79.865280
0.370103,0.441732,-0.644700,-0.166865,-0.166858,-0.458462,-0.953926,-1.314879,-1.848149,-2.634920,-3.025923,0.000000,79.732018
-1.010458,2.502640,-1.973917,1.611747,1.611720,-1.325327,-2.217115,-2.663205,-3.058379,-3.929488,-4.369176,1.000000,81.017075
-0.058461,0.304025,-1.274552,0.481725,0.481737,-1.178665,-2.432171,-2.878071,-3.230231,-4.105699,-4.590157,0.000000,81.407364
0.188106,0.270401,-1.210909,-0.537885,-0.537890,-0.458492,-1.570646,-2.113007,-2.492347,-3.310594,-3.858496,-1.000000,80.969482
-0.615928,0.825100,-0.674029,1.163890,1.163913,-1.104026,-2.224305,-2.906078,-3.349232,-4.048825,-4.706516,1.000000,81.911896
0.430528,0.709799,-0.197818,-0.127834,-0.127846,-0.470101,-1.726789,-2.467616,-2.981152,-3.564350,-4.332288,0.000000,81.807175
-0.268444,0.758639,-0.455181,-0.302539,-0.302557,-0.035000,-1.008387,-1.923420,-2.491814,-2.969638,-3.813009,0.000000,81.559662
-0.661310,0.389705,-0.803023,-1.167134,-1.167108,0.947086,0.374341,-0.660535,-1.199229,-1.626839,-2.470880,-1.000000,80.607773
-0.839651,0.174929,-1.341110,1.263581,1.263574,-0.151604,-0.705542,-1.625659,-2.213414,-2.651898,-3.432462,1.000000,81.626312
0.818799,1.530795,-0.332264,-1.725951,-1.725948,1.179540,1.082233,0.287169,-0.346507,-0.810255,-1.488472,-1.000000,80.217484
2.182043,2.314655,-1.482816,-1.566394,-1.566387,2.068708,2.593118,1.899931,1.303186,0.826513,0.271239,-1.000000,78.960968
0.888333,1.394197,-0.616903,-2.290529,-2.290549,3.318947,4.497228,4.203994,3.589147,3.126470,2.697517,-1.000000,77.152328
-0.429499,0.711746,-1.141244,0.542869,0.542892,1.978148,3.438447,3.528437,2.915683,2.530360,2.183077,0.000000,77.571182
-0.826548,0.316035,-1.349208,0.957171,0.957157,0.165315,2.118639,2.384834,1.942996,1.571414,1.249142,1.000000,78.313660
1.037170,1.901471,-0.518580,-1.555852,-1.555863,0.938401,3.107804,3.763440,3.496123,3.139166,2.828757,-1.000000,77.095207
-0.674850,0.760740,-0.932518,0.629710,0.629707,-0.049071,1.917803,2.929255,2.772405,2.474614,2.175473,1.000000,77.580681
2.195304,2.308849,-0.126165,-2.748464,-2.748446,2.323987,3.988133,5.346109,5.498982,5.207662,4.933543,-1.000000,75.448418
-0.886169,0.087368,-1.722423,1.085038,1.085045,0.883657,2.302781,3.766002,4.194941,3.917108,3.716909,1.000000,76.267067
0.651053,0.976586,-0.137725,-0.312032,-0.312040,0.598466,1.886811,3.657605,4.245642,4.124695,3.952666,0.000000,76.029083
-0.760409,0.211915,-0.860137,0.438210,0.438202,-0.032405,0.937426,2.720855,3.561459,3.585143,3.435555,0.000000,76.362244
-1.091889,0.196290,-1.374068,1.608079,1.608091,-1.612074,-0.836715,0.732826,1.784434,1.885403,1.783003,1.000000,77.590218
-0.134443,0.305549,-2.028839,0.380319,0.380328,-1.359088,-1.118321,0.036653,1.197737,1.486663,1.370066,0.000000,77.885315
0.908307,0.994229,-0.810118,-0.427767,-0.427787,-0.603895,-0.695957,0.203761,1.383950,1.853938,1.728657,0.000000,77.552132
-0.692250,0.170035,-1.202329,1.067872,1.067879,-1.054161,-1.736698,-1.131079,0.147563,0.683996,0.658653,1.000000,78.380295
-1.174078,0.347431,-1.701208,1.372365,1.372351,-1.614941,-2.769847,-2.533435,-1.362756,-0.699644,-0.642538,1.000000,79.455948
-0.587316,0.383555,-1.282511,-0.047923,-0.047915,-1.107513,-2.491904,-2.448357,-1.465897,-0.667864,-0.567340,0.000000,79.417877
-0.190994,0.393937,-0.214875,0.407524,0.407514,-1.043324,-2.349274,-2.627815,-1.979810,-1.134998,-0.903650,0.000000,79.741516
-0.214850,0.262594,-0.381953,0.011940,0.011960,-0.503711,-1.924094,-2.457237,-2.045244,-1.229895,-0.879294,0.000000,79.751053
0.178064,0.605415,-0.344256,0.549056,0.549051,-0.595921,-1.940885,-2.833968,-2.669754,-1.808168,-1.421733,0.000000,80.188927
-0.787131,0.258450,-1.139569,1.044640,1.044648,-1.235916,-2.379007,-3.515050,-3.626070,-2.867025,-2.393106,1.000000,81.026619
-1.389207,0.683033,-1.643897,1.480256,1.480247,-1.993514,-3.239174,-4.545802,-4.833293,-4.263485,-3.715751,1.000000,82.226013
-0.393787,0.764424,-0.949732,-0.046308,-0.046299,-1.352792,-2.670843,-3.954911,-4.482863,-4.188561,-3.623664,0.000000,82.187943
0.080757,0.634521,-0.380713,0.393797,0.393788,-1.070602,-2.451548,-3.827104,-4.558146,-4.472082,-3.957085,0.000000,82.511589
0.845010,0.960762,-0.729248,-0.334565,-0.334564,-0.240766,-1.655286,-3.001120,-3.999306,-4.121774,-3.583363,0.000000,82.235535
-0.011524,0.645232,-0.426320,0.463019,0.463020,-0.315707,-1.726009,-2.943507,-4.107619,-4.447521,-3.999313,0.000000,82.616302
-0.344585,1.596599,-0.402020,0.311092,0.311081,-0.468632,-1.613820,-2.819502,-4.085677,-4.555010,-4.254145,0.000000,82.873306
-0.911684,0.056983,-1.150999,0.792559,0.792571,-0.929919,-1.933905,-3.133149,-4.356129,-5.000118,-4.928399,1.000000,83.530136
-0.238889,0.102373,-0.557395,0.182341,0.182345,-0.830405,-1.642599,-2.821080,-4.087146,-4.880913,-4.978968,0.000000,83.682449
-0.632337,0.327462,-1.208220,0.739386,0.739377,-1.068198,-1.876689,-3.066092,-4.300472,-5.294939,-5.570609,1.000000,84.301178
1.363899,1.432665,-0.641832,-1.479221,-1.060253,0.181658,-0.539748,-1.711501,-2.852609,-3.977350,-4.431207,-1.000000,83.407372
-0.367478,0.045936,-1.010571,-0.194840,-0.194844,0.466504,-0.223186,-1.213134,-2.323314,-3.517722,-4.073096,0.000000,83.244858
1.229981,1.229981,-0.371315,-1.033535,-1.033547,1.237593,0.842680,0.032410,-1.030178,-2.173352,-2.859595,-1.000000,82.384483
0.313849,0.918285,-0.232474,-0.174055,-0.174046,1.063582,0.985609,0.408666,-0.572550,-1.712230,-2.500954,0.000000,82.241096
-1.330890,0.240935,-1.502990,1.313501,1.313484,-0.481863,-0.193312,-0.642461,-1.565078,-2.636409,-3.564651,1.000000,83.321320
-0.045983,0.655248,-0.597766,-0.195050,-0.195027,-0.347174,0.066957,-0.277374,-1.150090,-2.119233,-3.133155,0.000000,83.158821
-0.239643,0.388000,-0.502105,0.735716,0.735711,-0.949450,-0.556753,-0.882762,-1.612227,-2.538982,-3.594305,1.000000,83.770630
0.808655,1.047834,-0.182237,0.194004,0.193999,-0.772212,-0.701283,-0.936058,-1.553028,-2.439468,-3.444005,0.000000,83.933144
0.034187,0.763365,-0.330402,-0.034175,-0.034188,-0.341789,-0.640865,-0.791508,-1.271852,-2.103267,-3.107567,0.000000,83.904449
0.843058,1.270362,-0.242521,-1.344424,-1.344411,0.884632,0.528933,0.604001,0.229843,-0.556763,-1.515473,-1.000000,82.776428
-1.802512,0.283415,-1.825191,1.870889,1.870896,-0.691539,-1.208486,-1.108533,-1.415334,-2.152104,-3.009410,1.000000,84.325089
1.868184,2.111859,-0.174055,-2.301325,-2.301339,1.311212,1.014161,1.181346,0.916492,0.296787,-0.530771,-1.000000,82.384483
-0.404155,0.427255,-0.796760,0.487350,0.487355,0.542724,0.572750,0.630700,0.463176,-0.042543,-0.815865,0.000000,82.785988
-1.075020,0.508606,-1.075020,-0.103921,-0.103917,0.356022,0.732857,0.656180,0.579072,0.204070,-0.505198,0.000000,82.699959
0.498551,0.962321,-0.150721,-0.300546,-0.300554,0.579715,0.931019,0.810053,0.895368,0.615905,-0.040675,0.000000,82.451401
1.319513,1.625831,-0.318091,-1.588409,-1.588414,1.418483,2.311510,2.251034,2.433008,2.245573,1.641973,-1.000000,81.141731
-0.058898,0.435801,-1.378091,0.023569,0.023582,1.093043,1.965834,2.055744,2.303361,2.168972,1.689595,0.000000,81.160866
-0.755631,0.302258,-1.104391,1.319193,1.319178,-0.358045,0.431306,0.714576,0.892409,0.840850,0.466530,1.000000,82.231522
1.833360,2.185922,-0.164531,-1.081145,-1.081150,0.397238,1.214025,1.741703,1.851294,1.885515,1.629810,-1.000000,81.342476
0.843331,1.116516,-0.308828,-1.057697,-1.057671,0.981096,2.010913,2.594118,2.702802,2.887504,2.728354,-1.000000,80.482140
-2.689912,0.253975,-3.036256,2.886330,2.886314,-1.450013,-1.034404,-0.312476,-0.214730,0.010277,-0.081935,1.000000,82.805107
1.659991,1.895457,-0.364969,-1.939507,-1.939506,0.508591,0.777018,1.448081,1.632918,1.905873,1.852155,-1.000000,81.199097
-0.351333,1.674670,-0.398168,0.529782,0.529769,-0.168626,0.104241,0.725314,1.051076,1.275706,1.292603,0.000000,81.629265
1.512810,2.382371,-0.226319,-1.686383,-1.686379,1.272198,1.516389,2.149706,2.660527,2.841945,2.936256,-1.000000,80.252686
1.835301,2.113016,-0.326005,-1.346036,-1.346028,2.323107,2.487321,3.239960,3.799206,3.985998,4.211750,-1.000000,79.172462
0.012164,0.998051,-1.752681,-0.796904,-0.796903,2.059388,2.979546,3.578379,4.339091,4.573513,4.875953,-1.000000,78.541534
-0.737788,1.534135,-1.510717,3.931347,3.931335,-1.695743,-0.858405,-0.401284,0.261168,0.538719,0.858086,1.000000,81.629265
-1.508281,0.714445,-1.621683,3.267363,3.267388,-4.173296,-3.750297,-3.433142,-2.889556,-2.551610,-2.302771,1.000000,84.296410
-0.338833,0.338824,-0.609895,0.408257,0.408266,-3.526107,-3.751997,-3.672938,-3.240929,-2.834445,-2.662281,0.000000,84.640564
-1.968107,0.142941,-2.308960,2.721929,2.721911,-4.294663,-5.559099,-5.880888,-5.565145,-5.242440,-5.140185,1.000000,86.944405
1.860315,1.860315,-0.066835,-1.297416,-1.297423,-1.341196,-3.966799,-4.280563,-4.236932,-3.873002,-3.799702,-1.000000,85.816368
0.308844,0.683868,-0.264732,0.991430,0.991437,-1.147144,-4.278631,-4.796684,-4.929965,-4.682998,-4.612477,1.000000,86.667183
-1.069397,0.065471,-1.145791,1.080956,1.080958,-1.449147,-4.620255,-5.405939,-5.671653,-5.534704,-5.433946,1.000000,87.604019
-0.759793,0.162816,-0.814067,0.534699,0.534687,-1.193956,-4.239650,-5.399606,-5.868329,-5.847813,-5.716187,0.000000,88.072426
-1.716317,0.151123,-2.461138,0.553568,0.553585,-1.373065,-3.706828,-5.312328,-6.041675,-6.104930,-6.038076,1.000000,88.559982
-0.064541,0.774528,-0.290444,0.345423,0.345408,-1.026241,-2.876498,-5.183586,-5.930502,-6.223746,-6.147440,0.000000,88.865875
-1.406049,0.287607,-1.469959,0.989671,0.989678,-1.310183,-2.923941,-5.477914,-6.374094,-6.814656,-6.845262,1.000000,89.745361
-0.010527,0.694659,-0.736769,1.203670,1.203671,-1.774556,-3.359649,-5.927100,-7.014530,-7.568892,-7.700247,1.000000,90.825600
0.621965,0.853887,-0.379508,-0.157879,-0.157879,-1.043645,-2.540590,-5.011598,-6.352522,-7.070634,-7.305154,0.000000,90.682205
0.010523,0.652764,-0.779117,0.126504,0.126511,-0.675942,-2.239430,-4.278103,-5.902833,-6.820395,-7.127827,0.000000,90.796928
-0.240087,0.219206,-0.814202,0.863340,0.863328,-0.933191,-2.446763,-4.148224,-6.229123,-7.162004,-7.658664,1.000000,91.580803
-0.176695,0.446939,-0.322209,0.427971,0.427969,-0.871002,-2.285619,-3.806942,-6.043025,-7.087408,-7.704668,0.000000,91.972740
2.019014,2.254033,-0.640956,-2.702420,-2.702402,1.583154,0.638808,-0.748507,-2.994351,-4.182472,-4.891585,-1.000000,89.487267
-1.129288,0.263852,-1.319261,1.217818,1.217816,0.337726,-0.295522,-1.505726,-3.591565,-4.927503,-5.746009,1.000000,90.577057
-0.668825,0.062700,-1.013691,0.992087,0.992081,-0.499532,-0.956217,-2.143037,-3.866135,-5.380715,-6.343059,1.000000,91.475655
-0.470315,0.303095,-1.212378,-0.010453,-0.010467,-0.514202,-0.661568,-1.721004,-3.149550,-4.992048,-5.957001,0.000000,91.466080
-0.271119,0.875908,-0.521376,0.229935,0.229951,-0.807093,-0.678836,-1.582210,-2.823780,-4.752875,-5.790415,0.000000,91.676407
0.956783,1.061930,-0.252337,-0.823776,-0.823788,0.332254,0.156669,-0.521495,-1.652291,-3.552933,-4.689302,-1.000000,90.921188
-1.316476,0.228051,-1.689650,1.429923,1.429931,-0.725616,-1.088421,-1.623994,-2.627761,-4.393491,-5.639752,1.000000,92.221298
-1.222124,0.427741,-1.364705,1.782939,1.782931,-1.955390,-2.494138,-2.970426,-3.964757,-5.442097,-6.817391,1.000000,93.865540
0.898206,1.600251,-0.072269,-1.354518,-1.354508,-0.365480,-1.045842,-1.369677,-2.280098,-3.536654,-5.185496,-1.000000,92.594124
-0.402684,0.000000,-0.702117,-0.010327,-0.010316,-0.159020,-0.969549,-1.155060,-1.950450,-3.053392,-4.765801,0.000000,92.584572
0.713476,1.375248,-0.124085,-0.144552,-0.144571,0.316416,-0.505629,-0.894765,-1.546370,-2.560226,-4.237751,0.000000,92.450722
0.381832,0.402476,-0.402477,0.196467,0.196465,0.208467,-0.478840,-0.948739,-1.493287,-2.406188,-3.980044,0.000000,92.632355
-0.919307,0.245145,-1.011234,1.031992,1.031997,-0.874361,-1.269664,-1.761662,-2.230848,-3.119102,-4.447396,1.000000,93.588318
-0.122315,0.642133,-0.295588,0.214504,0.214505,-0.831720,-1.233311,-1.814970,-2.177658,-2.986445,-4.110014,0.000000,93.789070
0.070972,0.800974,-0.202775,0.530013,0.530012,-0.993611,-1.477235,-2.169044,-2.452596,-3.174689,-4.168099,0.000000,94.286163
-0.312940,0.777311,-1.059960,0.435974,0.435975,-0.948919,-1.506156,-2.226931,-2.671610,-3.295375,-4.217980,0.000000,94.697227
-0.831415,0.170287,-1.632781,0.777311,0.777303,-1.125910,-1.929275,-2.641819,-3.173389,-3.732740,-4.579780,1.000000,95.433311
-0.912704,0.525793,-1.091276,0.971653,1.352371,-1.796850,-2.942338,-3.579159,-4.158984,-4.679640,-5.515972,1.000000,96.723923
1.173872,1.264174,-0.250828,-1.121037,-1.121031,-0.296498,-1.523521,-2.195076,-2.860202,-3.315652,-4.102398,-1.000000,95.639618
-0.518294,0.378747,-0.647864,0.662189,0.662206,-0.539657,-1.788232,-2.520186,-3.275901,-3.680477,-4.400672,1.000000,96.272949
0.400322,0.980789,-0.280223,-0.408655,-0.408663,0.115089,-1.027615,-1.775426,-2.545656,-3.074395,-3.720684,0.000000,95.879517
-1.960004,0.069292,-2.247077,1.100880,1.100872,-0.665209,-1.661438,-2.520794,-3.278871,-3.871783,-4.464295,1.000000,96.935028
1.695429,1.947725,-0.080729,-1.910514,-1.910516,0.924420,0.411134,-0.536799,-1.205309,-1.819156,-2.374839,-1.000000,95.083069
-0.340924,0.942540,-0.491332,0.645885,0.645894,0.288774,-0.033861,-0.958929,-1.618255,-2.277171,-2.763398,1.000000,95.697205
0.830296,1.670719,-0.070879,-0.972627,-0.972638,0.955855,0.998675,0.167332,-0.488926,-1.199428,-1.631738,-1.000000,94.766418
0.539337,1.506058,-0.875133,-0.496157,-0.496150,1.123435,1.459754,0.797267,0.186221,-0.502790,-1.018564,0.000000,94.296234
1.877938,3.056861,-0.104328,-2.462602,-2.462604,2.597810,3.645281,3.294462,2.702263,2.070053,1.527320,-1.000000,91.974091
-2.612463,0.615293,-2.995765,3.432448,3.432444,-0.796849,0.038334,-0.025290,-0.639436,-1.163480,-1.690037,1.000000,95.131050
-1.917057,0.019566,-2.278946,3.126890,3.126895,-3.313773,-2.743543,-2.763276,-3.371232,-3.889574,-4.449182,1.000000,98.105698
-0.478093,1.473316,-0.478093,0.244523,0.244523,-2.821740,-2.770027,-2.725281,-3.314039,-3.852758,-4.466254,0.000000,98.345589
-0.446428,0.194096,-0.553183,0.536641,0.536641,-2.414600,-2.986223,-2.962930,-3.505336,-4.044259,-4.659757,0.000000,98.873352
0.845895,1.050075,-0.398635,-0.184397,-0.184389,-0.873123,-2.629079,-2.563611,-3.020129,-3.604778,-4.209581,0.000000,98.691040
0.311648,0.623296,-0.136345,-0.165287,-0.165296,-0.019477,-2.118232,-2.280224,-2.608890,-3.255896,-3.812394,0.000000,98.527908
0.038999,0.438807,-0.380301,-0.126604,-0.126612,0.167728,-1.719158,-1.969116,-2.250977,-2.897119,-3.455467,0.000000,98.403160
0.048857,0.664517,-0.488615,-0.214530,-0.214531,0.351809,-1.158991,-1.628062,-1.841934,-2.459926,-3.026717,0.000000,98.192055
-0.583372,0.204181,-0.583372,0.508156,0.508172,-0.192519,-1.213425,-1.935513,-2.135885,-2.700169,-3.254586,0.000000,98.691040
2.008119,2.562077,-0.059350,-1.711232,-1.711242,1.196957,1.024834,-0.223558,-0.351167,-0.825948,-1.405926,-1.000000,97.002197
0.714428,1.825763,-0.764038,-0.306654,-0.306655,1.131178,1.498316,0.195147,-0.045641,-0.391986,-1.004787,0.000000,96.704735
1.190476,1.341802,-0.373288,-1.647148,-1.647143,2.132762,2.883367,1.832115,1.600579,1.331808,0.741351,-1.000000,95.111870
0.919939,1.233321,-0.465021,-0.201781,-0.201781,1.649818,2.730489,2.048792,1.734734,1.563399,1.027052,0.000000,94.919952
-0.970680,0.370262,-1.010709,1.021029,1.021031,0.038023,1.380963,1.128118,0.706990,0.586606,0.125486,1.000000,95.889114
-2.989491,0.267436,-3.801333,4.773338,4.773329,-3.829983,-3.061121,-2.915625,-3.705342,-3.795600,-4.176176,1.000000,100.466217
0.674891,0.877358,-0.790589,-0.936004,-0.936005,-2.354411,-2.044925,-1.703942,-2.572306,-2.774003,-3.071925,-1.000000,99.525848
1.248171,1.413941,-0.624085,-1.128035,-1.128037,-0.571427,-0.927349,-0.562324,-1.323254,-1.552410,-1.809768,-1.000000,98.403160
0.844088,2.454641,-1.193368,0.507067,0.507059,-0.267770,-1.355377,-1.026473,-1.611998,-1.942744,-2.149565,0.000000,98.902122
-1.664571,0.145167,-2.080714,0.252258,0.252275,0.139350,-1.557153,-1.256820,-1.614735,-2.057491,-2.246045,0.000000,99.151627
-0.861575,0.124447,-1.273217,1.093581,1.093567,-0.989846,-2.299435,-2.222212,-2.266886,-2.985247,-3.143776,1.000000,100.235916
-1.200716,0.217456,-2.004344,1.254067,1.254075,-1.828496,-3.037721,-3.238470,-3.163937,-3.934193,-4.186753,1.000000,101.492950
0.549133,0.719555,-1.060408,-0.141811,-0.141796,-1.107762,-2.284622,-2.907294,-2.866423,-3.574718,-3.862920,0.000000,101.349037
-2.561291,0.118914,-3.384556,3.503121,3.503096,-3.311370,-4.640497,-5.767157,-5.841556,-6.451874,-6.842593,1.000000,104.899391
-3.601228,0.237159,-3.970133,4.143796,4.143811,-5.310499,-7.212125,-8.872495,-9.113308,-9.626703,-10.141415,1.000000,109.246223
1.464285,2.071429,0.000000,-1.624943,-1.624946,-2.400000,-5.027681,-6.717858,-7.203572,-7.557143,-8.330357,-1.000000,107.471031
0.349430,0.349430,-0.761580,-0.348213,-0.348221,-1.012447,-3.988886,-5.745000,-6.479253,-6.787199,-7.636108,0.000000,107.096794
0.854463,1.127168,-0.081814,-1.433562,-1.433542,1.225328,-1.914386,-3.714222,-4.780034,-5.149000,-5.981288,-1.000000,105.561516
1.945419,2.231235,-0.009222,-1.408966,-1.408982,2.513375,-0.015669,-1.751794,-3.136635,-3.573294,-4.339536,-1.000000,104.074173
-1.133556,0.173693,-2.422526,0.857459,0.857461,0.826404,-0.311726,-2.010542,-3.661209,-4.160889,-4.813965,1.000000,104.966568
2.230591,2.955293,-0.103530,-2.870463,-2.870453,2.723759,2.802817,0.982580,-0.571302,-1.200572,-1.674674,-1.000000,101.953552
-0.521948,0.046598,-2.069159,0.978824,0.978826,0.922727,1.947984,0.225547,-1.231718,-1.986401,-2.374570,1.000000,102.951500
-0.426677,0.176238,-1.196550,0.484665,0.484651,0.027834,1.659408,0.067409,-1.305067,-2.263976,-2.673214,0.000000,103.450455
-1.010004,0.759822,-1.084135,0.102031,0.102025,-0.174191,1.426070,0.265025,-0.988683,-2.156399,-2.604694,0.000000,103.556000
-0.459474,0.909757,-0.459474,0.833953,0.833968,-1.104580,0.124974,-0.227903,-1.399104,-2.746190,-3.233171,1.000000,104.419624
0.920073,1.672866,-0.381037,-1.121119,-1.121120,0.267656,0.851300,1.097893,-0.146377,-1.401488,-1.988849,-1.000000,103.248955
0.413186,0.704291,-0.197201,-1.031599,-1.031615,1.162560,1.421745,2.196779,1.024524,-0.159249,-0.847952,-1.000000,102.183823
-1.569238,0.449663,-1.688542,2.328860,2.328878,-0.926869,-0.981928,0.075856,-0.980092,-2.069933,-2.908145,1.000000,104.563560
-1.019568,0.191170,-1.338189,0.807559,0.807576,-1.369156,-1.648630,-0.693691,-1.464743,-2.456459,-3.457763,1.000000,105.407990
0.782958,0.855793,-0.919514,-0.009105,-0.009121,-1.174435,-1.598689,-0.928017,-1.159415,-2.086673,-3.236831,0.000000,105.398376
0.228436,0.365492,-0.694446,-0.364161,-0.364160,-0.476977,-0.947557,-0.721863,-0.570638,-1.555563,-2.628844,0.000000,105.014557
-0.382659,0.000000,-1.129742,0.292398,0.292398,-0.171282,-1.011304,-1.123669,-0.678759,-1.622455,-2.640009,0.000000,105.321617
-0.009105,0.409952,-0.747017,0.009106,0.009099,-0.034607,-0.841754,-1.147242,-0.498765,-1.368310,-2.325463,0.000000,105.331200
-0.445331,0.299920,-0.536215,0.236861,0.236860,-0.238112,-0.884299,-1.285706,-0.701623,-1.348356,-2.219694,0.000000,105.580688
-2.361929,0.177586,-2.823656,2.353907,2.353918,-2.038722,-2.826327,-3.364716,-3.039878,-3.287170,-4.092830,1.000000,108.065971
-2.929557,0.077316,-3.049832,3.356419,3.356410,-4.024054,-5.225944,-5.921535,-5.999570,-6.017526,-6.872280,1.000000,111.693108
0.719052,0.996277,-0.095296,-0.833335,-0.833336,-2.235119,-3.655024,-4.660831,-5.044180,-4.893006,-5.751536,-1.000000,110.762329
1.551948,1.551948,-0.289349,-1.195527,-1.195529,-0.301620,-2.043836,-3.142480,-3.718104,-3.446557,-4.275024,-1.000000,109.438133
0.659863,0.844623,-0.255148,-0.341954,-0.341955,0.679221,-1.372512,-2.473457,-3.158981,-2.962518,-3.635989,0.000000,109.063904
0.123207,0.545633,-0.193605,-0.026401,-0.026394,0.883569,-1.012936,-2.165507,-2.946844,-2.944644,-3.308398,0.000000,109.035118
-0.673081,0.393353,-0.673081,0.677642,0.677643,-0.145110,-1.245633,-2.427742,-3.243885,-3.513990,-3.669585,1.000000,109.773987
0.965795,1.444265,-0.443027,-1.346155,-1.346164,0.762011,0.376578,-0.720059,-1.676851,-2.153104,-2.145720,-1.000000,108.296249
-1.379371,0.131788,-1.906517,0.850610,0.850619,-0.128275,-0.114218,-1.273356,-2.242139,-2.844494,-2.730923,1.000000,109.217438
-0.627233,0.810175,-0.627233,0.852224,0.852218,-0.775327,-0.543599,-1.820714,-2.768967,-3.444897,-3.394022,1.000000,110.148209
2.019850,2.019850,-0.239189,-1.663911,-1.663907,0.770731,1.162297,0.020082,-0.943921,-1.687454,-1.788033,-1.000000,108.315445
-1.679722,0.052217,-1.766753,1.789515,1.789518,-0.913844,-0.746742,-1.421531,-2.367715,-3.114713,-3.430524,1.000000,110.253769
1.600572,1.733954,0.000000,-2.123588,-2.123598,1.164866,1.142635,0.877356,0.016014,-0.828732,-1.310088,-1.000000,107.912422
0.159689,0.771820,-0.070974,0.231195,0.566533,0.467127,0.488604,0.505194,-0.364958,-1.200411,-1.775062,1.000000,108.523781
-1.357936,0.147986,-1.505915,1.916249,1.916267,-1.339584,-1.261630,-1.081796,-2.003466,-2.803206,-3.425147,1.000000,110.603386
-0.702818,0.121474,-1.492409,0.322078,0.322073,-1.179723,-1.405178,-1.225507,-2.067477,-2.879485,-3.555154,0.000000,110.959610
-2.126221,0.143440,-2.278094,2.837308,2.837312,-3.230683,-3.745632,-3.809643,-4.371011,-5.178414,-5.861042,1.000000,114.107880
0.408167,0.450679,-0.578231,-0.776239,-0.776259,-1.535702,-2.557541,-2.912280,-3.273981,-4.046625,-4.822189,-1.000000,113.222107
-2.109036,0.466821,-2.692561,2.006804,2.006813,-2.265752,-3.931083,-4.472740,-4.736922,-5.555775,-6.347051,1.000000,115.494263
-0.629349,0.281547,-0.778405,0.666891,0.666895,-1.939387,-4.041452,-4.692701,-4.908557,-5.807936,-6.603124,1.000000,116.264488
1.854960,2.006043,-0.117508,-1.341506,-1.341497,0.046995,-2.179640,-3.067248,-3.326174,-4.202635,-5.034283,-1.000000,114.704803
0.369625,1.209679,-0.378028,-0.083933,-0.083939,0.218409,-1.717494,-2.704595,-3.117769,-3.787313,-4.624115,0.000000,114.608521
0.660345,1.286824,-0.033865,-0.772848,-0.772842,1.087023,-0.441087,-1.628684,-2.233030,-2.742454,-3.543050,-1.000000,113.722778
1.982149,2.754418,-0.025741,-1.337624,-1.337627,1.870602,1.236481,-0.117694,-0.784395,-1.178942,-2.008409,-1.000000,112.201591
-0.154839,0.825806,-1.419357,-0.248842,-0.248842,1.348818,1.606878,0.237155,-0.409189,-0.705774,-1.569941,0.000000,111.922386
-1.652406,0.177950,-1.686302,1.513980,1.513979,-0.354207,0.325393,-0.946711,-1.692854,-1.991222,-2.796809,1.000000,113.616867
1.090909,2.280993,-0.388431,2.533682,2.533678,-2.492556,-1.948758,-3.037189,-3.833601,-4.248189,-4.870256,1.000000,116.495552
2.121905,2.231802,-0.059177,-2.239669,-2.239670,-0.229939,0.355909,-0.466084,-1.385020,-1.944807,-2.440169,-1.000000,113.886436
1.762452,1.762452,-0.774794,-0.710123,-0.710134,0.638584,0.859958,0.514278,-0.509022,-1.114758,-1.514056,-1.000000,113.077690
0.204496,0.869117,-0.417517,-0.076625,-0.076606,0.904900,0.647576,0.732214,-0.306948,-0.899923,-1.219940,0.000000,112.991066
-1.427358,0.696687,-1.486831,0.289703,0.289703,0.560743,0.234493,0.580003,-0.374180,-1.034995,-1.350779,0.000000,113.318405
1.789518,2.113340,-0.068173,-0.297365,-0.297383,0.238612,0.389448,0.813535,0.043686,-0.626256,-1.018528,0.000000,112.981415
-0.346902,0.541501,-0.609189,0.715811,0.715835,-0.490750,-0.318145,0.130286,-0.409100,-1.139428,-1.633340,1.000000,113.790176
-0.607340,0.177140,-0.801354,0.304595,0.304579,-0.607336,-0.451285,-0.253055,-0.465624,-1.267221,-1.794812,0.000000,114.136757
-0.378149,0.084032,-0.865545,0.379584,0.379582,-0.707558,-0.596634,-0.728844,-0.668902,-1.486197,-2.005976,0.000000,114.570000
1.365500,1.625195,-0.201061,0.310927,0.310929,-0.735529,-0.790819,-1.023706,-0.804221,-1.561468,-2.138857,0.000000,114.926231
-0.483657,0.216813,-1.167446,0.460748,0.460753,-0.762173,-1.335892,-1.428729,-1.200800,-1.832721,-2.423648,0.000000,115.455757
2.608248,2.915102,-0.656322,-2.168110,-2.168107,1.288777,0.767979,0.710303,0.976812,0.521305,-0.123793,-1.000000,112.952553
0.271383,0.592107,-0.888159,3.648140,3.648146,-1.774679,-2.437507,-2.557026,-2.509875,-2.724679,-3.415504,1.000000,117.073227
1.929072,1.971194,-0.817118,-2.376644,-2.376654,0.567773,0.051387,-0.046612,-0.222810,-0.227444,-0.943322,-1.000000,114.290802
1.071004,1.475797,-0.430091,-0.109508,-0.109517,0.544788,0.235291,0.095019,-0.137031,-0.005727,-0.663909,0.000000,114.165634
-0.234741,0.293426,-0.435947,0.590316,0.590334,-0.152587,-0.191153,-0.588539,-0.713035,-0.567076,-1.113773,1.000000,114.839592
1.468469,1.807999,-0.543248,-1.232395,-1.232400,1.176471,1.021983,0.624733,0.512688,0.680756,0.282091,-1.000000,113.424309
-0.659563,0.270590,-1.099275,0.381974,0.381973,0.226617,0.613053,0.287499,0.202939,0.240146,0.056652,0.000000,113.857559
-0.345440,0.337007,-0.564500,0.363606,0.363600,-0.139857,0.222431,-0.001121,-0.057290,-0.192768,-0.198835,0.000000,114.271545
2.529252,2.727122,-0.146247,-2.064204,-2.064188,1.562278,2.065545,2.022816,1.973061,1.811070,1.933058,-1.000000,111.912766
-0.595286,0.127564,-2.814863,1.161389,1.161376,0.108858,0.695642,0.865157,0.657372,0.592911,0.736460,1.000000,113.212494
2.297333,3.265557,-1.381921,-3.384637,-3.384645,2.876515,3.896672,4.129925,3.977649,3.958109,4.148410,-1.000000,109.380653
1.912026,2.630162,-0.251346,-1.945250,-1.945246,3.685818,5.042192,5.767805,5.768853,5.835908,5.958410,-1.000000,107.252930
-0.803883,0.406367,-1.289752,1.615794,1.615801,1.067137,2.885158,3.744405,3.903268,4.045228,4.050942,1.000000,108.985924
-0.750699,0.322977,-0.968925,1.201414,1.201407,-0.425975,1.312856,2.232898,2.532740,2.689600,2.682444,1.000000,110.295288
0.502778,0.802678,-0.317545,-1.038753,-1.038742,-0.125264,1.854979,2.920811,3.433439,3.498270,3.593534,-1.000000,109.149605
0.449381,0.881135,-0.731337,0.105844,0.105840,-0.252005,1.366639,2.587012,3.117013,3.219665,3.348017,0.000000,109.265129
-1.402928,0.331123,-1.437784,1.119045,1.119051,-0.770311,-0.060135,1.054364,1.810725,1.983607,2.152597,1.000000,110.487862
0.216113,0.786649,-0.544603,0.801671,0.801665,-1.130705,-1.115146,0.076070,0.857536,1.114451,1.323764,1.000000,111.373604
0.731902,0.888737,-0.043562,-0.786655,-0.786651,-0.310184,-0.459182,0.648251,1.456824,1.814059,2.033047,-1.000000,110.497482
-0.357638,0.383813,-0.706557,-0.113268,-0.113277,0.024430,-0.603625,0.492560,1.341595,1.834965,1.963831,0.000000,110.372314
-1.070255,0.379770,-1.070255,1.064203,1.064209,-0.619715,-1.456071,-0.677833,0.211458,0.682198,0.820238,1.000000,111.546906
-1.138951,0.075934,-1.957310,2.304504,2.304496,-2.222217,-3.074321,-2.899964,-2.175394,-1.586429,-1.420452,1.000000,114.117500
-0.460909,0.016757,-0.854776,0.674937,0.674947,-2.265991,-3.210430,-3.515188,-2.805253,-2.235153,-2.026321,1.000000,114.887733
-0.484142,0.150250,-0.801341,0.393867,0.393856,-1.809680,-3.152750,-3.695601,-3.135640,-2.604338,-2.352252,0.000000,115.340225
-0.605560,0.481123,-0.713398,0.626043,0.626041,-1.440062,-3.159679,-4.131061,-3.685603,-3.189377,-2.871280,1.000000,116.062302
-0.420649,0.503134,-0.998020,0.572372,0.572384,-1.113497,-3.071595,-4.257123,-4.092298,-3.611022,-3.340209,1.000000,116.726624
0.249048,0.315455,-0.340359,-0.643351,-0.643364,-0.152740,-1.970770,-3.135748,-3.379951,-3.024730,-2.661456,-1.000000,115.975647
0.593701,0.995069,-0.376283,-0.722234,-0.722234,0.617116,-0.930670,-2.074855,-2.639423,-2.289812,-1.936884,-1.000000,115.138031
0.828825,1.141744,-0.456699,-1.128855,-1.128850,1.502030,0.493913,-0.749318,-1.443247,-1.185719,-0.849115,-1.000000,113.838295
-0.477187,0.334869,-0.987861,1.023342,1.023342,0.289661,-0.121387,-1.415371,-2.363746,-2.180991,-1.866606,1.000000,115.003250
-0.259158,0.167194,-1.111856,0.142324,0.142321,-0.123729,0.050995,-1.213842,-2.251293,-2.259486,-1.941980,0.000000,115.166924
-0.124782,1.172951,-2.054738,0.493225,0.493237,-0.655529,-0.300315,-1.396452,-2.364617,-2.674326,-2.461809,0.000000,115.734970
0.567329,0.584012,-0.926081,-0.291155,-0.291168,-0.320371,0.035043,-0.876018,-1.801681,-2.351072,-2.144998,0.000000,115.397987
1.477705,1.639066,-0.288744,-1.760388,-1.760384,1.382591,1.653502,1.068932,0.093420,-0.549977,-0.415001,-1.000000,113.366539
-0.295731,0.540769,-0.760457,0.509552,0.509557,0.682719,0.952257,0.765524,-0.203634,-1.028476,-0.946065,0.000000,113.944206
1.088724,1.131589,-0.531507,-1.436414,-1.436428,1.640814,2.030010,2.279190,1.386207,0.518140,0.464361,-1.000000,112.307480
-0.171627,0.188793,-1.004032,-0.102874,-0.102864,1.113875,1.797819,2.270087,1.566550,0.797736,0.518323,0.000000,112.191956
-0.453346,0.650068,-0.504665,0.326101,0.326102,0.280552,1.237698,1.799668,1.289021,0.597036,0.140845,0.000000,112.557816
-0.051285,0.333361,-1.025726,0.068424,0.068419,0.082062,1.061633,1.569938,1.314646,0.611340,0.093745,0.000000,112.634827
-1.282163,0.278358,-1.535217,1.333452,1.333451,-1.201182,-0.344158,0.120905,0.146352,-0.537831,-1.196399,1.000000,114.136757
-0.762652,0.519613,-0.921890,0.649512,1.075813,-1.722757,-1.387718,-1.023450,-0.754103,-1.384982,-2.075127,1.000000,115.364655
1.011470,1.147470,-0.127499,-1.399596,-1.399590,-0.053809,-0.162460,0.251040,0.638496,0.129529,-0.494735,-1.000000,113.750023
-1.807027,1.596902,-2.504625,1.130473,1.130458,-0.740189,-1.309940,-0.875505,-0.480022,-0.862395,-1.431718,1.000000,115.035919
-1.982726,0.518303,-2.097905,2.160027,2.160030,-2.007401,-3.043116,-2.762457,-2.491460,-2.719473,-3.310865,1.000000,117.520729
1.803912,2.054451,-0.476031,-1.489103,-1.489086,-0.243870,-1.419748,-1.248423,-1.030118,-1.062464,-1.658677,-1.000000,115.770744
-0.413599,0.405326,-0.802383,0.960415,0.960407,-0.933080,-1.966084,-2.089959,-1.964916,-1.821027,-2.376929,1.000000,116.882614
0.265935,0.457072,-0.357351,-0.463229,-0.463223,-0.026601,-1.153211,-1.599569,-1.492972,-1.287669,-1.754906,0.000000,116.341187
1.147607,1.646572,-0.257795,-0.066485,-0.066490,0.251144,-0.768686,-1.484451,-1.379016,-1.174648,-1.549335,0.000000,116.263832
-1.116176,0.024441,-1.409480,2.070684,2.070684,-1.588720,-2.273097,-3.185004,-3.176087,-3.067215,-3.316988,1.000000,118.671288
3.046073,3.213898,-0.058740,-2.908587,-2.908583,1.263740,0.748507,-0.210905,-0.266127,-0.192639,-0.280405,-1.000000,115.219635
-2.256194,0.882859,-2.313416,2.651677,2.651663,-1.116644,-1.607939,-2.452267,-2.711032,-2.718468,-2.666714,1.000000,118.274872
0.438135,0.697770,-0.421904,0.752062,0.752084,-1.380943,-1.888044,-2.790357,-3.293370,-3.337608,-3.252103,1.000000,119.164398
0.701377,1.518275,-0.066013,-1.671398,-1.671420,0.450540,-0.037948,-0.875390,-1.573792,-1.625054,-1.542551,-1.000000,117.172661
0.344261,0.770493,-0.819672,0.668370,0.668379,-0.337704,-0.664752,-1.232786,-2.032750,-2.138576,-2.122336,1.000000,117.955818
-0.348517,0.218840,-0.940182,1.131145,1.131151,-0.769982,-1.480793,-2.049497,-2.904443,-3.089411,-3.126903,1.000000,119.290077
1.650112,1.699367,-0.648552,-1.272491,-1.272501,0.423617,-0.135450,-0.650734,-1.420977,-1.751846,-1.848713,-1.000000,117.772110
-2.095617,0.769478,-2.373937,0.287338,0.287342,-0.042572,-0.271778,-0.689263,-1.452872,-1.952894,-2.069684,0.000000,118.110519
1.375314,1.739856,-2.394365,-1.195160,-1.195150,1.085330,0.971825,0.607009,-0.083413,-0.722318,-0.840528,-1.000000,116.698921
0.227314,1.018689,-0.319917,-1.590719,-1.590734,2.177141,2.270591,2.077798,1.627806,0.933863,0.791481,-1.000000,114.842552
0.586564,1.022291,-0.025137,0.471457,0.471465,1.020613,1.804927,1.576449,1.204961,0.510140,0.329513,0.000000,115.383995
-0.949655,0.491198,-1.187069,2.354622,2.354616,-1.247644,-0.551779,-0.691497,-1.007366,-1.605827,-1.895708,1.000000,118.100845
0.530830,1.061660,-0.522662,0.245596,0.245599,-1.442220,-0.860759,-0.819380,-1.053898,-1.637450,-2.061283,0.000000,118.390900
-2.256000,0.159998,-2.400000,2.082485,2.082489,-2.764805,-2.578404,-2.589337,-2.831603,-3.369393,-3.908691,1.000000,120.856377
-0.723029,0.150963,-1.628796,0.688001,0.687998,-2.304149,-2.937392,-3.089678,-3.324329,-3.732085,-4.337337,1.000000,121.687866
0.392218,0.456256,-2.265270,-0.738917,-0.738921,-0.681979,-2.090768,-2.060885,-2.396939,-2.795162,-3.436321,-1.000000,120.788689
0.686313,0.912398,-0.121115,-0.864486,-0.864470,0.458610,-1.072275,-1.125027,-1.426332,-1.801222,-2.387253,-1.000000,119.744507
1.141460,1.288219,-0.260905,-0.968911,-0.968917,1.474110,-0.064417,-0.190251,-0.367312,-0.677382,-1.252528,-1.000000,118.584282
1.414859,1.538971,-0.430254,-1.459438,-1.459447,2.291913,1.428929,1.269792,1.133546,0.855869,0.332524,-1.000000,116.853607
0.298483,0.522342,-0.439432,-0.206851,-0.206846,1.633364,1.790895,1.402867,1.254869,1.033743,0.654172,0.000000,116.611900
1.927424,1.969327,-0.477667,-1.061271,-1.061287,1.784980,2.881938,2.264322,2.347704,2.103759,1.769615,-1.000000,115.374313
1.000510,1.509241,-0.305240,-1.164837,-1.164819,1.982359,3.737489,3.250801,3.367809,3.207049,2.930015,-1.000000,114.030411
0.000000,0.178146,-1.034945,-0.050878,-0.050883,1.224977,3.402618,3.061310,3.192657,3.176455,2.988919,0.000000,113.972389
-2.287689,0.041148,-2.485185,3.087886,3.087895,-1.698491,0.018923,0.019197,0.115203,0.127711,-0.026338,1.000000,117.491737
0.246875,0.485520,-0.740614,0.000000,0.000000,-1.548721,-0.338219,0.169515,0.095453,0.087553,-0.027160,0.000000,117.491737
0.481089,1.128069,-0.837753,-0.789993,-0.789999,-0.560714,0.092903,1.034618,0.775549,0.930658,0.791585,-1.000000,116.563553
-0.766063,1.087314,-0.766063,0.696752,0.696756,-0.678752,-0.801488,0.294339,0.061362,0.201642,0.108176,1.000000,117.375717
0.595584,1.058813,-0.620399,-0.420101,-0.420106,0.238237,-0.528578,0.631431,0.430972,0.546283,0.545952,0.000000,116.882614
0.612385,0.653758,-0.504794,-0.041362,-0.041358,0.167164,-0.489077,0.443562,0.478318,0.576299,0.603828,0.000000,116.834274
-1.743057,0.258231,-1.743057,2.548827,2.548822,-1.935117,-2.695286,-2.157303,-1.811650,-1.861522,-1.864911,1.000000,119.812172
1.909212,2.130447,-0.196655,-1.517105,-1.517102,-0.181910,-0.974273,-0.807934,-0.188466,-0.393645,-0.274777,-1.000000,117.994499
-0.090298,0.032836,-1.280576,-0.180270,-0.180275,0.067315,-0.476930,-0.739886,-0.021750,-0.213427,-0.108627,0.000000,117.781784
0.016327,0.702150,-0.440889,0.541785,0.541777,-0.212273,-0.637647,-1.284012,-0.559266,-0.740684,-0.667856,0.000000,118.419899
-0.809754,0.621622,-0.809754,-0.179622,-0.179608,0.199569,-0.398336,-1.030050,-0.492397,-0.511047,-0.459953,0.000000,118.207207
0.049509,0.478550,-1.773922,-0.867009,-0.867020,0.627071,0.446379,-0.132004,0.185654,0.438954,0.388624,-1.000000,117.182327
0.672092,1.219715,-0.190836,-0.561056,-0.561053,0.942585,1.009797,0.497297,0.567963,1.044813,0.875934,-1.000000,116.524872
-0.371837,0.132212,-0.627991,0.414869,0.414872,0.393323,0.561066,0.251752,0.035535,0.589989,0.437397,0.000000,117.008301
-2.762072,0.104989,-2.842834,2.313670,2.313674,-1.660480,-1.476341,-1.695475,-2.179377,-1.640448,-1.789159,1.000000,119.715492
-1.290839,0.565736,-1.338645,1.356808,1.356799,-2.460556,-2.423900,-2.799995,-3.303979,-2.941189,-2.976355,1.000000,121.339790
1.209218,1.436453,-0.300278,-1.816732,-1.816735,-0.327865,-0.675210,-0.909478,-1.408856,-1.230961,-1.060967,-1.000000,119.135368
2.045243,2.195506,0.000000,-2.783639,-2.783633,2.404205,1.980964,1.884965,1.433342,1.425496,1.784513,-1.000000,115.819077
1.694187,2.167186,-0.232196,-2.930129,-2.930134,4.680086,4.582907,4.666901,4.423811,4.226701,4.688690,-1.000000,112.425423
0.389388,1.811102,-13.972652,-5.030959,-5.030944,7.800404,9.031953,9.580114,9.618300,9.305432,9.871704,-1.000000,106.769363
2.745951,4.191665,-0.163666,-0.407495,-0.407510,5.419168,8.361520,9.370190,9.542192,9.356977,9.866040,0.000000,106.334267
-0.793232,0.326109,-2.802750,3.164208,3.164217,0.465360,4.355716,5.401018,5.827160,5.750746,6.131968,1.000000,109.698914
-2.139761,0.050951,-2.386005,3.798694,3.798704,-3.554393,0.303122,1.301961,1.835771,1.827620,2.045219,1.000000,113.866051
0.093793,0.477487,-1.091404,-0.416064,-0.416070,-2.980901,0.403304,1.467138,2.085601,2.230554,2.284841,0.000000,113.392288
1.305101,2.662059,-0.466718,-1.347205,-1.347218,-0.745020,1.072610,2.462123,3.255411,3.551263,3.481427,-1.000000,111.864647
0.648143,1.411706,-0.497201,-2.653414,-2.653400,2.430966,2.684892,4.684950,5.705401,6.058061,6.058475,-1.000000,108.896431
-0.350172,0.323904,-1.488229,1.420586,1.420578,1.131051,0.459598,2.811867,3.800662,4.317251,4.386760,1.000000,110.443390
0.657952,1.693131,-0.464952,-0.210107,-0.210113,0.680768,0.162303,2.646438,3.666118,4.306350,4.450399,0.000000,110.211334
0.124599,0.631897,-0.978995,-1.429947,-1.429949,1.265579,1.266473,3.621699,4.749027,5.497692,5.800114,-1.000000,108.635368
-1.688344,0.103371,-2.084588,3.319682,3.319694,-1.920925,-1.499699,-0.151608,1.108190,1.942629,2.349326,1.000000,112.241730
1.920402,2.294055,-0.217240,-0.870010,-0.441206,-0.976179,-0.578852,-0.281442,1.267184,2.212281,2.631522,0.000000,111.746513
-1.644257,1.001974,-1.747019,1.468539,1.468535,-1.890023,-1.692443,-2.062596,-0.365773,0.506339,1.025501,1.000000,113.387550
-2.131423,0.143223,-2.392583,1.652822,1.652827,-2.608923,-3.169797,-3.687253,-2.040577,-1.222686,-0.654777,1.000000,115.261650
1.044139,1.443121,-0.551784,-0.758209,-0.758222,-0.859078,-2.342978,-2.837045,-1.406701,-0.586700,0.017163,-1.000000,114.387711
-1.183036,0.483214,-2.166124,1.893036,1.893040,-1.961173,-3.755058,-4.082590,-3.374099,-2.497736,-1.850449,1.000000,116.553116
-0.726376,0.173338,-1.320676,0.933103,0.933104,-1.865458,-3.901520,-4.328593,-4.424604,-3.418386,-2.734970,1.000000,117.640678
-1.427878,1.509006,-1.914652,1.741643,1.741637,-2.492290,-4.774044,-5.409844,-6.037536,-4.987902,-4.403391,1.000000,119.689552
-0.212299,1.061481,-0.530743,-0.640922,-0.640906,-1.247664,-3.427294,-4.516243,-5.300961,-4.294392,-3.760745,-1.000000,118.922455
-0.363082,0.266254,-2.057450,1.200295,1.200283,-1.428110,-3.599322,-5.263317,-6.094912,-5.318444,-4.831060,1.000000,120.349861
-1.212070,0.699586,-1.212070,-0.814912,-0.814904,-0.146429,-2.210206,-4.065843,-4.795623,-4.552148,-4.022645,-1.000000,119.369125
-0.227124,0.754380,-1.005839,0.284714,0.284707,-0.084357,-1.822678,-3.736041,-4.507273,-4.877615,-4.253306,0.000000,119.708977
1.040550,1.271782,-1.503014,-1.776446,-1.776445,1.364280,0.309690,-1.590270,-2.444984,-3.210087,-2.510315,-1.000000,117.582413
4.992693,5.190342,-0.979634,-3.897922,-3.897919,4.427253,4.178047,2.565722,1.473507,0.615909,1.339880,-1.000000,112.999146
2.528843,2.768414,-1.499552,-3.153739,-3.153739,5.833187,7.118013,5.954451,4.597145,3.783117,4.409287,-1.000000,109.435448
-1.164421,0.560322,-2.285064,1.348717,1.348717,2.899664,5.183853,4.464480,3.162227,2.551386,2.755243,1.000000,110.911423
-0.534439,0.784412,-0.974058,1.567152,1.567160,0.058607,3.117824,2.906059,1.737041,1.193286,0.912606,1.000000,112.649582
-0.574564,0.085754,-1.457848,0.517196,0.517189,-1.224594,2.016979,2.367432,1.336721,0.797434,0.219604,0.000000,113.232193
-3.105279,0.016827,-3.374570,1.903783,1.903774,-2.655888,-0.195231,0.462289,-0.332149,-1.032916,-1.665162,1.000000,115.387878
0.016712,0.576677,-1.270376,0.690061,0.690064,-2.161300,-1.237774,-0.123135,-0.690345,-1.615054,-2.231247,1.000000,116.184128
2.938385,3.059022,-1.189147,-3.008775,-3.008776,1.189146,1.233092,2.746520,2.410170,1.466197,0.976734,-1.000000,112.688408
0.025766,0.326375,-1.571762,0.327442,0.327441,0.931036,0.314358,2.140921,2.133906,1.282256,0.845396,0.000000,113.057396
0.301514,0.740868,-1.016540,-0.300608,-0.300607,1.144039,0.185221,2.036531,2.412133,1.668338,1.238727,0.000000,112.717537
-2.750062,0.167690,-2.775214,2.748100,2.748104,-1.487381,-2.251191,-0.871408,-0.303090,-0.857343,-1.412910,1.000000,115.815132
-2.856910,0.457104,-3.224230,2.716530,2.716540,-3.625837,-4.035597,-3.570873,-2.747540,-3.132162,-3.864193,1.000000,118.961296
-0.669404,1.613033,-1.935642,1.208061,1.208056,-3.495445,-4.393096,-4.664893,-3.748690,-4.017421,-4.775440,1.000000,120.398415
1.458178,2.400262,-1.007622,-1.548510,-1.548515,-1.053491,-2.392888,-3.231476,-2.197097,-2.278690,-3.006658,-1.000000,118.534027
-0.973619,0.274613,-3.503369,-1.556486,-1.556477,1.191642,-0.553388,-1.752521,-0.779316,-0.620458,-1.294696,-1.000000,116.689072
0.725117,0.725117,-1.166862,-0.158105,-0.158107,1.470242,-0.300056,-1.396349,-0.725960,-0.420409,-0.958331,0.000000,116.504578
-0.786883,0.149094,-1.267296,0.625104,0.625108,0.545012,-0.829959,-1.565484,-1.475615,-0.941945,-1.329146,1.000000,117.232857
0.182695,0.954993,-0.606208,-0.256775,-0.256789,0.210938,-0.211750,-0.968822,-1.326183,-0.673966,-0.941419,0.000000,116.931816
2.184405,2.277540,-2.404542,-1.918284,-1.918280,1.500301,1.882147,1.086560,0.384814,1.165696,1.081480,-1.000000,114.688736
3.866094,4.586593,-3.286177,-3.640676,-3.640677,4.217561,5.532033,4.741826,3.857751,4.655836,4.813876,-1.000000,110.513290
-1.268117,0.603869,-1.621806,1.853967,1.853976,1.620079,3.322116,2.667928,1.947892,2.524841,2.826083,1.000000,112.562180
-0.523471,0.403330,-1.312966,0.526226,0.526218,0.367287,2.268089,1.952004,1.578567,1.733806,2.251498,0.000000,113.154503
-2.496443,0.125655,-2.906929,2.437144,2.437142,-2.196532,-0.552064,-0.288178,-0.622433,-0.805896,-0.199658,1.000000,115.912239
-0.016695,0.300551,-3.230919,0.343467,0.343464,-2.252458,-1.083647,-0.443028,-0.805220,-1.262307,-0.579388,0.000000,116.310356
0.066830,1.637289,-0.175423,-0.058440,-0.058432,-1.209592,-1.064240,-0.182665,-0.617745,-1.250690,-0.620110,0.000000,116.242393
1.825438,2.199019,0.000000,-1.612230,-1.612228,0.725076,0.370178,1.368651,0.966205,0.415348,0.875641,-1.000000,114.368301
-0.042129,1.061585,-0.716156,0.772629,0.772624,0.316791,-0.571238,0.376892,0.151655,-0.152666,-0.045216,1.000000,115.251938
0.433447,0.679921,-1.198372,-0.867805,-0.867797,0.904292,0.064583,0.896925,1.096795,0.838338,0.680482,-1.000000,114.251785
2.581995,2.712841,-0.505932,-2.566722,-2.566735,2.665746,2.397949,3.122828,3.681970,3.446973,3.081539,-1.000000,111.319244
-1.075454,0.464591,-2.236949,1.386954,1.386960,0.662480,1.205368,1.486133,2.270067,2.018755,1.532019,1.000000,112.863197
0.365826,0.862299,-0.696800,-1.221720,-1.221716,1.390123,2.360421,2.441134,3.340737,3.140493,2.742502,-1.000000,111.484329
-0.113780,0.332572,-1.093996,-0.479049,-0.479057,1.102752,2.654476,2.556745,3.477162,3.448280,3.282576,0.000000,110.950256
-1.397879,0.267493,-1.604970,1.426568,1.426566,-0.624726,0.910353,0.853690,1.672284,1.987755,1.877939,1.000000,112.533035
1.580231,2.025493,-0.165884,-1.164896,-1.164893,0.529074,1.642224,1.834588,2.541911,3.123804,3.035915,-1.000000,111.222145
0.833187,1.701824,-0.257048,-1.501660,-1.501649,1.457180,2.581096,3.328599,3.779465,4.580387,4.494764,-1.000000,109.551979
0.969387,1.445106,-0.206448,-1.249775,-1.249784,2.130865,3.307601,4.366453,4.708284,5.621757,5.595248,-1.000000,108.182816
-2.565452,0.281145,-2.662097,2.163177,2.163171,-0.108938,0.692329,1.997900,2.187673,3.079960,3.188670,1.000000,110.522995
-0.576970,0.917915,-1.066528,0.500790,0.500798,-0.868957,-0.095289,1.199407,1.414897,2.230616,2.626105,0.000000,111.076492
-2.558635,0.238805,-2.985075,2.500219,2.500210,-2.824727,-2.309588,-1.412927,-1.095514,-0.427453,0.146136,1.000000,113.853638
-0.759284,2.784057,-0.921989,-5.646058,-5.646041,2.594224,3.029911,3.939250,4.679104,5.185929,5.974564,-1.000000,107.425415
-1.841199,1.301231,-2.097905,2.115162,2.115150,0.745330,0.732938,1.502465,2.380279,2.758964,3.593582,1.000000,109.697624
0.722180,2.077384,-0.053500,-0.717002,-0.716997,1.176885,1.273175,1.847355,2.924834,3.195429,4.034113,-1.000000,108.911095
-1.599086,0.229698,-1.881795,0.918329,0.918327,0.044172,0.113083,0.657299,1.715256,2.000882,2.769384,1.000000,109.911255
-0.821609,0.559391,-1.232413,1.077835,1.077835,-1.519098,-0.965827,-0.429453,0.395942,0.783845,1.450337,1.000000,111.095917
0.131189,1.364357,-0.227387,-0.061190,-0.061182,-0.809867,-0.772262,-0.478693,0.222578,0.864086,1.342484,0.000000,111.027946
1.641380,1.872062,-0.079847,-1.425570,-1.425574,0.578477,0.778101,0.836362,1.447075,2.208852,2.593084,-1.000000,109.445160
-2.348188,0.094616,-2.761052,3.149679,3.149674,-1.787371,-2.089282,-2.127989,-1.755118,-0.921383,-0.667757,1.000000,112.892326
-1.190072,1.479087,-1.300576,1.186992,1.624050,-2.517598,-3.335904,-3.564660,-3.304509,-2.546123,-2.319278,1.000000,114.725754
2.434785,2.852173,-0.495652,-2.244134,-2.244128,-0.091565,-1.268641,-1.295623,-1.047634,-0.457270,-0.152296,-1.000000,112.151161
-1.826059,0.433160,-2.123323,2.382607,2.382599,-1.755514,-2.921988,-3.286571,-3.265055,-2.823217,-2.350785,1.000000,114.823273
1.708218,1.708218,-0.612550,-1.554267,-1.554268,0.431369,-1.093752,-1.473273,-1.669047,-1.336036,-0.795043,-1.000000,113.038612
-0.802554,0.405593,-1.665516,-0.025888,-0.025890,0.478087,-0.705491,-1.301083,-1.552479,-1.389862,-0.773634,0.000000,113.009346
0.304215,1.538459,-0.338982,-0.716253,-0.716246,0.752711,0.214814,-0.522304,-0.857111,-0.751626,-0.168091,-1.000000,112.199921
-0.998189,0.722833,-1.609158,1.008254,1.008250,-0.044746,-0.588284,-1.546010,-1.753694,-1.671299,-1.252223,1.000000,113.331177
0.198307,1.172610,-1.172616,-0.197914,-0.197906,-0.150034,-0.207349,-1.015904,-1.401725,-1.467696,-1.148814,0.000000,113.106888
0.025895,0.768235,-1.225721,-0.112093,-0.112100,-0.048336,0.217525,-0.711128,-1.078766,-1.304161,-1.078834,0.000000,112.980095
-0.629196,0.756738,-0.807752,1.519208,1.519213,-1.249895,-1.124908,-1.860691,-2.377163,-2.650473,-2.575310,1.000000,114.696503
-0.446014,0.782631,-1.624169,1.037328,1.037323,-1.627534,-2.039888,-2.524532,-3.171909,-3.534192,-3.528529,1.000000,115.886276
-0.327125,1.568525,-0.486497,0.328199,0.328202,-1.444388,-2.006377,-2.546916,-3.384892,-3.676211,-3.702274,0.000000,116.266617
2.408911,2.624763,0.000000,-2.851871,-2.851877,1.421175,0.704546,0.427407,-0.304068,-0.728167,-0.872775,-1.000000,112.950836
-0.715445,0.306612,-1.200923,1.372823,1.372828,0.313429,-0.531474,-0.638223,-1.444415,-1.851807,-2.127359,1.000000,114.501457
0.638624,0.766344,-1.047346,0.025550,0.025540,0.258862,-0.424038,-0.568226,-1.224248,-1.736898,-2.048143,0.000000,114.530701
-0.665599,0.117954,-0.960484,1.064373,1.064384,-0.820629,-1.166066,-1.556439,-2.012326,-2.610285,-2.987113,1.000000,115.749748
0.160557,0.709823,-0.042247,-0.294891,-0.294887,-0.676021,-0.693765,-1.077125,-1.535682,-2.268358,-2.579277,0.000000,115.408417
-0.059157,0.236626,-0.802844,-0.008445,-0.008449,-0.243389,-0.486777,-1.035525,-1.337987,-1.983728,-2.402161,0.000000,115.398666
-0.792853,0.492409,-0.934738,1.259189,1.259183,-1.081619,-1.392918,-2.048624,-2.247951,-2.957688,-3.368523,1.000000,116.851746
0.933401,1.000675,-0.218629,-0.751128,-0.751124,-0.084088,-0.536494,-1.136897,-1.375293,-1.979660,-2.480533,-1.000000,115.974045
0.850051,1.470592,-0.238013,-1.076353,-1.076354,0.824550,0.444577,0.085573,-0.302192,-0.745273,-1.313429,-1.000000,114.725754
