-0.472667,0.102752,-1.829018,0.371287,0.371285,1.360447,4.021771,5.773377,6.424149,6.921475,7.128353,0.000000,40.146400
-0.368550,1.269449,-0.921378,0.369914,0.369914,0.176078,2.839876,4.877135,5.703300,6.149038,6.504895,0.000000,40.294907
1.262942,1.304350,-0.144925,-1.105653,-1.105666,0.770195,3.209115,5.377503,6.406831,6.871219,7.418216,-1.000000,39.849380
-3.342009,0.240142,-3.642183,3.457561,3.457559,-2.241337,-0.540323,1.371490,2.536518,3.105058,3.706218,1.000000,41.227196
-0.139339,0.139329,-0.935513,0.540326,0.540311,-2.066068,-1.403251,0.433930,1.739659,2.368640,2.951175,0.000000,41.449951
0.672868,0.672868,-0.811399,0.577223,0.577241,-1.887987,-2.139322,-0.514544,0.922223,1.610922,2.155811,1.000000,41.689217
0.079715,1.215626,-0.498206,-0.692656,-0.692661,-0.669589,-1.584291,-0.160749,1.389999,2.170588,2.650458,-1.000000,41.400452
1.142283,1.322643,-0.320641,-0.557987,-0.557991,0.529058,-0.965926,0.109558,1.631266,2.501805,2.958584,-1.000000,41.169441
-1.481043,0.138231,-1.658768,1.482960,1.482962,-0.675353,-2.105046,-1.462604,-0.146122,0.808852,1.338209,1.000000,41.779968
-0.939886,0.391619,-1.018212,0.849133,0.849141,-1.186611,-2.422167,-2.399323,-1.195420,-0.168401,0.389656,1.000000,42.134739
1.459282,1.814242,-0.709921,-0.704917,-0.704920,-0.414120,-1.325181,-1.795831,-0.754286,0.368370,0.972852,-1.000000,41.837723
-1.396696,0.271581,-1.532495,1.656478,1.656484,-1.505339,-2.407377,-3.301651,-2.486907,-1.344718,-0.704822,1.000000,42.530758
2.517487,2.797207,-0.019976,-2.909796,-2.909800,1.506493,0.867131,-0.339659,0.233768,1.362638,2.079919,-1.000000,41.293198
1.491013,1.838239,-0.204244,-2.177822,-2.177821,3.080066,2.906452,1.862746,2.208946,3.240196,4.069986,-1.000000,40.393906
-0.181745,0.525038,-0.848146,1.143793,1.143779,1.288378,1.597344,0.850846,0.813824,1.775456,2.678389,1.000000,40.855923
-0.142508,0.590393,-0.631103,-0.807756,-0.807758,1.465809,2.137634,1.734541,1.403719,2.259787,3.258700,-1.000000,40.525906
-2.002377,0.475815,-2.002377,2.687296,2.687313,-1.629665,-0.483748,-0.716367,-1.287670,-0.598732,0.416994,1.000000,41.614964
0.276350,0.355310,-0.829053,0.436164,0.436139,-1.816016,-0.765874,-0.836935,-1.608745,-1.141709,-0.184215,0.000000,41.796463
-0.078433,0.980392,-0.137255,0.671141,0.671152,-1.670589,-1.356858,-1.363394,-2.076462,-1.837639,-1.019599,1.000000,42.076981
1.172030,1.767978,-0.019861,-1.294118,-1.294119,-0.055622,-0.208577,-0.056940,-0.607859,-0.673810,0.088739,-1.000000,41.532455
-0.138999,0.575856,-0.357429,0.039732,0.039752,0.397123,-0.317729,-0.119158,-0.478569,-0.795089,-0.148940,0.000000,41.548965
-0.533281,0.809797,-0.869054,0.536140,0.536119,-0.063203,-1.031007,-0.592530,-0.832506,-1.339120,-0.820323,0.000000,41.771717
-0.882174,0.548918,-1.097818,0.750537,0.750525,-0.670439,-1.580064,-1.187981,-1.305605,-1.961160,-1.628414,1.000000,42.085224
0.000000,0.000000,-1.871343,0.568518,0.568534,-1.115010,-1.680313,-1.660816,-1.733915,-2.342294,-2.195575,1.000000,42.324493
-0.136799,0.469029,-0.723078,-0.253413,0.758100,-1.337084,-2.000459,-2.320893,-2.333109,-2.828744,-2.944421,1.000000,42.645355
1.059657,1.216646,-0.176609,-0.410395,-0.410403,-0.496610,-1.138775,-1.819059,-1.838668,-2.209430,-2.538842,0.000000,42.470337
0.791448,1.088245,-0.237442,-0.824172,-0.824173,0.495807,-0.197240,-1.068119,-0.937474,-1.223417,-1.713736,-1.000000,42.120308
-0.410074,0.156223,-0.859205,1.325679,1.325688,-0.540914,-1.296289,-2.146066,-2.056737,-2.250581,-2.860517,1.000000,42.678692
1.666336,1.765521,-0.396749,-1.562193,-1.562196,0.888711,0.254652,-0.336373,-0.474777,-0.624591,-1.198399,-1.000000,42.011967
0.480388,0.520420,-1.120891,-0.892682,-0.892686,1.313054,1.182765,0.686374,0.361893,0.288473,-0.177250,-1.000000,41.636932
-1.054095,0.338111,-1.133652,0.640512,0.640520,0.397769,0.623431,0.264751,-0.268990,-0.329340,-0.672782,1.000000,41.903625
-0.236506,1.044537,-0.335045,0.914883,0.914885,-0.433591,-0.166960,-0.538293,-1.201965,-1.149085,-1.416245,1.000000,42.286995
0.060034,0.720434,-1.560941,-1.517542,-1.517561,0.604373,1.265769,0.970154,0.362729,0.419856,0.246622,-1.000000,41.645264
0.200196,0.640639,-0.480484,-0.040024,-0.040031,0.460474,1.139154,0.938782,0.551220,0.445526,0.318909,0.000000,41.628593
-0.855381,0.079572,-1.273123,0.640639,0.640651,-0.055696,0.316296,0.353970,0.035181,-0.216745,-0.284261,1.000000,41.895287
-0.059569,0.198566,-0.655286,0.179035,0.179056,-0.202559,0.017855,0.241527,0.028456,-0.382457,-0.440165,0.000000,41.970303
-0.436683,0.297733,-0.873366,0.039714,0.039690,-0.385070,-0.053586,0.235934,0.033069,-0.473786,-0.433102,0.000000,41.986961
-0.828235,0.177480,-1.202921,0.655018,0.655025,-0.741470,-0.802600,-0.388480,-0.562832,-1.029772,-0.994873,1.000000,42.261986
-0.548800,0.117605,-0.999612,0.611321,0.611334,-0.925136,-1.285781,-0.963032,-1.114896,-1.431094,-1.538406,1.000000,42.520348
-0.893383,0.485531,-1.107019,0.921211,0.921199,-1.355602,-1.889689,-1.825600,-1.856763,-2.139162,-2.376774,1.000000,42.912045
3.014679,3.014679,-0.237999,-2.078081,-2.078062,0.761592,0.220138,0.186421,0.282080,0.079858,-0.290568,-1.000000,42.020306
1.596605,1.980596,-0.060629,-1.864336,-1.864351,2.312048,1.869440,1.946914,2.122361,1.944472,1.499094,-1.000000,41.236900
0.079986,0.359930,-0.759842,1.071136,1.071128,0.947824,0.797850,0.706536,0.991312,0.852777,0.454254,1.000000,41.678600
-0.835817,0.378107,-0.875620,0.479908,0.479920,0.159201,0.376116,0.204306,0.455716,0.352130,0.092633,0.000000,41.878624
-0.199160,0.278827,-0.517821,-0.079604,-0.079611,-0.270858,0.444140,0.317337,0.440154,0.461989,0.251192,0.000000,41.845284
0.199639,0.259535,-0.558992,-0.238994,-0.238992,-0.163707,0.630864,0.532374,0.593930,0.721471,0.588725,0.000000,41.745277
0.000000,0.640897,-0.180252,-0.319425,-0.319447,0.336487,0.863229,0.746398,0.855218,1.028893,0.910838,0.000000,41.611923
0.886743,0.906894,-0.322451,-0.620871,-0.620846,0.806121,1.273678,1.328762,1.325068,1.589276,1.505554,-1.000000,41.353577
0.770481,0.973234,-0.608273,-0.604593,-0.604598,1.042170,1.545012,1.859963,1.830901,2.088403,2.044047,-1.000000,41.103554
-0.745223,0.221543,-0.966775,0.669104,0.669110,0.145004,0.499487,1.099690,1.122851,1.287402,1.353403,1.000000,41.378582
0.996942,1.078328,-0.244157,-1.007049,-1.007057,0.781279,1.263477,1.964054,2.036621,2.170497,2.336698,-1.000000,40.961876
0.429534,0.777257,-0.347715,-0.528999,-0.528987,0.891795,1.681317,2.303123,2.390052,2.578843,2.796945,-1.000000,40.745193
0.247217,0.906467,-0.247225,-0.715889,-0.715888,1.174283,2.111650,2.742745,2.981035,3.098464,3.403710,-1.000000,40.453503
1.215682,1.718717,-0.796472,-1.709934,-1.709951,2.259498,3.355700,4.067641,4.537844,4.665699,4.987783,-1.000000,39.761768
0.105261,1.242105,-0.105261,-0.440157,-0.440156,1.806323,3.242111,3.967726,4.708429,4.921270,5.194393,0.000000,39.586754
-0.772279,0.563557,-0.855771,0.863158,0.863152,0.417460,1.903580,2.728738,3.556681,3.825518,4.081971,1.000000,39.928448
1.100066,1.100066,-0.084620,-1.335838,-1.335817,1.091591,2.720533,3.807901,4.629777,4.937582,5.260550,-1.000000,39.395077
0.914507,0.914507,-0.595487,-0.528877,-0.528876,0.982549,2.713730,3.935904,4.793695,5.244566,5.523171,-1.000000,39.186726
-1.239238,0.189036,-1.386263,1.254787,1.254777,-0.310861,1.081706,2.278231,3.136945,3.743750,4.019462,1.000000,39.678432
1.256924,1.256924,0.000000,-1.407272,-1.407263,0.873452,1.947162,3.273677,4.124409,4.940770,5.289726,-1.000000,39.120052
-0.788070,0.106494,-1.490950,0.021308,0.021278,0.443046,1.456889,2.805841,3.732714,4.627922,5.030904,0.000000,39.128376
0.687285,0.773189,-0.042955,-0.830671,-0.830640,0.979372,1.806260,3.184411,4.288003,5.176105,5.611385,-1.000000,38.803360
1.672938,1.756587,-0.522794,2.706183,2.706186,-1.346726,-1.026778,0.214684,1.311156,2.163101,2.678784,1.000000,39.853451
0.949770,1.245251,-0.590973,-0.920115,-0.920129,-0.527647,-0.177289,0.872381,1.949135,2.804560,3.451528,-1.000000,39.486748
-1.064982,0.956320,-2.021291,-2.891522,-2.891545,2.030019,2.471232,3.348578,4.528394,5.389295,6.223317,-1.000000,38.344971
-2.287302,0.619925,-2.308675,1.673551,1.673583,0.277893,0.542964,1.309673,2.454036,3.343305,4.219748,1.000000,38.986706
1.007723,2.015444,-0.664659,-0.299273,-0.299264,0.613194,0.709679,1.292154,2.408864,3.409935,4.265282,0.000000,38.870033
1.445831,1.510576,-0.647387,-0.643223,-0.643236,0.625805,1.214931,1.631418,2.717954,3.762623,4.625952,-1.000000,38.620007
0.958393,1.067310,-0.196036,-0.927924,-0.927915,0.927892,1.792628,2.321924,3.308638,4.356339,5.234870,-1.000000,38.261646
-1.097487,0.258229,-2.151926,1.219780,1.219793,-0.090396,0.464793,0.941086,1.721517,2.776820,3.606603,1.000000,38.728359
-0.064484,0.816857,-0.429923,0.107594,0.107572,-0.309536,0.264406,0.633421,1.329536,2.359415,3.215820,0.000000,38.770020
-1.583949,0.359033,-1.921856,1.784175,1.784167,-1.757112,-1.326281,-1.119312,-0.609281,0.347213,1.256610,1.000000,39.461742
0.083754,1.256288,-0.418754,0.865892,0.865907,-2.005861,-2.185932,-1.864883,-1.544183,-0.670020,0.230314,1.000000,39.803444
0.020708,0.414081,-0.496890,1.130655,1.130653,-2.111801,-3.089029,-2.866807,-2.583854,-1.865013,-1.024849,1.000000,40.253483
-0.205886,0.267657,-0.617665,0.559008,0.559020,-1.791243,-3.100690,-3.183050,-3.015251,-2.499501,-1.687615,1.000000,40.478508
-0.431041,0.225782,-1.744667,0.308835,0.308826,-1.190482,-3.000824,-3.238922,-3.230713,-2.834984,-2.084027,0.000000,40.603516
0.226759,0.783346,-0.597809,-0.431041,-0.431061,-0.284457,-2.195404,-2.552033,-2.683965,-2.445664,-1.757696,0.000000,40.428490
1.695272,1.695272,-0.502298,-1.504842,-1.504810,1.247372,-0.399761,-1.068803,-1.117638,-1.018853,-0.385115,-1.000000,39.820118
-0.562737,0.041684,-1.271365,0.418587,0.418562,0.691965,-0.383484,-1.397798,-1.491240,-1.408915,-0.893422,0.000000,39.986790
0.888511,0.909670,-0.825045,-1.479783,-1.479771,1.654321,1.281992,0.260910,0.023265,0.052459,0.427326,-1.000000,39.395077
0.745470,0.851964,-0.404692,-0.676960,-0.676991,1.593202,2.063920,0.968431,0.705029,0.652632,0.955649,-1.000000,39.128376
-1.300606,0.083912,-1.300606,1.533540,1.533575,-0.293691,0.589465,-0.412563,-0.699607,-0.834073,-0.654506,1.000000,39.728439
0.893613,0.957449,-0.659577,-1.405492,-1.405510,0.795748,1.861710,1.100718,0.628731,0.577880,0.652489,-1.000000,39.170052
-0.214266,0.514253,-0.749942,-0.702132,-0.702121,0.947072,2.232698,1.924150,1.264196,1.208485,1.289908,-1.000000,38.895031
-0.787408,0.021277,-0.978938,0.685674,0.685663,0.140452,1.200256,1.303825,0.678872,0.523518,0.563952,1.000000,39.161720
0.106858,0.406068,-0.983114,-0.425625,-0.425638,0.500120,1.220360,1.775324,1.110298,0.939535,0.914030,0.000000,38.995033
-0.701974,0.361629,-1.042327,0.470180,0.470198,-0.251012,0.427571,1.250802,0.676457,0.505429,0.423319,0.000000,39.178387
-0.106155,0.042465,-0.955406,0.191449,0.191473,-0.399171,0.091273,0.963887,0.564738,0.252210,0.237065,0.000000,39.253403
-0.866991,0.761262,-1.120751,0.403403,0.403379,-0.537114,-0.456760,0.415872,0.306618,-0.158174,-0.188202,0.000000,39.411743
1.454945,1.476658,-0.043431,-2.622123,-1.518405,0.816892,0.928127,1.678083,1.864106,1.429469,1.324370,-1.000000,38.813313
0.021641,1.255407,-0.303030,0.325737,0.325749,0.461152,0.551980,1.063098,1.555155,1.095313,0.979231,0.000000,38.939747
-0.448141,0.000000,-1.408451,1.428571,1.428581,-0.792954,-0.923097,-0.517728,0.129132,-0.265176,-0.384562,1.000000,39.496033
-0.594604,0.000000,-0.913145,0.490822,0.490832,-1.057565,-1.276047,-1.025508,-0.374237,-0.644490,-0.884854,0.000000,39.689892
-0.042726,0.619519,-0.277721,-0.594604,-0.594630,-0.444342,-0.543846,-0.523502,0.120378,0.070715,-0.294737,-1.000000,39.453884
1.036267,1.338513,-0.107945,-1.046787,-1.046766,0.725383,0.477292,0.468319,0.995374,1.161324,0.819403,-1.000000,39.040894
-1.375666,0.402114,-1.798938,2.007772,2.007769,-0.812699,-1.292013,-1.392578,-1.090243,-0.723848,-1.094832,1.000000,39.824745
-0.674851,0.695296,-1.595098,3.492068,3.492063,-3.325154,-4.128402,-4.479295,-4.332219,-3.903457,-4.242435,1.000000,41.215450
-1.299734,0.099986,-1.679664,2.269930,2.269923,-4.303130,-5.568877,-6.127944,-6.179112,-5.813582,-6.088579,1.000000,42.151009
-1.126936,0.059310,-1.146702,1.139780,1.139783,-3.890865,-5.877818,-6.601528,-6.926240,-6.651888,-6.805231,1.000000,42.631439
-1.134138,0.312867,-1.935857,1.107151,1.107157,-3.058272,-5.913178,-7.014620,-7.515259,-7.430487,-7.487405,1.000000,43.103436
0.413221,1.101930,-0.098386,-0.625731,-0.625748,-1.042886,-4.411635,-5.831646,-6.500367,-6.639322,-6.588626,-1.000000,42.833717
1.229677,1.527174,-0.198330,-0.787096,-0.787088,0.345105,-2.947234,-4.564036,-5.432914,-5.704002,-5.609518,-1.000000,42.496578
-0.749353,0.138040,-1.183195,0.575171,0.575159,0.047339,-2.788390,-4.565816,-5.555972,-5.969896,-5.920211,1.000000,42.741001
0.237293,0.296621,-0.573465,-0.276078,-0.276072,0.320349,-1.775749,-3.799346,-4.857198,-5.462188,-5.474456,0.000000,42.623005
-0.919947,0.782936,-0.998234,1.028278,1.028285,-0.720305,-1.841849,-4.120831,-5.372786,-6.083854,-6.236624,1.000000,43.061291
1.701959,1.721755,-0.277063,-1.096107,-1.096131,0.265204,-0.104867,-2.486946,-3.902086,-4.717952,-5.042044,-1.000000,42.589283
-0.039588,0.791926,-0.910709,-0.039582,-0.039580,0.340538,0.253433,-1.966584,-3.465416,-4.413010,-4.836579,0.000000,42.572426
0.594175,1.921166,-0.297092,-0.039588,-0.039561,0.293108,0.388179,-1.478853,-3.039226,-4.056958,-4.584650,0.000000,42.555584
-0.313242,0.019573,-1.076748,1.168548,1.168533,-0.665626,-0.673456,-2.059512,-3.736292,-4.778835,-5.449344,1.000000,43.052860
1.417172,1.536928,-0.039912,-1.918567,-1.918553,0.882226,1.061867,0.359277,-1.449103,-2.625881,-3.376318,-1.000000,42.226868
-0.454456,0.493974,-0.513738,1.017970,1.017985,-0.102767,0.001950,-0.209469,-2.006541,-3.263781,-4.074303,1.000000,42.656731
0.757427,1.654379,-0.239185,-0.869399,-0.869417,0.637839,0.829179,0.834495,-0.817219,-2.121414,-3.031396,-1.000000,42.285866
-0.278884,0.079683,-1.354584,0.059803,0.059800,0.462154,0.667327,0.799465,-0.566735,-1.890837,-2.841888,0.000000,42.311153
0.320256,0.580466,-0.380302,-0.478092,-0.478108,0.496417,1.028839,1.200976,0.226199,-1.163312,-2.120729,0.000000,42.108860
-0.299047,0.618024,-0.757578,0.400322,0.400331,0.119624,0.440593,0.667201,0.209336,-1.229657,-2.265352,0.000000,42.277435
-0.220046,0.020000,-1.260254,-0.338911,-0.338895,0.212027,0.674121,0.898830,0.824150,-0.590530,-1.684665,0.000000,42.134159
-0.358066,0.318281,-0.358066,0.560108,0.560089,-0.306341,0.065656,0.316961,0.398853,-0.872877,-1.981150,1.000000,42.370148
-0.298153,0.218638,-0.874582,0.079572,0.079589,-0.341892,-0.049701,0.184180,0.348825,-0.695697,-1.811445,0.000000,42.403870
-0.807723,0.098509,-0.827419,0.894448,0.894456,-0.910173,-0.998827,-0.679025,-0.523063,-1.264786,-2.419238,1.000000,42.783154
0.098470,0.531705,-0.551396,0.039403,0.039392,-0.704998,-0.903899,-0.758832,-0.597680,-0.952346,-2.147171,0.000000,42.800007
0.773808,1.686504,-0.178573,-0.748320,-0.748341,0.206362,-0.198401,-0.027765,0.110130,0.044456,-1.131600,-1.000000,42.479717
0.436675,0.833660,-0.059553,-0.039685,-0.039673,0.289802,-0.117108,-0.005288,0.145892,0.201669,-0.859464,0.000000,42.462864
0.159295,0.358425,-0.418166,-0.317586,-0.317562,0.573459,0.205077,0.277427,0.416147,0.537613,-0.335876,0.000000,42.328018
0.559894,0.659872,-0.179964,-0.418166,-0.418184,0.695865,0.635878,0.555894,0.781846,0.914219,0.295944,0.000000,42.151009
0.059946,0.619385,-0.279718,0.079986,0.079993,0.323672,0.533464,0.468861,0.597396,0.746446,0.464196,0.000000,42.184727
0.420587,0.540759,-0.580815,-0.239758,-0.239762,0.376528,0.763067,0.619531,0.779088,0.917279,0.884567,0.000000,42.083584
0.846437,0.866586,-0.161221,-0.620871,-0.620869,0.697302,1.261588,1.174255,1.319023,1.483268,1.563209,-1.000000,41.822300
0.812022,0.893226,-0.243603,-0.725516,-0.725520,1.043446,1.788474,1.786442,1.934636,2.107188,2.254704,-1.000000,41.518871
-0.665319,0.000000,-0.947575,0.690215,0.690202,0.185498,0.856870,1.040339,1.086710,1.329047,1.487917,1.000000,41.805435
-0.101274,0.850723,-0.546893,-0.463708,-0.463708,0.376756,1.041130,1.404376,1.483708,1.661750,1.841210,0.000000,41.611580
0.552034,0.552034,-0.981394,-0.931738,-0.931729,0.903697,1.686773,2.210865,2.264364,2.485383,2.668847,-1.000000,41.223873
-0.464834,0.242518,-1.071138,1.165406,1.165400,-0.315279,0.333475,0.926981,1.016579,1.221511,1.422803,1.000000,41.704296
-1.008675,0.121043,-1.573530,0.181892,0.181897,-0.371198,0.020172,0.644208,0.769619,0.963488,1.161993,0.000000,41.780155
0.897050,0.917433,-0.407749,-1.049024,-1.049029,0.460757,0.884817,1.478770,1.745167,1.868307,2.131167,-1.000000,41.341869
1.051759,1.051759,-0.928028,-1.141686,-1.141680,1.257985,1.728185,2.335872,2.747986,2.911938,3.131913,-1.000000,40.869877
0.747976,0.831078,-0.540208,-0.742423,-0.742407,1.691236,2.115085,2.786880,3.323274,3.475569,3.737084,-1.000000,40.566456
0.564383,0.689795,-0.668896,-0.602537,-0.602554,1.622078,2.362040,3.056023,3.695656,3.908030,4.179909,-1.000000,40.322021
0.165773,2.382930,-0.124320,0.877922,0.877915,0.194791,1.263997,1.888395,2.580827,2.842948,3.119230,1.000000,40.676014
1.072328,1.072328,-0.231287,-1.450470,-1.450440,1.042875,2.325459,3.044551,3.754181,4.154729,4.390221,-1.000000,40.086033
-1.320402,0.123784,-2.063132,1.913373,1.913362,-0.862395,0.218681,0.892635,1.567968,2.059819,2.318261,1.000000,40.853024
-0.516209,0.454268,-0.846583,-0.082527,-0.082537,-0.656615,0.202355,0.769494,1.448483,2.015280,2.252736,0.000000,40.819305
0.894334,1.393507,0.000000,-0.722688,-0.722683,0.166385,0.640592,1.289507,1.947786,2.575698,2.852181,-1.000000,40.524311
-0.411694,0.329354,-0.432283,1.039933,1.039912,-0.732794,-0.598998,0.153709,0.729735,1.377533,1.682460,1.000000,40.945728
-0.755408,0.204169,-0.755408,0.823380,0.823400,-0.963660,-1.425072,-0.748609,-0.198044,0.404243,0.785351,1.000000,41.282875
-0.325336,0.325336,-0.508337,0.408330,0.408324,-1.077672,-1.685640,-1.177983,-0.692353,-0.134199,0.309071,0.000000,41.451443
0.244057,0.366077,-0.366069,-0.020338,-0.020349,-0.756545,-1.454122,-1.122619,-0.749425,-0.213935,0.273897,0.000000,41.443008
-0.203465,0.264490,-0.325534,-0.040667,-0.040665,-0.280772,-1.147501,-1.127154,-0.756861,-0.273442,0.238732,0.000000,41.426155
-0.284898,0.162804,-0.732601,-0.020352,-0.020342,-0.032561,-0.948306,-1.165374,-0.748879,-0.341064,0.179762,0.000000,41.417728
0.163269,0.469388,-0.102039,-0.284898,-0.284909,0.261229,-0.371418,-0.889783,-0.526520,-0.138764,0.346270,0.000000,41.299725
1.879397,1.879397,-0.413046,-1.183678,-1.183674,1.148288,0.811656,0.287772,0.566926,0.922770,1.385802,-1.000000,40.810871
0.164307,0.780450,-1.006363,0.557623,0.557638,0.390213,0.306009,-0.191695,-0.013356,0.261238,0.706505,1.000000,41.038448
-0.365112,0.202846,-1.460440,1.252824,1.252820,-0.791080,-0.687633,-1.229211,-1.268764,-1.005277,-0.612578,1.000000,41.552586
0.391751,1.175258,-0.288658,-1.622716,-0.553607,-0.284862,-0.043582,-0.575058,-0.774509,-0.473188,-0.140406,-1.000000,41.322548
1.957895,2.126312,-0.021048,-2.061856,-2.061869,1.404641,1.860053,1.581450,1.206812,1.490189,1.823504,-1.000000,40.470531
0.188482,0.712042,-0.670157,0.526316,0.526304,0.811138,1.138013,1.021848,0.654043,0.867593,1.167410,0.000000,40.683529
1.318314,1.530940,-0.170100,-1.507855,-1.507856,1.871159,2.343744,2.443779,2.133058,2.296638,2.548724,-1.000000,40.070080
-0.084964,0.318602,-1.062022,0.106321,0.106339,1.045020,1.907585,2.266547,1.998474,2.029259,2.297724,0.000000,40.112690
-1.905950,0.227887,-2.050965,2.527608,2.527612,-1.541340,-0.675534,-0.225312,-0.461315,-0.549634,-0.256016,1.000000,41.126583
-0.556359,0.267878,-1.195133,0.538635,0.538630,-1.644346,-1.195958,-0.749332,-0.841972,-1.081830,-0.827256,0.000000,41.348103
0.641162,0.703208,-0.723884,-0.370907,-0.370907,-1.029988,-0.734939,-0.421377,-0.431343,-0.682025,-0.491778,0.000000,41.194740
2.389935,2.515725,-1.970656,-1.344358,-1.344361,0.599583,0.519915,0.803991,0.903515,0.678691,0.816389,-1.000000,40.640934
0.232404,0.401432,-0.507082,-0.775679,-0.775669,1.491644,1.001466,1.410080,1.667684,1.466094,1.490548,-1.000000,40.325695
-1.671542,0.000000,-1.922277,1.119795,1.119775,0.196415,-0.250724,0.182379,0.521183,0.352415,0.284685,1.000000,40.777252
-0.041990,1.847569,-0.251948,-0.480568,-0.480555,0.302327,0.258235,0.548111,0.920134,0.885808,0.706462,0.000000,40.581295
0.041938,1.404911,-0.587123,0.125967,0.125972,-0.100653,0.119517,0.392329,0.692378,0.737163,0.560279,0.000000,40.632416
0.654554,1.076854,-0.063342,-0.691965,-0.691965,0.451853,0.886818,0.978313,1.258707,1.392688,1.243192,-1.000000,40.351254
-1.446842,0.608096,-2.096876,0.696786,0.696786,-0.092265,0.316626,0.128604,0.460360,0.701729,0.568088,1.000000,40.632416
0.293930,0.965776,-0.167966,-0.125808,-0.125813,-0.062984,0.308627,0.132966,0.483855,0.792663,0.686996,0.000000,40.581295
-1.915873,0.999584,-2.082466,0.818810,0.818818,-0.712207,-0.612252,-0.608089,-0.379433,-0.062047,-0.063329,1.000000,40.913582
3.469080,3.469080,-0.409392,-3.352770,-3.352772,2.180564,2.417579,2.647412,2.916020,3.211710,3.293025,-1.000000,39.541843
-1.131993,0.021363,-1.516444,0.883430,0.883419,1.055113,1.332772,1.718646,1.871000,2.152295,2.310949,1.000000,39.891163
0.085674,0.449782,-0.813875,-0.277661,-0.277645,0.908113,1.477826,1.946163,1.931883,2.271223,2.533468,0.000000,39.780407
-0.128537,0.428451,-0.642671,-0.021416,-0.021413,0.522700,1.246778,1.740920,1.758769,2.127598,2.457046,0.000000,39.771889
0.170899,0.363168,-0.491346,0.278494,0.278478,-0.273441,0.790434,1.213419,1.402479,1.701860,2.055489,0.000000,39.882645
-0.213172,0.085272,-1.556171,0.213627,0.213629,-0.272859,0.409299,0.793011,1.096783,1.400688,1.714201,0.000000,39.967846
-0.360089,0.338911,-0.635456,0.639520,0.639514,-0.741357,-0.260527,0.083327,0.473427,0.675290,0.966792,1.000000,40.223446
0.147773,0.147773,-0.654418,0.338911,0.338912,-0.789522,-0.664968,-0.249093,0.164670,0.217023,0.537686,0.000000,40.359768
-0.147958,0.317053,-0.655255,-0.126658,-0.126643,-0.397391,-0.606645,-0.200107,0.190225,0.243489,0.573457,0.000000,40.308655
1.354550,1.354550,-0.193507,-1.690981,-1.690977,1.186833,0.778321,1.355975,1.696403,1.882598,2.162682,-1.000000,39.627045
1.065683,1.130926,-1.152673,-1.139536,-1.139537,1.948665,1.846447,2.276345,2.610909,2.902992,3.201132,-1.000000,39.175480
-1.697823,0.666239,-2.084672,1.196170,1.196149,0.451336,0.580285,0.948507,1.272312,1.643685,1.864043,1.000000,39.644077
-2.722357,0.457192,-2.847047,3.417150,3.417161,-2.556105,-2.445966,-2.327511,-1.991892,-1.628426,-1.546825,1.000000,40.998779
0.592340,2.073197,-0.190396,-1.766415,-1.766423,-0.820809,-0.566949,-0.621950,-0.291930,0.055858,0.136810,-1.000000,40.274567
1.708847,2.098207,0.000000,-2.200127,-2.200113,1.289199,1.544445,1.355536,1.799693,2.107717,2.297924,-1.000000,39.388481
0.280832,1.015332,-0.216034,0.129788,0.129766,1.291863,1.278906,1.206897,1.516541,1.797379,2.060214,0.000000,39.439594
-0.560945,0.323629,-0.992447,0.129611,0.129618,1.083070,0.962254,1.008282,1.276173,1.549096,1.879193,0.000000,39.490715
-2.442105,0.589472,-2.568423,2.481126,2.481130,-1.625265,-1.454734,-1.323506,-1.195785,-0.895153,-0.557890,1.000000,40.470531
-0.273226,0.378302,-0.777644,0.168425,0.168421,-1.660363,-1.563681,-1.363316,-1.367167,-1.085325,-0.773430,0.000000,40.538692
-0.021141,0.782074,-1.035724,-0.567467,-0.567450,-0.642586,-0.832818,-0.729950,-0.879318,-0.547886,-0.293113,-1.000000,40.308655
-0.751568,1.022958,-0.897706,1.247096,1.247082,-1.194156,-1.653448,-1.814893,-1.944676,-1.755322,-1.552539,1.000000,40.811337
0.928660,1.034187,-0.084426,-1.085597,-1.085598,0.325035,-0.394681,-0.713379,-0.809410,-0.675387,-0.494579,-1.000000,40.368290
0.000000,0.147493,-0.442476,0.168843,0.168848,0.139068,-0.701643,-0.868097,-0.895489,-0.862197,-0.653178,0.000000,40.436451
0.551427,0.593845,-0.615060,-0.653175,-0.653168,0.615051,-0.074243,-0.238965,-0.194073,-0.251123,-0.050204,-1.000000,40.172333
-0.510308,0.063793,-1.126938,-0.254513,-0.254536,0.752727,0.350855,0.089321,0.084006,-0.080782,0.162327,0.000000,40.070080
0.064238,0.192719,-0.728051,-0.701676,-0.701668,0.950752,1.147755,0.899361,0.768741,0.650113,0.799436,-1.000000,39.788921
0.452975,0.539258,-0.496117,-0.728051,-0.728032,1.251064,1.891703,1.614883,1.416077,1.348563,1.466769,-1.000000,39.499245
0.695197,1.151427,-0.152075,-0.711825,-0.711836,1.355640,2.302849,2.040699,1.997612,2.017817,2.074013,-1.000000,39.218075
-0.520838,0.412322,-0.542535,0.108631,0.108628,0.781246,1.866319,1.757810,1.753470,1.855033,1.851128,0.000000,39.260677
-0.194342,0.453464,-0.453472,0.499130,0.499128,-0.030228,1.144463,1.263947,1.226518,1.305983,1.222201,0.000000,39.456638
-0.813707,0.107064,-1.070664,0.842151,0.842147,-0.865090,0.042831,0.476807,0.458248,0.441975,0.397579,1.000000,39.788921
0.582399,1.358932,-0.366700,-0.728051,-0.728032,-0.138063,0.556501,1.215115,1.176646,1.105249,1.100792,-1.000000,39.499245
-1.694554,0.084730,-2.012288,1.833473,1.833455,-1.436129,-1.306919,-0.648160,-0.741362,-0.728652,-0.682757,1.000000,40.223446
0.831377,1.065871,-0.447664,-0.635456,-0.635450,-0.451930,-0.726926,-0.108008,-0.144960,-0.127906,-0.031267,-1.000000,39.967846
-0.425435,0.191449,-1.340134,0.213170,0.213174,-0.365880,-0.942353,-0.363044,-0.274411,-0.297810,-0.229739,0.000000,40.053047
-0.423551,0.296485,-0.952988,0.446720,0.446710,-0.588730,-1.272762,-0.902158,-0.619439,-0.636170,-0.651558,0.000000,40.231968
0.829619,1.382689,0.000000,-0.444733,-0.444723,0.131885,-0.693470,-0.511949,-0.105297,-0.151459,-0.221939,0.000000,40.053047
-1.488780,0.020973,-1.509746,1.446503,1.446504,-1.094572,-1.761379,-1.898375,-1.509754,-1.611244,-1.622287,1.000000,40.632416
0.442857,1.075500,-0.569372,-0.566159,-0.566154,-0.316327,-0.919449,-1.301848,-0.965843,-1.038387,-1.054414,-1.000000,40.402374
0.189195,0.546567,-0.147152,0.316326,0.316318,-0.395207,-0.966997,-1.537385,-1.250790,-1.237758,-1.292133,0.000000,40.530174
-0.439788,0.062825,-1.151830,0.378390,0.378372,-0.548677,-1.120404,-1.761939,-1.638729,-1.487734,-1.540650,0.000000,40.683529
-0.334588,0.752823,-0.397321,0.146597,0.146602,-0.355493,-0.959842,-1.702208,-1.736712,-1.508983,-1.594861,0.000000,40.743172
-0.374065,0.103905,-1.059846,0.627350,0.627362,-0.798008,-1.388197,-2.025492,-2.280757,-2.071488,-2.208369,1.000000,40.998779
0.457945,0.645289,-0.166532,-0.166247,-0.166232,-0.374707,-0.988777,-1.590360,-2.025414,-1.870126,-1.992109,0.000000,40.930626
-0.872814,0.436415,-0.893599,0.166524,0.166509,-0.311721,-0.922692,-1.503186,-2.075020,-1.965918,-2.024106,0.000000,40.998779
-1.120102,0.041487,-1.410496,0.187032,1.302788,-1.184732,-1.883629,-2.489951,-3.124415,-3.157175,-3.116105,1.000000,41.532906
0.395994,0.416840,-0.958733,-0.477077,-0.477075,-0.424806,-1.103215,-1.726484,-2.438000,-2.599421,-2.502972,0.000000,41.334763
0.505578,2.085523,-0.105336,-1.062941,-1.062936,0.594429,0.023595,-0.561137,-1.184762,-1.508103,-1.420877,-1.000000,40.895401
0.594854,0.786061,-0.106225,-0.842640,-0.842647,1.261953,0.910206,0.379741,-0.185948,-0.633778,-0.582148,-1.000000,40.550797
-0.021159,0.126935,-0.930819,0.424899,0.424894,0.698123,0.530632,0.064730,-0.452761,-0.990051,-0.968858,0.000000,40.723095
0.724638,0.831208,-0.319689,-0.740432,-0.740428,0.899409,1.215734,0.842434,0.368068,-0.188881,-0.262277,-1.000000,40.421570
-0.148618,0.127393,-0.849251,0.383632,0.383634,0.140129,0.787879,0.543072,0.117254,-0.464119,-0.626327,0.000000,40.576641
-1.533611,0.210090,-1.533611,1.061571,1.061596,-0.857163,-0.268740,-0.452115,-0.838835,-1.335151,-1.623782,1.000000,41.007401
-0.437682,0.041684,-0.479366,0.798324,0.798300,-1.263026,-0.960817,-1.090131,-1.458822,-1.915843,-2.309158,1.000000,41.334763
0.146085,0.939067,-0.354754,-0.125056,-0.125069,-0.868099,-0.767932,-0.844689,-1.186449,-1.616050,-2.088883,0.000000,41.283066
-0.274090,0.506005,-1.433692,-1.022533,-1.022509,0.371063,0.092756,0.208603,-0.088669,-0.494730,-0.989938,-1.000000,40.860943
2.420058,2.614527,-0.453758,-2.424628,-2.424638,2.510807,2.212619,2.552707,2.371087,2.015082,1.501365,-1.000000,39.870213
0.304752,0.674795,-0.195910,-0.734659,-0.734654,2.546795,2.636042,3.072248,2.995428,2.704782,2.282823,-1.000000,39.577305
-0.815444,0.193135,-0.965657,1.436654,1.436642,0.502154,1.081554,1.482127,1.504766,1.267920,0.907697,1.000000,40.145889
-0.213817,0.277960,-0.983534,0.364811,0.364814,-0.354925,0.607229,0.996367,1.106295,0.923579,0.610046,0.000000,40.292347
-0.064196,0.278196,-0.278198,-0.085525,-0.085520,-0.569231,0.652684,0.871671,1.139971,1.012538,0.734992,0.000000,40.257889
-1.249471,0.021175,-1.313009,1.048579,1.048575,-1.202881,-0.366369,-0.282367,0.082686,0.025987,-0.213575,1.000000,40.680023
-0.339559,0.615452,-0.657891,-0.211779,-0.211767,-0.492368,-0.256799,-0.120268,0.245206,0.234461,0.028606,0.000000,40.593876
-0.527537,0.084408,-0.759654,0.573005,0.573015,-0.725904,-0.949583,-0.644315,-0.338695,-0.295072,-0.471203,1.000000,40.826485
-0.231725,0.021064,-0.442391,0.168816,0.168802,-0.598273,-1.211295,-0.783658,-0.519282,-0.427370,-0.570267,0.000000,40.895401
-1.205817,0.686075,-1.351345,1.327148,1.327132,-1.330544,-2.365889,-1.919597,-1.833665,-1.658681,-1.775522,1.000000,41.438137
-0.866162,0.288717,-0.866162,0.810819,0.810835,-1.600334,-2.695409,-2.517365,-2.570642,-2.350936,-2.428223,1.000000,41.774132
-0.247523,0.412541,-0.474422,-0.020627,-0.020637,-1.018969,-2.151397,-2.376233,-2.446365,-2.257347,-2.317649,0.000000,41.765511
0.892857,0.975916,-0.290698,-0.660066,-0.660059,-0.041531,-1.177326,-1.702659,-1.685010,-1.553989,-1.581237,-1.000000,41.489834
0.982240,1.024038,-0.438869,-0.643692,-0.643693,0.764891,-0.311385,-1.075579,-0.987458,-0.894459,-0.887614,-1.000000,41.222767
-0.020825,0.645703,-0.437407,0.334378,0.334369,0.391596,-0.376992,-1.324712,-1.203903,-1.241396,-1.163343,0.000000,41.360603
-0.229360,0.583826,-0.250206,-0.104143,-0.104135,0.275228,-0.118846,-0.988321,-1.011256,-1.140114,-1.013975,0.000000,41.317532
-0.733648,0.468716,-1.080088,2.314431,2.314436,-1.752605,-1.980848,-2.802804,-3.100677,-3.245980,-3.152583,1.000000,42.273800
-0.040694,0.712102,-0.183115,0.163036,0.163023,-1.509663,-1.782296,-2.615119,-3.139365,-3.234177,-3.199046,0.000000,42.342716
1.459402,1.500512,-0.061671,-1.017294,-1.017289,-0.168554,-0.530321,-1.356629,-2.068859,-2.126208,-2.131552,-1.000000,41.911968
-0.549107,0.386421,-0.711812,1.068851,1.068867,-0.752498,-1.364661,-2.069019,-2.927605,-2.978245,-3.101492,1.000000,42.359951
-0.303341,0.121329,-0.404451,0.569459,0.569458,-0.711838,-1.729031,-2.322895,-3.156735,-3.337523,-3.551073,1.000000,42.601173
-0.542825,0.000000,-0.723766,0.586453,0.586453,-1.021319,-2.048665,-2.541226,-3.339377,-3.729004,-3.961278,1.000000,42.851009
0.705365,0.785971,-0.382908,-0.241261,-0.241276,-0.592491,-1.517526,-2.005904,-2.801282,-3.363959,-3.557698,0.000000,42.747620
-0.502614,0.321673,-0.542825,0.241844,0.241859,-0.394055,-1.375162,-1.938091,-2.737245,-3.450756,-3.624862,0.000000,42.851009
0.160897,0.362029,-0.462588,-0.040211,-0.040228,-0.132733,-0.991545,-1.681410,-2.397419,-3.227669,-3.398359,0.000000,42.833771
-0.820657,0.080066,-0.820657,0.482699,0.482703,-0.408320,-1.066846,-1.957561,-2.592068,-3.397913,-3.671599,0.000000,43.040531
-0.059938,0.559447,-0.179820,0.180144,0.180142,-0.463531,-1.048942,-1.924735,-2.474518,-3.243150,-3.681645,0.000000,43.118065
0.933250,1.075267,-0.202885,-1.518478,-1.518463,0.937300,0.505165,-0.259698,-0.778059,-1.532978,-2.107943,-1.000000,42.463333
0.345876,0.447603,-0.162771,-0.284031,-0.284050,0.984744,0.893192,0.200752,-0.324512,-1.058793,-1.745671,0.000000,42.342716
-0.142045,0.568186,-0.527595,0.264490,0.264499,0.539774,0.649355,0.108229,-0.467732,-1.112821,-1.879732,0.000000,42.454712
0.060710,0.121412,-1.153379,0.284089,0.284089,0.036426,0.358160,0.021590,-0.655600,-1.214887,-1.945901,0.000000,42.575321
-0.685899,0.141212,-0.685899,0.303525,0.303516,-0.459948,0.020181,-0.213829,-0.846269,-1.316109,-1.998511,0.000000,42.704544
-0.141355,0.060580,-0.464457,-0.100867,-0.100867,-0.266556,0.100977,-0.063264,-0.608836,-1.044418,-1.703006,0.000000,42.661469
-0.040512,0.405106,-0.101274,-0.302910,-0.302896,0.125575,0.330154,0.337585,-0.152930,-0.589835,-1.228818,0.000000,42.532249
0.469003,0.632131,-0.591356,-0.668418,-0.668420,0.701460,0.866632,0.995102,0.623976,0.155787,-0.407155,-1.000000,42.247955
-0.508337,0.264337,-0.752336,0.285479,0.285481,0.317196,0.420897,0.671000,0.461566,-0.073205,-0.557819,0.000000,42.368565
-0.162241,0.223072,-0.527280,0.264337,0.264326,-0.052723,0.006087,0.347465,0.221056,-0.269312,-0.671934,0.000000,42.480556
-0.040642,0.304820,-0.528344,-0.202803,-0.202792,0.024385,0.193046,0.495831,0.430805,0.018693,-0.346815,0.000000,42.394409
-0.829624,0.000000,-1.254551,0.426741,0.426736,-0.380408,-0.178063,0.025633,0.081956,-0.279235,-0.638739,0.000000,42.575321
-0.101077,0.606426,-0.363857,0.101180,0.101185,-0.307263,-0.240558,-0.109165,0.011111,-0.261983,-0.646864,0.000000,42.618401
0.728895,0.728895,-0.384689,-0.161718,-0.161717,-0.060745,-0.085042,-0.024302,0.167033,0.015384,-0.425192,0.000000,42.549480
-0.744016,0.060322,-1.226626,0.688400,0.688384,-0.575096,-0.735965,-0.750712,-0.518793,-0.615313,-1.022177,1.000000,42.842384
0.933448,1.034907,-0.182630,-0.904888,-0.904880,0.361203,0.121756,0.154221,0.355115,0.302763,-0.042612,-1.000000,42.454712
-0.546450,0.161915,-0.607163,0.263801,0.263801,0.093099,-0.133576,-0.074210,0.057679,0.100385,-0.200364,0.000000,42.566708
0.406423,0.406423,-0.690916,-0.404778,-0.404774,0.394226,0.306846,0.322424,0.412514,0.510463,0.286525,0.000000,42.394409
-0.304140,0.040552,-0.892131,0.223534,0.223541,0.141919,0.111506,0.085146,0.123670,0.275739,0.154761,0.000000,42.489178
0.694870,1.062745,-0.245246,-0.790754,-0.790759,0.613118,0.831795,0.795689,0.807269,1.008781,0.943519,-1.000000,42.153191
-0.992502,0.364594,-1.114035,0.899242,0.899239,-0.247111,-0.034434,-0.122882,-0.083049,0.088311,0.058739,1.000000,42.532249
-0.281917,0.140959,-0.684656,0.587403,0.587387,-0.728943,-0.569862,-0.667191,-0.615172,-0.502607,-0.457767,1.000000,42.782078
0.382223,0.462684,-0.724202,0.100683,0.100703,-0.627644,-0.621611,-0.677267,-0.671904,-0.603508,-0.521699,0.000000,42.825161
-0.281405,0.261309,-0.402012,0.080469,0.080462,-0.534674,-0.629147,-0.680739,-0.718595,-0.700304,-0.581577,0.000000,42.859619
0.512715,0.635771,0.000000,-1.989954,-0.934565,0.547744,0.218020,0.252847,0.189100,0.174388,0.325548,-1.000000,42.459068
0.184049,0.429446,-0.368100,0.287129,0.287098,0.282783,-0.039229,-0.004944,-0.107170,-0.101337,0.025295,0.000000,42.580967
-2.115228,0.261888,-2.215951,1.513286,1.513284,-1.007065,-1.376998,-1.395343,-1.516126,-1.508875,-1.436941,1.000000,43.225338
-0.934026,0.218601,-1.291737,1.369865,1.369875,-1.891890,-2.384982,-2.545416,-2.667903,-2.715444,-2.694052,1.000000,43.817471
-0.178112,0.138530,-0.752023,0.417327,0.417315,-1.781109,-2.447211,-2.730595,-2.886971,-2.990195,-3.025726,0.000000,44.000328
-0.276078,0.216922,-0.670479,0.356224,0.356238,-1.360684,-2.339690,-2.877389,-3.041861,-3.202976,-3.291527,0.000000,44.157074
-0.137363,0.117741,-0.569076,0.492999,0.492997,-1.036110,-2.403573,-3.065391,-3.294376,-3.523402,-3.622375,0.000000,44.374767
0.934024,1.311606,-0.158979,-1.255885,-1.255885,0.492843,-0.925988,-1.642221,-1.922677,-2.179032,-2.284399,-1.000000,43.817471
-0.256160,0.197040,-0.591131,0.854531,0.854559,-0.189188,-1.456183,-2.204457,-2.575671,-2.831930,-2.981326,1.000000,44.191917
0.236684,0.591714,-0.315582,-0.098520,-0.098552,-0.023662,-1.067057,-1.857435,-2.298482,-2.574818,-2.766848,0.000000,44.148365
0.000000,0.313847,-1.118086,0.552266,0.552274,-0.466848,-1.174974,-2.060230,-2.660541,-2.937668,-3.174170,1.000000,44.392185
0.137498,0.569635,-0.255355,-0.137309,-0.137310,-0.349633,-0.644276,-1.655028,-2.315053,-2.629449,-2.915484,0.000000,44.331230
-0.176298,0.783549,-0.666014,0.274993,0.274998,-0.336922,-0.640551,-1.674122,-2.370765,-2.727511,-3.037693,0.000000,44.453140
-0.409514,0.390018,-0.409514,0.450539,0.450533,-0.577221,-0.898983,-1.842171,-2.555696,-2.981496,-3.293016,0.000000,44.653416
-0.620403,0.000000,-0.775498,0.585029,0.585035,-0.814275,-1.271817,-2.108060,-2.852453,-3.335149,-3.666537,1.000000,44.914654
2.347504,3.251874,-0.173177,0.756105,0.756098,-1.177601,-1.770250,-2.430890,-3.238846,-3.847362,-4.185142,1.000000,45.254253
0.347761,0.753485,-0.656878,-0.404085,-0.404084,-0.448217,-1.217149,-1.666663,-2.564584,-3.225024,-3.598419,0.000000,45.071388
1.666006,1.904012,-0.138834,-2.588872,-2.588869,1.947641,1.428009,1.049849,0.152761,-0.531176,-0.935463,-1.000000,43.904549
1.384704,1.384704,0.000000,-1.170163,-1.170157,2.572737,2.444299,2.180736,1.403760,0.738399,0.296809,-1.000000,43.390797
-0.338574,0.179247,-1.135232,0.762587,0.762581,1.250747,1.571401,1.364935,0.734913,0.088760,-0.372878,1.000000,43.721687
0.986714,1.087396,-0.322191,-1.095397,-1.095408,1.441812,2.430537,2.346634,1.941208,1.298070,0.761395,-1.000000,43.242756
0.549564,0.651333,-1.567270,-1.067255,-1.067245,1.465497,3.173210,3.202385,3.064314,2.414112,1.873809,-1.000000,42.781250
1.048300,1.377180,-0.411102,-0.976998,-0.977000,1.738950,3.697839,3.991776,3.979441,3.385026,2.862930,-1.000000,42.363277
0.061600,0.821349,-1.026694,0.102773,0.102773,1.170430,3.061601,3.604379,3.706364,3.239423,2.758298,0.000000,42.406815
0.452026,0.760228,-0.123273,-0.061608,-0.061601,0.599957,2.527223,3.390177,3.579206,3.257857,2.813104,0.000000,42.380692
-0.081902,0.225227,-0.573299,0.349295,0.349293,-0.085996,1.529481,2.738189,3.027229,2.904991,2.484669,0.000000,42.528725
0.163536,0.204419,-0.327065,0.163796,0.163786,-0.335231,0.782922,2.299002,2.650257,2.738358,2.322263,0.000000,42.598381
0.040816,0.040816,-0.387753,0.163536,0.163537,-0.355098,0.328577,1.853067,2.347966,2.518373,2.146293,0.000000,42.668045
0.204924,0.512295,-0.614752,-0.408165,-0.408174,0.094274,0.528703,1.931710,2.567639,2.813950,2.538950,0.000000,42.493885
0.553506,0.738007,-0.287003,-0.040984,-0.040980,0.180407,0.276762,1.590827,2.412886,2.712600,2.550921,0.000000,42.476471
0.677614,0.698152,-0.882959,-0.163998,-0.163987,0.287464,0.244349,1.310058,2.347020,2.716220,2.715260,0.000000,42.406815
0.000000,0.307253,-0.450639,0.246405,0.246413,-0.000013,-0.065557,0.659556,1.881392,2.288398,2.457316,0.000000,42.511311
-0.020458,0.572955,-0.286472,0.102415,0.102403,-0.155514,-0.122772,0.345138,1.554128,2.065076,2.299984,0.000000,42.554844
0.390631,0.699015,-0.246708,-0.470636,-0.470637,0.250826,0.337174,0.656528,1.762958,2.374183,2.668591,0.000000,42.354565
-0.956260,0.020342,-0.956260,1.048526,1.048527,-0.638862,-0.606312,-0.531709,0.459815,1.185756,1.509663,1.000000,42.798664
-0.081220,0.081220,-0.467005,0.203455,0.203450,-0.617253,-0.724871,-0.789166,-0.020299,0.839803,1.204745,0.000000,42.885738
-0.283227,0.060690,-0.445076,0.365482,0.365487,-0.732350,-0.983211,-1.109987,-0.620068,0.352823,0.733025,0.000000,43.042480
-0.060714,0.182149,-0.425013,-0.040461,-0.040474,-0.473579,-0.860140,-0.967404,-0.682035,0.260689,0.712421,0.000000,43.025059
-0.782818,0.000000,-0.843031,0.829792,0.829826,-0.818968,-1.471317,-1.632565,-1.500422,-0.681674,-0.178663,1.000000,43.382092
0.100462,0.462126,-0.542495,-0.100361,-0.100385,-0.470160,-1.173394,-1.386376,-1.445648,-0.727343,-0.140643,0.000000,43.338543
0.120285,0.240575,-0.380918,0.221019,0.221020,-0.437049,-1.154772,-1.464852,-1.640939,-1.113874,-0.434376,0.000000,43.434330
0.422363,0.442474,-0.422371,-0.320770,-0.320769,0.000000,-0.655674,-1.040496,-1.265086,-0.959776,-0.193752,0.000000,43.295006
-0.420503,0.180216,-0.760909,0.442474,0.442485,-0.228277,-0.879063,-1.350963,-1.570894,-1.434529,-0.707523,0.000000,43.486580
0.686453,0.706646,-0.363418,-0.820985,-0.820991,0.480516,0.121138,-0.436101,-0.672323,-0.642845,-0.003367,-1.000000,43.129559
1.063386,1.267890,-0.204505,-1.271950,-1.271963,1.419229,1.359923,0.862991,0.630883,0.530065,1.102254,-1.000000,42.580967
0.574357,0.656410,-0.779489,-0.306753,-0.306736,1.267687,1.569224,1.180163,0.931273,0.764710,1.193154,0.000000,42.450356
-0.734536,0.142836,-1.387464,0.533329,0.533334,0.440722,0.944699,0.669243,0.405011,0.220355,0.469284,0.000000,42.676758
1.239665,1.239665,-0.289264,-1.244636,-1.244635,1.070237,2.008253,1.873263,1.608454,1.462793,1.596402,-1.000000,42.145588
-0.144150,0.082366,-0.535424,0.330576,0.330568,0.337727,1.412683,1.526629,1.248965,1.116962,1.174486,0.000000,42.284908
-0.857839,0.367647,-0.898691,0.823719,0.823710,-0.457503,0.418719,0.671305,0.440163,0.314549,0.262806,1.000000,42.633213
-0.325137,0.548671,-0.528344,0.510621,0.510628,-0.776260,-0.227593,0.154442,-0.018288,-0.165008,-0.277044,0.000000,42.850910
-0.422618,0.060378,-0.643993,0.975412,0.975403,-1.461049,-1.197413,-0.778148,-0.896550,-1.067410,-1.202782,1.000000,43.268879
-0.615684,0.059589,-1.032763,1.328233,1.328232,-1.978145,-2.411110,-1.954306,-2.048648,-2.256990,-2.385292,1.000000,43.843590
-0.139496,0.278996,-0.697485,-0.337633,-0.337623,-1.000405,-1.950978,-1.574334,-1.563373,-1.815865,-1.956293,0.000000,43.695564
0.360649,0.480870,-0.260471,-0.538063,-0.538075,-0.084147,-1.218182,-1.023164,-0.954708,-1.194139,-1.343075,-1.000000,43.460449
-0.179748,0.159780,-0.499301,0.320577,0.320577,-0.059913,-1.270213,-1.314150,-1.189325,-1.400429,-1.576451,0.000000,43.599773
0.987698,1.189276,-0.362832,-0.918712,-0.918697,0.834498,-0.233831,-0.413901,-0.254995,-0.422502,-0.617490,-1.000000,43.199223
-0.401849,0.281294,-0.924250,0.322514,0.322506,0.277276,-0.279284,-0.756811,-0.539477,-0.670280,-0.885403,0.000000,43.338543
-0.261309,0.080404,-1.085429,-0.040185,-0.040181,0.144720,-0.000004,-0.687437,-0.506533,-0.541105,-0.781910,0.000000,43.321129
-0.640136,0.500100,-0.780164,0.482416,0.482416,-0.304065,-0.274062,-1.018874,-0.962196,-0.951394,-1.177572,0.000000,43.530117
0.606919,1.051995,-0.060688,-1.120228,-1.120229,0.566460,0.900261,0.194215,0.114305,0.185314,-0.008765,-1.000000,43.042480
0.831812,0.892674,-0.182593,-0.283227,-0.283213,0.722244,1.105685,0.516656,0.355028,0.458497,0.307012,0.000000,42.920578
-0.020113,0.241406,-0.422448,0.852096,0.852064,-0.152867,0.122731,-0.156892,-0.515973,-0.366102,-0.484121,1.000000,43.286289
-0.259587,0.359417,-0.319497,0.744323,0.744340,-0.758788,-0.636985,-0.692230,-1.196088,-1.081471,-1.123537,1.000000,43.608486
0.623998,0.704507,-0.020133,-0.798726,-0.798734,-0.084534,0.116756,0.203980,-0.322051,-0.292260,-0.291858,-1.000000,43.260170
-1.443748,0.000000,-1.844792,0.382446,1.506217,-1.171224,-1.297794,-1.121856,-1.634736,-1.728300,-1.693508,1.000000,43.911762
1.737174,1.961984,-0.183936,-1.884899,-1.884894,0.803276,0.571651,0.749101,0.302233,0.140019,0.198280,-1.000000,43.084072
0.122601,1.144260,0.000000,0.020435,0.020418,0.692929,0.494110,0.612394,0.391669,0.083031,0.183071,0.000000,43.092869
1.405830,2.253463,-0.020670,-1.164691,-1.164675,1.401689,1.506899,1.625111,1.610615,1.211827,1.301712,-1.000000,42.590977
0.539193,0.953959,-0.248866,-0.310105,-0.310113,1.339692,1.570368,1.783986,1.906175,1.515174,1.547780,0.000000,42.458897
-0.375618,0.313026,-2.149414,-0.622155,-0.622148,1.160265,2.005331,2.199205,2.466396,2.126470,2.085586,-1.000000,42.194740
-0.545412,0.776176,-1.342561,-0.521703,-0.521693,1.162146,2.314910,2.540667,2.849587,2.595139,2.516096,-1.000000,41.974613
-0.561683,0.249634,-0.956936,0.839106,0.839095,-0.041606,1.236853,1.528062,1.814588,1.758559,1.571713,1.000000,42.326820
-0.866335,0.144387,-1.382011,0.852923,0.852915,-0.841578,0.165019,0.570533,0.835505,0.935740,0.678225,1.000000,42.687832
-1.232284,0.328608,-1.519815,0.433166,0.433168,-1.076191,-0.357359,0.034551,0.332061,0.522752,0.266686,0.000000,42.872742
0.786582,1.097079,-0.103504,-0.780444,-0.780447,-0.136614,0.103501,0.742368,0.996473,1.284039,1.062249,-1.000000,42.538143
0.746580,0.788049,-0.767323,-0.186297,-0.186294,0.277892,0.143094,0.857905,1.097793,1.396770,1.233769,0.000000,42.458897
-1.127740,0.697152,-1.373799,1.140603,1.140602,-0.565921,-1.021115,-0.332774,-0.088359,0.169410,0.154027,1.000000,42.943184
-1.295020,0.242823,-1.396192,1.332782,1.332789,-1.493324,-2.110480,-1.657898,-1.380120,-1.164627,-1.068991,1.000000,43.515526
-0.520412,0.140112,-0.700556,1.092677,1.092674,-2.049640,-2.820254,-2.610087,-2.393682,-2.184660,-2.035416,1.000000,43.991009
0.441495,0.842862,-0.561916,-0.260202,-0.260208,-1.184026,-2.183423,-2.361361,-2.043994,-1.904242,-1.701922,0.000000,43.876541
-0.541084,0.761517,-0.801607,0.140478,0.140481,-0.649301,-1.873750,-2.368740,-2.065610,-1.974582,-1.789042,0.000000,43.938179
0.338304,0.497512,-0.358209,0.701399,0.701399,-0.752238,-2.123383,-2.874956,-2.639245,-2.575273,-2.442752,1.000000,44.246361
0.198458,0.515981,-0.674737,0.278605,0.278604,-0.642981,-2.016270,-2.877550,-2.823969,-2.751423,-2.663154,0.000000,44.369633
0.158947,1.172255,-0.397379,-0.119065,-0.119059,-0.377515,-1.573622,-2.482290,-2.588920,-2.564496,-2.482716,0.000000,44.316807
0.695270,1.271355,-0.814462,0.019865,0.019866,-0.194679,-1.189913,-2.181172,-2.561585,-2.468057,-2.447502,0.000000,44.325611
0.178998,0.198890,-1.213208,-0.119191,-0.119193,0.075577,-0.662292,-1.718378,-2.311059,-2.229498,-2.250258,0.000000,44.272778
-1.042074,0.019658,-1.454978,1.153544,1.153540,-0.825795,-1.384192,-2.473457,-3.236335,-3.210730,-3.257431,1.000000,44.783482
0.000000,0.650627,-1.123815,-0.275265,-0.275256,-0.421930,-0.855687,-1.909841,-2.737588,-2.849379,-2.890461,0.000000,44.660213
0.652041,0.671804,-0.553248,-0.216877,-0.216887,-0.094840,-0.511756,-1.443720,-2.290061,-2.521241,-2.602100,0.000000,44.563351
-0.924837,0.393546,-1.023221,0.414936,0.414944,-0.318775,-0.728064,-1.521716,-2.408506,-2.849278,-2.877512,0.000000,44.748264
-1.054689,0.175781,-1.093754,0.747739,0.747727,-0.699213,-1.210933,-1.864580,-2.788083,-3.392966,-3.438459,1.000000,45.082859
-0.466023,0.446602,-0.621359,0.585936,0.585934,-1.029119,-1.543682,-2.082841,-3.021354,-3.756887,-3.849472,1.000000,45.347015
0.019451,0.155638,-0.505842,-0.194171,-0.194169,-0.571984,-1.155640,-1.635537,-2.548638,-3.333851,-3.540856,0.000000,45.258965
0.390467,0.390467,-0.312378,-0.350196,-0.350194,0.015618,-0.634517,-1.125862,-1.959196,-2.759859,-3.065860,0.000000,45.100471
1.010097,1.069513,-0.396120,-1.425223,-1.425209,1.330942,0.831834,0.390822,-0.325822,-1.150342,-1.623439,-1.000000,44.457695
0.438336,0.657503,-0.458259,-0.594183,-0.594201,1.534179,1.416626,1.029431,0.466237,-0.358629,-0.951709,-1.000000,44.193527
0.637323,0.657244,-1.015730,0.039849,0.039861,0.979882,1.246761,0.983865,0.569604,-0.227847,-0.906861,0.000000,44.211143
0.101008,0.787877,-1.292927,-1.414059,-1.414058,1.660602,2.452519,2.312452,2.020195,1.285649,0.590565,-1.000000,43.585972
0.000000,0.364816,-0.871504,-0.323232,-0.323242,1.228218,2.527364,2.510475,2.288207,1.666804,0.992436,0.000000,43.445084
-1.338933,0.259786,-1.438851,1.418729,1.418736,-0.367711,0.937245,1.036499,0.878292,0.382888,-0.279116,1.000000,44.061455
-0.770901,0.415100,-0.770901,1.099119,1.099099,-1.292731,-0.280673,-0.021069,-0.150212,-0.521037,-1.170836,1.000000,44.545734
1.299222,1.619031,-0.059962,-1.106940,-1.106941,-0.259831,0.541692,0.987425,0.945451,0.693202,0.065977,-1.000000,44.052639
1.405005,1.852981,-0.122179,-1.838893,-1.838868,1.449792,1.958857,2.660682,2.706159,2.554255,1.983291,-1.000000,43.242569
0.471406,0.471406,-1.045300,-0.651598,-0.651610,1.889729,2.129535,3.085332,3.221973,3.130970,2.659015,-1.000000,42.960796
-0.102499,0.246009,-0.758506,-0.020500,-0.020493,1.394008,1.799914,2.827659,3.083229,3.066009,2.712175,0.000000,42.951992
0.144001,0.288005,-0.370296,-0.348499,-0.348494,0.933953,1.830888,2.832053,3.271949,3.320293,3.098116,0.000000,42.802307
-0.265853,0.899791,-0.695299,0.596587,0.596568,-0.126781,0.959105,1.867763,2.459106,2.597142,2.495574,1.000000,43.057652
1.236151,1.364030,-1.534521,-4.049088,-4.049071,3.154304,4.669646,5.529977,6.377873,6.630858,6.643218,-1.000000,41.314217
1.667391,1.732352,-1.104379,-1.577148,-1.577154,3.676917,5.662622,6.493430,7.602856,7.980076,8.079253,-1.000000,40.662628
0.129415,0.970664,-0.366700,0.389781,0.389766,2.230383,4.458595,5.486062,6.704067,7.217441,7.410136,0.000000,40.821117
0.943387,1.118907,-0.570430,-1.682483,-1.682467,2.650278,5.146988,6.616930,7.913551,8.639748,8.932273,-1.000000,40.134315
1.409078,1.409078,-0.726548,-0.351040,-0.351031,1.479519,4.502418,6.289440,7.624388,8.543367,8.961538,0.000000,39.993431
-0.614977,2.437953,-0.724792,0.242186,0.242167,0.623774,3.463662,5.451361,6.719756,7.825181,8.342496,0.000000,40.090282
-2.239442,0.538329,-2.454780,1.998682,1.998691,-1.236004,0.930234,2.968706,4.113912,5.353145,5.940283,1.000000,40.891563
0.637617,0.637617,-1.147717,1.313523,1.313535,-2.223175,-0.746024,1.210049,2.398501,3.666726,4.333677,1.000000,41.428688
-0.106336,0.659298,-0.893241,-0.063760,-0.063765,-1.548282,-1.020849,0.768461,2.126747,3.377279,4.169141,0.000000,41.402271
-0.884020,0.000000,-1.304986,1.042105,1.042083,-1.683840,-2.334227,-0.624410,0.789326,1.975182,2.859768,1.000000,41.833717
0.104894,0.461508,-0.482482,0.336771,0.336800,-1.116014,-2.504729,-1.159368,0.259063,1.319898,2.301228,0.000000,41.974613
0.000000,0.419553,-0.608343,0.000000,0.000000,-0.599964,-2.192163,-1.316000,0.083901,1.022017,2.095648,0.000000,41.974613
0.083579,0.188048,-0.271628,0.398580,0.398560,-0.656076,-2.267024,-1.835906,-0.541158,0.401174,1.484194,0.000000,42.141907
0.147213,0.504736,-0.525762,-0.647727,-0.647709,0.214503,-1.215570,-1.344558,-0.212417,0.833640,1.889931,-1.000000,41.868950
0.401432,0.549330,-0.380308,-0.462665,-0.462667,0.604262,-0.352852,-1.107131,-0.033816,1.058936,2.069852,0.000000,41.675236
0.641306,1.325359,-0.171009,-1.162060,-1.162059,1.406584,1.085931,0.035623,0.892470,2.014530,2.940709,-1.000000,41.190945
0.085181,0.574960,-0.106471,0.384780,0.384757,0.715520,0.809218,-0.237064,0.310920,1.420800,2.243770,0.000000,41.349430
1.095130,1.266910,-0.021471,-0.830492,-0.830481,1.004943,1.550358,0.628449,0.913682,1.972087,2.819414,-1.000000,41.006031
-0.531463,0.722789,-1.211735,1.009236,1.009259,-0.221106,0.539946,-0.170088,-0.261501,0.651339,1.568855,1.000000,41.419888
1.580427,1.840230,-0.303096,-1.806977,-0.645323,0.172971,1.027456,0.666105,0.154853,1.023202,1.980819,-1.000000,41.152596
-1.610856,0.127177,-2.225517,2.143323,2.143335,-1.527593,-1.078185,-1.137860,-1.861064,-1.211575,-0.282126,1.000000,42.034634
1.005137,1.176225,-0.299399,-0.890212,-0.890216,-0.493798,-0.265071,-0.126830,-0.859813,-0.449099,0.470758,-1.000000,41.660435
-0.169928,0.403564,-0.870867,0.684354,0.684350,-0.722174,-0.989783,-0.723520,-1.399634,-1.221722,-0.380287,1.000000,41.945538
0.635863,1.314114,-0.529886,0.212400,0.212409,-0.640107,-1.160227,-0.833653,-1.382583,-1.504142,-0.790569,0.000000,42.034634
-0.191612,0.787735,-0.851610,-0.445102,-0.445109,0.136259,-0.677143,-0.388080,-0.720135,-1.179437,-0.522651,0.000000,41.847534
0.339703,0.934189,-0.636941,0.276766,0.276762,-0.174089,-0.767205,-0.664795,-0.770966,-1.390304,-0.898820,0.000000,41.963352
-1.792042,0.083344,-1.812884,1.889605,1.889596,-1.512808,-2.278488,-2.385138,-2.393156,-3.023203,-2.752647,1.000000,42.756290
-0.083024,0.145289,-0.975511,0.395912,0.395904,-1.444569,-2.216669,-2.648368,-2.603705,-3.209523,-3.138188,0.000000,42.925564
-0.746116,0.310885,-1.326423,0.145289,0.145289,-1.144033,-1.993767,-2.616070,-2.560575,-3.084417,-3.264319,0.000000,42.987930
0.669456,1.422596,-1.861923,-0.932645,-0.932643,0.133896,-0.734295,-1.556544,-1.554816,-1.928429,-2.390465,-1.000000,42.587006
1.484615,1.654290,-0.360556,-1.359826,-1.359835,1.535530,0.627798,-0.069771,-0.193708,-0.393837,-0.989795,-1.000000,42.007893
0.042592,0.298124,-1.000845,-0.402976,-0.402958,1.507658,1.077514,0.412483,0.193844,0.099701,-0.495519,0.000000,41.838619
0.668829,1.078749,-0.043141,-1.298980,-1.298982,2.053935,2.250273,1.780663,1.409946,1.404155,0.852300,-1.000000,41.295143
1.693818,2.128122,-0.043431,-0.647247,-0.647253,1.763302,2.671014,2.380032,1.968099,2.028269,1.581919,-1.000000,41.027859
-0.238562,0.368679,-1.604862,0.130298,0.130319,0.897834,2.350879,2.235219,1.763104,1.822221,1.537982,0.000000,41.081326
0.262531,1.750162,-0.328151,-0.867495,-0.867511,1.150736,2.942462,2.915486,2.596422,2.590527,2.478491,-1.000000,40.724941
-1.660279,0.361860,-2.596854,2.778388,2.778396,-1.575143,-0.055353,0.164603,-0.116489,-0.194083,-0.214957,1.000000,41.856441
-1.212632,0.292701,-1.296264,1.809285,1.809275,-2.705413,-1.904666,-1.510908,-1.702904,-1.923466,-1.895562,1.000000,42.613739
-0.271969,1.066950,-0.292885,-0.062728,-0.062733,-1.912122,-1.937231,-1.362614,-1.504172,-1.794457,-1.741249,0.000000,42.587006
0.396987,0.564145,-0.668617,0.125527,0.125545,-1.303813,-2.047651,-1.362321,-1.453207,-1.827049,-1.801387,0.000000,42.640472
-2.189341,0.871672,-2.696132,3.071460,3.071451,-2.777216,-4.524633,-4.000276,-4.171906,-4.501406,-4.577799,1.000000,43.950153
-0.081485,0.774090,-0.224078,-0.486523,-0.486526,-1.442246,-3.623952,-3.381544,-3.466080,-3.816210,-3.977007,0.000000,43.736324
-0.525142,0.100996,-1.009897,0.855567,0.855563,-1.599668,-3.803262,-4.022075,-4.039578,-4.350624,-4.642812,1.000000,44.110516
-0.843208,0.140534,-1.304961,0.605944,0.605942,-1.385258,-3.627778,-4.391349,-4.353538,-4.660101,-5.028695,1.000000,44.377800
0.686593,0.949116,-0.545234,-0.582214,-0.582203,-0.137323,-2.374801,-3.599896,-3.535949,-3.832796,-4.287866,-1.000000,44.119431
0.243356,0.588110,-0.567840,-0.424069,-0.424058,0.279846,-1.228974,-2.897331,-2.901051,-3.250470,-3.672261,0.000000,43.932339
-0.467668,0.284669,-0.589673,-0.263640,-0.263655,0.581539,-0.520535,-2.339702,-2.523383,-2.797883,-3.229934,0.000000,43.816509
0.572133,0.756032,-0.531261,-0.488005,-0.488010,0.841856,0.194123,-1.507960,-1.967709,-2.169179,-2.556862,0.000000,43.602680
-0.347573,0.470249,-0.347573,-0.061298,-0.061294,0.535682,0.482523,-1.057721,-1.840112,-1.967693,-2.332170,0.000000,43.575954
-0.265471,0.020419,-1.123143,0.122676,0.122682,0.187867,0.586068,-0.789604,-1.840928,-1.924449,-2.262613,0.000000,43.629414
0.348573,0.471601,-0.471599,-0.408415,-0.408424,0.377284,0.883745,0.035547,-1.272293,-1.385273,-1.753120,0.000000,43.451221
-1.117438,0.386020,-1.848842,0.922700,0.922701,-0.524177,-0.012189,-0.575644,-1.945344,-2.186915,-2.484759,1.000000,43.852146
0.243900,0.406506,-0.345533,-0.040634,-0.040632,-0.378049,-0.034552,-0.349593,-1.615852,-2.064228,-2.301490,0.000000,43.834328
-0.627908,0.182297,-0.911487,0.345524,0.345524,-0.534734,-0.467890,-0.480718,-1.618386,-2.310710,-2.490037,0.000000,43.985786
-0.465116,0.424669,-0.808902,0.162046,0.162057,-0.501527,-0.643083,-0.427378,-1.439848,-2.335298,-2.480630,0.000000,44.057068
-0.707504,0.080851,-0.909644,0.040445,0.040427,-0.258736,-0.650893,-0.448750,-1.099648,-2.187176,-2.360346,0.000000,44.074879
-0.121084,0.282543,-0.544904,0.161710,0.161727,-0.286584,-0.736636,-0.547601,-1.000005,-2.136029,-2.413056,0.000000,44.146160
0.998576,0.998576,-0.305690,-0.968716,-0.968732,0.635834,0.260859,0.365473,0.094771,-0.956991,-1.397995,-1.000000,43.718502
0.531484,0.613252,-0.224851,-0.305690,-0.305683,0.760430,0.570323,0.551927,0.516154,-0.418636,-1.050009,0.000000,43.584862
0.414166,0.704080,-0.124251,-1.287811,-1.287821,1.594538,1.741569,1.693941,1.872032,1.061099,0.274738,-1.000000,43.023567
0.062198,0.808623,-0.103670,-0.124251,-0.124230,1.206706,1.756157,1.671147,1.884708,1.395802,0.474107,0.000000,42.970119
1.262898,1.725961,-0.105239,-1.492851,-1.492849,1.881700,2.938320,2.977610,3.262463,2.977050,2.035354,-1.000000,42.328640
-0.230705,0.734058,-0.671139,0.357824,0.357817,0.935399,2.252512,2.434279,2.702386,2.597310,1.764537,0.000000,42.480099
-1.621180,0.061560,-1.908477,2.202181,2.202191,-1.317473,-0.082098,0.202462,0.378603,0.462945,-0.244900,1.000000,43.415592
-0.696151,0.184275,-0.757574,0.225734,0.225725,-1.314494,-0.432028,-0.040956,0.082919,0.316947,-0.283243,0.000000,43.513592
-0.629188,0.263856,-1.298963,0.880426,0.880410,-1.753589,-1.341577,-0.845670,-0.794592,-0.563417,-0.912648,1.000000,43.896690
0.122568,0.715011,-0.163436,-0.649480,-0.649468,-0.522983,-0.819207,-0.234257,-0.169566,0.075174,-0.130750,-1.000000,43.611595
-1.594673,0.302782,-2.139687,1.205312,1.205308,-0.956800,-1.905530,-1.376666,-1.297942,-1.114252,-1.205088,1.000000,44.137249
-0.141986,0.405682,-0.608517,-0.484461,-0.484455,-0.243410,-1.350913,-0.906020,-0.777893,-0.674242,-0.622721,0.000000,43.923424
-0.443908,0.686039,-0.746574,0.527387,0.527388,-0.476197,-1.612191,-1.411091,-1.238910,-1.192098,-1.029736,0.000000,44.155071
0.282031,0.423044,-0.382752,0.161416,0.161408,-0.487504,-1.486697,-1.547134,-1.310431,-1.324734,-1.168409,0.000000,44.226341
0.263107,0.991706,-0.040480,-0.463334,-0.463330,0.161911,-0.643593,-1.107739,-0.831816,-0.846794,-0.686772,0.000000,44.021427
1.333883,1.395444,-0.020519,-1.376240,-1.376228,1.227161,0.958332,0.225722,0.503784,0.519585,0.645722,-1.000000,43.415592
0.413055,1.094595,-0.041297,-0.636163,-0.636175,1.511778,1.540690,0.798573,1.049157,1.122680,1.194413,-1.000000,43.139393
-0.164747,0.329489,-0.453050,0.289143,0.289149,0.807243,1.190273,0.545025,0.666178,0.797355,0.836757,0.000000,43.264130
-0.793972,0.366450,-0.834691,1.153208,1.153205,-0.553743,0.006109,-0.480454,-0.517101,-0.323290,-0.325734,1.000000,43.763054
0.945916,1.069301,-0.102815,-0.997553,-0.997540,0.127483,0.947960,0.675837,0.390689,0.632515,0.640876,-1.000000,43.326500
-0.960746,0.715458,-1.001631,0.596334,0.596314,-0.388378,0.222824,0.248034,-0.219737,0.013091,0.042935,1.000000,43.584862
-1.172432,0.262779,-1.233071,1.124291,1.124283,-1.071345,-0.857073,-0.766784,-1.273488,-1.090752,-1.031592,1.000000,44.074879
-0.181342,0.382831,-0.463427,0.323428,0.323456,-0.959112,-1.162618,-0.980606,-1.456795,-1.395141,-1.306351,0.000000,44.217442
1.096004,1.096004,-0.040593,-0.725370,-0.725397,-0.174536,-0.515513,-0.257073,-0.631202,-0.690875,-0.551372,-1.000000,43.896690
-0.773460,0.305308,-0.895587,-0.284147,0.841558,-0.583088,-1.290471,-0.990891,-1.241626,-1.508805,-1.350133,1.000000,44.266106
-0.204036,0.346872,-0.693736,-0.244256,-0.244250,-0.080088,-0.880660,-0.745338,-0.809831,-1.227841,-1.084159,0.000000,44.157986
-0.365705,0.060949,-0.568878,0.428490,0.428489,-0.383595,-1.031211,-1.105113,-1.128001,-1.580502,-1.479029,0.000000,44.347198
0.469003,0.958395,0.000000,-0.365705,-0.365716,-0.032623,-0.459522,-0.737593,-0.689104,-1.114101,-1.107746,0.000000,44.185013
0.040669,0.366004,-0.508337,0.285479,0.285490,-0.130137,-0.619198,-1.007410,-0.925053,-1.274551,-1.371496,0.000000,44.311157
-0.485922,0.222719,-0.688398,0.427001,0.426992,-0.449477,-0.777954,-1.356553,-1.246435,-1.499098,-1.764310,0.000000,44.500362
-0.020300,0.608890,-0.365334,-0.242962,-0.242955,-0.101483,-0.354427,-0.969640,-0.977203,-1.086907,-1.474469,0.000000,44.392246
0.163595,0.449892,-0.409000,-0.750960,-0.750973,0.523522,0.395914,-0.081192,-0.212570,-0.280073,-0.693108,-1.000000,44.058872
-0.465774,0.202509,-0.668291,0.981593,0.981614,-0.315928,-0.518440,-0.868584,-1.144783,-1.161516,-1.548474,1.000000,44.491360
-0.406746,0.467773,-1.443968,-0.425279,-0.425289,0.105759,-0.002029,-0.364065,-0.714012,-0.702764,-1.027760,0.000000,44.302143
-0.221910,0.242080,-0.504337,0.813508,0.813507,-0.629411,-0.720192,-0.968642,-1.443419,-1.409912,-1.652220,1.000000,44.662544
-0.859141,0.299704,-1.198797,0.968326,0.968328,-1.270729,-1.464534,-1.695137,-2.202407,-2.270475,-2.402127,1.000000,45.095024
-0.179892,0.459722,-0.419746,-0.039960,-0.039953,-0.779536,-1.263248,-1.507636,-1.948395,-2.129048,-2.240260,0.000000,45.077007
-0.159748,0.499201,-0.159748,0.099946,0.099945,-0.599050,-1.154162,-1.472320,-1.840416,-2.141045,-2.219044,0.000000,45.122059
-0.415428,0.178042,-0.949553,0.938492,0.938490,-0.977249,-1.802177,-2.147049,-2.557389,-2.935046,-3.007504,1.000000,45.545525
-0.039628,0.277393,-0.653858,-0.158255,-0.158248,-0.463649,-1.432544,-1.814950,-2.166877,-2.653474,-2.717292,0.000000,45.473450
0.059481,0.416342,-0.416334,-0.059445,-0.059452,-0.249797,-1.141949,-1.567538,-1.903871,-2.416821,-2.563398,0.000000,45.446415
0.674469,0.714144,-0.714146,-0.059475,-0.059470,-0.039676,-0.783578,-1.351589,-1.697488,-2.157958,-2.395629,0.000000,45.419388
-0.197945,0.673003,-0.455263,0.218211,0.218209,-0.083135,-0.773953,-1.371077,-1.768610,-2.172888,-2.508303,0.000000,45.518497
1.197842,1.197842,-0.059890,-0.851148,-0.851153,0.590941,0.261532,-0.403273,-0.788579,-1.211834,-1.604554,-1.000000,45.131065
0.866239,1.067685,-0.564057,-0.898385,-0.898388,1.168419,1.184537,0.533179,0.162174,-0.191159,-0.660085,-1.000000,44.725613
-0.261416,0.241299,-0.824452,0.181307,0.181310,0.699781,0.937064,0.412898,0.053289,-0.262718,-0.736383,0.000000,44.806705
0.099721,0.458716,-0.378935,0.824450,0.824448,-0.231349,0.133633,-0.243313,-0.673110,-0.980770,-1.397788,1.000000,45.176113
0.682731,0.963855,-0.020076,-0.678101,-0.678108,0.160650,0.761056,0.493988,0.081337,-0.246575,-0.605311,-1.000000,44.869770
-0.443364,0.382914,-1.309952,-0.361446,-0.361442,0.334544,0.939144,0.918992,0.488721,0.187835,-0.174331,0.000000,44.707592
-0.180979,0.502715,-0.462497,0.221687,0.221692,0.148799,0.567061,0.717207,0.300624,0.014479,-0.285029,0.000000,44.806705
-0.140082,0.360218,-0.300182,0.482608,0.482606,-0.236146,-0.010008,0.222801,-0.111066,-0.389033,-0.657478,0.000000,45.022945
0.441850,0.602529,-0.281179,-0.360216,-0.360212,-0.016075,0.226947,0.552986,0.339422,0.016867,-0.239946,0.000000,44.860767
0.362905,0.403228,-0.100804,-0.381609,-0.381607,0.286290,0.425401,0.873656,0.745968,0.445162,0.177420,0.000000,44.689575
-0.040363,0.060551,-0.464176,-0.100804,-0.100809,0.359236,0.417760,0.840904,0.885977,0.576390,0.334345,0.000000,44.644524
-0.241495,0.543369,-0.261618,0.282543,0.282543,0.060377,0.144898,0.452138,0.613809,0.317169,0.089222,0.000000,44.770664
-0.440886,0.400794,-0.460930,0.422626,0.422627,-0.388781,-0.242491,-0.042757,0.175347,-0.054513,-0.272549,0.000000,44.959877
0.302352,0.564398,-0.060470,-0.581164,-0.581165,0.120942,0.233821,0.434049,0.718604,0.586977,0.336624,-1.000000,44.698586
0.323764,0.667750,-0.424927,-0.382993,-0.382994,0.433027,0.542295,0.671796,1.039058,0.976938,0.748015,0.000000,44.527393
-0.242080,0.221908,-0.605205,0.303525,0.303523,0.137182,0.227963,0.297223,0.634459,0.703654,0.469372,0.000000,44.662544
-0.141300,0.222045,-0.322971,-0.060518,-0.060523,0.137266,0.250307,0.344506,0.601538,0.762217,0.540309,0.000000,44.635513
0.121361,0.404531,-0.141586,-0.201861,-0.201873,0.153736,0.345892,0.508378,0.703902,0.916687,0.755144,0.000000,44.545406
0.446969,0.650142,-0.162540,-0.444980,-0.444957,0.442898,0.678577,0.832986,1.033108,1.301903,1.227137,0.000000,44.347198
0.162804,0.345954,-0.325598,-0.162540,-0.162531,0.492458,0.748869,0.907599,1.057171,1.390302,1.375650,0.000000,44.275120
0.142624,0.733490,-0.427879,-0.122094,-0.122114,0.415649,0.776285,0.957622,1.077833,1.394461,1.493483,0.000000,44.221054
-0.457374,0.914767,-0.457374,-1.996748,-1.996741,1.862788,2.498963,2.788638,2.977133,3.263205,3.459464,-1.000000,43.338074
1.545626,1.566803,-0.254074,-1.808728,-1.808726,2.803304,3.821720,4.295290,4.609355,4.893497,5.166206,-1.000000,42.554207
-0.400504,0.716695,-0.822091,0.444631,0.444640,1.597801,2.904711,3.503363,3.861709,4.178742,4.518681,0.000000,42.743420
0.274611,0.591464,-0.359109,-0.210790,-0.210802,1.051966,2.682720,3.403746,3.821293,4.130122,4.546543,0.000000,42.653316
0.189593,0.442383,-0.231725,0.274611,0.274602,0.096910,1.959138,2.828460,3.310519,3.624190,4.043965,0.000000,42.770443
-0.314064,0.251263,-0.502508,0.610906,0.610915,-0.653262,0.967340,1.934677,2.476972,2.837524,3.223063,1.000000,43.031734
1.058201,1.058201,-0.084658,-1.067835,-1.067840,0.427517,1.593656,2.661026,3.295242,3.737570,4.112174,-1.000000,42.572224
0.297870,0.468087,-0.148936,-0.529101,-0.529084,0.774456,1.661692,2.836867,3.547860,4.022115,4.424101,-1.000000,42.346981
-0.906782,0.147625,-1.075491,0.893613,0.893603,-0.084352,0.398568,1.644877,2.400887,2.900044,3.281317,1.000000,42.725395
0.486567,0.507717,-0.782733,-0.316318,-0.316325,0.148089,0.334254,1.643047,2.484667,3.027718,3.410201,0.000000,42.590244
-0.732682,0.314000,-0.795480,1.057753,1.057756,-0.895958,-0.785010,0.332148,1.211012,1.785222,2.197335,1.000000,43.040745
0.400343,0.526759,-0.189633,-0.648945,-0.648932,-0.160142,-0.088505,0.709361,1.615034,2.238507,2.705426,-1.000000,42.761440
0.210398,0.525984,-0.252470,0.147493,0.147490,-0.084163,-0.216712,0.324000,1.246574,1.897741,2.371126,0.000000,42.824509
0.188405,0.711746,-0.125604,0.504946,0.504935,-0.439603,-0.628007,-0.371221,0.565210,1.232574,1.715165,0.000000,43.040745
0.655523,1.057306,0.000000,-1.004813,-1.004806,0.579401,0.342562,0.387673,1.344886,2.068929,2.583344,-1.000000,42.608269
0.400510,1.011802,-0.021077,0.317188,0.317194,0.122256,-0.042165,-0.022492,0.803111,1.556484,2.098080,0.000000,42.743420
-0.062997,1.826970,-0.503986,0.379427,0.379422,-0.188996,-0.342294,-0.345796,0.230993,0.981096,1.547665,0.000000,42.905598
1.090440,2.031219,-0.042762,-1.784962,-1.784958,1.299974,1.419706,1.369815,1.790669,2.573434,3.177953,-1.000000,42.139751
1.137091,1.373094,-0.021461,-0.342097,-0.342102,1.149967,1.594075,1.613382,1.868691,2.684395,3.318307,0.000000,41.995590
-0.765960,0.234045,-0.914894,0.836728,0.836733,0.187232,0.693612,0.703539,0.802119,1.613608,2.280132,1.000000,42.346981
0.063557,0.381356,-0.190678,0.425534,0.425530,-0.338983,0.146185,0.197736,0.279656,0.984739,1.670897,0.000000,42.527180
0.042517,0.212581,-0.510208,-0.338983,-0.338979,-0.246602,0.397528,0.508779,0.600543,1.124140,1.814047,0.000000,42.383022
-0.063490,0.423283,-0.888885,0.446426,0.446410,-0.486760,-0.107925,0.097364,0.133342,0.507945,1.195069,0.000000,42.572224
0.000000,0.536711,-0.601123,-1.417985,-0.256945,-0.010334,0.013306,0.314000,0.368863,0.596143,1.293686,0.000000,42.462837
1.621271,1.945530,-0.064847,-0.686999,-0.687013,0.597952,0.601501,0.941678,0.992120,1.097591,1.797470,-1.000000,42.171112
-0.340426,0.702132,-0.595743,1.599659,1.599661,-0.837252,-0.958572,-0.677971,-0.619685,-0.540132,0.055450,1.000000,42.845707
0.381356,0.466095,-0.529661,0.425534,0.425543,-0.957634,-1.349795,-1.057532,-0.987832,-0.917535,-0.486074,0.000000,43.028034
-0.464039,0.063276,-0.759336,0.444913,0.444912,-1.096818,-1.536935,-1.434866,-1.325461,-1.312353,-1.013840,0.000000,43.219471
0.316919,0.359176,-0.612721,-0.168737,-0.168734,-0.612729,-1.103759,-1.251925,-1.109878,-1.099826,-0.933723,0.000000,43.146545
-0.731762,0.062720,-0.794483,1.056412,1.056416,-0.995199,-1.849679,-2.132218,-2.027586,-2.057384,-2.016634,1.000000,43.602352
0.399241,0.756464,-0.189115,-0.501781,-0.501780,-0.247953,-1.157298,-1.540290,-1.493991,-1.531009,-1.518998,-1.000000,43.383564
-0.977125,0.332640,-1.413721,1.071650,1.071641,-0.931384,-1.871097,-2.440883,-2.414475,-2.458631,-2.464781,1.000000,43.848480
0.021288,0.809021,-0.851610,-2.349266,-2.349265,1.264639,0.547157,0.011836,-0.067496,-0.067961,-0.112461,-1.000000,42.818363
0.731970,0.839610,-0.731970,-1.107090,-1.107088,2.019376,1.644776,1.186355,0.968997,1.014763,0.981439,-1.000000,42.344326
0.237327,0.582526,-0.388350,-0.215292,-0.215283,1.600859,1.883492,1.389859,1.144814,1.200789,1.158495,0.000000,42.253166
0.868805,0.955689,-0.173766,-0.668818,-0.668826,1.611639,2.360990,1.984133,1.733780,1.780210,1.755346,-1.000000,41.970566
0.240011,0.916426,-0.261844,-0.456123,-0.456132,1.086629,2.531098,2.355083,2.065134,2.152540,2.158334,0.000000,41.779125
0.217919,0.326873,-0.501196,0.130912,0.130924,0.483765,2.065809,2.103579,1.895116,1.924247,1.983870,0.000000,41.833824
-1.202751,0.730243,-1.267182,1.460017,1.460022,-0.914956,0.431693,0.631433,0.481727,0.401364,0.494259,1.000000,42.444607
-0.021423,0.278554,-0.557099,0.236248,0.236235,-1.011347,-0.053558,0.452834,0.268171,0.158780,0.253861,0.000000,42.544876
0.128226,0.812133,-0.170981,0.257131,0.257126,-0.944641,-0.480866,0.165285,0.025914,-0.106454,-0.033459,0.000000,42.654270
0.447092,0.489674,-0.787743,0.384698,0.384705,-0.838834,-1.102832,-0.251224,-0.306580,-0.497426,-0.412129,0.000000,42.818363
0.749951,0.878517,-0.235691,-0.638712,-0.638714,0.132854,-0.531383,0.284274,0.331056,0.180286,0.206132,-1.000000,42.544876
0.557468,1.093488,-0.085765,-0.064279,-0.064278,0.231560,-0.426668,0.250148,0.402020,0.293825,0.229565,0.000000,42.517529
-0.085784,0.150118,-0.729144,-0.021437,-0.021436,0.235896,-0.345273,0.100078,0.463221,0.330519,0.243224,0.000000,42.508415
0.452975,0.841240,-0.409843,-0.579026,-0.579045,0.634180,0.304157,0.506201,0.979311,0.889789,0.789109,-1.000000,42.262272
-1.503282,0.232903,-1.503282,1.876616,1.876648,-1.109479,-1.247101,-1.468005,-0.877631,-0.906215,-1.055909,1.000000,43.055386
-0.126044,1.281515,-0.252097,0.783396,0.783372,-1.487384,-1.655449,-2.145643,-1.628135,-1.600825,-1.728738,1.000000,43.392670
-1.149423,0.083597,-1.567398,0.525210,0.525215,-1.496338,-1.899681,-2.461851,-2.087764,-2.008768,-2.118001,0.000000,43.620575
0.230802,0.587493,-0.356689,-0.397070,-0.397067,-0.671426,-1.300882,-1.889774,-1.715272,-1.500626,-1.643371,0.000000,43.447372
0.273736,0.294797,-0.126347,-0.356689,-0.356689,0.160029,-0.800173,-1.335021,-1.373975,-1.106760,-1.232370,0.000000,43.292400
-0.505053,0.210436,-0.673399,0.063167,0.063170,0.218849,-0.747058,-1.160216,-1.497265,-1.142256,-1.222644,0.000000,43.319748
0.210708,0.484619,-0.273909,-0.126265,-0.126268,0.286559,-0.455119,-0.814719,-1.321109,-1.013058,-1.044383,0.000000,43.265049
-0.105396,0.548065,-0.758847,-0.042141,-0.042136,0.155985,-0.244523,-0.649245,-1.175170,-0.962058,-0.942243,0.000000,43.246819
0.362624,1.087880,0.000000,-1.180434,-1.180448,1.019631,1.000431,0.567412,0.061867,0.139940,0.285134,-1.000000,42.736313
0.759226,1.626898,0.000000,-1.663829,-1.663822,2.125817,2.652933,2.169202,1.761394,1.704996,1.916855,-1.000000,42.025257
-0.871712,2.525697,-14.930712,-2.950100,-2.950102,3.987480,5.216805,4.942629,4.732900,4.496200,4.831621,-1.000000,40.785469
5.195398,5.195398,0.000000,-2.771573,-2.771580,5.131042,7.273572,7.448285,7.443688,7.155874,7.520320,-1.000000,39.655067
-1.727190,0.332155,-2.568645,3.816092,3.816097,0.256864,2.734724,3.280192,3.339242,3.102751,3.407890,1.000000,41.168343
-0.887638,0.216501,-2.208272,2.280777,2.280784,-2.277553,0.125567,0.913616,0.982896,0.789782,0.983620,1.000000,42.107304
-0.021704,0.195355,-0.911652,-0.259794,-0.259798,-2.036033,0.078142,1.134506,1.167789,1.054918,1.136679,0.000000,41.997910
-0.130400,0.195610,-0.869370,-0.130241,-0.130235,-1.356230,-0.119541,1.089616,1.195391,1.202347,1.117150,0.000000,41.943214
0.423158,1.447655,-0.489982,-2.412510,-2.412505,1.706000,1.779494,3.187809,3.499984,3.616021,3.463238,-1.000000,40.931332
0.330765,0.330765,-1.278937,1.002218,1.002208,0.780602,0.308713,1.796403,2.330765,2.481151,2.355757,1.000000,41.341549
-0.196850,0.940510,-0.437447,0.815883,0.815903,-0.240611,-0.756801,0.689685,1.403084,1.568657,1.481461,1.000000,41.678856
1.182503,1.182503,-0.401609,-1.968506,-1.968531,1.204830,0.950475,2.314449,3.267520,3.432402,3.428535,-1.000000,40.858395
-0.653877,0.043594,-1.438535,2.365018,2.365037,-1.190068,-1.133404,-0.287721,0.734510,0.947675,1.042561,1.000000,41.824711
1.894693,1.938755,-0.176246,-1.068008,-1.068022,0.092539,0.350304,0.484693,1.578546,1.924657,2.096648,-1.000000,41.378014
-0.197976,0.329965,-0.945887,0.154219,0.154217,-0.013189,0.261777,0.039601,1.159267,1.663886,1.858782,0.000000,41.441826
-0.634159,0.043735,-1.027776,0.593931,0.593922,-0.599159,-0.430775,-0.718699,0.350986,0.984923,1.188874,1.000000,41.687958
0.284769,0.525733,-0.109538,-0.174935,-0.174923,-0.061341,-0.348304,-0.610445,0.325297,1.099667,1.282946,0.000000,41.615036
-0.970457,0.388182,-1.380201,1.577211,1.577202,-1.401762,-1.817973,-1.919333,-1.356469,-0.544307,-0.332819,1.000000,42.271389
0.541243,0.606196,-0.194850,-0.388182,-0.388170,-0.671146,-1.156094,-1.148877,-1.109548,-0.278849,0.020928,0.000000,42.107304
0.375861,1.149679,-1.547648,-2.078370,-2.078388,1.335406,0.915337,0.959556,0.745095,1.606029,2.039959,-1.000000,41.232151
1.323760,1.548122,-0.336554,-1.459208,-1.459196,2.315457,2.151671,2.212254,1.977790,2.833299,3.396906,-1.000000,40.630493
-0.401786,0.200893,-0.602679,0.516040,0.516053,1.410702,1.622758,1.498504,1.309144,2.065170,2.749992,0.000000,40.840168
0.000000,0.225071,-0.720232,-0.825891,-0.825883,1.381932,2.142676,2.106668,2.117921,2.636939,3.395585,-1.000000,40.502876
0.864031,1.136880,-0.181896,-1.012829,-1.012837,1.414272,2.867201,3.011966,3.217363,3.370613,4.179162,-1.000000,40.092648
-0.680424,0.249492,-0.748474,0.250114,0.250111,0.644138,2.299834,2.564446,2.838507,2.808794,3.634983,0.000000,40.192924
0.226140,0.701036,-0.339215,0.294854,0.294848,0.189965,1.657619,2.036783,2.313431,2.265940,3.071006,0.000000,40.311432
0.617275,1.005940,-0.114319,-1.085479,-1.085481,0.804760,2.336532,2.991919,3.169866,3.172379,3.916321,-1.000000,39.873859
0.574317,1.079717,-0.436478,-0.480117,-0.480104,0.877553,2.177802,3.128867,3.382717,3.558916,4.112098,0.000000,39.682423
0.735472,1.126183,-0.528612,-0.045948,-0.045952,0.707886,1.608827,2.888223,3.270512,3.607446,3.857349,0.000000,39.664188
1.233713,1.582868,-0.628492,-1.264075,-1.264072,1.471134,2.381284,3.817499,4.314473,4.729045,4.839379,-1.000000,39.162804
-0.676940,0.140061,-1.493929,-0.279327,-0.279331,1.111111,2.264241,3.658572,4.270537,4.709614,4.818701,0.000000,39.053410
-1.727268,0.045455,-1.727268,2.707750,2.707748,-1.436362,-0.613634,0.675756,1.428407,1.760908,1.896210,1.000000,40.110878
-0.136180,0.839762,-0.181573,0.136366,0.136360,-1.330001,-0.832950,0.189140,1.083751,1.445305,1.706009,0.000000,40.165573
-0.159633,0.319279,-0.889393,-0.476630,0.816182,-1.719255,-1.536814,-0.887672,0.156173,0.580770,0.951633,1.000000,40.493397
-1.243500,0.180875,-1.537420,0.866595,0.866596,-1.740260,-2.223280,-1.802500,-0.777464,-0.332066,0.057862,1.000000,40.844311
0.271737,0.837860,-0.362319,-0.158264,-0.158269,-0.737872,-1.953464,-1.622450,-0.731542,-0.262272,0.107953,0.000000,40.779667
-0.270878,0.022578,-0.654630,0.317027,0.317031,-0.661399,-2.010295,-1.922142,-1.131558,-0.572528,-0.297147,0.000000,40.908951
-0.495947,0.315597,-0.495947,0.135445,0.135442,-0.405772,-1.829896,-1.979698,-1.424820,-0.791023,-0.511655,0.000000,40.964359
0.613767,1.250282,-0.136399,-0.834082,-0.834069,0.495554,-0.768251,-1.068279,-0.778452,-0.030967,0.299799,-1.000000,40.622688
-0.962606,0.067166,-1.365563,1.545797,1.545782,-0.837243,-1.772676,-2.403329,-2.286613,-1.571286,-1.234362,1.000000,41.250626
0.492163,0.604027,-0.559284,0.067166,0.067165,-0.662190,-1.299601,-2.312676,-2.273726,-1.677046,-1.332997,0.000000,41.278332
-0.492172,0.268454,-0.984347,0.000000,0.000000,-0.483219,-1.016777,-2.085847,-2.220652,-1.709673,-1.299086,0.000000,41.278332
-0.707347,1.237836,-0.994697,1.208056,1.208055,-1.282050,-1.812555,-2.920338,-3.235290,-2.930238,-2.481022,1.000000,41.776997
1.292907,1.894779,-0.334378,-0.839967,-0.839962,-0.057962,-0.755686,-1.814457,-2.254676,-2.173759,-1.651093,-1.000000,41.426086
-1.983001,0.021798,-1.983001,2.296028,2.296024,-1.769445,-2.621481,-3.512536,-4.190838,-4.261374,-3.784946,1.000000,42.377239
-0.043330,0.368289,-0.476605,0.588366,0.588372,-1.711442,-2.757802,-3.518089,-4.479694,-4.634070,-4.274339,1.000000,42.626575
-0.086283,0.409832,-0.452975,0.433278,0.433281,-1.419334,-2.732967,-3.513813,-4.548716,-4.861324,-4.594171,0.000000,42.811268
0.043320,0.281570,-0.346545,-0.409843,-0.409848,-0.610782,-1.940650,-2.730486,-3.809551,-4.269688,-4.173053,0.000000,42.635807
-0.086061,0.688466,-0.903612,0.671436,0.671431,-0.576589,-2.058948,-3.002004,-4.071583,-4.644484,-4.748898,1.000000,42.922077
0.193966,0.344825,-0.862073,-0.172113,-0.172114,-0.185343,-1.517241,-2.522988,-3.476139,-4.232203,-4.458956,0.000000,42.848202
-0.959900,0.213308,-1.279868,1.034481,1.034470,-0.900160,-2.060569,-3.134232,-3.974949,-4.937404,-5.232293,1.000000,43.291454
0.513042,0.641306,-0.555791,-0.213315,-0.213294,-0.508772,-1.406589,-2.573754,-3.412253,-4.426307,-4.847706,0.000000,43.199116
0.538213,0.645854,-0.581272,-0.705425,-0.705443,0.318627,-0.445633,-1.581621,-2.407958,-3.447778,-3.985848,-1.000000,42.894371
0.953626,1.105338,-0.216727,-0.667389,-0.667384,0.845257,0.500656,-0.609733,-1.504111,-2.522704,-3.143970,-1.000000,42.608101
0.000000,0.497833,-0.216457,0.130043,0.130060,0.627690,0.437216,-0.518051,-1.418844,-2.321102,-3.076748,0.000000,42.663517
0.458722,0.546090,-1.070332,-0.909095,-0.909105,1.070337,1.275666,0.551915,-0.337483,-1.120071,-2.032656,-1.000000,42.275661
0.507726,0.529806,-0.596027,-1.048493,-1.048480,1.487848,2.114778,1.705654,0.828907,0.092263,-0.838541,-1.000000,41.832409
0.376945,0.509987,-0.665186,-0.441503,-0.441514,1.339250,2.330378,2.135996,1.358095,0.678494,-0.241492,0.000000,41.647713
0.088263,0.485439,-0.419239,0.487809,0.487803,0.485444,1.577672,1.707858,1.012800,0.319509,-0.551591,0.000000,41.850872
0.423819,0.579964,-0.133843,-1.081196,-1.081191,0.972559,2.337714,2.661902,2.134725,1.469546,0.715395,-1.000000,41.398384
1.130454,1.718295,-0.022607,-1.338394,-1.338393,1.641420,3.126836,3.763657,3.467101,2.852360,2.227805,-1.000000,40.844311
-1.731801,0.066605,-1.909416,1.831338,1.831337,-0.301956,0.885877,1.702187,1.644091,1.068381,0.508064,1.000000,41.592308
-0.155288,0.532382,-0.332746,0.088812,0.088800,-0.399283,0.492466,1.450760,1.536165,1.042598,0.536091,0.000000,41.629242
-0.661082,0.110178,-1.762889,0.665481,0.665491,-1.031291,-0.339355,0.618480,0.922211,0.497134,-0.016161,1.000000,41.906281
-0.699299,0.240387,-0.895979,0.837367,0.837369,-1.446675,-1.263108,-0.310312,0.069934,-0.242130,-0.734991,1.000000,42.257191
1.255783,1.321884,-0.154217,-0.808564,-0.808561,-0.132191,-0.544174,0.283468,0.800835,0.631855,0.164498,-1.000000,41.915516
0.711267,1.133581,-0.111142,-0.881245,-0.881242,0.733485,0.271160,0.909821,1.544776,1.552333,1.106160,-1.000000,41.546139
-0.973665,0.331934,-1.128566,0.444537,0.444530,0.336361,-0.152686,0.277350,0.986945,1.098475,0.719925,0.000000,41.730824
0.422981,0.467504,-0.066783,-0.597480,-0.597479,0.734644,0.358419,0.699026,1.420306,1.711490,1.394334,-1.000000,41.481491
-0.862260,0.353745,-0.884364,0.690120,0.690115,-0.190134,-0.240986,-0.134124,0.595847,0.956007,0.740663,1.000000,41.767761
-0.440046,0.418037,-1.078112,0.486405,0.486411,-0.646867,-0.455449,-0.665936,-0.048408,0.404836,0.308027,0.000000,41.970924
-0.153585,0.680116,-0.548486,0.286031,0.286038,-0.671359,-0.620899,-0.908306,-0.465129,0.050008,0.086282,0.000000,42.090977
1.179882,1.402496,-0.111307,-1.448012,-1.448021,0.667859,0.803656,0.520931,0.827031,1.408730,1.533100,-1.000000,41.481491
0.718133,1.099636,-0.516156,-0.801418,-0.801415,1.319566,1.434017,1.219325,1.464314,2.055650,2.330934,-1.000000,41.149052
-2.122067,0.153139,-2.187705,2.580785,2.580786,-1.019468,-1.128855,-1.198863,-1.141983,-0.572305,-0.256692,1.000000,42.211021
-1.302653,0.130261,-1.324360,0.765701,0.765696,-1.506728,-1.734693,-1.684759,-1.862787,-1.399045,-1.021856,1.000000,42.534229
-0.065652,0.634575,-0.568932,-0.781589,-0.781589,-0.678337,-0.805251,-0.814004,-1.045952,-0.716849,-0.290300,-1.000000,42.201786
0.485011,1.697531,-0.529105,-0.743982,-0.743987,0.260146,-0.024245,-0.029389,-0.275568,-0.068778,0.397564,-1.000000,41.887810
0.330982,0.750221,-0.264782,-0.088186,-0.088183,0.684028,0.152256,0.050020,-0.187550,-0.052952,0.400857,0.000000,41.850872
1.115573,1.182503,-0.200803,-1.103266,-1.103258,1.410080,1.178043,1.026325,0.924807,0.938863,1.403387,-1.000000,41.389149
-1.342136,0.110009,-1.694172,1.405625,1.405622,-0.264030,-0.224424,-0.365239,-0.339937,-0.489331,-0.107080,1.000000,41.970924
-0.065859,0.680575,-0.746433,0.220018,0.220017,-0.548846,-0.450053,-0.502010,-0.502742,-0.685837,-0.416390,0.000000,42.063267
-1.247039,0.129009,-1.741555,2.107572,2.107578,-2.107075,-2.162976,-2.366517,-2.402710,-2.614492,-2.467570,1.000000,42.949783
0.845996,1.279829,-0.151842,-0.881531,-0.881532,-0.898047,-0.958786,-1.327548,-1.456616,-1.680694,-1.603036,-1.000000,42.571167
0.746271,1.053556,0.000000,-1.171360,-1.171359,0.601398,0.182170,-0.109752,-0.310587,-0.451281,-0.483619,-1.000000,42.072506
-0.370375,0.043564,-0.827891,0.746271,0.746274,0.052278,-0.594783,-0.784325,-0.993475,-1.043149,-1.212067,1.000000,42.386482
-0.302113,0.258953,-1.057406,0.958601,0.958586,-0.556745,-1.400511,-1.617027,-1.787865,-1.870516,-2.075234,1.000000,42.792793
-0.937174,0.425987,-1.192762,1.316360,1.316364,-1.661339,-2.342917,-2.607028,-2.876464,-2.986155,-3.216187,1.000000,43.356102
0.428176,0.556630,-0.235498,-0.511186,-0.511194,-0.894871,-1.543554,-1.799746,-2.185815,-2.373784,-2.619698,-1.000000,43.134468
-0.278077,0.192513,-0.406415,0.085637,0.085635,-0.470580,-1.214962,-1.735461,-2.106940,-2.372608,-2.566120,0.000000,43.171406
-0.487183,0.042366,-0.783730,0.983955,0.983968,-0.885411,-1.804703,-2.530537,-2.874390,-3.169666,-3.305090,1.000000,43.596199
0.919395,0.919395,-0.320721,-0.932004,-0.931996,0.230905,-0.620064,-1.461059,-1.833449,-2.106487,-2.272120,-1.000000,43.189884
0.649067,0.930335,-0.021640,-1.175965,-1.175970,1.107737,0.499778,-0.164437,-0.524671,-0.852451,-1.026978,-1.000000,42.681984
